ISO-10303-21;
HEADER;
FILE_DESCRIPTION( ( '' ), ' ' );
FILE_NAME( '/vol/tmp/translate-9013988843928170567/589d3835c139c90fab49b598.step', '2017-02-10T03:49:10', ( '' ), ( '' ), ' ', ' ', ' ' );
FILE_SCHEMA( ( 'AUTOMOTIVE_DESIGN { 1 0 10303 214 1 1 1 1 }' ) );
ENDSEC;
DATA;
#1 = MECHANICAL_DESIGN_GEOMETRIC_PRESENTATION_REPRESENTATION( ' ', ( #10, #11, #12, #13, #14, #15, #16, #17, #18, #19, #20, #21, #22, #23 ), #6 );
#2 = PRODUCT_DEFINITION_CONTEXT( '', #24, 'design' );
#3 = APPLICATION_PROTOCOL_DEFINITION( 'international standard', 'automotive_design', 2001, #24 );
#4 = PRODUCT_CATEGORY_RELATIONSHIP( 'NONE', 'NONE', #25, #26 );
#5 = SHAPE_DEFINITION_REPRESENTATION( #27, #28 );
#6 =  ( GEOMETRIC_REPRESENTATION_CONTEXT( 3 )GLOBAL_UNCERTAINTY_ASSIGNED_CONTEXT( ( #31 ) )GLOBAL_UNIT_ASSIGNED_CONTEXT( ( #33, #34, #35 ) )REPRESENTATION_CONTEXT( 'NONE', 'WORKSPACE' ) );
#10 = STYLED_ITEM( '', ( #37 ), #38 );
#11 = STYLED_ITEM( '', ( #39 ), #40 );
#12 = STYLED_ITEM( '', ( #41 ), #42 );
#13 = STYLED_ITEM( '', ( #43 ), #44 );
#14 = STYLED_ITEM( '', ( #45 ), #46 );
#15 = STYLED_ITEM( '', ( #47 ), #48 );
#16 = STYLED_ITEM( '', ( #49 ), #50 );
#17 = STYLED_ITEM( '', ( #51 ), #52 );
#18 = STYLED_ITEM( '', ( #53 ), #54 );
#19 = STYLED_ITEM( '', ( #55 ), #56 );
#20 = STYLED_ITEM( '', ( #57 ), #58 );
#21 = STYLED_ITEM( '', ( #59 ), #60 );
#22 = STYLED_ITEM( '', ( #61 ), #62 );
#23 = STYLED_ITEM( '', ( #63 ), #64 );
#24 = APPLICATION_CONTEXT( 'core data for automotive mechanical design processes' );
#25 = PRODUCT_CATEGORY( 'part', 'NONE' );
#26 = PRODUCT_RELATED_PRODUCT_CATEGORY( 'detail', ' ', ( #65 ) );
#27 = PRODUCT_DEFINITION_SHAPE( 'NONE', 'NONE', #66 );
#28 = ADVANCED_BREP_SHAPE_REPRESENTATION( 'LB-012', ( #67, #68 ), #6 );
#31 = UNCERTAINTY_MEASURE_WITH_UNIT( LENGTH_MEASURE( 1.00000000000000E-06 ), #33, '', '' );
#33 =  ( CONVERSION_BASED_UNIT( 'METRE', #71 )LENGTH_UNIT(  )NAMED_UNIT( #74 ) );
#34 =  ( NAMED_UNIT( #76 )PLANE_ANGLE_UNIT(  )SI_UNIT( $, .RADIAN. ) );
#35 =  ( NAMED_UNIT( #76 )SI_UNIT( $, .STERADIAN. )SOLID_ANGLE_UNIT(  ) );
#37 = PRESENTATION_STYLE_ASSIGNMENT( ( #82 ) );
#38 = ADVANCED_FACE( '', ( #83 ), #84, .T. );
#39 = PRESENTATION_STYLE_ASSIGNMENT( ( #85 ) );
#40 = ADVANCED_FACE( '', ( #86 ), #87, .T. );
#41 = PRESENTATION_STYLE_ASSIGNMENT( ( #88 ) );
#42 = ADVANCED_FACE( '', ( #89 ), #90, .T. );
#43 = PRESENTATION_STYLE_ASSIGNMENT( ( #91 ) );
#44 = ADVANCED_FACE( '', ( #92 ), #93, .T. );
#45 = PRESENTATION_STYLE_ASSIGNMENT( ( #94 ) );
#46 = ADVANCED_FACE( '', ( #95 ), #96, .T. );
#47 = PRESENTATION_STYLE_ASSIGNMENT( ( #97 ) );
#48 = ADVANCED_FACE( '', ( #98 ), #99, .F. );
#49 = PRESENTATION_STYLE_ASSIGNMENT( ( #100 ) );
#50 = ADVANCED_FACE( '', ( #101 ), #102, .F. );
#51 = PRESENTATION_STYLE_ASSIGNMENT( ( #103 ) );
#52 = ADVANCED_FACE( '', ( #104 ), #105, .T. );
#53 = PRESENTATION_STYLE_ASSIGNMENT( ( #106 ) );
#54 = ADVANCED_FACE( '', ( #107 ), #108, .T. );
#55 = PRESENTATION_STYLE_ASSIGNMENT( ( #109 ) );
#56 = ADVANCED_FACE( '', ( #110 ), #111, .T. );
#57 = PRESENTATION_STYLE_ASSIGNMENT( ( #112 ) );
#58 = ADVANCED_FACE( '', ( #113 ), #114, .T. );
#59 = PRESENTATION_STYLE_ASSIGNMENT( ( #115 ) );
#60 = ADVANCED_FACE( '', ( #116 ), #117, .T. );
#61 = PRESENTATION_STYLE_ASSIGNMENT( ( #118 ) );
#62 = ADVANCED_FACE( '', ( #119, #120, #121 ), #122, .T. );
#63 = PRESENTATION_STYLE_ASSIGNMENT( ( #123 ) );
#64 = ADVANCED_FACE( '', ( #124 ), #125, .F. );
#65 = PRODUCT( 'LB-012', 'LB-012', 'PART-LB-012-DESC', ( #126 ) );
#66 = PRODUCT_DEFINITION( 'NONE', 'NONE', #127, #2 );
#67 = MANIFOLD_SOLID_BREP( 'LB-012', #128 );
#68 = AXIS2_PLACEMENT_3D( '', #129, #130, #131 );
#71 = LENGTH_MEASURE_WITH_UNIT( LENGTH_MEASURE( 1.00000000000000 ), #132 );
#74 = DIMENSIONAL_EXPONENTS( 1.00000000000000, 0.00000000000000, 0.00000000000000, 0.00000000000000, 0.00000000000000, 0.00000000000000, 0.00000000000000 );
#76 = DIMENSIONAL_EXPONENTS( 0.00000000000000, 0.00000000000000, 0.00000000000000, 0.00000000000000, 0.00000000000000, 0.00000000000000, 0.00000000000000 );
#82 = SURFACE_STYLE_USAGE( .BOTH., #133 );
#83 = FACE_OUTER_BOUND( '', #134, .T. );
#84 = PLANE( '', #135 );
#85 = SURFACE_STYLE_USAGE( .BOTH., #136 );
#86 = FACE_OUTER_BOUND( '', #137, .T. );
#87 = PLANE( '', #138 );
#88 = SURFACE_STYLE_USAGE( .BOTH., #139 );
#89 = FACE_OUTER_BOUND( '', #140, .T. );
#90 = PLANE( '', #141 );
#91 = SURFACE_STYLE_USAGE( .BOTH., #142 );
#92 = FACE_OUTER_BOUND( '', #143, .T. );
#93 = ( BOUNDED_SURFACE(  )B_SPLINE_SURFACE( 3, 3, ( ( #146, #147, #148, #149, #150, #151, #152, #153, #154, #155, #156, #157, #158, #159, #160, #161, #162, #163, #164, #165, #166, #167, #168, #169, #170 ), ( #171, #172, #173, #174, #175, #176, #177, #178, #179, #180, #181, #182, #183, #184, #185, #186, #187, #188, #189, #190, #191, #192, #193, #194, #195 ), ( #196, #197, #198, #199, #200, #201, #202, #203, #204, #205, #206, #207, #208, #209, #210, #211, #212, #213, #214, #215, #216, #217, #218, #219, #220 ), ( #221, #222, #223, #224, #225, #226, #227, #228, #229, #230, #231, #232, #233, #234, #235, #236, #237, #238, #239, #240, #241, #242, #243, #244, #245 ), ( #246, #247, #248, #249, #250, #251, #252, #253, #254, #255, #256, #257, #258, #259, #260, #261, #262, #263, #264, #265, #266, #267, #268, #269, #270 ), ( #271, #272, #273, #274, #275, #276, #277, #278, #279, #280, #281, #282, #283, #284, #285, #286, #287, #288, #289, #290, #291, #292, #293, #294, #295 ), ( #296, #297, #298, #299, #300, #301, #302, #303, #304, #305, #306, #307, #308, #309, #310, #311, #312, #313, #314, #315, #316, #317, #318, #319, #320 ) ), .UNSPECIFIED., .F., .F., .F. )B_SPLINE_SURFACE_WITH_KNOTS( ( 4, 3, 4 ), ( 4, 1, 1, 1, 1, 1, 1, 1, 1, 1, 1, 1, 1, 1, 1, 1, 1, 1, 1, 1, 1, 1, 4 ), ( 0.00000000000000, 1.00000000000000, 2.00000000000000 ), ( -0.00807734173364600, 0.00000000000000, 0.0141928609214000, 0.0295684602529200, 0.0541417942873800, 0.0807629061580500, 0.107384018028700, 0.136223555888600, 0.191684205619100, 0.251766576160600, 0.307227225891100, 0.367309596432600, 0.427391966974000, 0.492481201727200, 0.525439927705200, 0.561145214181300, 0.635531227673200, 0.709917241165200, 0.790502089114800, 0.838770407782700, 0.891061086339700, 1.00000000000000, 1.01018148068200 ), .UNSPECIFIED. )GEOMETRIC_REPRESENTATION_ITEM(  )RATIONAL_B_SPLINE_SURFACE( ( ( 1.19909281060900, 1.19909281060900, 1.19909281060900, 1.19909281060900, 1.19909281060900, 1.19909281060900, 1.19909281060900, 1.19909281060900, 1.19909281060900, 1.19909281060900, 1.19909281060900, 1.19909281060900, 1.19909281060900, 1.19909281060900, 1.19909281060900, 1.19909281060900, 1.19909281060900, 1.19909281060900, 1.19909281060900, 1.19909281060900, 1.19909281060900, 1.19909281060900, 1.19909281060900, 1.19909281060900, 1.19909281060900 ), ( 0.933635729797100, 0.933635729797100, 0.933635729797100, 0.933635729797100, 0.933635729797100, 0.933635729797100, 0.933635729797100, 0.933635729797100, 0.933635729797100, 0.933635729797100, 0.933635729797100, 0.933635729797100, 0.933635729797100, 0.933635729797100, 0.933635729797100, 0.933635729797100, 0.933635729797100, 0.933635729797100, 0.933635729797100, 0.933635729797100, 0.933635729797100, 0.933635729797100, 0.933635729797100, 0.933635729797100, 0.933635729797100 ), ( 0.933635729797100, 0.933635729797100, 0.933635729797100, 0.933635729797100, 0.933635729797100, 0.933635729797100, 0.933635729797100, 0.933635729797100, 0.933635729797100, 0.933635729797100, 0.933635729797100, 0.933635729797100, 0.933635729797100, 0.933635729797100, 0.933635729797100, 0.933635729797100, 0.933635729797100, 0.933635729797100, 0.933635729797100, 0.933635729797100, 0.933635729797100, 0.933635729797100, 0.933635729797100, 0.933635729797100, 0.933635729797100 ), ( 1.19909281060900, 1.19909281060900, 1.19909281060900, 1.19909281060900, 1.19909281060900, 1.19909281060900, 1.19909281060900, 1.19909281060900, 1.19909281060900, 1.19909281060900, 1.19909281060900, 1.19909281060900, 1.19909281060900, 1.19909281060900, 1.19909281060900, 1.19909281060900, 1.19909281060900, 1.19909281060900, 1.19909281060900, 1.19909281060900, 1.19909281060900, 1.19909281060900, 1.19909281060900, 1.19909281060900, 1.19909281060900 ), ( 0.933635729797100, 0.933635729797100, 0.933635729797100, 0.933635729797100, 0.933635729797100, 0.933635729797100, 0.933635729797100, 0.933635729797100, 0.933635729797100, 0.933635729797100, 0.933635729797100, 0.933635729797100, 0.933635729797100, 0.933635729797100, 0.933635729797100, 0.933635729797100, 0.933635729797100, 0.933635729797100, 0.933635729797100, 0.933635729797100, 0.933635729797100, 0.933635729797100, 0.933635729797100, 0.933635729797100, 0.933635729797100 ), ( 0.933635729797100, 0.933635729797100, 0.933635729797100, 0.933635729797100, 0.933635729797100, 0.933635729797100, 0.933635729797100, 0.933635729797100, 0.933635729797100, 0.933635729797100, 0.933635729797100, 0.933635729797100, 0.933635729797100, 0.933635729797100, 0.933635729797100, 0.933635729797100, 0.933635729797100, 0.933635729797100, 0.933635729797100, 0.933635729797100, 0.933635729797100, 0.933635729797100, 0.933635729797100, 0.933635729797100, 0.933635729797100 ), ( 1.19909281060900, 1.19909281060900, 1.19909281060900, 1.19909281060900, 1.19909281060900, 1.19909281060900, 1.19909281060900, 1.19909281060900, 1.19909281060900, 1.19909281060900, 1.19909281060900, 1.19909281060900, 1.19909281060900, 1.19909281060900, 1.19909281060900, 1.19909281060900, 1.19909281060900, 1.19909281060900, 1.19909281060900, 1.19909281060900, 1.19909281060900, 1.19909281060900, 1.19909281060900, 1.19909281060900, 1.19909281060900 ) ) )REPRESENTATION_ITEM( '' )SURFACE(  ) );
#94 = SURFACE_STYLE_USAGE( .BOTH., #326 );
#95 = FACE_OUTER_BOUND( '', #327, .T. );
#96 = ( BOUNDED_SURFACE(  )B_SPLINE_SURFACE( 3, 3, ( ( #330, #331, #332, #333, #334, #335, #336, #337, #338, #339, #340, #341, #342, #343, #344, #345, #346, #347, #348, #349, #350, #351, #352, #353, #354 ), ( #355, #356, #357, #358, #359, #360, #361, #362, #363, #364, #365, #366, #367, #368, #369, #370, #371, #372, #373, #374, #375, #376, #377, #378, #379 ), ( #380, #381, #382, #383, #384, #385, #386, #387, #388, #389, #390, #391, #392, #393, #394, #395, #396, #397, #398, #399, #400, #401, #402, #403, #404 ), ( #405, #406, #407, #408, #409, #410, #411, #412, #413, #414, #415, #416, #417, #418, #419, #420, #421, #422, #423, #424, #425, #426, #427, #428, #429 ), ( #430, #431, #432, #433, #434, #435, #436, #437, #438, #439, #440, #441, #442, #443, #444, #445, #446, #447, #448, #449, #450, #451, #452, #453, #454 ), ( #455, #456, #457, #458, #459, #460, #461, #462, #463, #464, #465, #466, #467, #468, #469, #470, #471, #472, #473, #474, #475, #476, #477, #478, #479 ), ( #480, #481, #482, #483, #484, #485, #486, #487, #488, #489, #490, #491, #492, #493, #494, #495, #496, #497, #498, #499, #500, #501, #502, #503, #504 ) ), .UNSPECIFIED., .F., .F., .F. )B_SPLINE_SURFACE_WITH_KNOTS( ( 4, 3, 4 ), ( 4, 1, 1, 1, 1, 1, 1, 1, 1, 1, 1, 1, 1, 1, 1, 1, 1, 1, 1, 1, 1, 1, 4 ), ( 0.00000000000000, 1.00000000000000, 2.00000000000000 ), ( -0.00807734173364600, 0.00000000000000, 0.0141928609214000, 0.0295684602529200, 0.0541417942873800, 0.0807629061580500, 0.107384018028700, 0.136223555888600, 0.191684205619100, 0.251766576160600, 0.307227225891100, 0.367309596432600, 0.427391966974000, 0.492481201727200, 0.525439927705200, 0.561145214181300, 0.635531227673200, 0.709917241165200, 0.790502089114800, 0.838770407782700, 0.891061086339700, 1.00000000000000, 1.01018148068200 ), .UNSPECIFIED. )GEOMETRIC_REPRESENTATION_ITEM(  )RATIONAL_B_SPLINE_SURFACE( ( ( 1.19909281060900, 1.19909281060900, 1.19909281060900, 1.19909281060900, 1.19909281060900, 1.19909281060900, 1.19909281060900, 1.19909281060900, 1.19909281060900, 1.19909281060900, 1.19909281060900, 1.19909281060900, 1.19909281060900, 1.19909281060900, 1.19909281060900, 1.19909281060900, 1.19909281060900, 1.19909281060900, 1.19909281060900, 1.19909281060900, 1.19909281060900, 1.19909281060900, 1.19909281060900, 1.19909281060900, 1.19909281060900 ), ( 0.933635729797100, 0.933635729797100, 0.933635729797100, 0.933635729797100, 0.933635729797100, 0.933635729797100, 0.933635729797100, 0.933635729797100, 0.933635729797100, 0.933635729797100, 0.933635729797100, 0.933635729797100, 0.933635729797100, 0.933635729797100, 0.933635729797100, 0.933635729797100, 0.933635729797100, 0.933635729797100, 0.933635729797100, 0.933635729797100, 0.933635729797100, 0.933635729797100, 0.933635729797100, 0.933635729797100, 0.933635729797100 ), ( 0.933635729797100, 0.933635729797100, 0.933635729797100, 0.933635729797100, 0.933635729797100, 0.933635729797100, 0.933635729797100, 0.933635729797100, 0.933635729797100, 0.933635729797100, 0.933635729797100, 0.933635729797100, 0.933635729797100, 0.933635729797100, 0.933635729797100, 0.933635729797100, 0.933635729797100, 0.933635729797100, 0.933635729797100, 0.933635729797100, 0.933635729797100, 0.933635729797100, 0.933635729797100, 0.933635729797100, 0.933635729797100 ), ( 1.19909281060900, 1.19909281060900, 1.19909281060900, 1.19909281060900, 1.19909281060900, 1.19909281060900, 1.19909281060900, 1.19909281060900, 1.19909281060900, 1.19909281060900, 1.19909281060900, 1.19909281060900, 1.19909281060900, 1.19909281060900, 1.19909281060900, 1.19909281060900, 1.19909281060900, 1.19909281060900, 1.19909281060900, 1.19909281060900, 1.19909281060900, 1.19909281060900, 1.19909281060900, 1.19909281060900, 1.19909281060900 ), ( 0.933635729797100, 0.933635729797100, 0.933635729797100, 0.933635729797100, 0.933635729797100, 0.933635729797100, 0.933635729797100, 0.933635729797100, 0.933635729797100, 0.933635729797100, 0.933635729797100, 0.933635729797100, 0.933635729797100, 0.933635729797100, 0.933635729797100, 0.933635729797100, 0.933635729797100, 0.933635729797100, 0.933635729797100, 0.933635729797100, 0.933635729797100, 0.933635729797100, 0.933635729797100, 0.933635729797100, 0.933635729797100 ), ( 0.933635729797100, 0.933635729797100, 0.933635729797100, 0.933635729797100, 0.933635729797100, 0.933635729797100, 0.933635729797100, 0.933635729797100, 0.933635729797100, 0.933635729797100, 0.933635729797100, 0.933635729797100, 0.933635729797100, 0.933635729797100, 0.933635729797100, 0.933635729797100, 0.933635729797100, 0.933635729797100, 0.933635729797100, 0.933635729797100, 0.933635729797100, 0.933635729797100, 0.933635729797100, 0.933635729797100, 0.933635729797100 ), ( 1.19909281060900, 1.19909281060900, 1.19909281060900, 1.19909281060900, 1.19909281060900, 1.19909281060900, 1.19909281060900, 1.19909281060900, 1.19909281060900, 1.19909281060900, 1.19909281060900, 1.19909281060900, 1.19909281060900, 1.19909281060900, 1.19909281060900, 1.19909281060900, 1.19909281060900, 1.19909281060900, 1.19909281060900, 1.19909281060900, 1.19909281060900, 1.19909281060900, 1.19909281060900, 1.19909281060900, 1.19909281060900 ) ) )REPRESENTATION_ITEM( '' )SURFACE(  ) );
#97 = SURFACE_STYLE_USAGE( .BOTH., #510 );
#98 = FACE_OUTER_BOUND( '', #511, .T. );
#99 = PLANE( '', #512 );
#100 = SURFACE_STYLE_USAGE( .BOTH., #513 );
#101 = FACE_OUTER_BOUND( '', #514, .T. );
#102 = PLANE( '', #515 );
#103 = SURFACE_STYLE_USAGE( .BOTH., #516 );
#104 = FACE_OUTER_BOUND( '', #517, .T. );
#105 = PLANE( '', #518 );
#106 = SURFACE_STYLE_USAGE( .BOTH., #519 );
#107 = FACE_OUTER_BOUND( '', #520, .T. );
#108 = ( BOUNDED_SURFACE(  )B_SPLINE_SURFACE( 3, 3, ( ( #523, #524, #525, #526, #527, #528, #529, #530, #531, #532, #533, #534, #535, #536, #537, #538, #539, #540, #541, #542, #543, #544, #545, #546, #547 ), ( #548, #549, #550, #551, #552, #553, #554, #555, #556, #557, #558, #559, #560, #561, #562, #563, #564, #565, #566, #567, #568, #569, #570, #571, #572 ), ( #573, #574, #575, #576, #577, #578, #579, #580, #581, #582, #583, #584, #585, #586, #587, #588, #589, #590, #591, #592, #593, #594, #595, #596, #597 ), ( #598, #599, #600, #601, #602, #603, #604, #605, #606, #607, #608, #609, #610, #611, #612, #613, #614, #615, #616, #617, #618, #619, #620, #621, #622 ), ( #623, #624, #625, #626, #627, #628, #629, #630, #631, #632, #633, #634, #635, #636, #637, #638, #639, #640, #641, #642, #643, #644, #645, #646, #647 ), ( #648, #649, #650, #651, #652, #653, #654, #655, #656, #657, #658, #659, #660, #661, #662, #663, #664, #665, #666, #667, #668, #669, #670, #671, #672 ), ( #673, #674, #675, #676, #677, #678, #679, #680, #681, #682, #683, #684, #685, #686, #687, #688, #689, #690, #691, #692, #693, #694, #695, #696, #697 ) ), .UNSPECIFIED., .F., .F., .F. )B_SPLINE_SURFACE_WITH_KNOTS( ( 4, 3, 4 ), ( 4, 1, 1, 1, 1, 1, 1, 1, 1, 1, 1, 1, 1, 1, 1, 1, 1, 1, 1, 1, 1, 1, 4 ), ( 0.00000000000000, 1.00000000000000, 2.00000000000000 ), ( -0.00807734173364600, 0.00000000000000, 0.0141928609214000, 0.0295684602529200, 0.0541417942873800, 0.0807629061580500, 0.107384018028700, 0.136223555888600, 0.191684205619100, 0.251766576160600, 0.307227225891100, 0.367309596432600, 0.427391966974000, 0.492481201727200, 0.525439927705200, 0.561145214181300, 0.635531227673200, 0.709917241165200, 0.790502089114800, 0.838770407782700, 0.891061086339700, 1.00000000000000, 1.01018148068200 ), .UNSPECIFIED. )GEOMETRIC_REPRESENTATION_ITEM(  )RATIONAL_B_SPLINE_SURFACE( ( ( 1.19909281060900, 1.19909281060900, 1.19909281060900, 1.19909281060900, 1.19909281060900, 1.19909281060900, 1.19909281060900, 1.19909281060900, 1.19909281060900, 1.19909281060900, 1.19909281060900, 1.19909281060900, 1.19909281060900, 1.19909281060900, 1.19909281060900, 1.19909281060900, 1.19909281060900, 1.19909281060900, 1.19909281060900, 1.19909281060900, 1.19909281060900, 1.19909281060900, 1.19909281060900, 1.19909281060900, 1.19909281060900 ), ( 0.933635729797100, 0.933635729797100, 0.933635729797100, 0.933635729797100, 0.933635729797100, 0.933635729797100, 0.933635729797100, 0.933635729797100, 0.933635729797100, 0.933635729797100, 0.933635729797100, 0.933635729797100, 0.933635729797100, 0.933635729797100, 0.933635729797100, 0.933635729797100, 0.933635729797100, 0.933635729797100, 0.933635729797100, 0.933635729797100, 0.933635729797100, 0.933635729797100, 0.933635729797100, 0.933635729797100, 0.933635729797100 ), ( 0.933635729797100, 0.933635729797100, 0.933635729797100, 0.933635729797100, 0.933635729797100, 0.933635729797100, 0.933635729797100, 0.933635729797100, 0.933635729797100, 0.933635729797100, 0.933635729797100, 0.933635729797100, 0.933635729797100, 0.933635729797100, 0.933635729797100, 0.933635729797100, 0.933635729797100, 0.933635729797100, 0.933635729797100, 0.933635729797100, 0.933635729797100, 0.933635729797100, 0.933635729797100, 0.933635729797100, 0.933635729797100 ), ( 1.19909281060900, 1.19909281060900, 1.19909281060900, 1.19909281060900, 1.19909281060900, 1.19909281060900, 1.19909281060900, 1.19909281060900, 1.19909281060900, 1.19909281060900, 1.19909281060900, 1.19909281060900, 1.19909281060900, 1.19909281060900, 1.19909281060900, 1.19909281060900, 1.19909281060900, 1.19909281060900, 1.19909281060900, 1.19909281060900, 1.19909281060900, 1.19909281060900, 1.19909281060900, 1.19909281060900, 1.19909281060900 ), ( 0.933635729797100, 0.933635729797100, 0.933635729797100, 0.933635729797100, 0.933635729797100, 0.933635729797100, 0.933635729797100, 0.933635729797100, 0.933635729797100, 0.933635729797100, 0.933635729797100, 0.933635729797100, 0.933635729797100, 0.933635729797100, 0.933635729797100, 0.933635729797100, 0.933635729797100, 0.933635729797100, 0.933635729797100, 0.933635729797100, 0.933635729797100, 0.933635729797100, 0.933635729797100, 0.933635729797100, 0.933635729797100 ), ( 0.933635729797100, 0.933635729797100, 0.933635729797100, 0.933635729797100, 0.933635729797100, 0.933635729797100, 0.933635729797100, 0.933635729797100, 0.933635729797100, 0.933635729797100, 0.933635729797100, 0.933635729797100, 0.933635729797100, 0.933635729797100, 0.933635729797100, 0.933635729797100, 0.933635729797100, 0.933635729797100, 0.933635729797100, 0.933635729797100, 0.933635729797100, 0.933635729797100, 0.933635729797100, 0.933635729797100, 0.933635729797100 ), ( 1.19909281060900, 1.19909281060900, 1.19909281060900, 1.19909281060900, 1.19909281060900, 1.19909281060900, 1.19909281060900, 1.19909281060900, 1.19909281060900, 1.19909281060900, 1.19909281060900, 1.19909281060900, 1.19909281060900, 1.19909281060900, 1.19909281060900, 1.19909281060900, 1.19909281060900, 1.19909281060900, 1.19909281060900, 1.19909281060900, 1.19909281060900, 1.19909281060900, 1.19909281060900, 1.19909281060900, 1.19909281060900 ) ) )REPRESENTATION_ITEM( '' )SURFACE(  ) );
#109 = SURFACE_STYLE_USAGE( .BOTH., #703 );
#110 = FACE_OUTER_BOUND( '', #704, .T. );
#111 = PLANE( '', #705 );
#112 = SURFACE_STYLE_USAGE( .BOTH., #706 );
#113 = FACE_OUTER_BOUND( '', #707, .T. );
#114 = PLANE( '', #708 );
#115 = SURFACE_STYLE_USAGE( .BOTH., #709 );
#116 = FACE_OUTER_BOUND( '', #710, .T. );
#117 = ( BOUNDED_SURFACE(  )B_SPLINE_SURFACE( 3, 3, ( ( #713, #714, #715, #716, #717, #718, #719, #720, #721, #722, #723, #724, #725, #726, #727, #728, #729, #730, #731, #732, #733, #734, #735, #736, #737 ), ( #738, #739, #740, #741, #742, #743, #744, #745, #746, #747, #748, #749, #750, #751, #752, #753, #754, #755, #756, #757, #758, #759, #760, #761, #762 ), ( #763, #764, #765, #766, #767, #768, #769, #770, #771, #772, #773, #774, #775, #776, #777, #778, #779, #780, #781, #782, #783, #784, #785, #786, #787 ), ( #788, #789, #790, #791, #792, #793, #794, #795, #796, #797, #798, #799, #800, #801, #802, #803, #804, #805, #806, #807, #808, #809, #810, #811, #812 ), ( #813, #814, #815, #816, #817, #818, #819, #820, #821, #822, #823, #824, #825, #826, #827, #828, #829, #830, #831, #832, #833, #834, #835, #836, #837 ), ( #838, #839, #840, #841, #842, #843, #844, #845, #846, #847, #848, #849, #850, #851, #852, #853, #854, #855, #856, #857, #858, #859, #860, #861, #862 ), ( #863, #864, #865, #866, #867, #868, #869, #870, #871, #872, #873, #874, #875, #876, #877, #878, #879, #880, #881, #882, #883, #884, #885, #886, #887 ) ), .UNSPECIFIED., .F., .F., .F. )B_SPLINE_SURFACE_WITH_KNOTS( ( 4, 3, 4 ), ( 4, 1, 1, 1, 1, 1, 1, 1, 1, 1, 1, 1, 1, 1, 1, 1, 1, 1, 1, 1, 1, 1, 4 ), ( 0.00000000000000, 1.00000000000000, 2.00000000000000 ), ( -0.00807734173364600, 0.00000000000000, 0.0141928609214000, 0.0295684602529200, 0.0541417942873800, 0.0807629061580500, 0.107384018028700, 0.136223555888600, 0.191684205619100, 0.251766576160600, 0.307227225891100, 0.367309596432600, 0.427391966974000, 0.492481201727200, 0.525439927705200, 0.561145214181300, 0.635531227673200, 0.709917241165200, 0.790502089114800, 0.838770407782700, 0.891061086339700, 1.00000000000000, 1.01018148068200 ), .UNSPECIFIED. )GEOMETRIC_REPRESENTATION_ITEM(  )RATIONAL_B_SPLINE_SURFACE( ( ( 1.19909281060900, 1.19909281060900, 1.19909281060900, 1.19909281060900, 1.19909281060900, 1.19909281060900, 1.19909281060900, 1.19909281060900, 1.19909281060900, 1.19909281060900, 1.19909281060900, 1.19909281060900, 1.19909281060900, 1.19909281060900, 1.19909281060900, 1.19909281060900, 1.19909281060900, 1.19909281060900, 1.19909281060900, 1.19909281060900, 1.19909281060900, 1.19909281060900, 1.19909281060900, 1.19909281060900, 1.19909281060900 ), ( 0.933635729797100, 0.933635729797100, 0.933635729797100, 0.933635729797100, 0.933635729797100, 0.933635729797100, 0.933635729797100, 0.933635729797100, 0.933635729797100, 0.933635729797100, 0.933635729797100, 0.933635729797100, 0.933635729797100, 0.933635729797100, 0.933635729797100, 0.933635729797100, 0.933635729797100, 0.933635729797100, 0.933635729797100, 0.933635729797100, 0.933635729797100, 0.933635729797100, 0.933635729797100, 0.933635729797100, 0.933635729797100 ), ( 0.933635729797100, 0.933635729797100, 0.933635729797100, 0.933635729797100, 0.933635729797100, 0.933635729797100, 0.933635729797100, 0.933635729797100, 0.933635729797100, 0.933635729797100, 0.933635729797100, 0.933635729797100, 0.933635729797100, 0.933635729797100, 0.933635729797100, 0.933635729797100, 0.933635729797100, 0.933635729797100, 0.933635729797100, 0.933635729797100, 0.933635729797100, 0.933635729797100, 0.933635729797100, 0.933635729797100, 0.933635729797100 ), ( 1.19909281060900, 1.19909281060900, 1.19909281060900, 1.19909281060900, 1.19909281060900, 1.19909281060900, 1.19909281060900, 1.19909281060900, 1.19909281060900, 1.19909281060900, 1.19909281060900, 1.19909281060900, 1.19909281060900, 1.19909281060900, 1.19909281060900, 1.19909281060900, 1.19909281060900, 1.19909281060900, 1.19909281060900, 1.19909281060900, 1.19909281060900, 1.19909281060900, 1.19909281060900, 1.19909281060900, 1.19909281060900 ), ( 0.933635729797100, 0.933635729797100, 0.933635729797100, 0.933635729797100, 0.933635729797100, 0.933635729797100, 0.933635729797100, 0.933635729797100, 0.933635729797100, 0.933635729797100, 0.933635729797100, 0.933635729797100, 0.933635729797100, 0.933635729797100, 0.933635729797100, 0.933635729797100, 0.933635729797100, 0.933635729797100, 0.933635729797100, 0.933635729797100, 0.933635729797100, 0.933635729797100, 0.933635729797100, 0.933635729797100, 0.933635729797100 ), ( 0.933635729797100, 0.933635729797100, 0.933635729797100, 0.933635729797100, 0.933635729797100, 0.933635729797100, 0.933635729797100, 0.933635729797100, 0.933635729797100, 0.933635729797100, 0.933635729797100, 0.933635729797100, 0.933635729797100, 0.933635729797100, 0.933635729797100, 0.933635729797100, 0.933635729797100, 0.933635729797100, 0.933635729797100, 0.933635729797100, 0.933635729797100, 0.933635729797100, 0.933635729797100, 0.933635729797100, 0.933635729797100 ), ( 1.19909281060900, 1.19909281060900, 1.19909281060900, 1.19909281060900, 1.19909281060900, 1.19909281060900, 1.19909281060900, 1.19909281060900, 1.19909281060900, 1.19909281060900, 1.19909281060900, 1.19909281060900, 1.19909281060900, 1.19909281060900, 1.19909281060900, 1.19909281060900, 1.19909281060900, 1.19909281060900, 1.19909281060900, 1.19909281060900, 1.19909281060900, 1.19909281060900, 1.19909281060900, 1.19909281060900, 1.19909281060900 ) ) )REPRESENTATION_ITEM( '' )SURFACE(  ) );
#118 = SURFACE_STYLE_USAGE( .BOTH., #893 );
#119 = FACE_OUTER_BOUND( '', #894, .T. );
#120 = FACE_BOUND( '', #895, .T. );
#121 = FACE_BOUND( '', #896, .T. );
#122 = PLANE( '', #897 );
#123 = SURFACE_STYLE_USAGE( .BOTH., #898 );
#124 = FACE_OUTER_BOUND( '', #899, .T. );
#125 = PLANE( '', #900 );
#126 = PRODUCT_CONTEXT( '', #24, 'mechanical' );
#127 = PRODUCT_DEFINITION_FORMATION_WITH_SPECIFIED_SOURCE( ' ', 'NONE', #65, .NOT_KNOWN. );
#128 = CLOSED_SHELL( '', ( #44, #60, #62, #46, #38, #64, #40, #42, #48, #54, #50, #58, #56, #52 ) );
#129 = CARTESIAN_POINT( '', ( 0.00000000000000, 0.00000000000000, 0.00000000000000 ) );
#130 = DIRECTION( '', ( 0.00000000000000, 0.00000000000000, 1.00000000000000 ) );
#131 = DIRECTION( '', ( 1.00000000000000, 0.00000000000000, 0.00000000000000 ) );
#132 =  ( LENGTH_UNIT(  )NAMED_UNIT( #74 )SI_UNIT( $, .METRE. ) );
#133 = SURFACE_SIDE_STYLE( '', ( #902 ) );
#134 = EDGE_LOOP( '', ( #903, #904 ) );
#135 = AXIS2_PLACEMENT_3D( '', #905, #906, #907 );
#136 = SURFACE_SIDE_STYLE( '', ( #908 ) );
#137 = EDGE_LOOP( '', ( #909, #910, #911 ) );
#138 = AXIS2_PLACEMENT_3D( '', #912, #913, #914 );
#139 = SURFACE_SIDE_STYLE( '', ( #915 ) );
#140 = EDGE_LOOP( '', ( #916, #917, #918, #919 ) );
#141 = AXIS2_PLACEMENT_3D( '', #920, #921, #922 );
#142 = SURFACE_SIDE_STYLE( '', ( #923 ) );
#143 = EDGE_LOOP( '', ( #924, #925, #926, #927, #928 ) );
#146 = CARTESIAN_POINT( '', ( 0.0433249240575900, -0.00812390292949800, -0.0166769323094200 ) );
#147 = CARTESIAN_POINT( '', ( 0.0434457943545100, -0.00812390672999501, -0.0166635559586500 ) );
#148 = CARTESIAN_POINT( '', ( 0.0437728776653000, -0.00812390767153100, -0.0166194562677600 ) );
#149 = CARTESIAN_POINT( '', ( 0.0442972964710700, -0.00812390707521100, -0.0165108070522700 ) );
#150 = CARTESIAN_POINT( '', ( 0.0449980301103100, -0.00812390740240900, -0.0162879032363900 ) );
#151 = CARTESIAN_POINT( '', ( 0.0457737643615800, -0.00812390663358799, -0.0159007574163800 ) );
#152 = CARTESIAN_POINT( '', ( 0.0465329848638400, -0.00812390600080600, -0.0152816021023800 ) );
#153 = CARTESIAN_POINT( '', ( 0.0471426439724900, -0.00812390743594800, -0.0144844816278300 ) );
#154 = CARTESIAN_POINT( '', ( 0.0477010541774500, -0.00812390607578600, -0.0132781289055900 ) );
#155 = CARTESIAN_POINT( '', ( 0.0479952999703700, -0.00812391119329900, -0.0115626880521100 ) );
#156 = CARTESIAN_POINT( '', ( 0.0479145163762200, -0.00812390739058200, -0.00937350001456799 ) );
#157 = CARTESIAN_POINT( '', ( 0.0475688600174700, -0.00812390639207700, -0.00699389559991000 ) );
#158 = CARTESIAN_POINT( '', ( 0.0470881834674900, -0.00812390946767500, -0.00454858694231500 ) );
#159 = CARTESIAN_POINT( '', ( 0.0465752612718800, -0.00812390674546100, -0.00199262235086500 ) );
#160 = CARTESIAN_POINT( '', ( 0.0462569513833100, -0.00812390734563800, 5.71058633935100E-05 ) );
#161 = CARTESIAN_POINT( '', ( 0.0461469057738700, -0.00812390715721000, 0.00163592416392300 ) );
#162 = CARTESIAN_POINT( '', ( 0.0461337159154300, -0.00812390734103000, 0.00325126553488900 ) );
#163 = CARTESIAN_POINT( '', ( 0.0463113994957100, -0.00812390712844800, 0.00520208110088500 ) );
#164 = CARTESIAN_POINT( '', ( 0.0467859741524100, -0.00812390722938100, 0.00751974022974500 ) );
#165 = CARTESIAN_POINT( '', ( 0.0473809859475300, -0.00812390724918900, 0.00957353865402700 ) );
#166 = CARTESIAN_POINT( '', ( 0.0479798923698900, -0.00812390723225500, 0.0114515057441500 ) );
#167 = CARTESIAN_POINT( '', ( 0.0487308976759000, -0.00812390736538900, 0.0136259470721600 ) );
#168 = CARTESIAN_POINT( '', ( 0.0494322731597800, -0.00812390658038400, 0.0153994998852400 ) );
#169 = CARTESIAN_POINT( '', ( 0.0499717130295100, -0.00812390736753900, 0.0166091174016400 ) );
#170 = CARTESIAN_POINT( '', ( 0.0500182052682900, -0.00812390768799000, 0.0167123251185400 ) );
#171 = CARTESIAN_POINT( '', ( 0.0433336285263800, -0.00739539185485400, -0.0167554057582900 ) );
#172 = CARTESIAN_POINT( '', ( 0.0434557106250600, -0.00739537330960200, -0.0167418962131200 ) );
#173 = CARTESIAN_POINT( '', ( 0.0437862792794500, -0.00739536871519400, -0.0166973319334500 ) );
#174 = CARTESIAN_POINT( '', ( 0.0443171595005100, -0.00739537162505300, -0.0165873692444200 ) );
#175 = CARTESIAN_POINT( '', ( 0.0450279295796000, -0.00739537002843000, -0.0163613183665800 ) );
#176 = CARTESIAN_POINT( '', ( 0.0458167126880900, -0.00739537378003800, -0.0159677906516100 ) );
#177 = CARTESIAN_POINT( '', ( 0.0465902300095500, -0.00739537686781900, -0.0153370481398800 ) );
#178 = CARTESIAN_POINT( '', ( 0.0472110536764000, -0.00739536986476700, -0.0145251940947200 ) );
#179 = CARTESIAN_POINT( '', ( 0.0477781059901500, -0.00739537650193900, -0.0132995481962700 ) );
#180 = CARTESIAN_POINT( '', ( 0.0480747009954300, -0.00739535153005300, -0.0115658471022800 ) );
#181 = CARTESIAN_POINT( '', ( 0.0479931689899000, -0.00739537008613900, -0.00936534302218099 ) );
#182 = CARTESIAN_POINT( '', ( 0.0476465937038500, -0.00739537495853500, -0.00697989574632499 ) );
#183 = CARTESIAN_POINT( '', ( 0.0471655138068400, -0.00739535995056400, -0.00453266724808200 ) );
#184 = CARTESIAN_POINT( '', ( 0.0466528670341200, -0.00739537323413100, -0.00197799019499700 ) );
#185 = CARTESIAN_POINT( '', ( 0.0463354177635200, -0.00739537030545100, 6.67587542635100E-05 ) );
#186 = CARTESIAN_POINT( '', ( 0.0462258577973000, -0.00739537122492500, 0.00163897637470100 ) );
#187 = CARTESIAN_POINT( '', ( 0.0462127163293600, -0.00739537032793600, 0.00324764702893900 ) );
#188 = CARTESIAN_POINT( '', ( 0.0463896414873400, -0.00739537136527500, 0.00519023442287100 ) );
#189 = CARTESIAN_POINT( '', ( 0.0468625277514200, -0.00739537087275000, 0.00750009570695700 ) );
#190 = CARTESIAN_POINT( '', ( 0.0474565012239200, -0.00739537077609300, 0.00955046245550600 ) );
#191 = CARTESIAN_POINT( '', ( 0.0480548562208800, -0.00739537085872700, 0.0114266948632900 ) );
#192 = CARTESIAN_POINT( '', ( 0.0488049190340700, -0.00739537020907400, 0.0135983945456700 ) );
#193 = CARTESIAN_POINT( '', ( 0.0495052737798200, -0.00739537403965700, 0.0153693386387300 ) );
#194 = CARTESIAN_POINT( '', ( 0.0500437835365700, -0.00739537019858100, 0.0165768690672800 ) );
#195 = CARTESIAN_POINT( '', ( 0.0500901946005500, -0.00739536863487900, 0.0166798963341000 ) );
#196 = CARTESIAN_POINT( '', ( 0.0432796684180500, -0.00685004003155600, -0.0162689388749000 ) );
#197 = CARTESIAN_POINT( '', ( 0.0433942384035700, -0.00685000475863100, -0.0162562550187700 ) );
#198 = CARTESIAN_POINT( '', ( 0.0437032009700100, -0.00684999602010300, -0.0162145707840300 ) );
#199 = CARTESIAN_POINT( '', ( 0.0441940260564500, -0.00685000155463200, -0.0161127504843500 ) );
#200 = CARTESIAN_POINT( '', ( 0.0448425789692900, -0.00684999851786800, -0.0159062086436200 ) );
#201 = CARTESIAN_POINT( '', ( 0.0455504705533800, -0.00685000565339700, -0.0155522431065900 ) );
#202 = CARTESIAN_POINT( '', ( 0.0462353600755400, -0.00685001152633200, -0.0149933311063300 ) );
#203 = CARTESIAN_POINT( '', ( 0.0467869732270900, -0.00684999820658100, -0.0142728123380300 ) );
#204 = CARTESIAN_POINT( '', ( 0.0473004520100600, -0.00685001083043100, -0.0131667672910100 ) );
#205 = CARTESIAN_POINT( '', ( 0.0475824839493900, -0.00684996333409800, -0.0115462637487900 ) );
#206 = CARTESIAN_POINT( '', ( 0.0475055914411100, -0.00684999862763000, -0.00941590925472799 ) );
#207 = CARTESIAN_POINT( '', ( 0.0471647127022000, -0.00685000789488900, -0.00706668261805200 ) );
#208 = CARTESIAN_POINT( '', ( 0.0466861332046900, -0.00684997934984400, -0.00463135545599400 ) );
#209 = CARTESIAN_POINT( '', ( 0.0461717790504700, -0.00685000461508600, -0.00206869678894400 ) );
#210 = CARTESIAN_POINT( '', ( 0.0458489946996900, -0.00684999904476000, 6.91925689626400E-06 ) );
#211 = CARTESIAN_POINT( '', ( 0.0457364241694000, -0.00685000079359200, 0.00162005533215900 ) );
#212 = CARTESIAN_POINT( '', ( 0.0457229827226100, -0.00684999908752500, 0.00327007860722900 ) );
#213 = CARTESIAN_POINT( '', ( 0.0459046094368300, -0.00685000106053600, 0.00526367348557400 ) );
#214 = CARTESIAN_POINT( '', ( 0.0463879622613300, -0.00685000012375700, 0.00762187460050600 ) );
#215 = CARTESIAN_POINT( '', ( 0.0469883724276900, -0.00684999993991700, 0.00969351474307600 ) );
#216 = CARTESIAN_POINT( '', ( 0.0475901457808800, -0.00685000009708599, 0.0115805006671600 ) );
#217 = CARTESIAN_POINT( '', ( 0.0483460512267800, -0.00684999886145100, 0.0137691961592800 ) );
#218 = CARTESIAN_POINT( '', ( 0.0490527336579500, -0.00685000614719000, 0.0155563120392500 ) );
#219 = CARTESIAN_POINT( '', ( 0.0495970093032699, -0.00684999884149300, 0.0167767805906400 ) );
#220 = CARTESIAN_POINT( '', ( 0.0496439235801300, -0.00684999586734500, 0.0168809264904900 ) );
#221 = CARTESIAN_POINT( '', ( 0.0431988810574000, -0.00685004003155600, -0.0155406161051700 ) );
#222 = CARTESIAN_POINT( '', ( 0.0433022041456400, -0.00685000475863100, -0.0155291684444400 ) );
#223 = CARTESIAN_POINT( '', ( 0.0435788187633300, -0.00684999602010300, -0.0154917961215400 ) );
#224 = CARTESIAN_POINT( '', ( 0.0440096745742000, -0.00685000155463200, -0.0154021663486100 ) );
#225 = CARTESIAN_POINT( '', ( 0.0445650779214600, -0.00684999851786800, -0.0152248328187100 ) );
#226 = CARTESIAN_POINT( '', ( 0.0451518612839900, -0.00685000565339700, -0.0149300985181800 ) );
#227 = CARTESIAN_POINT( '', ( 0.0457040600794600, -0.00685001152633200, -0.0144787288786600 ) );
#228 = CARTESIAN_POINT( '', ( 0.0461520534453500, -0.00684999820658100, -0.0138949543864600 ) );
#229 = CARTESIAN_POINT( '', ( 0.0465853236393000, -0.00685001083043100, -0.0129679719362200 ) );
#230 = CARTESIAN_POINT( '', ( 0.0468455522187400, -0.00684996333409800, -0.0115169441738100 ) );
#231 = CARTESIAN_POINT( '', ( 0.0467756058184200, -0.00684999862763000, -0.00949161541233200 ) );
#232 = CARTESIAN_POINT( '', ( 0.0464432557690000, -0.00685000789488900, -0.00719661716642700 ) );
#233 = CARTESIAN_POINT( '', ( 0.0459684197902200, -0.00684997934984400, -0.00477910830696900 ) );
#234 = CARTESIAN_POINT( '', ( 0.0454515093986300, -0.00685000461508600, -0.00220449982095400 ) );
#235 = CARTESIAN_POINT( '', ( 0.0451207375352100, -0.00684999904476000, -8.26705383183800E-05 ) );
#236 = CARTESIAN_POINT( '', ( 0.0450036596840200, -0.00685000079359200, 0.00159172734811600 ) );
#237 = CARTESIAN_POINT( '', ( 0.0449897691184000, -0.00684999908752500, 0.00330366245391400 ) );
#238 = CARTESIAN_POINT( '', ( 0.0451784348533100, -0.00685000106053600, 0.00537362411814800 ) );
#239 = CARTESIAN_POINT( '', ( 0.0456774578797200, -0.00685000012375700, 0.00780419809275700 ) );
#240 = CARTESIAN_POINT( '', ( 0.0462875048597200, -0.00684999993991700, 0.00990768808530300 ) );
#241 = CARTESIAN_POINT( '', ( 0.0468943960673200, -0.00685000009708600, 0.0118107738325200 ) );
#242 = CARTESIAN_POINT( '', ( 0.0476590489173700, -0.00684999886145100, 0.0140249149112600 ) );
#243 = CARTESIAN_POINT( '', ( 0.0483752049582000, -0.00685000614719000, 0.0158362426770400 ) );
#244 = CARTESIAN_POINT( '', ( 0.0489281131088000, -0.00684999884149300, 0.0170760817750900 ) );
#245 = CARTESIAN_POINT( '', ( 0.0489757807799800, -0.00684999586734500, 0.0171819024567900 ) );
#246 = CARTESIAN_POINT( '', ( 0.0431180936967500, -0.00685004003155600, -0.0148122933354400 ) );
#247 = CARTESIAN_POINT( '', ( 0.0432101698877200, -0.00685000475863100, -0.0148020818701100 ) );
#248 = CARTESIAN_POINT( '', ( 0.0434544365566400, -0.00684999602010300, -0.0147690214590500 ) );
#249 = CARTESIAN_POINT( '', ( 0.0438253230919500, -0.00685000155463200, -0.0146915822128600 ) );
#250 = CARTESIAN_POINT( '', ( 0.0442875768736300, -0.00684999851786800, -0.0145434569938000 ) );
#251 = CARTESIAN_POINT( '', ( 0.0447532520146000, -0.00685000565339700, -0.0143079539297700 ) );
#252 = CARTESIAN_POINT( '', ( 0.0451727600833800, -0.00685001152633200, -0.0139641266510000 ) );
#253 = CARTESIAN_POINT( '', ( 0.0455171336636000, -0.00684999820658100, -0.0135170964348900 ) );
#254 = CARTESIAN_POINT( '', ( 0.0458701952685400, -0.00685001083043100, -0.0127691765814200 ) );
#255 = CARTESIAN_POINT( '', ( 0.0461086204881000, -0.00684996333409800, -0.0114876245988400 ) );
#256 = CARTESIAN_POINT( '', ( 0.0460456201957300, -0.00684999862763000, -0.00956732156993600 ) );
#257 = CARTESIAN_POINT( '', ( 0.0457217988357900, -0.00685000789488900, -0.00732655171480200 ) );
#258 = CARTESIAN_POINT( '', ( 0.0452507063757400, -0.00684997934984400, -0.00492686115794300 ) );
#259 = CARTESIAN_POINT( '', ( 0.0447312397467900, -0.00685000461508600, -0.00234030285296400 ) );
#260 = CARTESIAN_POINT( '', ( 0.0443924803707400, -0.00684999904476000, -0.000172260333533000 ) );
#261 = CARTESIAN_POINT( '', ( 0.0442708951986300, -0.00685000079359200, 0.00156339936407300 ) );
#262 = CARTESIAN_POINT( '', ( 0.0442565555141900, -0.00684999908752500, 0.00333724630059800 ) );
#263 = CARTESIAN_POINT( '', ( 0.0444522602698000, -0.00685000106053600, 0.00548357475072100 ) );
#264 = CARTESIAN_POINT( '', ( 0.0449669534981000, -0.00685000012375700, 0.00798652158500700 ) );
#265 = CARTESIAN_POINT( '', ( 0.0455866372917500, -0.00684999993991700, 0.0101218614275300 ) );
#266 = CARTESIAN_POINT( '', ( 0.0461986463537600, -0.00685000009708599, 0.0120410469978700 ) );
#267 = CARTESIAN_POINT( '', ( 0.0469720466079500, -0.00684999886145100, 0.0142806336632300 ) );
#268 = CARTESIAN_POINT( '', ( 0.0476976762584500, -0.00685000614719000, 0.0161161733148300 ) );
#269 = CARTESIAN_POINT( '', ( 0.0482592169143200, -0.00684999884149300, 0.0173753829595300 ) );
#270 = CARTESIAN_POINT( '', ( 0.0483076379798300, -0.00684999586734500, 0.0174828784230900 ) );
#271 = CARTESIAN_POINT( '', ( 0.0430641335884300, -0.00739539185485400, -0.0143258264520500 ) );
#272 = CARTESIAN_POINT( '', ( 0.0431486976662300, -0.00739537330960200, -0.0143164406757500 ) );
#273 = CARTESIAN_POINT( '', ( 0.0433713582472000, -0.00739536871519400, -0.0142862603096300 ) );
#274 = CARTESIAN_POINT( '', ( 0.0437021896479000, -0.00739537162505300, -0.0142169634527900 ) );
#275 = CARTESIAN_POINT( '', ( 0.0441022262633100, -0.00739537002843000, -0.0140883472708300 ) );
#276 = CARTESIAN_POINT( '', ( 0.0444870098798800, -0.00739537378003800, -0.0138924063847400 ) );
#277 = CARTESIAN_POINT( '', ( 0.0448178901493600, -0.00739537686781900, -0.0136204096174500 ) );
#278 = CARTESIAN_POINT( '', ( 0.0450930532142900, -0.00739536986476700, -0.0132647146782000 ) );
#279 = CARTESIAN_POINT( '', ( 0.0453925412884500, -0.00739537650193900, -0.0126363956761700 ) );
#280 = CARTESIAN_POINT( '', ( 0.0456164034420600, -0.00739535153005300, -0.0114680412453500 ) );
#281 = CARTESIAN_POINT( '', ( 0.0455580426469500, -0.00739537008613900, -0.00961788780248300 ) );
#282 = CARTESIAN_POINT( '', ( 0.0452399178341500, -0.00739537495853500, -0.00741333858652899 ) );
#283 = CARTESIAN_POINT( '', ( 0.0447713257736000, -0.00739535995056400, -0.00502554936585500 ) );
#284 = CARTESIAN_POINT( '', ( 0.0442501517631400, -0.00739537323413100, -0.00243100944691200 ) );
#285 = CARTESIAN_POINT( '', ( 0.0439060573069100, -0.00739537030545100, -0.000232099830900300 ) );
#286 = CARTESIAN_POINT( '', ( 0.0437814615707400, -0.00739537122492500, 0.00154447832153200 ) );
#287 = CARTESIAN_POINT( '', ( 0.0437668219074300, -0.00739537032793600, 0.00335967787888800 ) );
#288 = CARTESIAN_POINT( '', ( 0.0439672282192800, -0.00739537136527500, 0.00555701381342400 ) );
#289 = CARTESIAN_POINT( '', ( 0.0444923880080100, -0.00739537087275000, 0.00810830047855700 ) );
#290 = CARTESIAN_POINT( '', ( 0.0451185084955200, -0.00739537077609300, 0.0102649137151000 ) );
#291 = CARTESIAN_POINT( '', ( 0.0457339359137600, -0.00739537085872700, 0.0121948528017400 ) );
#292 = CARTESIAN_POINT( '', ( 0.0465131788006600, -0.00739537020907400, 0.0144514352768400 ) );
#293 = CARTESIAN_POINT( '', ( 0.0472451361365700, -0.00739537403965700, 0.0163031467153500 ) );
#294 = CARTESIAN_POINT( '', ( 0.0478124426810200, -0.00739537019858100, 0.0175752944828900 ) );
#295 = CARTESIAN_POINT( '', ( 0.0478613669594000, -0.00739536863487900, 0.0176839085794800 ) );
#296 = CARTESIAN_POINT( '', ( 0.0430728380572100, -0.00812390292949800, -0.0144042999009200 ) );
#297 = CARTESIAN_POINT( '', ( 0.0431586139367800, -0.00812390672999501, -0.0143947809302200 ) );
#298 = CARTESIAN_POINT( '', ( 0.0433847598613500, -0.00812390767153100, -0.0143641359753200 ) );
#299 = CARTESIAN_POINT( '', ( 0.0437220526773400, -0.00812390707521100, -0.0142935256449500 ) );
#300 = CARTESIAN_POINT( '', ( 0.0441321257326000, -0.00812390740240900, -0.0141617624010200 ) );
#301 = CARTESIAN_POINT( '', ( 0.0445299582064000, -0.00812390663358799, -0.0139594396199800 ) );
#302 = CARTESIAN_POINT( '', ( 0.0448751352950700, -0.00812390600080600, -0.0136758556549500 ) );
#303 = CARTESIAN_POINT( '', ( 0.0451614629182100, -0.00812390743594800, -0.0133054271450900 ) );
#304 = CARTESIAN_POINT( '', ( 0.0454695931011600, -0.00812390607578600, -0.0126578149668400 ) );
#305 = CARTESIAN_POINT( '', ( 0.0456958044671200, -0.00812391119329900, -0.0114712002955100 ) );
#306 = CARTESIAN_POINT( '', ( 0.0456366952606300, -0.00812390739058200, -0.00960973081009600 ) );
#307 = CARTESIAN_POINT( '', ( 0.0453176515205200, -0.00812390639207700, -0.00739933873294400 ) );
#308 = CARTESIAN_POINT( '', ( 0.0448486561129400, -0.00812390946767500, -0.00500962967162200 ) );
#309 = CARTESIAN_POINT( '', ( 0.0443277575253800, -0.00812390674546100, -0.00241637729104300 ) );
#310 = CARTESIAN_POINT( '', ( 0.0439845236871100, -0.00812390734563800, -0.000222446940030300 ) );
#311 = CARTESIAN_POINT( '', ( 0.0438604135941700, -0.00812390715721000, 0.00154753053230900 ) );
#312 = CARTESIAN_POINT( '', ( 0.0438458223213600, -0.00812390734103000, 0.00335605937293800 ) );
#313 = CARTESIAN_POINT( '', ( 0.0440454702109100, -0.00812390712844800, 0.00554516713541000 ) );
#314 = CARTESIAN_POINT( '', ( 0.0445689416070200, -0.00812390722938100, 0.00808865595576800 ) );
#315 = CARTESIAN_POINT( '', ( 0.0451940237719100, -0.00812390724918900, 0.0102418375165800 ) );
#316 = CARTESIAN_POINT( '', ( 0.0458088997647400, -0.00812390723225500, 0.0121700419208800 ) );
#317 = CARTESIAN_POINT( '', ( 0.0465872001588400, -0.00812390736538900, 0.0144238827503500 ) );
#318 = CARTESIAN_POINT( '', ( 0.0473181367566200, -0.00812390658038400, 0.0162729854688500 ) );
#319 = CARTESIAN_POINT( '', ( 0.0478845131880900, -0.00812390736753900, 0.0175430461485400 ) );
#320 = CARTESIAN_POINT( '', ( 0.0479333562916700, -0.00812390768799000, 0.0176514797950400 ) );
#326 = SURFACE_SIDE_STYLE( '', ( #929 ) );
#327 = EDGE_LOOP( '', ( #930, #931, #932, #933, #934 ) );
#330 = CARTESIAN_POINT( '', ( 0.0433249240575900, 0.00787609707050201, -0.0166769323094200 ) );
#331 = CARTESIAN_POINT( '', ( 0.0434457943545100, 0.00787609327000500, -0.0166635559586500 ) );
#332 = CARTESIAN_POINT( '', ( 0.0437728776653000, 0.00787609232846900, -0.0166194562677600 ) );
#333 = CARTESIAN_POINT( '', ( 0.0442972964710700, 0.00787609292478900, -0.0165108070522700 ) );
#334 = CARTESIAN_POINT( '', ( 0.0449980301103100, 0.00787609259759100, -0.0162879032363900 ) );
#335 = CARTESIAN_POINT( '', ( 0.0457737643615800, 0.00787609336641200, -0.0159007574163800 ) );
#336 = CARTESIAN_POINT( '', ( 0.0465329848638400, 0.00787609399919400, -0.0152816021023800 ) );
#337 = CARTESIAN_POINT( '', ( 0.0471426439724900, 0.00787609256405200, -0.0144844816278300 ) );
#338 = CARTESIAN_POINT( '', ( 0.0477010541774500, 0.00787609392421400, -0.0132781289055900 ) );
#339 = CARTESIAN_POINT( '', ( 0.0479952999703700, 0.00787608880670100, -0.0115626880521100 ) );
#340 = CARTESIAN_POINT( '', ( 0.0479145163762200, 0.00787609260941800, -0.00937350001456799 ) );
#341 = CARTESIAN_POINT( '', ( 0.0475688600174700, 0.00787609360792300, -0.00699389559991000 ) );
#342 = CARTESIAN_POINT( '', ( 0.0470881834674900, 0.00787609053232500, -0.00454858694231500 ) );
#343 = CARTESIAN_POINT( '', ( 0.0465752612718800, 0.00787609325453899, -0.00199262235086500 ) );
#344 = CARTESIAN_POINT( '', ( 0.0462569513833100, 0.00787609265436200, 5.71058633935100E-05 ) );
#345 = CARTESIAN_POINT( '', ( 0.0461469057738700, 0.00787609284279000, 0.00163592416392300 ) );
#346 = CARTESIAN_POINT( '', ( 0.0461337159154300, 0.00787609265897000, 0.00325126553488900 ) );
#347 = CARTESIAN_POINT( '', ( 0.0463113994957100, 0.00787609287155200, 0.00520208110088500 ) );
#348 = CARTESIAN_POINT( '', ( 0.0467859741524100, 0.00787609277061900, 0.00751974022974500 ) );
#349 = CARTESIAN_POINT( '', ( 0.0473809859475300, 0.00787609275081100, 0.00957353865402700 ) );
#350 = CARTESIAN_POINT( '', ( 0.0479798923698900, 0.00787609276774500, 0.0114515057441500 ) );
#351 = CARTESIAN_POINT( '', ( 0.0487308976759000, 0.00787609263461100, 0.0136259470721600 ) );
#352 = CARTESIAN_POINT( '', ( 0.0494322731597800, 0.00787609341961600, 0.0153994998852400 ) );
#353 = CARTESIAN_POINT( '', ( 0.0499717130295100, 0.00787609263246100, 0.0166091174016400 ) );
#354 = CARTESIAN_POINT( '', ( 0.0500182052682900, 0.00787609231201000, 0.0167123251185400 ) );
#355 = CARTESIAN_POINT( '', ( 0.0433336285263800, 0.00860460814514600, -0.0167554057582900 ) );
#356 = CARTESIAN_POINT( '', ( 0.0434557106250600, 0.00860462669039800, -0.0167418962131200 ) );
#357 = CARTESIAN_POINT( '', ( 0.0437862792794500, 0.00860463128480600, -0.0166973319334500 ) );
#358 = CARTESIAN_POINT( '', ( 0.0443171595005100, 0.00860462837494700, -0.0165873692444200 ) );
#359 = CARTESIAN_POINT( '', ( 0.0450279295796000, 0.00860462997157000, -0.0163613183665800 ) );
#360 = CARTESIAN_POINT( '', ( 0.0458167126880900, 0.00860462621996201, -0.0159677906516100 ) );
#361 = CARTESIAN_POINT( '', ( 0.0465902300095500, 0.00860462313218100, -0.0153370481398800 ) );
#362 = CARTESIAN_POINT( '', ( 0.0472110536764000, 0.00860463013523300, -0.0145251940947200 ) );
#363 = CARTESIAN_POINT( '', ( 0.0477781059901500, 0.00860462349806100, -0.0132995481962700 ) );
#364 = CARTESIAN_POINT( '', ( 0.0480747009954300, 0.00860464846994700, -0.0115658471022800 ) );
#365 = CARTESIAN_POINT( '', ( 0.0479931689899000, 0.00860462991386100, -0.00936534302218099 ) );
#366 = CARTESIAN_POINT( '', ( 0.0476465937038500, 0.00860462504146500, -0.00697989574632499 ) );
#367 = CARTESIAN_POINT( '', ( 0.0471655138068400, 0.00860464004943600, -0.00453266724808200 ) );
#368 = CARTESIAN_POINT( '', ( 0.0466528670341200, 0.00860462676586900, -0.00197799019499700 ) );
#369 = CARTESIAN_POINT( '', ( 0.0463354177635200, 0.00860462969454900, 6.67587542635100E-05 ) );
#370 = CARTESIAN_POINT( '', ( 0.0462258577973000, 0.00860462877507499, 0.00163897637470100 ) );
#371 = CARTESIAN_POINT( '', ( 0.0462127163293600, 0.00860462967206400, 0.00324764702893900 ) );
#372 = CARTESIAN_POINT( '', ( 0.0463896414873400, 0.00860462863472500, 0.00519023442287100 ) );
#373 = CARTESIAN_POINT( '', ( 0.0468625277514200, 0.00860462912725000, 0.00750009570695700 ) );
#374 = CARTESIAN_POINT( '', ( 0.0474565012239200, 0.00860462922390700, 0.00955046245550600 ) );
#375 = CARTESIAN_POINT( '', ( 0.0480548562208800, 0.00860462914127300, 0.0114266948632900 ) );
#376 = CARTESIAN_POINT( '', ( 0.0488049190340700, 0.00860462979092600, 0.0135983945456700 ) );
#377 = CARTESIAN_POINT( '', ( 0.0495052737798200, 0.00860462596034300, 0.0153693386387300 ) );
#378 = CARTESIAN_POINT( '', ( 0.0500437835365700, 0.00860462980141899, 0.0165768690672800 ) );
#379 = CARTESIAN_POINT( '', ( 0.0500901946005500, 0.00860463136512100, 0.0166798963341000 ) );
#380 = CARTESIAN_POINT( '', ( 0.0432796684180500, 0.00914995996844399, -0.0162689388749000 ) );
#381 = CARTESIAN_POINT( '', ( 0.0433942384035700, 0.00914999524136900, -0.0162562550187700 ) );
#382 = CARTESIAN_POINT( '', ( 0.0437032009700100, 0.00915000397989700, -0.0162145707840300 ) );
#383 = CARTESIAN_POINT( '', ( 0.0441940260564500, 0.00914999844536800, -0.0161127504843500 ) );
#384 = CARTESIAN_POINT( '', ( 0.0448425789692900, 0.00915000148213200, -0.0159062086436200 ) );
#385 = CARTESIAN_POINT( '', ( 0.0455504705533800, 0.00914999434660300, -0.0155522431065900 ) );
#386 = CARTESIAN_POINT( '', ( 0.0462353600755400, 0.00914998847366800, -0.0149933311063300 ) );
#387 = CARTESIAN_POINT( '', ( 0.0467869732270900, 0.00915000179341900, -0.0142728123380300 ) );
#388 = CARTESIAN_POINT( '', ( 0.0473004520100600, 0.00914998916956899, -0.0131667672910100 ) );
#389 = CARTESIAN_POINT( '', ( 0.0475824839493900, 0.00915003666590200, -0.0115462637487900 ) );
#390 = CARTESIAN_POINT( '', ( 0.0475055914411100, 0.00915000137237000, -0.00941590925472799 ) );
#391 = CARTESIAN_POINT( '', ( 0.0471647127022000, 0.00914999210511100, -0.00706668261805200 ) );
#392 = CARTESIAN_POINT( '', ( 0.0466861332046900, 0.00915002065015600, -0.00463135545599400 ) );
#393 = CARTESIAN_POINT( '', ( 0.0461717790504700, 0.00914999538491400, -0.00206869678894400 ) );
#394 = CARTESIAN_POINT( '', ( 0.0458489946996900, 0.00915000095524000, 6.91925689626400E-06 ) );
#395 = CARTESIAN_POINT( '', ( 0.0457364241694000, 0.00914999920640800, 0.00162005533215900 ) );
#396 = CARTESIAN_POINT( '', ( 0.0457229827226100, 0.00915000091247500, 0.00327007860722900 ) );
#397 = CARTESIAN_POINT( '', ( 0.0459046094368300, 0.00914999893946400, 0.00526367348557400 ) );
#398 = CARTESIAN_POINT( '', ( 0.0463879622613300, 0.00914999987624300, 0.00762187460050600 ) );
#399 = CARTESIAN_POINT( '', ( 0.0469883724276900, 0.00915000006008300, 0.00969351474307600 ) );
#400 = CARTESIAN_POINT( '', ( 0.0475901457808800, 0.00914999990291400, 0.0115805006671600 ) );
#401 = CARTESIAN_POINT( '', ( 0.0483460512267800, 0.00915000113854900, 0.0137691961592800 ) );
#402 = CARTESIAN_POINT( '', ( 0.0490527336579500, 0.00914999385281000, 0.0155563120392500 ) );
#403 = CARTESIAN_POINT( '', ( 0.0495970093032699, 0.00915000115850700, 0.0167767805906400 ) );
#404 = CARTESIAN_POINT( '', ( 0.0496439235801300, 0.00915000413265500, 0.0168809264904900 ) );
#405 = CARTESIAN_POINT( '', ( 0.0431988810574000, 0.00914995996844399, -0.0155406161051700 ) );
#406 = CARTESIAN_POINT( '', ( 0.0433022041456400, 0.00914999524136899, -0.0155291684444400 ) );
#407 = CARTESIAN_POINT( '', ( 0.0435788187633300, 0.00915000397989699, -0.0154917961215400 ) );
#408 = CARTESIAN_POINT( '', ( 0.0440096745742000, 0.00914999844536800, -0.0154021663486100 ) );
#409 = CARTESIAN_POINT( '', ( 0.0445650779214600, 0.00915000148213200, -0.0152248328187100 ) );
#410 = CARTESIAN_POINT( '', ( 0.0451518612839900, 0.00914999434660299, -0.0149300985181800 ) );
#411 = CARTESIAN_POINT( '', ( 0.0457040600794600, 0.00914998847366800, -0.0144787288786600 ) );
#412 = CARTESIAN_POINT( '', ( 0.0461520534453500, 0.00915000179341900, -0.0138949543864600 ) );
#413 = CARTESIAN_POINT( '', ( 0.0465853236393000, 0.00914998916956900, -0.0129679719362200 ) );
#414 = CARTESIAN_POINT( '', ( 0.0468455522187400, 0.00915003666590199, -0.0115169441738100 ) );
#415 = CARTESIAN_POINT( '', ( 0.0467756058184200, 0.00915000137236999, -0.00949161541233200 ) );
#416 = CARTESIAN_POINT( '', ( 0.0464432557690000, 0.00914999210511099, -0.00719661716642700 ) );
#417 = CARTESIAN_POINT( '', ( 0.0459684197902200, 0.00915002065015599, -0.00477910830696900 ) );
#418 = CARTESIAN_POINT( '', ( 0.0454515093986300, 0.00914999538491399, -0.00220449982095400 ) );
#419 = CARTESIAN_POINT( '', ( 0.0451207375352100, 0.00915000095523999, -8.26705383183800E-05 ) );
#420 = CARTESIAN_POINT( '', ( 0.0450036596840200, 0.00914999920640801, 0.00159172734811600 ) );
#421 = CARTESIAN_POINT( '', ( 0.0449897691184000, 0.00915000091247500, 0.00330366245391400 ) );
#422 = CARTESIAN_POINT( '', ( 0.0451784348533100, 0.00914999893946400, 0.00537362411814800 ) );
#423 = CARTESIAN_POINT( '', ( 0.0456774578797200, 0.00914999987624300, 0.00780419809275700 ) );
#424 = CARTESIAN_POINT( '', ( 0.0462875048597200, 0.00915000006008300, 0.00990768808530300 ) );
#425 = CARTESIAN_POINT( '', ( 0.0468943960673200, 0.00914999990291400, 0.0118107738325200 ) );
#426 = CARTESIAN_POINT( '', ( 0.0476590489173700, 0.00915000113854899, 0.0140249149112600 ) );
#427 = CARTESIAN_POINT( '', ( 0.0483752049582000, 0.00914999385281001, 0.0158362426770400 ) );
#428 = CARTESIAN_POINT( '', ( 0.0489281131088000, 0.00915000115850700, 0.0170760817750900 ) );
#429 = CARTESIAN_POINT( '', ( 0.0489757807799800, 0.00915000413265499, 0.0171819024567900 ) );
#430 = CARTESIAN_POINT( '', ( 0.0431180936967500, 0.00914995996844399, -0.0148122933354400 ) );
#431 = CARTESIAN_POINT( '', ( 0.0432101698877200, 0.00914999524136900, -0.0148020818701100 ) );
#432 = CARTESIAN_POINT( '', ( 0.0434544365566400, 0.00915000397989700, -0.0147690214590500 ) );
#433 = CARTESIAN_POINT( '', ( 0.0438253230919500, 0.00914999844536800, -0.0146915822128600 ) );
#434 = CARTESIAN_POINT( '', ( 0.0442875768736300, 0.00915000148213200, -0.0145434569938000 ) );
#435 = CARTESIAN_POINT( '', ( 0.0447532520146000, 0.00914999434660300, -0.0143079539297700 ) );
#436 = CARTESIAN_POINT( '', ( 0.0451727600833800, 0.00914998847366800, -0.0139641266510000 ) );
#437 = CARTESIAN_POINT( '', ( 0.0455171336636000, 0.00915000179341900, -0.0135170964348900 ) );
#438 = CARTESIAN_POINT( '', ( 0.0458701952685400, 0.00914998916956899, -0.0127691765814200 ) );
#439 = CARTESIAN_POINT( '', ( 0.0461086204881000, 0.00915003666590200, -0.0114876245988400 ) );
#440 = CARTESIAN_POINT( '', ( 0.0460456201957300, 0.00915000137237000, -0.00956732156993600 ) );
#441 = CARTESIAN_POINT( '', ( 0.0457217988357900, 0.00914999210511100, -0.00732655171480200 ) );
#442 = CARTESIAN_POINT( '', ( 0.0452507063757400, 0.00915002065015600, -0.00492686115794300 ) );
#443 = CARTESIAN_POINT( '', ( 0.0447312397467900, 0.00914999538491400, -0.00234030285296400 ) );
#444 = CARTESIAN_POINT( '', ( 0.0443924803707400, 0.00915000095524000, -0.000172260333533000 ) );
#445 = CARTESIAN_POINT( '', ( 0.0442708951986300, 0.00914999920640800, 0.00156339936407300 ) );
#446 = CARTESIAN_POINT( '', ( 0.0442565555141900, 0.00915000091247500, 0.00333724630059800 ) );
#447 = CARTESIAN_POINT( '', ( 0.0444522602698000, 0.00914999893946400, 0.00548357475072100 ) );
#448 = CARTESIAN_POINT( '', ( 0.0449669534981000, 0.00914999987624300, 0.00798652158500700 ) );
#449 = CARTESIAN_POINT( '', ( 0.0455866372917500, 0.00915000006008300, 0.0101218614275300 ) );
#450 = CARTESIAN_POINT( '', ( 0.0461986463537600, 0.00914999990291400, 0.0120410469978700 ) );
#451 = CARTESIAN_POINT( '', ( 0.0469720466079500, 0.00915000113854900, 0.0142806336632300 ) );
#452 = CARTESIAN_POINT( '', ( 0.0476976762584500, 0.00914999385281000, 0.0161161733148300 ) );
#453 = CARTESIAN_POINT( '', ( 0.0482592169143200, 0.00915000115850700, 0.0173753829595300 ) );
#454 = CARTESIAN_POINT( '', ( 0.0483076379798300, 0.00915000413265500, 0.0174828784230900 ) );
#455 = CARTESIAN_POINT( '', ( 0.0430641335884300, 0.00860460814514600, -0.0143258264520500 ) );
#456 = CARTESIAN_POINT( '', ( 0.0431486976662300, 0.00860462669039800, -0.0143164406757500 ) );
#457 = CARTESIAN_POINT( '', ( 0.0433713582472000, 0.00860463128480600, -0.0142862603096300 ) );
#458 = CARTESIAN_POINT( '', ( 0.0437021896479000, 0.00860462837494700, -0.0142169634527900 ) );
#459 = CARTESIAN_POINT( '', ( 0.0441022262633100, 0.00860462997157000, -0.0140883472708300 ) );
#460 = CARTESIAN_POINT( '', ( 0.0444870098798800, 0.00860462621996201, -0.0138924063847400 ) );
#461 = CARTESIAN_POINT( '', ( 0.0448178901493600, 0.00860462313218100, -0.0136204096174500 ) );
#462 = CARTESIAN_POINT( '', ( 0.0450930532142900, 0.00860463013523300, -0.0132647146782000 ) );
#463 = CARTESIAN_POINT( '', ( 0.0453925412884500, 0.00860462349806100, -0.0126363956761700 ) );
#464 = CARTESIAN_POINT( '', ( 0.0456164034420600, 0.00860464846994700, -0.0114680412453500 ) );
#465 = CARTESIAN_POINT( '', ( 0.0455580426469500, 0.00860462991386100, -0.00961788780248300 ) );
#466 = CARTESIAN_POINT( '', ( 0.0452399178341500, 0.00860462504146500, -0.00741333858652899 ) );
#467 = CARTESIAN_POINT( '', ( 0.0447713257736000, 0.00860464004943600, -0.00502554936585500 ) );
#468 = CARTESIAN_POINT( '', ( 0.0442501517631400, 0.00860462676586900, -0.00243100944691200 ) );
#469 = CARTESIAN_POINT( '', ( 0.0439060573069100, 0.00860462969454900, -0.000232099830900300 ) );
#470 = CARTESIAN_POINT( '', ( 0.0437814615707400, 0.00860462877507499, 0.00154447832153200 ) );
#471 = CARTESIAN_POINT( '', ( 0.0437668219074300, 0.00860462967206400, 0.00335967787888800 ) );
#472 = CARTESIAN_POINT( '', ( 0.0439672282192800, 0.00860462863472500, 0.00555701381342400 ) );
#473 = CARTESIAN_POINT( '', ( 0.0444923880080100, 0.00860462912725000, 0.00810830047855700 ) );
#474 = CARTESIAN_POINT( '', ( 0.0451185084955200, 0.00860462922390700, 0.0102649137151000 ) );
#475 = CARTESIAN_POINT( '', ( 0.0457339359137600, 0.00860462914127300, 0.0121948528017400 ) );
#476 = CARTESIAN_POINT( '', ( 0.0465131788006600, 0.00860462979092600, 0.0144514352768400 ) );
#477 = CARTESIAN_POINT( '', ( 0.0472451361365700, 0.00860462596034300, 0.0163031467153500 ) );
#478 = CARTESIAN_POINT( '', ( 0.0478124426810200, 0.00860462980141899, 0.0175752944828900 ) );
#479 = CARTESIAN_POINT( '', ( 0.0478613669594000, 0.00860463136512100, 0.0176839085794800 ) );
#480 = CARTESIAN_POINT( '', ( 0.0430728380572100, 0.00787609707050201, -0.0144042999009200 ) );
#481 = CARTESIAN_POINT( '', ( 0.0431586139367800, 0.00787609327000500, -0.0143947809302200 ) );
#482 = CARTESIAN_POINT( '', ( 0.0433847598613500, 0.00787609232846900, -0.0143641359753200 ) );
#483 = CARTESIAN_POINT( '', ( 0.0437220526773400, 0.00787609292478900, -0.0142935256449500 ) );
#484 = CARTESIAN_POINT( '', ( 0.0441321257326000, 0.00787609259759100, -0.0141617624010200 ) );
#485 = CARTESIAN_POINT( '', ( 0.0445299582064000, 0.00787609336641200, -0.0139594396199800 ) );
#486 = CARTESIAN_POINT( '', ( 0.0448751352950700, 0.00787609399919400, -0.0136758556549500 ) );
#487 = CARTESIAN_POINT( '', ( 0.0451614629182100, 0.00787609256405200, -0.0133054271450900 ) );
#488 = CARTESIAN_POINT( '', ( 0.0454695931011600, 0.00787609392421400, -0.0126578149668400 ) );
#489 = CARTESIAN_POINT( '', ( 0.0456958044671200, 0.00787608880670100, -0.0114712002955100 ) );
#490 = CARTESIAN_POINT( '', ( 0.0456366952606300, 0.00787609260941800, -0.00960973081009600 ) );
#491 = CARTESIAN_POINT( '', ( 0.0453176515205200, 0.00787609360792300, -0.00739933873294400 ) );
#492 = CARTESIAN_POINT( '', ( 0.0448486561129400, 0.00787609053232500, -0.00500962967162200 ) );
#493 = CARTESIAN_POINT( '', ( 0.0443277575253800, 0.00787609325453899, -0.00241637729104300 ) );
#494 = CARTESIAN_POINT( '', ( 0.0439845236871100, 0.00787609265436200, -0.000222446940030300 ) );
#495 = CARTESIAN_POINT( '', ( 0.0438604135941700, 0.00787609284279000, 0.00154753053230900 ) );
#496 = CARTESIAN_POINT( '', ( 0.0438458223213600, 0.00787609265897000, 0.00335605937293800 ) );
#497 = CARTESIAN_POINT( '', ( 0.0440454702109100, 0.00787609287155200, 0.00554516713541000 ) );
#498 = CARTESIAN_POINT( '', ( 0.0445689416070200, 0.00787609277061900, 0.00808865595576800 ) );
#499 = CARTESIAN_POINT( '', ( 0.0451940237719100, 0.00787609275081100, 0.0102418375165800 ) );
#500 = CARTESIAN_POINT( '', ( 0.0458088997647400, 0.00787609276774500, 0.0121700419208800 ) );
#501 = CARTESIAN_POINT( '', ( 0.0465872001588400, 0.00787609263461100, 0.0144238827503500 ) );
#502 = CARTESIAN_POINT( '', ( 0.0473181367566100, 0.00787609341961600, 0.0162729854688500 ) );
#503 = CARTESIAN_POINT( '', ( 0.0478845131880900, 0.00787609263246100, 0.0175430461485400 ) );
#504 = CARTESIAN_POINT( '', ( 0.0479333562916700, 0.00787609231201000, 0.0176514797950400 ) );
#510 = SURFACE_SIDE_STYLE( '', ( #935 ) );
#511 = EDGE_LOOP( '', ( #936, #937, #938 ) );
#512 = AXIS2_PLACEMENT_3D( '', #939, #940, #941 );
#513 = SURFACE_SIDE_STYLE( '', ( #942 ) );
#514 = EDGE_LOOP( '', ( #943, #944, #945, #946 ) );
#515 = AXIS2_PLACEMENT_3D( '', #947, #948, #949 );
#516 = SURFACE_SIDE_STYLE( '', ( #950 ) );
#517 = EDGE_LOOP( '', ( #951, #952, #953, #954 ) );
#518 = AXIS2_PLACEMENT_3D( '', #955, #956, #957 );
#519 = SURFACE_SIDE_STYLE( '', ( #958 ) );
#520 = EDGE_LOOP( '', ( #959, #960, #961, #962, #963 ) );
#523 = CARTESIAN_POINT( '', ( 0.0430728380572100, 0.00812390292949800, -0.0144042999009200 ) );
#524 = CARTESIAN_POINT( '', ( 0.0431586139367800, 0.00812390672999501, -0.0143947809302200 ) );
#525 = CARTESIAN_POINT( '', ( 0.0433847598613500, 0.00812390767153100, -0.0143641359753200 ) );
#526 = CARTESIAN_POINT( '', ( 0.0437220526773400, 0.00812390707521100, -0.0142935256449500 ) );
#527 = CARTESIAN_POINT( '', ( 0.0441321257326000, 0.00812390740240900, -0.0141617624010200 ) );
#528 = CARTESIAN_POINT( '', ( 0.0445299582064000, 0.00812390663358799, -0.0139594396199800 ) );
#529 = CARTESIAN_POINT( '', ( 0.0448751352950700, 0.00812390600080600, -0.0136758556549500 ) );
#530 = CARTESIAN_POINT( '', ( 0.0451614629182100, 0.00812390743594800, -0.0133054271450900 ) );
#531 = CARTESIAN_POINT( '', ( 0.0454695931011600, 0.00812390607578600, -0.0126578149668400 ) );
#532 = CARTESIAN_POINT( '', ( 0.0456958044671200, 0.00812391119329900, -0.0114712002955100 ) );
#533 = CARTESIAN_POINT( '', ( 0.0456366952606300, 0.00812390739058200, -0.00960973081009600 ) );
#534 = CARTESIAN_POINT( '', ( 0.0453176515205200, 0.00812390639207700, -0.00739933873294400 ) );
#535 = CARTESIAN_POINT( '', ( 0.0448486561129400, 0.00812390946767500, -0.00500962967162200 ) );
#536 = CARTESIAN_POINT( '', ( 0.0443277575253800, 0.00812390674546100, -0.00241637729104300 ) );
#537 = CARTESIAN_POINT( '', ( 0.0439845236871100, 0.00812390734563800, -0.000222446940030300 ) );
#538 = CARTESIAN_POINT( '', ( 0.0438604135941700, 0.00812390715721000, 0.00154753053230900 ) );
#539 = CARTESIAN_POINT( '', ( 0.0438458223213600, 0.00812390734103000, 0.00335605937293800 ) );
#540 = CARTESIAN_POINT( '', ( 0.0440454702109100, 0.00812390712844800, 0.00554516713541000 ) );
#541 = CARTESIAN_POINT( '', ( 0.0445689416070200, 0.00812390722938100, 0.00808865595576800 ) );
#542 = CARTESIAN_POINT( '', ( 0.0451940237719100, 0.00812390724918900, 0.0102418375165800 ) );
#543 = CARTESIAN_POINT( '', ( 0.0458088997647400, 0.00812390723225500, 0.0121700419208800 ) );
#544 = CARTESIAN_POINT( '', ( 0.0465872001588400, 0.00812390736538900, 0.0144238827503500 ) );
#545 = CARTESIAN_POINT( '', ( 0.0473181367566100, 0.00812390658038400, 0.0162729854688500 ) );
#546 = CARTESIAN_POINT( '', ( 0.0478845131880900, 0.00812390736753900, 0.0175430461485400 ) );
#547 = CARTESIAN_POINT( '', ( 0.0479333562916700, 0.00812390768799000, 0.0176514797950400 ) );
#548 = CARTESIAN_POINT( '', ( 0.0430641335884300, 0.00739539185485400, -0.0143258264520500 ) );
#549 = CARTESIAN_POINT( '', ( 0.0431486976662300, 0.00739537330960200, -0.0143164406757500 ) );
#550 = CARTESIAN_POINT( '', ( 0.0433713582472000, 0.00739536871519400, -0.0142862603096300 ) );
#551 = CARTESIAN_POINT( '', ( 0.0437021896479000, 0.00739537162505300, -0.0142169634527900 ) );
#552 = CARTESIAN_POINT( '', ( 0.0441022262633100, 0.00739537002843000, -0.0140883472708300 ) );
#553 = CARTESIAN_POINT( '', ( 0.0444870098798800, 0.00739537378003800, -0.0138924063847400 ) );
#554 = CARTESIAN_POINT( '', ( 0.0448178901493600, 0.00739537686781900, -0.0136204096174500 ) );
#555 = CARTESIAN_POINT( '', ( 0.0450930532142900, 0.00739536986476700, -0.0132647146782000 ) );
#556 = CARTESIAN_POINT( '', ( 0.0453925412884500, 0.00739537650193900, -0.0126363956761700 ) );
#557 = CARTESIAN_POINT( '', ( 0.0456164034420600, 0.00739535153005300, -0.0114680412453500 ) );
#558 = CARTESIAN_POINT( '', ( 0.0455580426469500, 0.00739537008613900, -0.00961788780248300 ) );
#559 = CARTESIAN_POINT( '', ( 0.0452399178341500, 0.00739537495853500, -0.00741333858652899 ) );
#560 = CARTESIAN_POINT( '', ( 0.0447713257736000, 0.00739535995056400, -0.00502554936585500 ) );
#561 = CARTESIAN_POINT( '', ( 0.0442501517631400, 0.00739537323413100, -0.00243100944691200 ) );
#562 = CARTESIAN_POINT( '', ( 0.0439060573069100, 0.00739537030545100, -0.000232099830900300 ) );
#563 = CARTESIAN_POINT( '', ( 0.0437814615707400, 0.00739537122492500, 0.00154447832153200 ) );
#564 = CARTESIAN_POINT( '', ( 0.0437668219074300, 0.00739537032793600, 0.00335967787888800 ) );
#565 = CARTESIAN_POINT( '', ( 0.0439672282192800, 0.00739537136527500, 0.00555701381342400 ) );
#566 = CARTESIAN_POINT( '', ( 0.0444923880080100, 0.00739537087275000, 0.00810830047855700 ) );
#567 = CARTESIAN_POINT( '', ( 0.0451185084955200, 0.00739537077609300, 0.0102649137151000 ) );
#568 = CARTESIAN_POINT( '', ( 0.0457339359137600, 0.00739537085872700, 0.0121948528017400 ) );
#569 = CARTESIAN_POINT( '', ( 0.0465131788006600, 0.00739537020907400, 0.0144514352768400 ) );
#570 = CARTESIAN_POINT( '', ( 0.0472451361365700, 0.00739537403965700, 0.0163031467153500 ) );
#571 = CARTESIAN_POINT( '', ( 0.0478124426810200, 0.00739537019858100, 0.0175752944828900 ) );
#572 = CARTESIAN_POINT( '', ( 0.0478613669594000, 0.00739536863487900, 0.0176839085794800 ) );
#573 = CARTESIAN_POINT( '', ( 0.0431180936967500, 0.00685004003155600, -0.0148122933354400 ) );
#574 = CARTESIAN_POINT( '', ( 0.0432101698877200, 0.00685000475863100, -0.0148020818701100 ) );
#575 = CARTESIAN_POINT( '', ( 0.0434544365566400, 0.00684999602010300, -0.0147690214590500 ) );
#576 = CARTESIAN_POINT( '', ( 0.0438253230919500, 0.00685000155463200, -0.0146915822128600 ) );
#577 = CARTESIAN_POINT( '', ( 0.0442875768736300, 0.00684999851786800, -0.0145434569938000 ) );
#578 = CARTESIAN_POINT( '', ( 0.0447532520146000, 0.00685000565339700, -0.0143079539297700 ) );
#579 = CARTESIAN_POINT( '', ( 0.0451727600833800, 0.00685001152633200, -0.0139641266510000 ) );
#580 = CARTESIAN_POINT( '', ( 0.0455171336636000, 0.00684999820658100, -0.0135170964348900 ) );
#581 = CARTESIAN_POINT( '', ( 0.0458701952685400, 0.00685001083043100, -0.0127691765814200 ) );
#582 = CARTESIAN_POINT( '', ( 0.0461086204881000, 0.00684996333409800, -0.0114876245988400 ) );
#583 = CARTESIAN_POINT( '', ( 0.0460456201957300, 0.00684999862763000, -0.00956732156993600 ) );
#584 = CARTESIAN_POINT( '', ( 0.0457217988357900, 0.00685000789488900, -0.00732655171480200 ) );
#585 = CARTESIAN_POINT( '', ( 0.0452507063757400, 0.00684997934984400, -0.00492686115794300 ) );
#586 = CARTESIAN_POINT( '', ( 0.0447312397467900, 0.00685000461508600, -0.00234030285296400 ) );
#587 = CARTESIAN_POINT( '', ( 0.0443924803707400, 0.00684999904476000, -0.000172260333533000 ) );
#588 = CARTESIAN_POINT( '', ( 0.0442708951986300, 0.00685000079359200, 0.00156339936407300 ) );
#589 = CARTESIAN_POINT( '', ( 0.0442565555141900, 0.00684999908752500, 0.00333724630059800 ) );
#590 = CARTESIAN_POINT( '', ( 0.0444522602698000, 0.00685000106053600, 0.00548357475072100 ) );
#591 = CARTESIAN_POINT( '', ( 0.0449669534981000, 0.00685000012375700, 0.00798652158500700 ) );
#592 = CARTESIAN_POINT( '', ( 0.0455866372917500, 0.00684999993991700, 0.0101218614275300 ) );
#593 = CARTESIAN_POINT( '', ( 0.0461986463537600, 0.00685000009708599, 0.0120410469978700 ) );
#594 = CARTESIAN_POINT( '', ( 0.0469720466079500, 0.00684999886145100, 0.0142806336632300 ) );
#595 = CARTESIAN_POINT( '', ( 0.0476976762584500, 0.00685000614719000, 0.0161161733148300 ) );
#596 = CARTESIAN_POINT( '', ( 0.0482592169143200, 0.00684999884149300, 0.0173753829595300 ) );
#597 = CARTESIAN_POINT( '', ( 0.0483076379798300, 0.00684999586734500, 0.0174828784230900 ) );
#598 = CARTESIAN_POINT( '', ( 0.0431988810574000, 0.00685004003155600, -0.0155406161051700 ) );
#599 = CARTESIAN_POINT( '', ( 0.0433022041456400, 0.00685000475863100, -0.0155291684444400 ) );
#600 = CARTESIAN_POINT( '', ( 0.0435788187633300, 0.00684999602010300, -0.0154917961215400 ) );
#601 = CARTESIAN_POINT( '', ( 0.0440096745742000, 0.00685000155463200, -0.0154021663486100 ) );
#602 = CARTESIAN_POINT( '', ( 0.0445650779214600, 0.00684999851786800, -0.0152248328187100 ) );
#603 = CARTESIAN_POINT( '', ( 0.0451518612839900, 0.00685000565339700, -0.0149300985181800 ) );
#604 = CARTESIAN_POINT( '', ( 0.0457040600794600, 0.00685001152633200, -0.0144787288786600 ) );
#605 = CARTESIAN_POINT( '', ( 0.0461520534453500, 0.00684999820658100, -0.0138949543864600 ) );
#606 = CARTESIAN_POINT( '', ( 0.0465853236393000, 0.00685001083043100, -0.0129679719362200 ) );
#607 = CARTESIAN_POINT( '', ( 0.0468455522187400, 0.00684996333409800, -0.0115169441738100 ) );
#608 = CARTESIAN_POINT( '', ( 0.0467756058184200, 0.00684999862763000, -0.00949161541233200 ) );
#609 = CARTESIAN_POINT( '', ( 0.0464432557690000, 0.00685000789488900, -0.00719661716642700 ) );
#610 = CARTESIAN_POINT( '', ( 0.0459684197902200, 0.00684997934984400, -0.00477910830696900 ) );
#611 = CARTESIAN_POINT( '', ( 0.0454515093986300, 0.00685000461508600, -0.00220449982095400 ) );
#612 = CARTESIAN_POINT( '', ( 0.0451207375352100, 0.00684999904476000, -8.26705383183800E-05 ) );
#613 = CARTESIAN_POINT( '', ( 0.0450036596840200, 0.00685000079359200, 0.00159172734811600 ) );
#614 = CARTESIAN_POINT( '', ( 0.0449897691184000, 0.00684999908752500, 0.00330366245391400 ) );
#615 = CARTESIAN_POINT( '', ( 0.0451784348533100, 0.00685000106053600, 0.00537362411814800 ) );
#616 = CARTESIAN_POINT( '', ( 0.0456774578797200, 0.00685000012375700, 0.00780419809275700 ) );
#617 = CARTESIAN_POINT( '', ( 0.0462875048597200, 0.00684999993991700, 0.00990768808530300 ) );
#618 = CARTESIAN_POINT( '', ( 0.0468943960673200, 0.00685000009708600, 0.0118107738325200 ) );
#619 = CARTESIAN_POINT( '', ( 0.0476590489173700, 0.00684999886145100, 0.0140249149112600 ) );
#620 = CARTESIAN_POINT( '', ( 0.0483752049582000, 0.00685000614719000, 0.0158362426770400 ) );
#621 = CARTESIAN_POINT( '', ( 0.0489281131088000, 0.00684999884149300, 0.0170760817750900 ) );
#622 = CARTESIAN_POINT( '', ( 0.0489757807799800, 0.00684999586734500, 0.0171819024567900 ) );
#623 = CARTESIAN_POINT( '', ( 0.0432796684180500, 0.00685004003155600, -0.0162689388749000 ) );
#624 = CARTESIAN_POINT( '', ( 0.0433942384035700, 0.00685000475863100, -0.0162562550187700 ) );
#625 = CARTESIAN_POINT( '', ( 0.0437032009700100, 0.00684999602010300, -0.0162145707840300 ) );
#626 = CARTESIAN_POINT( '', ( 0.0441940260564500, 0.00685000155463200, -0.0161127504843500 ) );
#627 = CARTESIAN_POINT( '', ( 0.0448425789692900, 0.00684999851786800, -0.0159062086436200 ) );
#628 = CARTESIAN_POINT( '', ( 0.0455504705533800, 0.00685000565339700, -0.0155522431065900 ) );
#629 = CARTESIAN_POINT( '', ( 0.0462353600755400, 0.00685001152633200, -0.0149933311063300 ) );
#630 = CARTESIAN_POINT( '', ( 0.0467869732270900, 0.00684999820658100, -0.0142728123380300 ) );
#631 = CARTESIAN_POINT( '', ( 0.0473004520100600, 0.00685001083043100, -0.0131667672910100 ) );
#632 = CARTESIAN_POINT( '', ( 0.0475824839493900, 0.00684996333409800, -0.0115462637487900 ) );
#633 = CARTESIAN_POINT( '', ( 0.0475055914411100, 0.00684999862763000, -0.00941590925472799 ) );
#634 = CARTESIAN_POINT( '', ( 0.0471647127022000, 0.00685000789488900, -0.00706668261805200 ) );
#635 = CARTESIAN_POINT( '', ( 0.0466861332046900, 0.00684997934984400, -0.00463135545599400 ) );
#636 = CARTESIAN_POINT( '', ( 0.0461717790504700, 0.00685000461508600, -0.00206869678894400 ) );
#637 = CARTESIAN_POINT( '', ( 0.0458489946996900, 0.00684999904476000, 6.91925689626400E-06 ) );
#638 = CARTESIAN_POINT( '', ( 0.0457364241694000, 0.00685000079359200, 0.00162005533215900 ) );
#639 = CARTESIAN_POINT( '', ( 0.0457229827226100, 0.00684999908752500, 0.00327007860722900 ) );
#640 = CARTESIAN_POINT( '', ( 0.0459046094368300, 0.00685000106053600, 0.00526367348557400 ) );
#641 = CARTESIAN_POINT( '', ( 0.0463879622613300, 0.00685000012375700, 0.00762187460050600 ) );
#642 = CARTESIAN_POINT( '', ( 0.0469883724276900, 0.00684999993991700, 0.00969351474307600 ) );
#643 = CARTESIAN_POINT( '', ( 0.0475901457808800, 0.00685000009708599, 0.0115805006671600 ) );
#644 = CARTESIAN_POINT( '', ( 0.0483460512267800, 0.00684999886145100, 0.0137691961592800 ) );
#645 = CARTESIAN_POINT( '', ( 0.0490527336579500, 0.00685000614719000, 0.0155563120392500 ) );
#646 = CARTESIAN_POINT( '', ( 0.0495970093032699, 0.00684999884149300, 0.0167767805906400 ) );
#647 = CARTESIAN_POINT( '', ( 0.0496439235801300, 0.00684999586734500, 0.0168809264904900 ) );
#648 = CARTESIAN_POINT( '', ( 0.0433336285263800, 0.00739539185485400, -0.0167554057582900 ) );
#649 = CARTESIAN_POINT( '', ( 0.0434557106250600, 0.00739537330960200, -0.0167418962131200 ) );
#650 = CARTESIAN_POINT( '', ( 0.0437862792794500, 0.00739536871519400, -0.0166973319334500 ) );
#651 = CARTESIAN_POINT( '', ( 0.0443171595005100, 0.00739537162505300, -0.0165873692444200 ) );
#652 = CARTESIAN_POINT( '', ( 0.0450279295796000, 0.00739537002843000, -0.0163613183665800 ) );
#653 = CARTESIAN_POINT( '', ( 0.0458167126880900, 0.00739537378003800, -0.0159677906516100 ) );
#654 = CARTESIAN_POINT( '', ( 0.0465902300095500, 0.00739537686781900, -0.0153370481398800 ) );
#655 = CARTESIAN_POINT( '', ( 0.0472110536764000, 0.00739536986476700, -0.0145251940947200 ) );
#656 = CARTESIAN_POINT( '', ( 0.0477781059901500, 0.00739537650193900, -0.0132995481962700 ) );
#657 = CARTESIAN_POINT( '', ( 0.0480747009954300, 0.00739535153005300, -0.0115658471022800 ) );
#658 = CARTESIAN_POINT( '', ( 0.0479931689899000, 0.00739537008613900, -0.00936534302218099 ) );
#659 = CARTESIAN_POINT( '', ( 0.0476465937038500, 0.00739537495853500, -0.00697989574632499 ) );
#660 = CARTESIAN_POINT( '', ( 0.0471655138068400, 0.00739535995056400, -0.00453266724808200 ) );
#661 = CARTESIAN_POINT( '', ( 0.0466528670341200, 0.00739537323413100, -0.00197799019499700 ) );
#662 = CARTESIAN_POINT( '', ( 0.0463354177635200, 0.00739537030545100, 6.67587542635100E-05 ) );
#663 = CARTESIAN_POINT( '', ( 0.0462258577973000, 0.00739537122492500, 0.00163897637470100 ) );
#664 = CARTESIAN_POINT( '', ( 0.0462127163293600, 0.00739537032793600, 0.00324764702893900 ) );
#665 = CARTESIAN_POINT( '', ( 0.0463896414873400, 0.00739537136527500, 0.00519023442287100 ) );
#666 = CARTESIAN_POINT( '', ( 0.0468625277514200, 0.00739537087275000, 0.00750009570695700 ) );
#667 = CARTESIAN_POINT( '', ( 0.0474565012239200, 0.00739537077609300, 0.00955046245550600 ) );
#668 = CARTESIAN_POINT( '', ( 0.0480548562208800, 0.00739537085872700, 0.0114266948632900 ) );
#669 = CARTESIAN_POINT( '', ( 0.0488049190340700, 0.00739537020907400, 0.0135983945456700 ) );
#670 = CARTESIAN_POINT( '', ( 0.0495052737798200, 0.00739537403965700, 0.0153693386387300 ) );
#671 = CARTESIAN_POINT( '', ( 0.0500437835365700, 0.00739537019858100, 0.0165768690672800 ) );
#672 = CARTESIAN_POINT( '', ( 0.0500901946005500, 0.00739536863487900, 0.0166798963341000 ) );
#673 = CARTESIAN_POINT( '', ( 0.0433249240575900, 0.00812390292949800, -0.0166769323094200 ) );
#674 = CARTESIAN_POINT( '', ( 0.0434457943545100, 0.00812390672999501, -0.0166635559586500 ) );
#675 = CARTESIAN_POINT( '', ( 0.0437728776653000, 0.00812390767153100, -0.0166194562677600 ) );
#676 = CARTESIAN_POINT( '', ( 0.0442972964710700, 0.00812390707521100, -0.0165108070522700 ) );
#677 = CARTESIAN_POINT( '', ( 0.0449980301103100, 0.00812390740240900, -0.0162879032363900 ) );
#678 = CARTESIAN_POINT( '', ( 0.0457737643615800, 0.00812390663358799, -0.0159007574163800 ) );
#679 = CARTESIAN_POINT( '', ( 0.0465329848638400, 0.00812390600080600, -0.0152816021023800 ) );
#680 = CARTESIAN_POINT( '', ( 0.0471426439724900, 0.00812390743594800, -0.0144844816278300 ) );
#681 = CARTESIAN_POINT( '', ( 0.0477010541774500, 0.00812390607578600, -0.0132781289055900 ) );
#682 = CARTESIAN_POINT( '', ( 0.0479952999703700, 0.00812391119329900, -0.0115626880521100 ) );
#683 = CARTESIAN_POINT( '', ( 0.0479145163762200, 0.00812390739058200, -0.00937350001456799 ) );
#684 = CARTESIAN_POINT( '', ( 0.0475688600174700, 0.00812390639207700, -0.00699389559991000 ) );
#685 = CARTESIAN_POINT( '', ( 0.0470881834674900, 0.00812390946767500, -0.00454858694231500 ) );
#686 = CARTESIAN_POINT( '', ( 0.0465752612718800, 0.00812390674546100, -0.00199262235086500 ) );
#687 = CARTESIAN_POINT( '', ( 0.0462569513833100, 0.00812390734563800, 5.71058633935100E-05 ) );
#688 = CARTESIAN_POINT( '', ( 0.0461469057738700, 0.00812390715721000, 0.00163592416392300 ) );
#689 = CARTESIAN_POINT( '', ( 0.0461337159154300, 0.00812390734103000, 0.00325126553488900 ) );
#690 = CARTESIAN_POINT( '', ( 0.0463113994957100, 0.00812390712844800, 0.00520208110088500 ) );
#691 = CARTESIAN_POINT( '', ( 0.0467859741524100, 0.00812390722938100, 0.00751974022974500 ) );
#692 = CARTESIAN_POINT( '', ( 0.0473809859475300, 0.00812390724918900, 0.00957353865402700 ) );
#693 = CARTESIAN_POINT( '', ( 0.0479798923698900, 0.00812390723225500, 0.0114515057441500 ) );
#694 = CARTESIAN_POINT( '', ( 0.0487308976759000, 0.00812390736538900, 0.0136259470721600 ) );
#695 = CARTESIAN_POINT( '', ( 0.0494322731597800, 0.00812390658038400, 0.0153994998852400 ) );
#696 = CARTESIAN_POINT( '', ( 0.0499717130295100, 0.00812390736753900, 0.0166091174016400 ) );
#697 = CARTESIAN_POINT( '', ( 0.0500182052682900, 0.00812390768799000, 0.0167123251185400 ) );
#703 = SURFACE_SIDE_STYLE( '', ( #964 ) );
#704 = EDGE_LOOP( '', ( #965, #966, #967, #968 ) );
#705 = AXIS2_PLACEMENT_3D( '', #969, #970, #971 );
#706 = SURFACE_SIDE_STYLE( '', ( #972 ) );
#707 = EDGE_LOOP( '', ( #973, #974, #975, #976 ) );
#708 = AXIS2_PLACEMENT_3D( '', #977, #978, #979 );
#709 = SURFACE_SIDE_STYLE( '', ( #980 ) );
#710 = EDGE_LOOP( '', ( #981, #982, #983, #984, #985 ) );
#713 = CARTESIAN_POINT( '', ( 0.0430728380572100, -0.00787609707050201, -0.0144042999009200 ) );
#714 = CARTESIAN_POINT( '', ( 0.0431586139367800, -0.00787609327000500, -0.0143947809302200 ) );
#715 = CARTESIAN_POINT( '', ( 0.0433847598613500, -0.00787609232846900, -0.0143641359753200 ) );
#716 = CARTESIAN_POINT( '', ( 0.0437220526773400, -0.00787609292478900, -0.0142935256449500 ) );
#717 = CARTESIAN_POINT( '', ( 0.0441321257326000, -0.00787609259759100, -0.0141617624010200 ) );
#718 = CARTESIAN_POINT( '', ( 0.0445299582064000, -0.00787609336641200, -0.0139594396199800 ) );
#719 = CARTESIAN_POINT( '', ( 0.0448751352950700, -0.00787609399919400, -0.0136758556549500 ) );
#720 = CARTESIAN_POINT( '', ( 0.0451614629182100, -0.00787609256405200, -0.0133054271450900 ) );
#721 = CARTESIAN_POINT( '', ( 0.0454695931011600, -0.00787609392421400, -0.0126578149668400 ) );
#722 = CARTESIAN_POINT( '', ( 0.0456958044671200, -0.00787608880670100, -0.0114712002955100 ) );
#723 = CARTESIAN_POINT( '', ( 0.0456366952606300, -0.00787609260941800, -0.00960973081009600 ) );
#724 = CARTESIAN_POINT( '', ( 0.0453176515205200, -0.00787609360792300, -0.00739933873294400 ) );
#725 = CARTESIAN_POINT( '', ( 0.0448486561129400, -0.00787609053232500, -0.00500962967162200 ) );
#726 = CARTESIAN_POINT( '', ( 0.0443277575253800, -0.00787609325453899, -0.00241637729104300 ) );
#727 = CARTESIAN_POINT( '', ( 0.0439845236871100, -0.00787609265436200, -0.000222446940030300 ) );
#728 = CARTESIAN_POINT( '', ( 0.0438604135941700, -0.00787609284279000, 0.00154753053230900 ) );
#729 = CARTESIAN_POINT( '', ( 0.0438458223213600, -0.00787609265897000, 0.00335605937293800 ) );
#730 = CARTESIAN_POINT( '', ( 0.0440454702109100, -0.00787609287155200, 0.00554516713541000 ) );
#731 = CARTESIAN_POINT( '', ( 0.0445689416070200, -0.00787609277061900, 0.00808865595576800 ) );
#732 = CARTESIAN_POINT( '', ( 0.0451940237719100, -0.00787609275081100, 0.0102418375165800 ) );
#733 = CARTESIAN_POINT( '', ( 0.0458088997647400, -0.00787609276774500, 0.0121700419208800 ) );
#734 = CARTESIAN_POINT( '', ( 0.0465872001588400, -0.00787609263461100, 0.0144238827503500 ) );
#735 = CARTESIAN_POINT( '', ( 0.0473181367566100, -0.00787609341961600, 0.0162729854688500 ) );
#736 = CARTESIAN_POINT( '', ( 0.0478845131880900, -0.00787609263246100, 0.0175430461485400 ) );
#737 = CARTESIAN_POINT( '', ( 0.0479333562916700, -0.00787609231201000, 0.0176514797950400 ) );
#738 = CARTESIAN_POINT( '', ( 0.0430641335884300, -0.00860460814514600, -0.0143258264520500 ) );
#739 = CARTESIAN_POINT( '', ( 0.0431486976662300, -0.00860462669039800, -0.0143164406757500 ) );
#740 = CARTESIAN_POINT( '', ( 0.0433713582472000, -0.00860463128480600, -0.0142862603096300 ) );
#741 = CARTESIAN_POINT( '', ( 0.0437021896479000, -0.00860462837494700, -0.0142169634527900 ) );
#742 = CARTESIAN_POINT( '', ( 0.0441022262633100, -0.00860462997157000, -0.0140883472708300 ) );
#743 = CARTESIAN_POINT( '', ( 0.0444870098798800, -0.00860462621996201, -0.0138924063847400 ) );
#744 = CARTESIAN_POINT( '', ( 0.0448178901493600, -0.00860462313218100, -0.0136204096174500 ) );
#745 = CARTESIAN_POINT( '', ( 0.0450930532142900, -0.00860463013523300, -0.0132647146782000 ) );
#746 = CARTESIAN_POINT( '', ( 0.0453925412884500, -0.00860462349806100, -0.0126363956761700 ) );
#747 = CARTESIAN_POINT( '', ( 0.0456164034420600, -0.00860464846994700, -0.0114680412453500 ) );
#748 = CARTESIAN_POINT( '', ( 0.0455580426469500, -0.00860462991386100, -0.00961788780248300 ) );
#749 = CARTESIAN_POINT( '', ( 0.0452399178341500, -0.00860462504146500, -0.00741333858652899 ) );
#750 = CARTESIAN_POINT( '', ( 0.0447713257736000, -0.00860464004943600, -0.00502554936585500 ) );
#751 = CARTESIAN_POINT( '', ( 0.0442501517631400, -0.00860462676586900, -0.00243100944691200 ) );
#752 = CARTESIAN_POINT( '', ( 0.0439060573069100, -0.00860462969454900, -0.000232099830900300 ) );
#753 = CARTESIAN_POINT( '', ( 0.0437814615707400, -0.00860462877507499, 0.00154447832153200 ) );
#754 = CARTESIAN_POINT( '', ( 0.0437668219074300, -0.00860462967206400, 0.00335967787888800 ) );
#755 = CARTESIAN_POINT( '', ( 0.0439672282192800, -0.00860462863472500, 0.00555701381342400 ) );
#756 = CARTESIAN_POINT( '', ( 0.0444923880080100, -0.00860462912725000, 0.00810830047855700 ) );
#757 = CARTESIAN_POINT( '', ( 0.0451185084955200, -0.00860462922390700, 0.0102649137151000 ) );
#758 = CARTESIAN_POINT( '', ( 0.0457339359137600, -0.00860462914127300, 0.0121948528017400 ) );
#759 = CARTESIAN_POINT( '', ( 0.0465131788006600, -0.00860462979092600, 0.0144514352768400 ) );
#760 = CARTESIAN_POINT( '', ( 0.0472451361365700, -0.00860462596034300, 0.0163031467153500 ) );
#761 = CARTESIAN_POINT( '', ( 0.0478124426810200, -0.00860462980141899, 0.0175752944828900 ) );
#762 = CARTESIAN_POINT( '', ( 0.0478613669594000, -0.00860463136512100, 0.0176839085794800 ) );
#763 = CARTESIAN_POINT( '', ( 0.0431180936967500, -0.00914995996844399, -0.0148122933354400 ) );
#764 = CARTESIAN_POINT( '', ( 0.0432101698877200, -0.00914999524136900, -0.0148020818701100 ) );
#765 = CARTESIAN_POINT( '', ( 0.0434544365566400, -0.00915000397989700, -0.0147690214590500 ) );
#766 = CARTESIAN_POINT( '', ( 0.0438253230919500, -0.00914999844536800, -0.0146915822128600 ) );
#767 = CARTESIAN_POINT( '', ( 0.0442875768736300, -0.00915000148213200, -0.0145434569938000 ) );
#768 = CARTESIAN_POINT( '', ( 0.0447532520146000, -0.00914999434660300, -0.0143079539297700 ) );
#769 = CARTESIAN_POINT( '', ( 0.0451727600833800, -0.00914998847366800, -0.0139641266510000 ) );
#770 = CARTESIAN_POINT( '', ( 0.0455171336636000, -0.00915000179341900, -0.0135170964348900 ) );
#771 = CARTESIAN_POINT( '', ( 0.0458701952685400, -0.00914998916956899, -0.0127691765814200 ) );
#772 = CARTESIAN_POINT( '', ( 0.0461086204881000, -0.00915003666590200, -0.0114876245988400 ) );
#773 = CARTESIAN_POINT( '', ( 0.0460456201957300, -0.00915000137237000, -0.00956732156993600 ) );
#774 = CARTESIAN_POINT( '', ( 0.0457217988357900, -0.00914999210511100, -0.00732655171480200 ) );
#775 = CARTESIAN_POINT( '', ( 0.0452507063757400, -0.00915002065015600, -0.00492686115794300 ) );
#776 = CARTESIAN_POINT( '', ( 0.0447312397467900, -0.00914999538491400, -0.00234030285296400 ) );
#777 = CARTESIAN_POINT( '', ( 0.0443924803707400, -0.00915000095524000, -0.000172260333533000 ) );
#778 = CARTESIAN_POINT( '', ( 0.0442708951986300, -0.00914999920640800, 0.00156339936407300 ) );
#779 = CARTESIAN_POINT( '', ( 0.0442565555141900, -0.00915000091247500, 0.00333724630059800 ) );
#780 = CARTESIAN_POINT( '', ( 0.0444522602698000, -0.00914999893946400, 0.00548357475072100 ) );
#781 = CARTESIAN_POINT( '', ( 0.0449669534981000, -0.00914999987624300, 0.00798652158500700 ) );
#782 = CARTESIAN_POINT( '', ( 0.0455866372917500, -0.00915000006008300, 0.0101218614275300 ) );
#783 = CARTESIAN_POINT( '', ( 0.0461986463537600, -0.00914999990291400, 0.0120410469978700 ) );
#784 = CARTESIAN_POINT( '', ( 0.0469720466079500, -0.00915000113854900, 0.0142806336632300 ) );
#785 = CARTESIAN_POINT( '', ( 0.0476976762584500, -0.00914999385281000, 0.0161161733148300 ) );
#786 = CARTESIAN_POINT( '', ( 0.0482592169143200, -0.00915000115850700, 0.0173753829595300 ) );
#787 = CARTESIAN_POINT( '', ( 0.0483076379798300, -0.00915000413265500, 0.0174828784230900 ) );
#788 = CARTESIAN_POINT( '', ( 0.0431988810574000, -0.00914995996844399, -0.0155406161051700 ) );
#789 = CARTESIAN_POINT( '', ( 0.0433022041456400, -0.00914999524136899, -0.0155291684444400 ) );
#790 = CARTESIAN_POINT( '', ( 0.0435788187633300, -0.00915000397989699, -0.0154917961215400 ) );
#791 = CARTESIAN_POINT( '', ( 0.0440096745742000, -0.00914999844536800, -0.0154021663486100 ) );
#792 = CARTESIAN_POINT( '', ( 0.0445650779214600, -0.00915000148213200, -0.0152248328187100 ) );
#793 = CARTESIAN_POINT( '', ( 0.0451518612839900, -0.00914999434660299, -0.0149300985181800 ) );
#794 = CARTESIAN_POINT( '', ( 0.0457040600794600, -0.00914998847366800, -0.0144787288786600 ) );
#795 = CARTESIAN_POINT( '', ( 0.0461520534453500, -0.00915000179341900, -0.0138949543864600 ) );
#796 = CARTESIAN_POINT( '', ( 0.0465853236393000, -0.00914998916956900, -0.0129679719362200 ) );
#797 = CARTESIAN_POINT( '', ( 0.0468455522187400, -0.00915003666590199, -0.0115169441738100 ) );
#798 = CARTESIAN_POINT( '', ( 0.0467756058184200, -0.00915000137236999, -0.00949161541233200 ) );
#799 = CARTESIAN_POINT( '', ( 0.0464432557690000, -0.00914999210511099, -0.00719661716642700 ) );
#800 = CARTESIAN_POINT( '', ( 0.0459684197902200, -0.00915002065015599, -0.00477910830696900 ) );
#801 = CARTESIAN_POINT( '', ( 0.0454515093986300, -0.00914999538491399, -0.00220449982095400 ) );
#802 = CARTESIAN_POINT( '', ( 0.0451207375352100, -0.00915000095523999, -8.26705383183800E-05 ) );
#803 = CARTESIAN_POINT( '', ( 0.0450036596840200, -0.00914999920640801, 0.00159172734811600 ) );
#804 = CARTESIAN_POINT( '', ( 0.0449897691184000, -0.00915000091247500, 0.00330366245391400 ) );
#805 = CARTESIAN_POINT( '', ( 0.0451784348533100, -0.00914999893946400, 0.00537362411814800 ) );
#806 = CARTESIAN_POINT( '', ( 0.0456774578797200, -0.00914999987624300, 0.00780419809275700 ) );
#807 = CARTESIAN_POINT( '', ( 0.0462875048597200, -0.00915000006008300, 0.00990768808530300 ) );
#808 = CARTESIAN_POINT( '', ( 0.0468943960673200, -0.00914999990291400, 0.0118107738325200 ) );
#809 = CARTESIAN_POINT( '', ( 0.0476590489173700, -0.00915000113854899, 0.0140249149112600 ) );
#810 = CARTESIAN_POINT( '', ( 0.0483752049582000, -0.00914999385281001, 0.0158362426770400 ) );
#811 = CARTESIAN_POINT( '', ( 0.0489281131088000, -0.00915000115850700, 0.0170760817750900 ) );
#812 = CARTESIAN_POINT( '', ( 0.0489757807799800, -0.00915000413265499, 0.0171819024567900 ) );
#813 = CARTESIAN_POINT( '', ( 0.0432796684180500, -0.00914995996844399, -0.0162689388749000 ) );
#814 = CARTESIAN_POINT( '', ( 0.0433942384035700, -0.00914999524136900, -0.0162562550187700 ) );
#815 = CARTESIAN_POINT( '', ( 0.0437032009700100, -0.00915000397989700, -0.0162145707840300 ) );
#816 = CARTESIAN_POINT( '', ( 0.0441940260564500, -0.00914999844536800, -0.0161127504843500 ) );
#817 = CARTESIAN_POINT( '', ( 0.0448425789692900, -0.00915000148213200, -0.0159062086436200 ) );
#818 = CARTESIAN_POINT( '', ( 0.0455504705533800, -0.00914999434660300, -0.0155522431065900 ) );
#819 = CARTESIAN_POINT( '', ( 0.0462353600755400, -0.00914998847366800, -0.0149933311063300 ) );
#820 = CARTESIAN_POINT( '', ( 0.0467869732270900, -0.00915000179341900, -0.0142728123380300 ) );
#821 = CARTESIAN_POINT( '', ( 0.0473004520100600, -0.00914998916956899, -0.0131667672910100 ) );
#822 = CARTESIAN_POINT( '', ( 0.0475824839493900, -0.00915003666590200, -0.0115462637487900 ) );
#823 = CARTESIAN_POINT( '', ( 0.0475055914411100, -0.00915000137237000, -0.00941590925472799 ) );
#824 = CARTESIAN_POINT( '', ( 0.0471647127022000, -0.00914999210511100, -0.00706668261805200 ) );
#825 = CARTESIAN_POINT( '', ( 0.0466861332046900, -0.00915002065015600, -0.00463135545599400 ) );
#826 = CARTESIAN_POINT( '', ( 0.0461717790504700, -0.00914999538491400, -0.00206869678894400 ) );
#827 = CARTESIAN_POINT( '', ( 0.0458489946996900, -0.00915000095524000, 6.91925689626400E-06 ) );
#828 = CARTESIAN_POINT( '', ( 0.0457364241694000, -0.00914999920640800, 0.00162005533215900 ) );
#829 = CARTESIAN_POINT( '', ( 0.0457229827226100, -0.00915000091247500, 0.00327007860722900 ) );
#830 = CARTESIAN_POINT( '', ( 0.0459046094368300, -0.00914999893946400, 0.00526367348557400 ) );
#831 = CARTESIAN_POINT( '', ( 0.0463879622613300, -0.00914999987624300, 0.00762187460050600 ) );
#832 = CARTESIAN_POINT( '', ( 0.0469883724276900, -0.00915000006008300, 0.00969351474307600 ) );
#833 = CARTESIAN_POINT( '', ( 0.0475901457808800, -0.00914999990291400, 0.0115805006671600 ) );
#834 = CARTESIAN_POINT( '', ( 0.0483460512267800, -0.00915000113854900, 0.0137691961592800 ) );
#835 = CARTESIAN_POINT( '', ( 0.0490527336579500, -0.00914999385281000, 0.0155563120392500 ) );
#836 = CARTESIAN_POINT( '', ( 0.0495970093032699, -0.00915000115850700, 0.0167767805906400 ) );
#837 = CARTESIAN_POINT( '', ( 0.0496439235801300, -0.00915000413265500, 0.0168809264904900 ) );
#838 = CARTESIAN_POINT( '', ( 0.0433336285263800, -0.00860460814514600, -0.0167554057582900 ) );
#839 = CARTESIAN_POINT( '', ( 0.0434557106250600, -0.00860462669039800, -0.0167418962131200 ) );
#840 = CARTESIAN_POINT( '', ( 0.0437862792794500, -0.00860463128480600, -0.0166973319334500 ) );
#841 = CARTESIAN_POINT( '', ( 0.0443171595005100, -0.00860462837494700, -0.0165873692444200 ) );
#842 = CARTESIAN_POINT( '', ( 0.0450279295796000, -0.00860462997157000, -0.0163613183665800 ) );
#843 = CARTESIAN_POINT( '', ( 0.0458167126880900, -0.00860462621996201, -0.0159677906516100 ) );
#844 = CARTESIAN_POINT( '', ( 0.0465902300095500, -0.00860462313218100, -0.0153370481398800 ) );
#845 = CARTESIAN_POINT( '', ( 0.0472110536764000, -0.00860463013523300, -0.0145251940947200 ) );
#846 = CARTESIAN_POINT( '', ( 0.0477781059901500, -0.00860462349806100, -0.0132995481962700 ) );
#847 = CARTESIAN_POINT( '', ( 0.0480747009954300, -0.00860464846994700, -0.0115658471022800 ) );
#848 = CARTESIAN_POINT( '', ( 0.0479931689899000, -0.00860462991386100, -0.00936534302218099 ) );
#849 = CARTESIAN_POINT( '', ( 0.0476465937038500, -0.00860462504146500, -0.00697989574632499 ) );
#850 = CARTESIAN_POINT( '', ( 0.0471655138068400, -0.00860464004943600, -0.00453266724808200 ) );
#851 = CARTESIAN_POINT( '', ( 0.0466528670341200, -0.00860462676586900, -0.00197799019499700 ) );
#852 = CARTESIAN_POINT( '', ( 0.0463354177635200, -0.00860462969454900, 6.67587542635100E-05 ) );
#853 = CARTESIAN_POINT( '', ( 0.0462258577973000, -0.00860462877507499, 0.00163897637470100 ) );
#854 = CARTESIAN_POINT( '', ( 0.0462127163293600, -0.00860462967206400, 0.00324764702893900 ) );
#855 = CARTESIAN_POINT( '', ( 0.0463896414873400, -0.00860462863472500, 0.00519023442287100 ) );
#856 = CARTESIAN_POINT( '', ( 0.0468625277514200, -0.00860462912725000, 0.00750009570695700 ) );
#857 = CARTESIAN_POINT( '', ( 0.0474565012239200, -0.00860462922390700, 0.00955046245550600 ) );
#858 = CARTESIAN_POINT( '', ( 0.0480548562208800, -0.00860462914127300, 0.0114266948632900 ) );
#859 = CARTESIAN_POINT( '', ( 0.0488049190340700, -0.00860462979092600, 0.0135983945456700 ) );
#860 = CARTESIAN_POINT( '', ( 0.0495052737798200, -0.00860462596034300, 0.0153693386387300 ) );
#861 = CARTESIAN_POINT( '', ( 0.0500437835365700, -0.00860462980141899, 0.0165768690672800 ) );
#862 = CARTESIAN_POINT( '', ( 0.0500901946005500, -0.00860463136512100, 0.0166798963341000 ) );
#863 = CARTESIAN_POINT( '', ( 0.0433249240575900, -0.00787609707050201, -0.0166769323094200 ) );
#864 = CARTESIAN_POINT( '', ( 0.0434457943545100, -0.00787609327000500, -0.0166635559586500 ) );
#865 = CARTESIAN_POINT( '', ( 0.0437728776653000, -0.00787609232846900, -0.0166194562677600 ) );
#866 = CARTESIAN_POINT( '', ( 0.0442972964710700, -0.00787609292478900, -0.0165108070522700 ) );
#867 = CARTESIAN_POINT( '', ( 0.0449980301103100, -0.00787609259759100, -0.0162879032363900 ) );
#868 = CARTESIAN_POINT( '', ( 0.0457737643615800, -0.00787609336641200, -0.0159007574163800 ) );
#869 = CARTESIAN_POINT( '', ( 0.0465329848638400, -0.00787609399919400, -0.0152816021023800 ) );
#870 = CARTESIAN_POINT( '', ( 0.0471426439724900, -0.00787609256405200, -0.0144844816278300 ) );
#871 = CARTESIAN_POINT( '', ( 0.0477010541774500, -0.00787609392421400, -0.0132781289055900 ) );
#872 = CARTESIAN_POINT( '', ( 0.0479952999703700, -0.00787608880670100, -0.0115626880521100 ) );
#873 = CARTESIAN_POINT( '', ( 0.0479145163762200, -0.00787609260941800, -0.00937350001456799 ) );
#874 = CARTESIAN_POINT( '', ( 0.0475688600174700, -0.00787609360792300, -0.00699389559991000 ) );
#875 = CARTESIAN_POINT( '', ( 0.0470881834674900, -0.00787609053232500, -0.00454858694231500 ) );
#876 = CARTESIAN_POINT( '', ( 0.0465752612718800, -0.00787609325453899, -0.00199262235086500 ) );
#877 = CARTESIAN_POINT( '', ( 0.0462569513833100, -0.00787609265436200, 5.71058633935100E-05 ) );
#878 = CARTESIAN_POINT( '', ( 0.0461469057738700, -0.00787609284279000, 0.00163592416392300 ) );
#879 = CARTESIAN_POINT( '', ( 0.0461337159154300, -0.00787609265897000, 0.00325126553488900 ) );
#880 = CARTESIAN_POINT( '', ( 0.0463113994957100, -0.00787609287155200, 0.00520208110088500 ) );
#881 = CARTESIAN_POINT( '', ( 0.0467859741524100, -0.00787609277061900, 0.00751974022974500 ) );
#882 = CARTESIAN_POINT( '', ( 0.0473809859475300, -0.00787609275081100, 0.00957353865402700 ) );
#883 = CARTESIAN_POINT( '', ( 0.0479798923698900, -0.00787609276774500, 0.0114515057441500 ) );
#884 = CARTESIAN_POINT( '', ( 0.0487308976759000, -0.00787609263461100, 0.0136259470721600 ) );
#885 = CARTESIAN_POINT( '', ( 0.0494322731597800, -0.00787609341961600, 0.0153994998852400 ) );
#886 = CARTESIAN_POINT( '', ( 0.0499717130295100, -0.00787609263246100, 0.0166091174016400 ) );
#887 = CARTESIAN_POINT( '', ( 0.0500182052682900, -0.00787609231201000, 0.0167123251185400 ) );
#893 = SURFACE_SIDE_STYLE( '', ( #986 ) );
#894 = EDGE_LOOP( '', ( #987, #988, #989, #990 ) );
#895 = EDGE_LOOP( '', ( #991, #992, #993 ) );
#896 = EDGE_LOOP( '', ( #994, #995, #996 ) );
#897 = AXIS2_PLACEMENT_3D( '', #997, #998, #999 );
#898 = SURFACE_SIDE_STYLE( '', ( #1000 ) );
#899 = EDGE_LOOP( '', ( #1001, #1002 ) );
#900 = AXIS2_PLACEMENT_3D( '', #1003, #1004, #1005 );
#902 = SURFACE_STYLE_FILL_AREA( #1006 );
#903 = ORIENTED_EDGE( '', *, *, #1007, .T. );
#904 = ORIENTED_EDGE( '', *, *, #1008, .T. );
#905 = CARTESIAN_POINT( '', ( 0.0488340000000000, 0.00800000000000000, 0.0168640000000000 ) );
#906 = DIRECTION( '', ( 0.403940374644600, 0.00000000000000, 0.914785315651700 ) );
#907 = DIRECTION( '', ( 0.00000000000000, -1.00000000000000, 0.00000000000000 ) );
#908 = SURFACE_STYLE_FILL_AREA( #1009 );
#909 = ORIENTED_EDGE( '', *, *, #1010, .F. );
#910 = ORIENTED_EDGE( '', *, *, #1011, .T. );
#911 = ORIENTED_EDGE( '', *, *, #1012, .T. );
#912 = CARTESIAN_POINT( '', ( 0.0435000000000000, -0.00800000000000000, -0.0155000000000000 ) );
#913 = DIRECTION( '', ( -0.987411144538224, 0.00000000000000, -0.158174687108004 ) );
#914 = DIRECTION( '', ( -0.158174687108004, 0.00000000000000, 0.987411144538224 ) );
#915 = SURFACE_STYLE_FILL_AREA( #1013 );
#916 = ORIENTED_EDGE( '', *, *, #1014, .T. );
#917 = ORIENTED_EDGE( '', *, *, #1015, .F. );
#918 = ORIENTED_EDGE( '', *, *, #1016, .F. );
#919 = ORIENTED_EDGE( '', *, *, #1017, .T. );
#920 = CARTESIAN_POINT( '', ( -0.0435000000000000, -0.0137500000000000, 0.0175000000000000 ) );
#921 = DIRECTION( '', ( 0.00000000000000, 0.00000000000000, 1.00000000000000 ) );
#922 = DIRECTION( '', ( 1.00000000000000, 0.00000000000000, 0.00000000000000 ) );
#923 = SURFACE_STYLE_FILL_AREA( #1018 );
#924 = ORIENTED_EDGE( '', *, *, #1019, .T. );
#925 = ORIENTED_EDGE( '', *, *, #1020, .T. );
#926 = ORIENTED_EDGE( '', *, *, #1021, .T. );
#927 = ORIENTED_EDGE( '', *, *, #1022, .F. );
#928 = ORIENTED_EDGE( '', *, *, #1011, .F. );
#929 = SURFACE_STYLE_FILL_AREA( #1023 );
#930 = ORIENTED_EDGE( '', *, *, #1024, .T. );
#931 = ORIENTED_EDGE( '', *, *, #1008, .F. );
#932 = ORIENTED_EDGE( '', *, *, #1025, .F. );
#933 = ORIENTED_EDGE( '', *, *, #1026, .T. );
#934 = ORIENTED_EDGE( '', *, *, #1027, .T. );
#935 = SURFACE_STYLE_FILL_AREA( #1028 );
#936 = ORIENTED_EDGE( '', *, *, #1026, .F. );
#937 = ORIENTED_EDGE( '', *, *, #1029, .F. );
#938 = ORIENTED_EDGE( '', *, *, #1030, .T. );
#939 = CARTESIAN_POINT( '', ( 0.0435000000000000, 0.00800000000000000, -0.0155000000000000 ) );
#940 = DIRECTION( '', ( 0.987411144538224, 0.00000000000000, 0.158174687108004 ) );
#941 = DIRECTION( '', ( 0.00000000000000, -1.00000000000000, 0.00000000000000 ) );
#942 = SURFACE_STYLE_FILL_AREA( #1031 );
#943 = ORIENTED_EDGE( '', *, *, #1032, .F. );
#944 = ORIENTED_EDGE( '', *, *, #1033, .F. );
#945 = ORIENTED_EDGE( '', *, *, #1017, .F. );
#946 = ORIENTED_EDGE( '', *, *, #1034, .F. );
#947 = CARTESIAN_POINT( '', ( 0.00000000000000, -0.0137500000000000, 0.00000000000000 ) );
#948 = DIRECTION( '', ( -0.00000000000000, 1.00000000000000, 0.00000000000000 ) );
#949 = DIRECTION( '', ( 1.00000000000000, 0.00000000000000, 0.00000000000000 ) );
#950 = SURFACE_STYLE_FILL_AREA( #1035 );
#951 = ORIENTED_EDGE( '', *, *, #1015, .T. );
#952 = ORIENTED_EDGE( '', *, *, #1036, .T. );
#953 = ORIENTED_EDGE( '', *, *, #1037, .T. );
#954 = ORIENTED_EDGE( '', *, *, #1038, .T. );
#955 = CARTESIAN_POINT( '', ( 0.00000000000000, 0.0137500000000000, 0.00000000000000 ) );
#956 = DIRECTION( '', ( -0.00000000000000, 1.00000000000000, 0.00000000000000 ) );
#957 = DIRECTION( '', ( 1.00000000000000, 0.00000000000000, 0.00000000000000 ) );
#958 = SURFACE_STYLE_FILL_AREA( #1039 );
#959 = ORIENTED_EDGE( '', *, *, #1029, .T. );
#960 = ORIENTED_EDGE( '', *, *, #1025, .T. );
#961 = ORIENTED_EDGE( '', *, *, #1007, .F. );
#962 = ORIENTED_EDGE( '', *, *, #1024, .F. );
#963 = ORIENTED_EDGE( '', *, *, #1040, .T. );
#964 = SURFACE_STYLE_FILL_AREA( #1041 );
#965 = ORIENTED_EDGE( '', *, *, #1042, .T. );
#966 = ORIENTED_EDGE( '', *, *, #1037, .F. );
#967 = ORIENTED_EDGE( '', *, *, #1043, .F. );
#968 = ORIENTED_EDGE( '', *, *, #1032, .T. );
#969 = CARTESIAN_POINT( '', ( 0.0435000000000000, -0.0137500000000000, -0.0175000000000000 ) );
#970 = DIRECTION( '', ( 0.00000000000000, 0.00000000000000, -1.00000000000000 ) );
#971 = DIRECTION( '', ( 0.00000000000000, -1.00000000000000, 0.00000000000000 ) );
#972 = SURFACE_STYLE_FILL_AREA( #1044 );
#973 = ORIENTED_EDGE( '', *, *, #1016, .T. );
#974 = ORIENTED_EDGE( '', *, *, #1038, .F. );
#975 = ORIENTED_EDGE( '', *, *, #1042, .F. );
#976 = ORIENTED_EDGE( '', *, *, #1034, .T. );
#977 = CARTESIAN_POINT( '', ( -0.0435000000000000, -0.0137500000000000, -0.0175000000000000 ) );
#978 = DIRECTION( '', ( -1.00000000000000, 0.00000000000000, 0.00000000000000 ) );
#979 = DIRECTION( '', ( 0.00000000000000, 0.00000000000000, 1.00000000000000 ) );
#980 = SURFACE_STYLE_FILL_AREA( #1045 );
#981 = ORIENTED_EDGE( '', *, *, #1022, .T. );
#982 = ORIENTED_EDGE( '', *, *, #1046, .T. );
#983 = ORIENTED_EDGE( '', *, *, #1020, .F. );
#984 = ORIENTED_EDGE( '', *, *, #1047, .T. );
#985 = ORIENTED_EDGE( '', *, *, #1012, .F. );
#986 = SURFACE_STYLE_FILL_AREA( #1048 );
#987 = ORIENTED_EDGE( '', *, *, #1043, .T. );
#988 = ORIENTED_EDGE( '', *, *, #1036, .F. );
#989 = ORIENTED_EDGE( '', *, *, #1014, .F. );
#990 = ORIENTED_EDGE( '', *, *, #1033, .T. );
#991 = ORIENTED_EDGE( '', *, *, #1040, .F. );
#992 = ORIENTED_EDGE( '', *, *, #1027, .F. );
#993 = ORIENTED_EDGE( '', *, *, #1030, .F. );
#994 = ORIENTED_EDGE( '', *, *, #1047, .F. );
#995 = ORIENTED_EDGE( '', *, *, #1019, .F. );
#996 = ORIENTED_EDGE( '', *, *, #1010, .T. );
#997 = CARTESIAN_POINT( '', ( 0.0435000000000000, -0.0137500000000000, 0.0175000000000000 ) );
#998 = DIRECTION( '', ( 1.00000000000000, 0.00000000000000, 0.00000000000000 ) );
#999 = DIRECTION( '', ( 0.00000000000000, 1.00000000000000, 0.00000000000000 ) );
#1000 = SURFACE_STYLE_FILL_AREA( #1049 );
#1001 = ORIENTED_EDGE( '', *, *, #1021, .F. );
#1002 = ORIENTED_EDGE( '', *, *, #1046, .F. );
#1003 = CARTESIAN_POINT( '', ( 0.0488340000000000, -0.00800000000000000, 0.0168640000000000 ) );
#1004 = DIRECTION( '', ( -0.403940374644600, 0.00000000000000, -0.914785315651700 ) );
#1005 = DIRECTION( '', ( -0.914785315651700, 0.00000000000000, 0.403940374644600 ) );
#1006 = FILL_AREA_STYLE( '', ( #1050 ) );
#1007 = EDGE_CURVE( '', #1051, #1052, #1053, .T. );
#1008 = EDGE_CURVE( '', #1052, #1051, #1054, .T. );
#1009 = FILL_AREA_STYLE( '', ( #1055 ) );
#1010 = EDGE_CURVE( '', #1056, #1057, #1058, .T. );
#1011 = EDGE_CURVE( '', #1056, #1059, #1060, .T. );
#1012 = EDGE_CURVE( '', #1059, #1057, #1061, .T. );
#1013 = FILL_AREA_STYLE( '', ( #1062 ) );
#1014 = EDGE_CURVE( '', #1063, #1064, #1065, .T. );
#1015 = EDGE_CURVE( '', #1066, #1064, #1067, .T. );
#1016 = EDGE_CURVE( '', #1068, #1066, #1069, .T. );
#1017 = EDGE_CURVE( '', #1068, #1063, #1070, .T. );
#1018 = FILL_AREA_STYLE( '', ( #1071 ) );
#1019 = EDGE_CURVE( '', #1056, #1072, #1073, .T. );
#1020 = EDGE_CURVE( '', #1072, #1074, #1075, .T. );
#1021 = EDGE_CURVE( '', #1074, #1076, #1077, .T. );
#1022 = EDGE_CURVE( '', #1059, #1076, #1078, .T. );
#1023 = FILL_AREA_STYLE( '', ( #1079 ) );
#1024 = EDGE_CURVE( '', #1080, #1051, #1081, .T. );
#1025 = EDGE_CURVE( '', #1082, #1052, #1083, .T. );
#1026 = EDGE_CURVE( '', #1082, #1084, #1085, .T. );
#1027 = EDGE_CURVE( '', #1084, #1080, #1086, .T. );
#1028 = FILL_AREA_STYLE( '', ( #1087 ) );
#1029 = EDGE_CURVE( '', #1088, #1082, #1089, .T. );
#1030 = EDGE_CURVE( '', #1088, #1084, #1090, .T. );
#1031 = FILL_AREA_STYLE( '', ( #1091 ) );
#1032 = EDGE_CURVE( '', #1092, #1093, #1094, .T. );
#1033 = EDGE_CURVE( '', #1063, #1092, #1095, .T. );
#1034 = EDGE_CURVE( '', #1093, #1068, #1096, .T. );
#1035 = FILL_AREA_STYLE( '', ( #1097 ) );
#1036 = EDGE_CURVE( '', #1064, #1098, #1099, .T. );
#1037 = EDGE_CURVE( '', #1098, #1100, #1101, .T. );
#1038 = EDGE_CURVE( '', #1100, #1066, #1102, .T. );
#1039 = FILL_AREA_STYLE( '', ( #1103 ) );
#1040 = EDGE_CURVE( '', #1080, #1088, #1104, .T. );
#1041 = FILL_AREA_STYLE( '', ( #1105 ) );
#1042 = EDGE_CURVE( '', #1093, #1100, #1106, .T. );
#1043 = EDGE_CURVE( '', #1092, #1098, #1107, .T. );
#1044 = FILL_AREA_STYLE( '', ( #1108 ) );
#1045 = FILL_AREA_STYLE( '', ( #1109 ) );
#1046 = EDGE_CURVE( '', #1076, #1074, #1110, .T. );
#1047 = EDGE_CURVE( '', #1072, #1057, #1111, .T. );
#1048 = FILL_AREA_STYLE( '', ( #1112 ) );
#1049 = FILL_AREA_STYLE( '', ( #1113 ) );
#1050 = FILL_AREA_STYLE_COLOUR( '', #1114 );
#1051 = VERTEX_POINT( '', #1115 );
#1052 = VERTEX_POINT( '', #1116 );
#1053 = CIRCLE( '', #1117, 0.00115000000000000 );
#1054 = CIRCLE( '', #1118, 0.00115000000000000 );
#1055 = FILL_AREA_STYLE_COLOUR( '', #1119 );
#1056 = VERTEX_POINT( '', #1120 );
#1057 = VERTEX_POINT( '', #1121 );
#1058 = LINE( '', #1122, #1123 );
#1059 = VERTEX_POINT( '', #1124 );
#1060 = CIRCLE( '', #1125, 0.00115000000000000 );
#1061 = CIRCLE( '', #1126, 0.00115000000000000 );
#1062 = FILL_AREA_STYLE_COLOUR( '', #1127 );
#1063 = VERTEX_POINT( '', #1128 );
#1064 = VERTEX_POINT( '', #1129 );
#1065 = LINE( '', #1130, #1131 );
#1066 = VERTEX_POINT( '', #1132 );
#1067 = LINE( '', #1133, #1134 );
#1068 = VERTEX_POINT( '', #1135 );
#1069 = LINE( '', #1136, #1137 );
#1070 = LINE( '', #1138, #1139 );
#1071 = FILL_AREA_STYLE_COLOUR( '', #1140 );
#1072 = VERTEX_POINT( '', #1141 );
#1073 = B_SPLINE_CURVE_WITH_KNOTS( '', 3, ( #1142, #1143, #1144, #1145, #1146, #1147, #1148, #1149, #1150, #1151, #1152, #1153, #1154 ), .UNSPECIFIED., .F., .F., ( 4, 1, 1, 1, 1, 1, 1, 1, 1, 1, 4 ), ( 0.00000000000000, 0.0547393996553751, 0.115129651311106, 0.181371585405024, 0.253562910402653, 0.378306709302379, 0.505955106995181, 0.639003874777126, 0.766949107903308, 0.887737329101447, 1.00000000000000 ), .UNSPECIFIED. );
#1074 = VERTEX_POINT( '', #1155 );
#1075 = ( BOUNDED_CURVE(  )B_SPLINE_CURVE( 3, ( #1158, #1159, #1160, #1161, #1162, #1163, #1164, #1165, #1166, #1167, #1168, #1169, #1170, #1171, #1172, #1173, #1174, #1175, #1176, #1177, #1178, #1179, #1180 ), .UNSPECIFIED., .F., .F. )B_SPLINE_CURVE_WITH_KNOTS( ( 4, 1, 1, 1, 1, 1, 1, 1, 1, 1, 1, 1, 1, 1, 1, 1, 1, 1, 1, 1, 4 ), ( 0.00000000000000, 0.00776967128065460, 0.0232454528754505, 0.0479788985365683, 0.0747734646694509, 0.101568030802313, 0.130595477446277, 0.186417490223053, 0.246891337398019, 0.302713350174795, 0.363187197349762, 0.423661044524627, 0.489174378964082, 0.522347852978368, 0.558285783160444, 0.633156471039795, 0.708027158919247, 0.789137070788585, 0.837719889678845, 0.890351276810068, 1.00000000000000 ), .UNSPECIFIED. )CURVE(  )GEOMETRIC_REPRESENTATION_ITEM(  )RATIONAL_B_SPLINE_CURVE( ( 1.14664023527271, 1.14664023527271, 1.14664023527271, 1.14664023527271, 1.14664023527271, 1.14664023527271, 1.14664023527271, 1.14664023527271, 1.14664023527271, 1.14664023527271, 1.14664023527271, 1.14664023527271, 1.14664023527271, 1.14664023527271, 1.14664023527271, 1.14664023527271, 1.14664023527271, 1.14664023527271, 1.14664023527271, 1.14664023527271, 1.14664023527271, 1.14664023527271, 1.14664023527271 ) )REPRESENTATION_ITEM( '' ) );
#1076 = VERTEX_POINT( '', #1186 );
#1077 = CIRCLE( '', #1187, 0.00115000000000000 );
#1078 = ( BOUNDED_CURVE(  )B_SPLINE_CURVE( 3, ( #1190, #1191, #1192, #1193, #1194, #1195, #1196, #1197, #1198, #1199, #1200, #1201, #1202, #1203, #1204, #1205, #1206, #1207, #1208, #1209, #1210, #1211, #1212 ), .UNSPECIFIED., .F., .F. )B_SPLINE_CURVE_WITH_KNOTS( ( 4, 1, 1, 1, 1, 1, 1, 1, 1, 1, 1, 1, 1, 1, 1, 1, 1, 1, 1, 1, 4 ), ( 0.00000000000000, 0.0141928609214000, 0.0295684602529200, 0.0541417942873800, 0.0807629061580500, 0.107384018028700, 0.136223555888600, 0.191684205619100, 0.251766576160600, 0.307227225891100, 0.367309596432600, 0.427391966974000, 0.492481201727200, 0.525439927705200, 0.561145214181300, 0.635531227673200, 0.709917241165200, 0.790502089114800, 0.838770407782700, 0.891061086339700, 1.00000000000000 ), .UNSPECIFIED. )CURVE(  )GEOMETRIC_REPRESENTATION_ITEM(  )RATIONAL_B_SPLINE_CURVE( ( 1.14664023526880, 1.14664023526880, 1.14664023526880, 1.14664023526880, 1.14664023526880, 1.14664023526880, 1.14664023526880, 1.14664023526880, 1.14664023526880, 1.14664023526880, 1.14664023526880, 1.14664023526880, 1.14664023526880, 1.14664023526880, 1.14664023526880, 1.14664023526880, 1.14664023526880, 1.14664023526880, 1.14664023526880, 1.14664023526880, 1.14664023526880, 1.14664023526880, 1.14664023526880 ) )REPRESENTATION_ITEM( '' ) );
#1079 = FILL_AREA_STYLE_COLOUR( '', #1218 );
#1080 = VERTEX_POINT( '', #1219 );
#1081 = ( BOUNDED_CURVE(  )B_SPLINE_CURVE( 3, ( #1222, #1223, #1224, #1225, #1226, #1227, #1228, #1229, #1230, #1231, #1232, #1233, #1234, #1235, #1236, #1237, #1238, #1239, #1240, #1241, #1242, #1243, #1244 ), .UNSPECIFIED., .F., .F. )B_SPLINE_CURVE_WITH_KNOTS( ( 4, 1, 1, 1, 1, 1, 1, 1, 1, 1, 1, 1, 1, 1, 1, 1, 1, 1, 1, 1, 4 ), ( 0.00000000000000, 0.00776967128065460, 0.0232454528754505, 0.0479788985365683, 0.0747734646694509, 0.101568030802313, 0.130595477446277, 0.186417490223053, 0.246891337398019, 0.302713350174795, 0.363187197349762, 0.423661044524627, 0.489174378964082, 0.522347852978368, 0.558285783160444, 0.633156471039795, 0.708027158919247, 0.789137070788585, 0.837719889678845, 0.890351276810068, 1.00000000000000 ), .UNSPECIFIED. )CURVE(  )GEOMETRIC_REPRESENTATION_ITEM(  )RATIONAL_B_SPLINE_CURVE( ( 1.14664023526509, 1.14664023526509, 1.14664023526509, 1.14664023526509, 1.14664023526509, 1.14664023526509, 1.14664023526509, 1.14664023526509, 1.14664023526509, 1.14664023526509, 1.14664023526509, 1.14664023526509, 1.14664023526509, 1.14664023526509, 1.14664023526509, 1.14664023526509, 1.14664023526509, 1.14664023526509, 1.14664023526509, 1.14664023526509, 1.14664023526509, 1.14664023526509, 1.14664023526509 ) )REPRESENTATION_ITEM( '' ) );
#1082 = VERTEX_POINT( '', #1250 );
#1083 = ( BOUNDED_CURVE(  )B_SPLINE_CURVE( 3, ( #1253, #1254, #1255, #1256, #1257, #1258, #1259, #1260, #1261, #1262, #1263, #1264, #1265, #1266, #1267, #1268, #1269, #1270, #1271, #1272, #1273, #1274, #1275 ), .UNSPECIFIED., .F., .F. )B_SPLINE_CURVE_WITH_KNOTS( ( 4, 1, 1, 1, 1, 1, 1, 1, 1, 1, 1, 1, 1, 1, 1, 1, 1, 1, 1, 1, 4 ), ( 0.00000000000000, 0.0141928609214000, 0.0295684602529200, 0.0541417942873800, 0.0807629061580500, 0.107384018028700, 0.136223555888600, 0.191684205619100, 0.251766576160600, 0.307227225891100, 0.367309596432600, 0.427391966974000, 0.492481201727200, 0.525439927705200, 0.561145214181300, 0.635531227673200, 0.709917241165200, 0.790502089114800, 0.838770407782700, 0.891061086339700, 1.00000000000000 ), .UNSPECIFIED. )CURVE(  )GEOMETRIC_REPRESENTATION_ITEM(  )RATIONAL_B_SPLINE_CURVE( ( 1.14664023526880, 1.14664023526880, 1.14664023526880, 1.14664023526880, 1.14664023526880, 1.14664023526880, 1.14664023526880, 1.14664023526880, 1.14664023526880, 1.14664023526880, 1.14664023526880, 1.14664023526880, 1.14664023526880, 1.14664023526880, 1.14664023526880, 1.14664023526880, 1.14664023526880, 1.14664023526880, 1.14664023526880, 1.14664023526880, 1.14664023526880, 1.14664023526880, 1.14664023526880 ) )REPRESENTATION_ITEM( '' ) );
#1084 = VERTEX_POINT( '', #1281 );
#1085 = CIRCLE( '', #1282, 0.00115000000000000 );
#1086 = B_SPLINE_CURVE_WITH_KNOTS( '', 3, ( #1283, #1284, #1285, #1286, #1287, #1288, #1289, #1290, #1291, #1292, #1293, #1294, #1295 ), .UNSPECIFIED., .F., .F., ( 4, 1, 1, 1, 1, 1, 1, 1, 1, 1, 4 ), ( 0.00000000000000, 0.0547429522071831, 0.115138125786617, 0.181386440927094, 0.253585653994987, 0.378322202557310, 0.505962646204110, 0.639011297325609, 0.766955107274938, 0.887740766439920, 1.00000000000000 ), .UNSPECIFIED. );
#1087 = FILL_AREA_STYLE_COLOUR( '', #1296 );
#1088 = VERTEX_POINT( '', #1297 );
#1089 = CIRCLE( '', #1298, 0.00115000000000000 );
#1090 = LINE( '', #1299, #1300 );
#1091 = FILL_AREA_STYLE_COLOUR( '', #1301 );
#1092 = VERTEX_POINT( '', #1302 );
#1093 = VERTEX_POINT( '', #1303 );
#1094 = LINE( '', #1304, #1305 );
#1095 = LINE( '', #1306, #1307 );
#1096 = LINE( '', #1308, #1309 );
#1097 = FILL_AREA_STYLE_COLOUR( '', #1310 );
#1098 = VERTEX_POINT( '', #1311 );
#1099 = LINE( '', #1312, #1313 );
#1100 = VERTEX_POINT( '', #1314 );
#1101 = LINE( '', #1315, #1316 );
#1102 = LINE( '', #1317, #1318 );
#1103 = FILL_AREA_STYLE_COLOUR( '', #1319 );
#1104 = B_SPLINE_CURVE_WITH_KNOTS( '', 3, ( #1320, #1321, #1322, #1323, #1324, #1325, #1326, #1327, #1328, #1329, #1330, #1331, #1332, #1333 ), .UNSPECIFIED., .F., .F., ( 4, 1, 1, 1, 1, 1, 1, 1, 1, 1, 1, 4 ), ( 0.00000000000000, 0.0590979651232608, 0.119819136479060, 0.181959545391199, 0.245279350828993, 0.360893287488355, 0.494936301620927, 0.620347494544143, 0.710283282910474, 0.747183008531751, 0.885144182158534, 1.00000000000000 ), .UNSPECIFIED. );
#1105 = FILL_AREA_STYLE_COLOUR( '', #1334 );
#1106 = LINE( '', #1335, #1336 );
#1107 = LINE( '', #1337, #1338 );
#1108 = FILL_AREA_STYLE_COLOUR( '', #1339 );
#1109 = FILL_AREA_STYLE_COLOUR( '', #1340 );
#1110 = CIRCLE( '', #1341, 0.00115000000000000 );
#1111 = B_SPLINE_CURVE_WITH_KNOTS( '', 3, ( #1342, #1343, #1344, #1345, #1346, #1347, #1348, #1349, #1350, #1351, #1352, #1353, #1354, #1355 ), .UNSPECIFIED., .F., .F., ( 4, 1, 1, 1, 1, 1, 1, 1, 1, 1, 1, 4 ), ( 0.00000000000000, 0.0590903883985515, 0.119801898962604, 0.181930516584300, 0.245236416227160, 0.360863159085058, 0.494989262531530, 0.620370933455358, 0.710201772226841, 0.747203960202575, 0.885152364344731, 1.00000000000000 ), .UNSPECIFIED. );
#1112 = FILL_AREA_STYLE_COLOUR( '', #1356 );
#1113 = FILL_AREA_STYLE_COLOUR( '', #1357 );
#1114 = COLOUR_RGB( '', 0.376470595600000, 0.415686279500000, 0.450980395100000 );
#1115 = CARTESIAN_POINT( '', ( 0.0477819968870000, 0.00800000000000000, 0.0173285314308400 ) );
#1116 = CARTESIAN_POINT( '', ( 0.0498860031130000, 0.00800000000000000, 0.0163994685691600 ) );
#1117 = AXIS2_PLACEMENT_3D( '', #1358, #1359, #1360 );
#1118 = AXIS2_PLACEMENT_3D( '', #1361, #1362, #1363 );
#1119 = COLOUR_RGB( '', 0.376470595600000, 0.415686279500000, 0.450980395100000 );
#1120 = CARTESIAN_POINT( '', ( 0.0435000000000000, -0.00685000000000000, -0.0155000000000000 ) );
#1121 = CARTESIAN_POINT( '', ( 0.0435000000000000, -0.00915000000000000, -0.0155000000000000 ) );
#1122 = CARTESIAN_POINT( '', ( 0.0435000000000100, -0.00685000000001000, -0.0155000000000100 ) );
#1123 = VECTOR( '', #1364, 1.00000000000000 );
#1124 = CARTESIAN_POINT( '', ( 0.0436819008901700, -0.00800000000000000, -0.0166355228162200 ) );
#1125 = AXIS2_PLACEMENT_3D( '', #1365, #1366, #1367 );
#1126 = AXIS2_PLACEMENT_3D( '', #1368, #1369, #1370 );
#1127 = COLOUR_RGB( '', 0.376470595600000, 0.415686279500000, 0.450980395100000 );
#1128 = CARTESIAN_POINT( '', ( 0.0435000000000000, -0.0137500000000000, 0.0175000000000000 ) );
#1129 = CARTESIAN_POINT( '', ( 0.0435000000000000, 0.0137500000000000, 0.0175000000000000 ) );
#1130 = CARTESIAN_POINT( '', ( 0.0435000000000100, -0.0137500000000100, 0.0175000000000100 ) );
#1131 = VECTOR( '', #1371, 1.00000000000000 );
#1132 = CARTESIAN_POINT( '', ( -0.0435000000000000, 0.0137500000000000, 0.0175000000000000 ) );
#1133 = CARTESIAN_POINT( '', ( -0.0435000000000100, 0.0137500000000100, 0.0175000000000100 ) );
#1134 = VECTOR( '', #1372, 1.00000000000000 );
#1135 = CARTESIAN_POINT( '', ( -0.0435000000000000, -0.0137500000000000, 0.0175000000000000 ) );
#1136 = CARTESIAN_POINT( '', ( -0.0435000000000100, -0.0137500000000100, 0.0175000000000100 ) );
#1137 = VECTOR( '', #1373, 1.00000000000000 );
#1138 = CARTESIAN_POINT( '', ( -0.0435000000000100, -0.0137500000000100, 0.0175000000000100 ) );
#1139 = VECTOR( '', #1374, 1.00000000000000 );
#1140 = COLOUR_RGB( '', 0.376470595600000, 0.415686279500000, 0.450980395100000 );
#1141 = CARTESIAN_POINT( '', ( 0.0435000000000000, -0.00800000000000000, -0.0143315320607400 ) );
#1142 = CARTESIAN_POINT( '', ( 0.0435000000000084, -0.00684999999999979, -0.0154999999999999 ) );
#1143 = CARTESIAN_POINT( '', ( 0.0435000139243448, -0.00685081487138187, -0.0154668180510332 ) );
#1144 = CARTESIAN_POINT( '', ( 0.0435000432104532, -0.00685252873486363, -0.0153970287176022 ) );
#1145 = CARTESIAN_POINT( '', ( 0.0435001069388107, -0.00686743194236544, -0.0152878993203527 ) );
#1146 = CARTESIAN_POINT( '', ( 0.0435000214272507, -0.00689459007891495, -0.0151703281394190 ) );
#1147 = CARTESIAN_POINT( '', ( 0.0435000557078237, -0.00694714616405616, -0.0150194226925736 ) );
#1148 = CARTESIAN_POINT( '', ( 0.0434992842456577, -0.00703980015367133, -0.0148444288772078 ) );
#1149 = CARTESIAN_POINT( '', ( 0.0435000080647830, -0.00718804789161566, -0.0146620382869104 ) );
#1150 = CARTESIAN_POINT( '', ( 0.0435007491600409, -0.00737182815957437, -0.0145117494298529 ) );
#1151 = CARTESIAN_POINT( '', ( 0.0434997502528274, -0.00757880804342939, -0.0144054921702954 ) );
#1152 = CARTESIAN_POINT( '', ( 0.0434997528599547, -0.00779046422788310, -0.0143426456047309 ) );
#1153 = CARTESIAN_POINT( '', ( 0.0434999196538957, -0.00793187917317737, -0.0143351451135303 ) );
#1154 = CARTESIAN_POINT( '', ( 0.0435000000000086, -0.00800000000001000, -0.0143315320607431 ) );
#1155 = CARTESIAN_POINT( '', ( 0.0477819968870000, -0.00800000000000000, 0.0173285314308400 ) );
#1158 = CARTESIAN_POINT( '', ( 0.0434999999999997, -0.00800000000000967, -0.0143315320607449 ) );
#1159 = CARTESIAN_POINT( '', ( 0.0435697224743090, -0.00800000000000967, -0.0143173727679261 ) );
#1160 = CARTESIAN_POINT( '', ( 0.0437692972955750, -0.00800000000000980, -0.0142713114968331 ) );
#1161 = CARTESIAN_POINT( '', ( 0.0441295905500488, -0.00800000000001018, -0.0141555375160472 ) );
#1162 = CARTESIAN_POINT( '', ( 0.0445263166083848, -0.00800000000000988, -0.0139537558572779 ) );
#1163 = CARTESIAN_POINT( '', ( 0.0448702814666240, -0.00800000000000983, -0.0136711543732831 ) );
#1164 = CARTESIAN_POINT( '', ( 0.0451556624444269, -0.00800000000000965, -0.0133019751261025 ) );
#1165 = CARTESIAN_POINT( '', ( 0.0454630598610791, -0.00800000000000970, -0.0126559988204919 ) );
#1166 = CARTESIAN_POINT( '', ( 0.0456890720368094, -0.00800000000000998, -0.0114709324389553 ) );
#1167 = CARTESIAN_POINT( '', ( 0.0456300262882844, -0.00800000000000965, -0.00961042244326753 ) );
#1168 = CARTESIAN_POINT( '', ( 0.0453110604642230, -0.00800000000000948, -0.00740052578359661 ) );
#1169 = CARTESIAN_POINT( '', ( 0.0448420992565260, -0.00800000000000951, -0.00501097950598376 ) );
#1170 = CARTESIAN_POINT( '', ( 0.0443211773157974, -0.00800000000000967, -0.00241761795474482 ) );
#1171 = CARTESIAN_POINT( '', ( 0.0439778705055428, -0.00800000000000950, -0.000223265410761945 ) );
#1172 = CARTESIAN_POINT( '', ( 0.0438537192348063, -0.00800000000001008, 0.00154727173468858 ) );
#1173 = CARTESIAN_POINT( '', ( 0.0438391238589553, -0.00800000000000938, 0.00335636618685024 ) );
#1174 = CARTESIAN_POINT( '', ( 0.0440388360552982, -0.00800000000001012, 0.00554617161783416 ) );
#1175 = CARTESIAN_POINT( '', ( 0.0445624506105885, -0.00800000000000960, 0.00809032161915906 ) );
#1176 = CARTESIAN_POINT( '', ( 0.0451876208150813, -0.00800000000000959, 0.0102437941525081 ) );
#1177 = CARTESIAN_POINT( '', ( 0.0458025435633922, -0.00800000000000982, 0.0121721456409037 ) );
#1178 = CARTESIAN_POINT( '', ( 0.0465809238716649, -0.00800000000000980, 0.0144262189351136 ) );
#1179 = CARTESIAN_POINT( '', ( 0.0472685256805838, -0.00800000000000985, 0.0161656966435161 ) );
#1180 = CARTESIAN_POINT( '', ( 0.0477819968870079, -0.00800000000000956, 0.0173285314308510 ) );
#1186 = CARTESIAN_POINT( '', ( 0.0498860031130000, -0.00800000000000000, 0.0163994685691600 ) );
#1187 = AXIS2_PLACEMENT_3D( '', #1375, #1376, #1377 );
#1190 = CARTESIAN_POINT( '', ( 0.0436819008901735, -0.00800000000000049, -0.0166355228162157 ) );
#1191 = CARTESIAN_POINT( '', ( 0.0438866516551513, -0.00800000000000062, -0.0166027235224629 ) );
#1192 = CARTESIAN_POINT( '', ( 0.0442989806616878, -0.00800000000000049, -0.0165172987773156 ) );
#1193 = CARTESIAN_POINT( '', ( 0.0450005652928613, -0.00800000000000005, -0.0162941281213629 ) );
#1194 = CARTESIAN_POINT( '', ( 0.0457774059595937, -0.00800000000000036, -0.0159064411790806 ) );
#1195 = CARTESIAN_POINT( '', ( 0.0465378386922861, -0.00800000000000041, -0.0152863033840469 ) );
#1196 = CARTESIAN_POINT( '', ( 0.0471484444462716, -0.00800000000000058, -0.0144879336468175 ) );
#1197 = CARTESIAN_POINT( '', ( 0.0477075874175292, -0.00800000000000054, -0.0132799450519395 ) );
#1198 = CARTESIAN_POINT( '', ( 0.0480020324006805, -0.00800000000000025, -0.0115629559086663 ) );
#1199 = CARTESIAN_POINT( '', ( 0.0479211853485655, -0.00800000000000059, -0.00937280838139647 ) );
#1200 = CARTESIAN_POINT( '', ( 0.0475754510737685, -0.00800000000000076, -0.00699270854925739 ) );
#1201 = CARTESIAN_POINT( '', ( 0.0470947403239054, -0.00800000000000073, -0.00454723710795324 ) );
#1202 = CARTESIAN_POINT( '', ( 0.0465818414814626, -0.00800000000000056, -0.00199138168716333 ) );
#1203 = CARTESIAN_POINT( '', ( 0.0462636045648789, -0.00800000000000074, 5.79243341251556E-05 ) );
#1204 = CARTESIAN_POINT( '', ( 0.0461536001332336, -0.00800000000000016, 0.00163618296154357 ) );
#1205 = CARTESIAN_POINT( '', ( 0.0461404143778348, -0.00800000000000086, 0.00325095872097676 ) );
#1206 = CARTESIAN_POINT( '', ( 0.0463180336513219, -0.00800000000000012, 0.00520107661846085 ) );
#1207 = CARTESIAN_POINT( '', ( 0.0467924651488415, -0.00800000000000064, 0.00751807456635409 ) );
#1208 = CARTESIAN_POINT( '', ( 0.0473873889043587, -0.00800000000000064, 0.00957158201809878 ) );
#1209 = CARTESIAN_POINT( '', ( 0.0479862485712393, -0.00800000000000042, 0.0114494020241263 ) );
#1210 = CARTESIAN_POINT( '', ( 0.0487371739630758, -0.00800000000000044, 0.0136236108874030 ) );
#1211 = CARTESIAN_POINT( '', ( 0.0493968077145464, -0.00800000000000039, 0.0152916100952926 ) );
#1212 = CARTESIAN_POINT( '', ( 0.0498860031129955, -0.00800000000000067, 0.0163994685691516 ) );
#1218 = COLOUR_RGB( '', 0.376470595600000, 0.415686279500000, 0.450980395100000 );
#1219 = CARTESIAN_POINT( '', ( 0.0435000000000000, 0.00800000000000000, -0.0143315320607400 ) );
#1222 = CARTESIAN_POINT( '', ( 0.0434999999999997, 0.00800000000001028, -0.0143315320607449 ) );
#1223 = CARTESIAN_POINT( '', ( 0.0435697224743090, 0.00800000000001027, -0.0143173727679261 ) );
#1224 = CARTESIAN_POINT( '', ( 0.0437692972955750, 0.00800000000001014, -0.0142713114968331 ) );
#1225 = CARTESIAN_POINT( '', ( 0.0441295905500487, 0.00800000000000976, -0.0141555375160472 ) );
#1226 = CARTESIAN_POINT( '', ( 0.0445263166083848, 0.00800000000001007, -0.0139537558572779 ) );
#1227 = CARTESIAN_POINT( '', ( 0.0448702814666240, 0.00800000000001012, -0.0136711543732831 ) );
#1228 = CARTESIAN_POINT( '', ( 0.0451556624444269, 0.00800000000001030, -0.0133019751261025 ) );
#1229 = CARTESIAN_POINT( '', ( 0.0454630598610791, 0.00800000000001025, -0.0126559988204919 ) );
#1230 = CARTESIAN_POINT( '', ( 0.0456890720368094, 0.00800000000000996, -0.0114709324389553 ) );
#1231 = CARTESIAN_POINT( '', ( 0.0456300262882844, 0.00800000000001030, -0.00961042244326753 ) );
#1232 = CARTESIAN_POINT( '', ( 0.0453110604642230, 0.00800000000001047, -0.00740052578359661 ) );
#1233 = CARTESIAN_POINT( '', ( 0.0448420992565260, 0.00800000000001044, -0.00501097950598376 ) );
#1234 = CARTESIAN_POINT( '', ( 0.0443211773157974, 0.00800000000001027, -0.00241761795474482 ) );
#1235 = CARTESIAN_POINT( '', ( 0.0439778705055428, 0.00800000000001044, -0.000223265410761945 ) );
#1236 = CARTESIAN_POINT( '', ( 0.0438537192348063, 0.00800000000000987, 0.00154727173468858 ) );
#1237 = CARTESIAN_POINT( '', ( 0.0438391238589553, 0.00800000000001057, 0.00335636618685024 ) );
#1238 = CARTESIAN_POINT( '', ( 0.0440388360552982, 0.00800000000000983, 0.00554617161783416 ) );
#1239 = CARTESIAN_POINT( '', ( 0.0445624506105885, 0.00800000000001035, 0.00809032161915906 ) );
#1240 = CARTESIAN_POINT( '', ( 0.0451876208150813, 0.00800000000001035, 0.0102437941525081 ) );
#1241 = CARTESIAN_POINT( '', ( 0.0458025435633922, 0.00800000000001013, 0.0121721456409037 ) );
#1242 = CARTESIAN_POINT( '', ( 0.0465809238716649, 0.00800000000001015, 0.0144262189351137 ) );
#1243 = CARTESIAN_POINT( '', ( 0.0472685256805760, 0.00800000000001010, 0.0161656966435165 ) );
#1244 = CARTESIAN_POINT( '', ( 0.0477819968870068, 0.00800000000001038, 0.0173285314308515 ) );
#1250 = CARTESIAN_POINT( '', ( 0.0436819008901700, 0.00800000000000000, -0.0166355228162200 ) );
#1253 = CARTESIAN_POINT( '', ( 0.0436819008901736, 0.00799999999999952, -0.0166355228162158 ) );
#1254 = CARTESIAN_POINT( '', ( 0.0438866516551513, 0.00799999999999939, -0.0166027235224629 ) );
#1255 = CARTESIAN_POINT( '', ( 0.0442989806616878, 0.00799999999999952, -0.0165172987773156 ) );
#1256 = CARTESIAN_POINT( '', ( 0.0450005652928613, 0.00799999999999996, -0.0162941281213629 ) );
#1257 = CARTESIAN_POINT( '', ( 0.0457774059595937, 0.00799999999999965, -0.0159064411790806 ) );
#1258 = CARTESIAN_POINT( '', ( 0.0465378386922861, 0.00799999999999960, -0.0152863033840469 ) );
#1259 = CARTESIAN_POINT( '', ( 0.0471484444462716, 0.00799999999999943, -0.0144879336468175 ) );
#1260 = CARTESIAN_POINT( '', ( 0.0477075874175292, 0.00799999999999948, -0.0132799450519395 ) );
#1261 = CARTESIAN_POINT( '', ( 0.0480020324006805, 0.00799999999999976, -0.0115629559086663 ) );
#1262 = CARTESIAN_POINT( '', ( 0.0479211853485655, 0.00799999999999942, -0.00937280838139647 ) );
#1263 = CARTESIAN_POINT( '', ( 0.0475754510737686, 0.00799999999999925, -0.00699270854925739 ) );
#1264 = CARTESIAN_POINT( '', ( 0.0470947403239054, 0.00799999999999928, -0.00454723710795324 ) );
#1265 = CARTESIAN_POINT( '', ( 0.0465818414814627, 0.00799999999999945, -0.00199138168716333 ) );
#1266 = CARTESIAN_POINT( '', ( 0.0462636045648789, 0.00799999999999927, 5.79243341251557E-05 ) );
#1267 = CARTESIAN_POINT( '', ( 0.0461536001332336, 0.00799999999999985, 0.00163618296154357 ) );
#1268 = CARTESIAN_POINT( '', ( 0.0461404143778348, 0.00799999999999915, 0.00325095872097676 ) );
#1269 = CARTESIAN_POINT( '', ( 0.0463180336513219, 0.00799999999999989, 0.00520107661846085 ) );
#1270 = CARTESIAN_POINT( '', ( 0.0467924651488415, 0.00799999999999937, 0.00751807456635410 ) );
#1271 = CARTESIAN_POINT( '', ( 0.0473873889043587, 0.00799999999999937, 0.00957158201809879 ) );
#1272 = CARTESIAN_POINT( '', ( 0.0479862485712393, 0.00799999999999959, 0.0114494020241263 ) );
#1273 = CARTESIAN_POINT( '', ( 0.0487371739630758, 0.00799999999999957, 0.0136236108874030 ) );
#1274 = CARTESIAN_POINT( '', ( 0.0493968077145464, 0.00799999999999963, 0.0152916100952927 ) );
#1275 = CARTESIAN_POINT( '', ( 0.0498860031129955, 0.00799999999999934, 0.0163994685691516 ) );
#1281 = CARTESIAN_POINT( '', ( 0.0435000000000000, 0.00915000000000000, -0.0155000000000000 ) );
#1282 = AXIS2_PLACEMENT_3D( '', #1378, #1379, #1380 );
#1283 = CARTESIAN_POINT( '', ( 0.0435000000000084, 0.00915000000000021, -0.0154999999999999 ) );
#1284 = CARTESIAN_POINT( '', ( 0.0435000139360269, 0.00914918502165156, -0.0154668158942382 ) );
#1285 = CARTESIAN_POINT( '', ( 0.0435000432469609, 0.00914747091826771, -0.0153970214167892 ) );
#1286 = CARTESIAN_POINT( '', ( 0.0435001070851173, 0.00913256543825912, -0.0152878831805889 ) );
#1287 = CARTESIAN_POINT( '', ( 0.0435000216599368, 0.00910540257608692, -0.0151703010957052 ) );
#1288 = CARTESIAN_POINT( '', ( 0.0435000561330102, 0.00905284069202932, -0.0150193930556436 ) );
#1289 = CARTESIAN_POINT( '', ( 0.0434992848633678, 0.00896018370699590, -0.0148444060512240 ) );
#1290 = CARTESIAN_POINT( '', ( 0.0435000080608581, 0.00881193867072273, -0.0146620255281475 ) );
#1291 = CARTESIAN_POINT( '', ( 0.0435007486054734, 0.00862816104955531, -0.0145117425503423 ) );
#1292 = CARTESIAN_POINT( '', ( 0.0434997498681194, 0.00842118227854314, -0.0144054886329291 ) );
#1293 = CARTESIAN_POINT( '', ( 0.0434997527676322, 0.00820953004163607, -0.0143426449877659 ) );
#1294 = CARTESIAN_POINT( '', ( 0.0434999196241458, 0.00806811873966656, -0.0143351449010634 ) );
#1295 = CARTESIAN_POINT( '', ( 0.0435000000000086, 0.00800000000001000, -0.0143315320607431 ) );
#1296 = COLOUR_RGB( '', 0.376470595600000, 0.415686279500000, 0.450980395100000 );
#1297 = CARTESIAN_POINT( '', ( 0.0435000000000000, 0.00685000000000000, -0.0155000000000000 ) );
#1298 = AXIS2_PLACEMENT_3D( '', #1381, #1382, #1383 );
#1299 = CARTESIAN_POINT( '', ( 0.0435000000000100, 0.00685000000001000, -0.0155000000000100 ) );
#1300 = VECTOR( '', #1384, 1.00000000000000 );
#1301 = COLOUR_RGB( '', 0.376470595600000, 0.415686279500000, 0.450980395100000 );
#1302 = CARTESIAN_POINT( '', ( 0.0435000000000000, -0.0137500000000000, -0.0175000000000000 ) );
#1303 = CARTESIAN_POINT( '', ( -0.0435000000000000, -0.0137500000000000, -0.0175000000000000 ) );
#1304 = CARTESIAN_POINT( '', ( 0.0435000000000100, -0.0137500000000100, -0.0175000000000100 ) );
#1305 = VECTOR( '', #1385, 1.00000000000000 );
#1306 = CARTESIAN_POINT( '', ( 0.0435000000000100, -0.0137500000000100, 0.0175000000000100 ) );
#1307 = VECTOR( '', #1386, 1.00000000000000 );
#1308 = CARTESIAN_POINT( '', ( -0.0435000000000100, -0.0137500000000100, -0.0175000000000100 ) );
#1309 = VECTOR( '', #1387, 1.00000000000000 );
#1310 = COLOUR_RGB( '', 0.376470595600000, 0.415686279500000, 0.450980395100000 );
#1311 = CARTESIAN_POINT( '', ( 0.0435000000000000, 0.0137500000000000, -0.0175000000000000 ) );
#1312 = CARTESIAN_POINT( '', ( 0.0435000000000100, 0.0137500000000100, 0.0175000000000100 ) );
#1313 = VECTOR( '', #1388, 1.00000000000000 );
#1314 = CARTESIAN_POINT( '', ( -0.0435000000000000, 0.0137500000000000, -0.0175000000000000 ) );
#1315 = CARTESIAN_POINT( '', ( 0.0435000000000100, 0.0137500000000100, -0.0175000000000100 ) );
#1316 = VECTOR( '', #1389, 1.00000000000000 );
#1317 = CARTESIAN_POINT( '', ( -0.0435000000000100, 0.0137500000000100, -0.0175000000000100 ) );
#1318 = VECTOR( '', #1390, 1.00000000000000 );
#1319 = COLOUR_RGB( '', 0.376470595600000, 0.415686279500000, 0.450980395100000 );
#1320 = CARTESIAN_POINT( '', ( 0.0435000000000086, 0.00800000000001000, -0.0143315320607431 ) );
#1321 = CARTESIAN_POINT( '', ( 0.0434999874754159, 0.00796416865529722, -0.0143325241521969 ) );
#1322 = CARTESIAN_POINT( '', ( 0.0434999620822255, 0.00789152180910861, -0.0143345355842496 ) );
#1323 = CARTESIAN_POINT( '', ( 0.0434999068343451, 0.00778221567061648, -0.0143510354866969 ) );
#1324 = CARTESIAN_POINT( '', ( 0.0434999337963193, 0.00767250811871207, -0.0143780869929107 ) );
#1325 = CARTESIAN_POINT( '', ( 0.0435000194959154, 0.00753473612249861, -0.0144274497343438 ) );
#1326 = CARTESIAN_POINT( '', ( 0.0434998080424865, 0.00736609606256107, -0.0145166967723050 ) );
#1327 = CARTESIAN_POINT( '', ( 0.0435000634974747, 0.00718861912470270, -0.0146614881746190 ) );
#1328 = CARTESIAN_POINT( '', ( 0.0434999501045166, 0.00705411456511475, -0.0148267842469194 ) );
#1329 = CARTESIAN_POINT( '', ( 0.0435001049875429, 0.00697832629633548, -0.0149601990611231 ) );
#1330 = CARTESIAN_POINT( '', ( 0.0434998922706735, 0.00691329920868192, -0.0151068740993634 ) );
#1331 = CARTESIAN_POINT( '', ( 0.0435001659659924, 0.00686149411259876, -0.0152769400814058 ) );
#1332 = CARTESIAN_POINT( '', ( 0.0435000518454491, 0.00685359059922140, -0.0154303192166266 ) );
#1333 = CARTESIAN_POINT( '', ( 0.0435000000000084, 0.00684999999999979, -0.0154999999999999 ) );
#1334 = COLOUR_RGB( '', 0.376470595600000, 0.415686279500000, 0.450980395100000 );
#1335 = CARTESIAN_POINT( '', ( -0.0435000000000100, -0.0137500000000100, -0.0175000000000100 ) );
#1336 = VECTOR( '', #1391, 1.00000000000000 );
#1337 = CARTESIAN_POINT( '', ( 0.0435000000000100, -0.0137500000000100, -0.0175000000000100 ) );
#1338 = VECTOR( '', #1392, 1.00000000000000 );
#1339 = COLOUR_RGB( '', 0.376470595600000, 0.415686279500000, 0.450980395100000 );
#1340 = COLOUR_RGB( '', 0.376470595600000, 0.415686279500000, 0.450980395100000 );
#1341 = AXIS2_PLACEMENT_3D( '', #1393, #1394, #1395 );
#1342 = CARTESIAN_POINT( '', ( 0.0435000000000086, -0.00800000000001000, -0.0143315320607431 ) );
#1343 = CARTESIAN_POINT( '', ( 0.0434999875135908, -0.00803582674811894, -0.0143325238878813 ) );
#1344 = CARTESIAN_POINT( '', ( 0.0434999621981951, -0.00810846313744433, -0.0143345347525552 ) );
#1345 = CARTESIAN_POINT( '', ( 0.0434999073820108, -0.00821775211492172, -0.0143510296606336 ) );
#1346 = CARTESIAN_POINT( '', ( 0.0434999346404890, -0.00832743978856116, -0.0143780718968913 ) );
#1347 = CARTESIAN_POINT( '', ( 0.0435000211062100, -0.00846520722079199, -0.0144274238991993 ) );
#1348 = CARTESIAN_POINT( '', ( 0.0434998065460652, -0.00863389654422833, -0.0145166849992167 ) );
#1349 = CARTESIAN_POINT( '', ( 0.0435000633614755, -0.00881140425200608, -0.0146615066717271 ) );
#1350 = CARTESIAN_POINT( '', ( 0.0434999517170324, -0.00894587866601690, -0.0148267859896024 ) );
#1351 = CARTESIAN_POINT( '', ( 0.0435001041351990, -0.00902166251485538, -0.0149601793585654 ) );
#1352 = CARTESIAN_POINT( '', ( 0.0434998920930256, -0.00908669248340314, -0.0151068432643019 ) );
#1353 = CARTESIAN_POINT( '', ( 0.0435001657460368, -0.00913850750590421, -0.0152769577357991 ) );
#1354 = CARTESIAN_POINT( '', ( 0.0435000517771523, -0.00914640987765394, -0.0154303241741800 ) );
#1355 = CARTESIAN_POINT( '', ( 0.0435000000000084, -0.00915000000000021, -0.0154999999999999 ) );
#1356 = COLOUR_RGB( '', 0.376470595600000, 0.415686279500000, 0.450980395100000 );
#1357 = COLOUR_RGB( '', 0.376470595600000, 0.415686279500000, 0.450980395100000 );
#1358 = CARTESIAN_POINT( '', ( 0.0488340000000100, 0.00800000000001000, 0.0168640000000100 ) );
#1359 = DIRECTION( '', ( 0.403940374648663, 0.00000000000000, 0.914785315649906 ) );
#1360 = DIRECTION( '', ( -0.914785315649906, 0.00000000000000, 0.403940374648663 ) );
#1361 = CARTESIAN_POINT( '', ( 0.0488340000000100, 0.00800000000001000, 0.0168640000000100 ) );
#1362 = DIRECTION( '', ( 0.403940374648663, 0.00000000000000, 0.914785315649906 ) );
#1363 = DIRECTION( '', ( 0.914785315649906, 0.00000000000000, -0.403940374648663 ) );
#1364 = DIRECTION( '', ( 0.00000000000000, -1.00000000000000, 0.00000000000000 ) );
#1365 = CARTESIAN_POINT( '', ( 0.0435000000000100, -0.00800000000001000, -0.0155000000000100 ) );
#1366 = DIRECTION( '', ( -0.987411144537083, 0.00000000000000, -0.158174687115124 ) );
#1367 = DIRECTION( '', ( 9.97030463110193E-28, 1.00000000000000, 0.00000000000000 ) );
#1368 = CARTESIAN_POINT( '', ( 0.0435000000000100, -0.00800000000001000, -0.0155000000000100 ) );
#1369 = DIRECTION( '', ( -0.987411144537083, 0.00000000000000, -0.158174687115124 ) );
#1370 = DIRECTION( '', ( 0.158174687115124, 0.00000000000000, -0.987411144537083 ) );
#1371 = DIRECTION( '', ( 0.00000000000000, 1.00000000000000, 0.00000000000000 ) );
#1372 = DIRECTION( '', ( 1.00000000000000, 0.00000000000000, 0.00000000000000 ) );
#1373 = DIRECTION( '', ( 0.00000000000000, 1.00000000000000, 0.00000000000000 ) );
#1374 = DIRECTION( '', ( 1.00000000000000, 0.00000000000000, 0.00000000000000 ) );
#1375 = CARTESIAN_POINT( '', ( 0.0488340000000100, -0.00800000000001000, 0.0168640000000100 ) );
#1376 = DIRECTION( '', ( -0.403940374648663, 0.00000000000000, -0.914785315649906 ) );
#1377 = DIRECTION( '', ( -0.914785315649906, 0.00000000000000, 0.403940374648663 ) );
#1378 = CARTESIAN_POINT( '', ( 0.0435000000000100, 0.00800000000001000, -0.0155000000000100 ) );
#1379 = DIRECTION( '', ( 0.987411144537083, 0.00000000000000, 0.158174687115124 ) );
#1380 = DIRECTION( '', ( 0.158174687115124, 0.00000000000000, -0.987411144537083 ) );
#1381 = CARTESIAN_POINT( '', ( 0.0435000000000100, 0.00800000000001000, -0.0155000000000100 ) );
#1382 = DIRECTION( '', ( 0.987411144537083, 0.00000000000000, 0.158174687115124 ) );
#1383 = DIRECTION( '', ( 9.97030463110193E-28, -1.00000000000000, 0.00000000000000 ) );
#1384 = DIRECTION( '', ( 0.00000000000000, 1.00000000000000, 0.00000000000000 ) );
#1385 = DIRECTION( '', ( -1.00000000000000, 0.00000000000000, 0.00000000000000 ) );
#1386 = DIRECTION( '', ( 0.00000000000000, 0.00000000000000, -1.00000000000000 ) );
#1387 = DIRECTION( '', ( 0.00000000000000, 0.00000000000000, 1.00000000000000 ) );
#1388 = DIRECTION( '', ( 0.00000000000000, 0.00000000000000, -1.00000000000000 ) );
#1389 = DIRECTION( '', ( -1.00000000000000, 0.00000000000000, 0.00000000000000 ) );
#1390 = DIRECTION( '', ( 0.00000000000000, 0.00000000000000, 1.00000000000000 ) );
#1391 = DIRECTION( '', ( 0.00000000000000, 1.00000000000000, 0.00000000000000 ) );
#1392 = DIRECTION( '', ( 0.00000000000000, 1.00000000000000, 0.00000000000000 ) );
#1393 = CARTESIAN_POINT( '', ( 0.0488340000000100, -0.00800000000001000, 0.0168640000000100 ) );
#1394 = DIRECTION( '', ( -0.403940374648663, 0.00000000000000, -0.914785315649906 ) );
#1395 = DIRECTION( '', ( 0.914785315649906, 0.00000000000000, -0.403940374648663 ) );
ENDSEC;
END-ISO-10303-21;
