ISO-10303-21;
HEADER;
FILE_DESCRIPTION( ( '' ), ' ' );
FILE_NAME( '/vol/tmp/translate-1962887599880460422/589d38cac139c90fab49b5ab.step', '2017-02-10T03:51:39', ( '' ), ( '' ), ' ', ' ', ' ' );
FILE_SCHEMA( ( 'AUTOMOTIVE_DESIGN { 1 0 10303 214 1 1 1 1 }' ) );
ENDSEC;
DATA;
#1 = MECHANICAL_DESIGN_GEOMETRIC_PRESENTATION_REPRESENTATION( ' ', ( #10, #11, #12, #13, #14, #15, #16, #17, #18, #19, #20, #21, #22, #23, #24, #25, #26, #27, #28, #29, #30, #31, #32, #33, #34, #35, #36, #37, #38, #39, #40, #41, #42, #43, #44, #45, #46, #47, #48, #49, #50, #51, #52, #53, #54, #55, #56, #57, #58, #59, #60, #61, #62, #63, #64, #65, #66, #67, #68, #69, #70, #71, #72, #73, #74, #75, #76, #77, #78, #79, #80, #81, #82, #83, #84, #85, #86, #87, #88, #89, #90, #91, #92, #93, #94, #95, #96, #97, #98, #99, #100, #101, #102, #103, #104, #105, #106, #107, #108, #109, #110, #111, #112, #113, #114, #115, #116, #117, #118, #119, #120, #121, #122, #123, #124, #125, #126, #127, #128, #129, #130, #131, #132, #133, #134, #135, #136, #137, #138, #139, #140, #141, #142, #143, #144, #145, #146, #147, #148, #149, #150, #151, #152, #153, #154, #155, #156, #157, #158, #159, #160, #161, #162, #163, #164, #165, #166, #167, #168, #169, #170, #171, #172, #173, #174, #175, #176, #177, #178, #179, #180, #181, #182, #183, #184, #185, #186, #187, #188, #189, #190, #191, #192, #193, #194, #195, #196, #197, #198, #199, #200, #201, #202, #203, #204, #205, #206, #207, #208, #209, #210, #211, #212, #213, #214, #215, #216, #217, #218, #219, #220, #221, #222, #223, #224, #225, #226, #227, #228, #229 ), #6 );
#2 = PRODUCT_DEFINITION_CONTEXT( '', #230, 'design' );
#3 = APPLICATION_PROTOCOL_DEFINITION( 'international standard', 'automotive_design', 2001, #230 );
#4 = PRODUCT_CATEGORY_RELATIONSHIP( 'NONE', 'NONE', #231, #232 );
#5 = SHAPE_DEFINITION_REPRESENTATION( #233, #234 );
#6 =  ( GEOMETRIC_REPRESENTATION_CONTEXT( 3 )GLOBAL_UNCERTAINTY_ASSIGNED_CONTEXT( ( #237 ) )GLOBAL_UNIT_ASSIGNED_CONTEXT( ( #239, #240, #241 ) )REPRESENTATION_CONTEXT( 'NONE', 'WORKSPACE' ) );
#10 = STYLED_ITEM( '', ( #243 ), #244 );
#11 = STYLED_ITEM( '', ( #245 ), #246 );
#12 = STYLED_ITEM( '', ( #247 ), #248 );
#13 = STYLED_ITEM( '', ( #249 ), #250 );
#14 = STYLED_ITEM( '', ( #251 ), #252 );
#15 = STYLED_ITEM( '', ( #253 ), #254 );
#16 = STYLED_ITEM( '', ( #255 ), #256 );
#17 = STYLED_ITEM( '', ( #257 ), #258 );
#18 = STYLED_ITEM( '', ( #259 ), #260 );
#19 = STYLED_ITEM( '', ( #261 ), #262 );
#20 = STYLED_ITEM( '', ( #263 ), #264 );
#21 = STYLED_ITEM( '', ( #265 ), #266 );
#22 = STYLED_ITEM( '', ( #267 ), #268 );
#23 = STYLED_ITEM( '', ( #269 ), #270 );
#24 = STYLED_ITEM( '', ( #271 ), #272 );
#25 = STYLED_ITEM( '', ( #273 ), #274 );
#26 = STYLED_ITEM( '', ( #275 ), #276 );
#27 = STYLED_ITEM( '', ( #277 ), #278 );
#28 = STYLED_ITEM( '', ( #279 ), #280 );
#29 = STYLED_ITEM( '', ( #281 ), #282 );
#30 = STYLED_ITEM( '', ( #283 ), #284 );
#31 = STYLED_ITEM( '', ( #285 ), #286 );
#32 = STYLED_ITEM( '', ( #287 ), #288 );
#33 = STYLED_ITEM( '', ( #289 ), #290 );
#34 = STYLED_ITEM( '', ( #291 ), #292 );
#35 = STYLED_ITEM( '', ( #293 ), #294 );
#36 = STYLED_ITEM( '', ( #295 ), #296 );
#37 = STYLED_ITEM( '', ( #297 ), #298 );
#38 = STYLED_ITEM( '', ( #299 ), #300 );
#39 = STYLED_ITEM( '', ( #301 ), #302 );
#40 = STYLED_ITEM( '', ( #303 ), #304 );
#41 = STYLED_ITEM( '', ( #305 ), #306 );
#42 = STYLED_ITEM( '', ( #307 ), #308 );
#43 = STYLED_ITEM( '', ( #309 ), #310 );
#44 = STYLED_ITEM( '', ( #311 ), #312 );
#45 = STYLED_ITEM( '', ( #313 ), #314 );
#46 = STYLED_ITEM( '', ( #315 ), #316 );
#47 = STYLED_ITEM( '', ( #317 ), #318 );
#48 = STYLED_ITEM( '', ( #319 ), #320 );
#49 = STYLED_ITEM( '', ( #321 ), #322 );
#50 = STYLED_ITEM( '', ( #323 ), #324 );
#51 = STYLED_ITEM( '', ( #325 ), #326 );
#52 = STYLED_ITEM( '', ( #327 ), #328 );
#53 = STYLED_ITEM( '', ( #329 ), #330 );
#54 = STYLED_ITEM( '', ( #331 ), #332 );
#55 = STYLED_ITEM( '', ( #333 ), #334 );
#56 = STYLED_ITEM( '', ( #335 ), #336 );
#57 = STYLED_ITEM( '', ( #337 ), #338 );
#58 = STYLED_ITEM( '', ( #339 ), #340 );
#59 = STYLED_ITEM( '', ( #341 ), #342 );
#60 = STYLED_ITEM( '', ( #343 ), #344 );
#61 = STYLED_ITEM( '', ( #345 ), #346 );
#62 = STYLED_ITEM( '', ( #347 ), #348 );
#63 = STYLED_ITEM( '', ( #349 ), #350 );
#64 = STYLED_ITEM( '', ( #351 ), #352 );
#65 = STYLED_ITEM( '', ( #353 ), #354 );
#66 = STYLED_ITEM( '', ( #355 ), #356 );
#67 = STYLED_ITEM( '', ( #357 ), #358 );
#68 = STYLED_ITEM( '', ( #359 ), #360 );
#69 = STYLED_ITEM( '', ( #361 ), #362 );
#70 = STYLED_ITEM( '', ( #363 ), #364 );
#71 = STYLED_ITEM( '', ( #365 ), #366 );
#72 = STYLED_ITEM( '', ( #367 ), #368 );
#73 = STYLED_ITEM( '', ( #369 ), #370 );
#74 = STYLED_ITEM( '', ( #371 ), #372 );
#75 = STYLED_ITEM( '', ( #373 ), #374 );
#76 = STYLED_ITEM( '', ( #375 ), #376 );
#77 = STYLED_ITEM( '', ( #377 ), #378 );
#78 = STYLED_ITEM( '', ( #379 ), #380 );
#79 = STYLED_ITEM( '', ( #381 ), #382 );
#80 = STYLED_ITEM( '', ( #383 ), #384 );
#81 = STYLED_ITEM( '', ( #385 ), #386 );
#82 = STYLED_ITEM( '', ( #387 ), #388 );
#83 = STYLED_ITEM( '', ( #389 ), #390 );
#84 = STYLED_ITEM( '', ( #391 ), #392 );
#85 = STYLED_ITEM( '', ( #393 ), #394 );
#86 = STYLED_ITEM( '', ( #395 ), #396 );
#87 = STYLED_ITEM( '', ( #397 ), #398 );
#88 = STYLED_ITEM( '', ( #399 ), #400 );
#89 = STYLED_ITEM( '', ( #401 ), #402 );
#90 = STYLED_ITEM( '', ( #403 ), #404 );
#91 = STYLED_ITEM( '', ( #405 ), #406 );
#92 = STYLED_ITEM( '', ( #407 ), #408 );
#93 = STYLED_ITEM( '', ( #409 ), #410 );
#94 = STYLED_ITEM( '', ( #411 ), #412 );
#95 = STYLED_ITEM( '', ( #413 ), #414 );
#96 = STYLED_ITEM( '', ( #415 ), #416 );
#97 = STYLED_ITEM( '', ( #417 ), #418 );
#98 = STYLED_ITEM( '', ( #419 ), #420 );
#99 = STYLED_ITEM( '', ( #421 ), #422 );
#100 = STYLED_ITEM( '', ( #423 ), #424 );
#101 = STYLED_ITEM( '', ( #425 ), #426 );
#102 = STYLED_ITEM( '', ( #427 ), #428 );
#103 = STYLED_ITEM( '', ( #429 ), #430 );
#104 = STYLED_ITEM( '', ( #431 ), #432 );
#105 = STYLED_ITEM( '', ( #433 ), #434 );
#106 = STYLED_ITEM( '', ( #435 ), #436 );
#107 = STYLED_ITEM( '', ( #437 ), #438 );
#108 = STYLED_ITEM( '', ( #439 ), #440 );
#109 = STYLED_ITEM( '', ( #441 ), #442 );
#110 = STYLED_ITEM( '', ( #443 ), #444 );
#111 = STYLED_ITEM( '', ( #445 ), #446 );
#112 = STYLED_ITEM( '', ( #447 ), #448 );
#113 = STYLED_ITEM( '', ( #449 ), #450 );
#114 = STYLED_ITEM( '', ( #451 ), #452 );
#115 = STYLED_ITEM( '', ( #453 ), #454 );
#116 = STYLED_ITEM( '', ( #455 ), #456 );
#117 = STYLED_ITEM( '', ( #457 ), #458 );
#118 = STYLED_ITEM( '', ( #459 ), #460 );
#119 = STYLED_ITEM( '', ( #461 ), #462 );
#120 = STYLED_ITEM( '', ( #463 ), #464 );
#121 = STYLED_ITEM( '', ( #465 ), #466 );
#122 = STYLED_ITEM( '', ( #467 ), #468 );
#123 = STYLED_ITEM( '', ( #469 ), #470 );
#124 = STYLED_ITEM( '', ( #471 ), #472 );
#125 = STYLED_ITEM( '', ( #473 ), #474 );
#126 = STYLED_ITEM( '', ( #475 ), #476 );
#127 = STYLED_ITEM( '', ( #477 ), #478 );
#128 = STYLED_ITEM( '', ( #479 ), #480 );
#129 = STYLED_ITEM( '', ( #481 ), #482 );
#130 = STYLED_ITEM( '', ( #483 ), #484 );
#131 = STYLED_ITEM( '', ( #485 ), #486 );
#132 = STYLED_ITEM( '', ( #487 ), #488 );
#133 = STYLED_ITEM( '', ( #489 ), #490 );
#134 = STYLED_ITEM( '', ( #491 ), #492 );
#135 = STYLED_ITEM( '', ( #493 ), #494 );
#136 = STYLED_ITEM( '', ( #495 ), #496 );
#137 = STYLED_ITEM( '', ( #497 ), #498 );
#138 = STYLED_ITEM( '', ( #499 ), #500 );
#139 = STYLED_ITEM( '', ( #501 ), #502 );
#140 = STYLED_ITEM( '', ( #503 ), #504 );
#141 = STYLED_ITEM( '', ( #505 ), #506 );
#142 = STYLED_ITEM( '', ( #507 ), #508 );
#143 = STYLED_ITEM( '', ( #509 ), #510 );
#144 = STYLED_ITEM( '', ( #511 ), #512 );
#145 = STYLED_ITEM( '', ( #513 ), #514 );
#146 = STYLED_ITEM( '', ( #515 ), #516 );
#147 = STYLED_ITEM( '', ( #517 ), #518 );
#148 = STYLED_ITEM( '', ( #519 ), #520 );
#149 = STYLED_ITEM( '', ( #521 ), #522 );
#150 = STYLED_ITEM( '', ( #523 ), #524 );
#151 = STYLED_ITEM( '', ( #525 ), #526 );
#152 = STYLED_ITEM( '', ( #527 ), #528 );
#153 = STYLED_ITEM( '', ( #529 ), #530 );
#154 = STYLED_ITEM( '', ( #531 ), #532 );
#155 = STYLED_ITEM( '', ( #533 ), #534 );
#156 = STYLED_ITEM( '', ( #535 ), #536 );
#157 = STYLED_ITEM( '', ( #537 ), #538 );
#158 = STYLED_ITEM( '', ( #539 ), #540 );
#159 = STYLED_ITEM( '', ( #541 ), #542 );
#160 = STYLED_ITEM( '', ( #543 ), #544 );
#161 = STYLED_ITEM( '', ( #545 ), #546 );
#162 = STYLED_ITEM( '', ( #547 ), #548 );
#163 = STYLED_ITEM( '', ( #549 ), #550 );
#164 = STYLED_ITEM( '', ( #551 ), #552 );
#165 = STYLED_ITEM( '', ( #553 ), #554 );
#166 = STYLED_ITEM( '', ( #555 ), #556 );
#167 = STYLED_ITEM( '', ( #557 ), #558 );
#168 = STYLED_ITEM( '', ( #559 ), #560 );
#169 = STYLED_ITEM( '', ( #561 ), #562 );
#170 = STYLED_ITEM( '', ( #563 ), #564 );
#171 = STYLED_ITEM( '', ( #565 ), #566 );
#172 = STYLED_ITEM( '', ( #567 ), #568 );
#173 = STYLED_ITEM( '', ( #569 ), #570 );
#174 = STYLED_ITEM( '', ( #571 ), #572 );
#175 = STYLED_ITEM( '', ( #573 ), #574 );
#176 = STYLED_ITEM( '', ( #575 ), #576 );
#177 = STYLED_ITEM( '', ( #577 ), #578 );
#178 = STYLED_ITEM( '', ( #579 ), #580 );
#179 = STYLED_ITEM( '', ( #581 ), #582 );
#180 = STYLED_ITEM( '', ( #583 ), #584 );
#181 = STYLED_ITEM( '', ( #585 ), #586 );
#182 = STYLED_ITEM( '', ( #587 ), #588 );
#183 = STYLED_ITEM( '', ( #589 ), #590 );
#184 = STYLED_ITEM( '', ( #591 ), #592 );
#185 = STYLED_ITEM( '', ( #593 ), #594 );
#186 = STYLED_ITEM( '', ( #595 ), #596 );
#187 = STYLED_ITEM( '', ( #597 ), #598 );
#188 = STYLED_ITEM( '', ( #599 ), #600 );
#189 = STYLED_ITEM( '', ( #601 ), #602 );
#190 = STYLED_ITEM( '', ( #603 ), #604 );
#191 = STYLED_ITEM( '', ( #605 ), #606 );
#192 = STYLED_ITEM( '', ( #607 ), #608 );
#193 = STYLED_ITEM( '', ( #609 ), #610 );
#194 = STYLED_ITEM( '', ( #611 ), #612 );
#195 = STYLED_ITEM( '', ( #613 ), #614 );
#196 = STYLED_ITEM( '', ( #615 ), #616 );
#197 = STYLED_ITEM( '', ( #617 ), #618 );
#198 = STYLED_ITEM( '', ( #619 ), #620 );
#199 = STYLED_ITEM( '', ( #621 ), #622 );
#200 = STYLED_ITEM( '', ( #623 ), #624 );
#201 = STYLED_ITEM( '', ( #625 ), #626 );
#202 = STYLED_ITEM( '', ( #627 ), #628 );
#203 = STYLED_ITEM( '', ( #629 ), #630 );
#204 = STYLED_ITEM( '', ( #631 ), #632 );
#205 = STYLED_ITEM( '', ( #633 ), #634 );
#206 = STYLED_ITEM( '', ( #635 ), #636 );
#207 = STYLED_ITEM( '', ( #637 ), #638 );
#208 = STYLED_ITEM( '', ( #639 ), #640 );
#209 = STYLED_ITEM( '', ( #641 ), #642 );
#210 = STYLED_ITEM( '', ( #643 ), #644 );
#211 = STYLED_ITEM( '', ( #645 ), #646 );
#212 = STYLED_ITEM( '', ( #647 ), #648 );
#213 = STYLED_ITEM( '', ( #649 ), #650 );
#214 = STYLED_ITEM( '', ( #651 ), #652 );
#215 = STYLED_ITEM( '', ( #653 ), #654 );
#216 = STYLED_ITEM( '', ( #655 ), #656 );
#217 = STYLED_ITEM( '', ( #657 ), #658 );
#218 = STYLED_ITEM( '', ( #659 ), #660 );
#219 = STYLED_ITEM( '', ( #661 ), #662 );
#220 = STYLED_ITEM( '', ( #663 ), #664 );
#221 = STYLED_ITEM( '', ( #665 ), #666 );
#222 = STYLED_ITEM( '', ( #667 ), #668 );
#223 = STYLED_ITEM( '', ( #669 ), #670 );
#224 = STYLED_ITEM( '', ( #671 ), #672 );
#225 = STYLED_ITEM( '', ( #673 ), #674 );
#226 = STYLED_ITEM( '', ( #675 ), #676 );
#227 = STYLED_ITEM( '', ( #677 ), #678 );
#228 = STYLED_ITEM( '', ( #679 ), #680 );
#229 = STYLED_ITEM( '', ( #681 ), #682 );
#230 = APPLICATION_CONTEXT( 'core data for automotive mechanical design processes' );
#231 = PRODUCT_CATEGORY( 'part', 'NONE' );
#232 = PRODUCT_RELATED_PRODUCT_CATEGORY( 'detail', ' ', ( #683 ) );
#233 = PRODUCT_DEFINITION_SHAPE( 'NONE', 'NONE', #684 );
#234 = ADVANCED_BREP_SHAPE_REPRESENTATION( 'PR21_CASTER_CVR_3X5_REV6', ( #685, #686 ), #6 );
#237 = UNCERTAINTY_MEASURE_WITH_UNIT( LENGTH_MEASURE( 1.00000000000000E-06 ), #239, '', '' );
#239 =  ( CONVERSION_BASED_UNIT( 'METRE', #689 )LENGTH_UNIT(  )NAMED_UNIT( #692 ) );
#240 =  ( NAMED_UNIT( #694 )PLANE_ANGLE_UNIT(  )SI_UNIT( $, .RADIAN. ) );
#241 =  ( NAMED_UNIT( #694 )SI_UNIT( $, .STERADIAN. )SOLID_ANGLE_UNIT(  ) );
#243 = PRESENTATION_STYLE_ASSIGNMENT( ( #700 ) );
#244 = ADVANCED_FACE( '', ( #701 ), #702, .T. );
#245 = PRESENTATION_STYLE_ASSIGNMENT( ( #703 ) );
#246 = ADVANCED_FACE( '', ( #704 ), #705, .T. );
#247 = PRESENTATION_STYLE_ASSIGNMENT( ( #706 ) );
#248 = ADVANCED_FACE( '', ( #707 ), #708, .T. );
#249 = PRESENTATION_STYLE_ASSIGNMENT( ( #709 ) );
#250 = ADVANCED_FACE( '', ( #710 ), #711, .F. );
#251 = PRESENTATION_STYLE_ASSIGNMENT( ( #712 ) );
#252 = ADVANCED_FACE( '', ( #713, #714 ), #715, .F. );
#253 = PRESENTATION_STYLE_ASSIGNMENT( ( #716 ) );
#254 = ADVANCED_FACE( '', ( #717 ), #718, .T. );
#255 = PRESENTATION_STYLE_ASSIGNMENT( ( #719 ) );
#256 = ADVANCED_FACE( '', ( #720 ), #721, .F. );
#257 = PRESENTATION_STYLE_ASSIGNMENT( ( #722 ) );
#258 = ADVANCED_FACE( '', ( #723 ), #724, .T. );
#259 = PRESENTATION_STYLE_ASSIGNMENT( ( #725 ) );
#260 = ADVANCED_FACE( '', ( #726 ), #727, .F. );
#261 = PRESENTATION_STYLE_ASSIGNMENT( ( #728 ) );
#262 = ADVANCED_FACE( '', ( #729 ), #730, .T. );
#263 = PRESENTATION_STYLE_ASSIGNMENT( ( #731 ) );
#264 = ADVANCED_FACE( '', ( #732, #733 ), #734, .F. );
#265 = PRESENTATION_STYLE_ASSIGNMENT( ( #735 ) );
#266 = ADVANCED_FACE( '', ( #736 ), #737, .F. );
#267 = PRESENTATION_STYLE_ASSIGNMENT( ( #738 ) );
#268 = ADVANCED_FACE( '', ( #739 ), #740, .F. );
#269 = PRESENTATION_STYLE_ASSIGNMENT( ( #741 ) );
#270 = ADVANCED_FACE( '', ( #742 ), #743, .T. );
#271 = PRESENTATION_STYLE_ASSIGNMENT( ( #744 ) );
#272 = ADVANCED_FACE( '', ( #745 ), #746, .T. );
#273 = PRESENTATION_STYLE_ASSIGNMENT( ( #747 ) );
#274 = ADVANCED_FACE( '', ( #748 ), #749, .T. );
#275 = PRESENTATION_STYLE_ASSIGNMENT( ( #750 ) );
#276 = ADVANCED_FACE( '', ( #751 ), #752, .F. );
#277 = PRESENTATION_STYLE_ASSIGNMENT( ( #753 ) );
#278 = ADVANCED_FACE( '', ( #754 ), #755, .F. );
#279 = PRESENTATION_STYLE_ASSIGNMENT( ( #756 ) );
#280 = ADVANCED_FACE( '', ( #757 ), #758, .T. );
#281 = PRESENTATION_STYLE_ASSIGNMENT( ( #759 ) );
#282 = ADVANCED_FACE( '', ( #760 ), #761, .T. );
#283 = PRESENTATION_STYLE_ASSIGNMENT( ( #762 ) );
#284 = ADVANCED_FACE( '', ( #763 ), #764, .T. );
#285 = PRESENTATION_STYLE_ASSIGNMENT( ( #765 ) );
#286 = ADVANCED_FACE( '', ( #766 ), #767, .F. );
#287 = PRESENTATION_STYLE_ASSIGNMENT( ( #768 ) );
#288 = ADVANCED_FACE( '', ( #769 ), #770, .T. );
#289 = PRESENTATION_STYLE_ASSIGNMENT( ( #771 ) );
#290 = ADVANCED_FACE( '', ( #772 ), #773, .T. );
#291 = PRESENTATION_STYLE_ASSIGNMENT( ( #774 ) );
#292 = ADVANCED_FACE( '', ( #775, #776 ), #777, .F. );
#293 = PRESENTATION_STYLE_ASSIGNMENT( ( #778 ) );
#294 = ADVANCED_FACE( '', ( #779 ), #780, .F. );
#295 = PRESENTATION_STYLE_ASSIGNMENT( ( #781 ) );
#296 = ADVANCED_FACE( '', ( #782 ), #783, .F. );
#297 = PRESENTATION_STYLE_ASSIGNMENT( ( #784 ) );
#298 = ADVANCED_FACE( '', ( #785, #786 ), #787, .F. );
#299 = PRESENTATION_STYLE_ASSIGNMENT( ( #788 ) );
#300 = ADVANCED_FACE( '', ( #789 ), #790, .F. );
#301 = PRESENTATION_STYLE_ASSIGNMENT( ( #791 ) );
#302 = ADVANCED_FACE( '', ( #792 ), #793, .T. );
#303 = PRESENTATION_STYLE_ASSIGNMENT( ( #794 ) );
#304 = ADVANCED_FACE( '', ( #795 ), #796, .T. );
#305 = PRESENTATION_STYLE_ASSIGNMENT( ( #797 ) );
#306 = ADVANCED_FACE( '', ( #798 ), #799, .T. );
#307 = PRESENTATION_STYLE_ASSIGNMENT( ( #800 ) );
#308 = ADVANCED_FACE( '', ( #801 ), #802, .T. );
#309 = PRESENTATION_STYLE_ASSIGNMENT( ( #803 ) );
#310 = ADVANCED_FACE( '', ( #804 ), #805, .F. );
#311 = PRESENTATION_STYLE_ASSIGNMENT( ( #806 ) );
#312 = ADVANCED_FACE( '', ( #807 ), #808, .F. );
#313 = PRESENTATION_STYLE_ASSIGNMENT( ( #809 ) );
#314 = ADVANCED_FACE( '', ( #810 ), #811, .F. );
#315 = PRESENTATION_STYLE_ASSIGNMENT( ( #812 ) );
#316 = ADVANCED_FACE( '', ( #813 ), #814, .F. );
#317 = PRESENTATION_STYLE_ASSIGNMENT( ( #815 ) );
#318 = ADVANCED_FACE( '', ( #816 ), #817, .F. );
#319 = PRESENTATION_STYLE_ASSIGNMENT( ( #818 ) );
#320 = ADVANCED_FACE( '', ( #819 ), #820, .F. );
#321 = PRESENTATION_STYLE_ASSIGNMENT( ( #821 ) );
#322 = ADVANCED_FACE( '', ( #822, #823 ), #824, .F. );
#323 = PRESENTATION_STYLE_ASSIGNMENT( ( #825 ) );
#324 = ADVANCED_FACE( '', ( #826 ), #827, .T. );
#325 = PRESENTATION_STYLE_ASSIGNMENT( ( #828 ) );
#326 = ADVANCED_FACE( '', ( #829 ), #830, .T. );
#327 = PRESENTATION_STYLE_ASSIGNMENT( ( #831 ) );
#328 = ADVANCED_FACE( '', ( #832 ), #833, .F. );
#329 = PRESENTATION_STYLE_ASSIGNMENT( ( #834 ) );
#330 = ADVANCED_FACE( '', ( #835 ), #836, .T. );
#331 = PRESENTATION_STYLE_ASSIGNMENT( ( #837 ) );
#332 = ADVANCED_FACE( '', ( #838 ), #839, .F. );
#333 = PRESENTATION_STYLE_ASSIGNMENT( ( #840 ) );
#334 = ADVANCED_FACE( '', ( #841 ), #842, .F. );
#335 = PRESENTATION_STYLE_ASSIGNMENT( ( #843 ) );
#336 = ADVANCED_FACE( '', ( #844 ), #845, .T. );
#337 = PRESENTATION_STYLE_ASSIGNMENT( ( #846 ) );
#338 = ADVANCED_FACE( '', ( #847 ), #848, .T. );
#339 = PRESENTATION_STYLE_ASSIGNMENT( ( #849 ) );
#340 = ADVANCED_FACE( '', ( #850 ), #851, .T. );
#341 = PRESENTATION_STYLE_ASSIGNMENT( ( #852 ) );
#342 = ADVANCED_FACE( '', ( #853, #854 ), #855, .F. );
#343 = PRESENTATION_STYLE_ASSIGNMENT( ( #856 ) );
#344 = ADVANCED_FACE( '', ( #857 ), #858, .T. );
#345 = PRESENTATION_STYLE_ASSIGNMENT( ( #859 ) );
#346 = ADVANCED_FACE( '', ( #860 ), #861, .T. );
#347 = PRESENTATION_STYLE_ASSIGNMENT( ( #862 ) );
#348 = ADVANCED_FACE( '', ( #863 ), #864, .T. );
#349 = PRESENTATION_STYLE_ASSIGNMENT( ( #865 ) );
#350 = ADVANCED_FACE( '', ( #866 ), #867, .T. );
#351 = PRESENTATION_STYLE_ASSIGNMENT( ( #868 ) );
#352 = ADVANCED_FACE( '', ( #869 ), #870, .T. );
#353 = PRESENTATION_STYLE_ASSIGNMENT( ( #871 ) );
#354 = ADVANCED_FACE( '', ( #872, #873 ), #874, .F. );
#355 = PRESENTATION_STYLE_ASSIGNMENT( ( #875 ) );
#356 = ADVANCED_FACE( '', ( #876 ), #877, .F. );
#357 = PRESENTATION_STYLE_ASSIGNMENT( ( #878 ) );
#358 = ADVANCED_FACE( '', ( #879 ), #880, .T. );
#359 = PRESENTATION_STYLE_ASSIGNMENT( ( #881 ) );
#360 = ADVANCED_FACE( '', ( #882 ), #883, .F. );
#361 = PRESENTATION_STYLE_ASSIGNMENT( ( #884 ) );
#362 = ADVANCED_FACE( '', ( #885, #886 ), #887, .F. );
#363 = PRESENTATION_STYLE_ASSIGNMENT( ( #888 ) );
#364 = ADVANCED_FACE( '', ( #889 ), #890, .F. );
#365 = PRESENTATION_STYLE_ASSIGNMENT( ( #891 ) );
#366 = ADVANCED_FACE( '', ( #892 ), #893, .T. );
#367 = PRESENTATION_STYLE_ASSIGNMENT( ( #894 ) );
#368 = ADVANCED_FACE( '', ( #895, #896 ), #897, .F. );
#369 = PRESENTATION_STYLE_ASSIGNMENT( ( #898 ) );
#370 = ADVANCED_FACE( '', ( #899, #900 ), #901, .F. );
#371 = PRESENTATION_STYLE_ASSIGNMENT( ( #902 ) );
#372 = ADVANCED_FACE( '', ( #903 ), #904, .T. );
#373 = PRESENTATION_STYLE_ASSIGNMENT( ( #905 ) );
#374 = ADVANCED_FACE( '', ( #906 ), #907, .T. );
#375 = PRESENTATION_STYLE_ASSIGNMENT( ( #908 ) );
#376 = ADVANCED_FACE( '', ( #909 ), #910, .T. );
#377 = PRESENTATION_STYLE_ASSIGNMENT( ( #911 ) );
#378 = ADVANCED_FACE( '', ( #912 ), #913, .F. );
#379 = PRESENTATION_STYLE_ASSIGNMENT( ( #914 ) );
#380 = ADVANCED_FACE( '', ( #915 ), #916, .F. );
#381 = PRESENTATION_STYLE_ASSIGNMENT( ( #917 ) );
#382 = ADVANCED_FACE( '', ( #918, #919 ), #920, .F. );
#383 = PRESENTATION_STYLE_ASSIGNMENT( ( #921 ) );
#384 = ADVANCED_FACE( '', ( #922 ), #923, .F. );
#385 = PRESENTATION_STYLE_ASSIGNMENT( ( #924 ) );
#386 = ADVANCED_FACE( '', ( #925 ), #926, .F. );
#387 = PRESENTATION_STYLE_ASSIGNMENT( ( #927 ) );
#388 = ADVANCED_FACE( '', ( #928 ), #929, .F. );
#389 = PRESENTATION_STYLE_ASSIGNMENT( ( #930 ) );
#390 = ADVANCED_FACE( '', ( #931 ), #932, .F. );
#391 = PRESENTATION_STYLE_ASSIGNMENT( ( #933 ) );
#392 = ADVANCED_FACE( '', ( #934 ), #935, .F. );
#393 = PRESENTATION_STYLE_ASSIGNMENT( ( #936 ) );
#394 = ADVANCED_FACE( '', ( #937 ), #938, .F. );
#395 = PRESENTATION_STYLE_ASSIGNMENT( ( #939 ) );
#396 = ADVANCED_FACE( '', ( #940 ), #941, .T. );
#397 = PRESENTATION_STYLE_ASSIGNMENT( ( #942 ) );
#398 = ADVANCED_FACE( '', ( #943 ), #944, .T. );
#399 = PRESENTATION_STYLE_ASSIGNMENT( ( #945 ) );
#400 = ADVANCED_FACE( '', ( #946, #947, #948, #949, #950, #951 ), #952, .T. );
#401 = PRESENTATION_STYLE_ASSIGNMENT( ( #953 ) );
#402 = ADVANCED_FACE( '', ( #954 ), #955, .F. );
#403 = PRESENTATION_STYLE_ASSIGNMENT( ( #956 ) );
#404 = ADVANCED_FACE( '', ( #957 ), #958, .F. );
#405 = PRESENTATION_STYLE_ASSIGNMENT( ( #959 ) );
#406 = ADVANCED_FACE( '', ( #960 ), #961, .T. );
#407 = PRESENTATION_STYLE_ASSIGNMENT( ( #962 ) );
#408 = ADVANCED_FACE( '', ( #963 ), #964, .T. );
#409 = PRESENTATION_STYLE_ASSIGNMENT( ( #965 ) );
#410 = ADVANCED_FACE( '', ( #966, #967 ), #968, .F. );
#411 = PRESENTATION_STYLE_ASSIGNMENT( ( #969 ) );
#412 = ADVANCED_FACE( '', ( #970 ), #971, .F. );
#413 = PRESENTATION_STYLE_ASSIGNMENT( ( #972 ) );
#414 = ADVANCED_FACE( '', ( #973 ), #974, .F. );
#415 = PRESENTATION_STYLE_ASSIGNMENT( ( #975 ) );
#416 = ADVANCED_FACE( '', ( #976 ), #977, .T. );
#417 = PRESENTATION_STYLE_ASSIGNMENT( ( #978 ) );
#418 = ADVANCED_FACE( '', ( #979 ), #980, .F. );
#419 = PRESENTATION_STYLE_ASSIGNMENT( ( #981 ) );
#420 = ADVANCED_FACE( '', ( #982 ), #983, .F. );
#421 = PRESENTATION_STYLE_ASSIGNMENT( ( #984 ) );
#422 = ADVANCED_FACE( '', ( #985 ), #986, .T. );
#423 = PRESENTATION_STYLE_ASSIGNMENT( ( #987 ) );
#424 = ADVANCED_FACE( '', ( #988 ), #989, .F. );
#425 = PRESENTATION_STYLE_ASSIGNMENT( ( #990 ) );
#426 = ADVANCED_FACE( '', ( #991 ), #992, .F. );
#427 = PRESENTATION_STYLE_ASSIGNMENT( ( #993 ) );
#428 = ADVANCED_FACE( '', ( #994, #995 ), #996, .F. );
#429 = PRESENTATION_STYLE_ASSIGNMENT( ( #997 ) );
#430 = ADVANCED_FACE( '', ( #998 ), #999, .F. );
#431 = PRESENTATION_STYLE_ASSIGNMENT( ( #1000 ) );
#432 = ADVANCED_FACE( '', ( #1001 ), #1002, .T. );
#433 = PRESENTATION_STYLE_ASSIGNMENT( ( #1003 ) );
#434 = ADVANCED_FACE( '', ( #1004 ), #1005, .T. );
#435 = PRESENTATION_STYLE_ASSIGNMENT( ( #1006 ) );
#436 = ADVANCED_FACE( '', ( #1007 ), #1008, .T. );
#437 = PRESENTATION_STYLE_ASSIGNMENT( ( #1009 ) );
#438 = ADVANCED_FACE( '', ( #1010 ), #1011, .T. );
#439 = PRESENTATION_STYLE_ASSIGNMENT( ( #1012 ) );
#440 = ADVANCED_FACE( '', ( #1013 ), #1014, .F. );
#441 = PRESENTATION_STYLE_ASSIGNMENT( ( #1015 ) );
#442 = ADVANCED_FACE( '', ( #1016 ), #1017, .F. );
#443 = PRESENTATION_STYLE_ASSIGNMENT( ( #1018 ) );
#444 = ADVANCED_FACE( '', ( #1019 ), #1020, .F. );
#445 = PRESENTATION_STYLE_ASSIGNMENT( ( #1021 ) );
#446 = ADVANCED_FACE( '', ( #1022 ), #1023, .F. );
#447 = PRESENTATION_STYLE_ASSIGNMENT( ( #1024 ) );
#448 = ADVANCED_FACE( '', ( #1025 ), #1026, .T. );
#449 = PRESENTATION_STYLE_ASSIGNMENT( ( #1027 ) );
#450 = ADVANCED_FACE( '', ( #1028 ), #1029, .T. );
#451 = PRESENTATION_STYLE_ASSIGNMENT( ( #1030 ) );
#452 = ADVANCED_FACE( '', ( #1031 ), #1032, .F. );
#453 = PRESENTATION_STYLE_ASSIGNMENT( ( #1033 ) );
#454 = ADVANCED_FACE( '', ( #1034 ), #1035, .F. );
#455 = PRESENTATION_STYLE_ASSIGNMENT( ( #1036 ) );
#456 = ADVANCED_FACE( '', ( #1037 ), #1038, .F. );
#457 = PRESENTATION_STYLE_ASSIGNMENT( ( #1039 ) );
#458 = ADVANCED_FACE( '', ( #1040 ), #1041, .T. );
#459 = PRESENTATION_STYLE_ASSIGNMENT( ( #1042 ) );
#460 = ADVANCED_FACE( '', ( #1043 ), #1044, .F. );
#461 = PRESENTATION_STYLE_ASSIGNMENT( ( #1045 ) );
#462 = ADVANCED_FACE( '', ( #1046 ), #1047, .F. );
#463 = PRESENTATION_STYLE_ASSIGNMENT( ( #1048 ) );
#464 = ADVANCED_FACE( '', ( #1049 ), #1050, .F. );
#465 = PRESENTATION_STYLE_ASSIGNMENT( ( #1051 ) );
#466 = ADVANCED_FACE( '', ( #1052 ), #1053, .T. );
#467 = PRESENTATION_STYLE_ASSIGNMENT( ( #1054 ) );
#468 = ADVANCED_FACE( '', ( #1055 ), #1056, .T. );
#469 = PRESENTATION_STYLE_ASSIGNMENT( ( #1057 ) );
#470 = ADVANCED_FACE( '', ( #1058 ), #1059, .T. );
#471 = PRESENTATION_STYLE_ASSIGNMENT( ( #1060 ) );
#472 = ADVANCED_FACE( '', ( #1061 ), #1062, .T. );
#473 = PRESENTATION_STYLE_ASSIGNMENT( ( #1063 ) );
#474 = ADVANCED_FACE( '', ( #1064 ), #1065, .T. );
#475 = PRESENTATION_STYLE_ASSIGNMENT( ( #1066 ) );
#476 = ADVANCED_FACE( '', ( #1067 ), #1068, .T. );
#477 = PRESENTATION_STYLE_ASSIGNMENT( ( #1069 ) );
#478 = ADVANCED_FACE( '', ( #1070 ), #1071, .F. );
#479 = PRESENTATION_STYLE_ASSIGNMENT( ( #1072 ) );
#480 = ADVANCED_FACE( '', ( #1073 ), #1074, .F. );
#481 = PRESENTATION_STYLE_ASSIGNMENT( ( #1075 ) );
#482 = ADVANCED_FACE( '', ( #1076 ), #1077, .F. );
#483 = PRESENTATION_STYLE_ASSIGNMENT( ( #1078 ) );
#484 = ADVANCED_FACE( '', ( #1079 ), #1080, .F. );
#485 = PRESENTATION_STYLE_ASSIGNMENT( ( #1081 ) );
#486 = ADVANCED_FACE( '', ( #1082 ), #1083, .T. );
#487 = PRESENTATION_STYLE_ASSIGNMENT( ( #1084 ) );
#488 = ADVANCED_FACE( '', ( #1085 ), #1086, .T. );
#489 = PRESENTATION_STYLE_ASSIGNMENT( ( #1087 ) );
#490 = ADVANCED_FACE( '', ( #1088, #1089 ), #1090, .T. );
#491 = PRESENTATION_STYLE_ASSIGNMENT( ( #1091 ) );
#492 = ADVANCED_FACE( '', ( #1092 ), #1093, .F. );
#493 = PRESENTATION_STYLE_ASSIGNMENT( ( #1094 ) );
#494 = ADVANCED_FACE( '', ( #1095 ), #1096, .F. );
#495 = PRESENTATION_STYLE_ASSIGNMENT( ( #1097 ) );
#496 = ADVANCED_FACE( '', ( #1098 ), #1099, .T. );
#497 = PRESENTATION_STYLE_ASSIGNMENT( ( #1100 ) );
#498 = ADVANCED_FACE( '', ( #1101 ), #1102, .T. );
#499 = PRESENTATION_STYLE_ASSIGNMENT( ( #1103 ) );
#500 = ADVANCED_FACE( '', ( #1104 ), #1105, .F. );
#501 = PRESENTATION_STYLE_ASSIGNMENT( ( #1106 ) );
#502 = ADVANCED_FACE( '', ( #1107 ), #1108, .T. );
#503 = PRESENTATION_STYLE_ASSIGNMENT( ( #1109 ) );
#504 = ADVANCED_FACE( '', ( #1110 ), #1111, .T. );
#505 = PRESENTATION_STYLE_ASSIGNMENT( ( #1112 ) );
#506 = ADVANCED_FACE( '', ( #1113 ), #1114, .F. );
#507 = PRESENTATION_STYLE_ASSIGNMENT( ( #1115 ) );
#508 = ADVANCED_FACE( '', ( #1116 ), #1117, .F. );
#509 = PRESENTATION_STYLE_ASSIGNMENT( ( #1118 ) );
#510 = ADVANCED_FACE( '', ( #1119 ), #1120, .F. );
#511 = PRESENTATION_STYLE_ASSIGNMENT( ( #1121 ) );
#512 = ADVANCED_FACE( '', ( #1122 ), #1123, .F. );
#513 = PRESENTATION_STYLE_ASSIGNMENT( ( #1124 ) );
#514 = ADVANCED_FACE( '', ( #1125 ), #1126, .F. );
#515 = PRESENTATION_STYLE_ASSIGNMENT( ( #1127 ) );
#516 = ADVANCED_FACE( '', ( #1128 ), #1129, .F. );
#517 = PRESENTATION_STYLE_ASSIGNMENT( ( #1130 ) );
#518 = ADVANCED_FACE( '', ( #1131 ), #1132, .F. );
#519 = PRESENTATION_STYLE_ASSIGNMENT( ( #1133 ) );
#520 = ADVANCED_FACE( '', ( #1134 ), #1135, .T. );
#521 = PRESENTATION_STYLE_ASSIGNMENT( ( #1136 ) );
#522 = ADVANCED_FACE( '', ( #1137 ), #1138, .F. );
#523 = PRESENTATION_STYLE_ASSIGNMENT( ( #1139 ) );
#524 = ADVANCED_FACE( '', ( #1140, #1141, #1142, #1143, #1144, #1145, #1146, #1147, #1148, #1149, #1150, #1151, #1152, #1153, #1154, #1155, #1156, #1157, #1158, #1159, #1160 ), #1161, .F. );
#525 = PRESENTATION_STYLE_ASSIGNMENT( ( #1162 ) );
#526 = ADVANCED_FACE( '', ( #1163 ), #1164, .F. );
#527 = PRESENTATION_STYLE_ASSIGNMENT( ( #1165 ) );
#528 = ADVANCED_FACE( '', ( #1166 ), #1167, .F. );
#529 = PRESENTATION_STYLE_ASSIGNMENT( ( #1168 ) );
#530 = ADVANCED_FACE( '', ( #1169 ), #1170, .T. );
#531 = PRESENTATION_STYLE_ASSIGNMENT( ( #1171 ) );
#532 = ADVANCED_FACE( '', ( #1172 ), #1173, .F. );
#533 = PRESENTATION_STYLE_ASSIGNMENT( ( #1174 ) );
#534 = ADVANCED_FACE( '', ( #1175 ), #1176, .F. );
#535 = PRESENTATION_STYLE_ASSIGNMENT( ( #1177 ) );
#536 = ADVANCED_FACE( '', ( #1178, #1179 ), #1180, .F. );
#537 = PRESENTATION_STYLE_ASSIGNMENT( ( #1181 ) );
#538 = ADVANCED_FACE( '', ( #1182, #1183 ), #1184, .F. );
#539 = PRESENTATION_STYLE_ASSIGNMENT( ( #1185 ) );
#540 = ADVANCED_FACE( '', ( #1186 ), #1187, .F. );
#541 = PRESENTATION_STYLE_ASSIGNMENT( ( #1188 ) );
#542 = ADVANCED_FACE( '', ( #1189 ), #1190, .T. );
#543 = PRESENTATION_STYLE_ASSIGNMENT( ( #1191 ) );
#544 = ADVANCED_FACE( '', ( #1192 ), #1193, .T. );
#545 = PRESENTATION_STYLE_ASSIGNMENT( ( #1194 ) );
#546 = ADVANCED_FACE( '', ( #1195 ), #1196, .F. );
#547 = PRESENTATION_STYLE_ASSIGNMENT( ( #1197 ) );
#548 = ADVANCED_FACE( '', ( #1198 ), #1199, .F. );
#549 = PRESENTATION_STYLE_ASSIGNMENT( ( #1200 ) );
#550 = ADVANCED_FACE( '', ( #1201 ), #1202, .F. );
#551 = PRESENTATION_STYLE_ASSIGNMENT( ( #1203 ) );
#552 = ADVANCED_FACE( '', ( #1204 ), #1205, .T. );
#553 = PRESENTATION_STYLE_ASSIGNMENT( ( #1206 ) );
#554 = ADVANCED_FACE( '', ( #1207 ), #1208, .T. );
#555 = PRESENTATION_STYLE_ASSIGNMENT( ( #1209 ) );
#556 = ADVANCED_FACE( '', ( #1210 ), #1211, .T. );
#557 = PRESENTATION_STYLE_ASSIGNMENT( ( #1212 ) );
#558 = ADVANCED_FACE( '', ( #1213 ), #1214, .T. );
#559 = PRESENTATION_STYLE_ASSIGNMENT( ( #1215 ) );
#560 = ADVANCED_FACE( '', ( #1216 ), #1217, .T. );
#561 = PRESENTATION_STYLE_ASSIGNMENT( ( #1218 ) );
#562 = ADVANCED_FACE( '', ( #1219 ), #1220, .T. );
#563 = PRESENTATION_STYLE_ASSIGNMENT( ( #1221 ) );
#564 = ADVANCED_FACE( '', ( #1222 ), #1223, .T. );
#565 = PRESENTATION_STYLE_ASSIGNMENT( ( #1224 ) );
#566 = ADVANCED_FACE( '', ( #1225 ), #1226, .T. );
#567 = PRESENTATION_STYLE_ASSIGNMENT( ( #1227 ) );
#568 = ADVANCED_FACE( '', ( #1228 ), #1229, .F. );
#569 = PRESENTATION_STYLE_ASSIGNMENT( ( #1230 ) );
#570 = ADVANCED_FACE( '', ( #1231 ), #1232, .F. );
#571 = PRESENTATION_STYLE_ASSIGNMENT( ( #1233 ) );
#572 = ADVANCED_FACE( '', ( #1234 ), #1235, .F. );
#573 = PRESENTATION_STYLE_ASSIGNMENT( ( #1236 ) );
#574 = ADVANCED_FACE( '', ( #1237 ), #1238, .F. );
#575 = PRESENTATION_STYLE_ASSIGNMENT( ( #1239 ) );
#576 = ADVANCED_FACE( '', ( #1240 ), #1241, .T. );
#577 = PRESENTATION_STYLE_ASSIGNMENT( ( #1242 ) );
#578 = ADVANCED_FACE( '', ( #1243 ), #1244, .F. );
#579 = PRESENTATION_STYLE_ASSIGNMENT( ( #1245 ) );
#580 = ADVANCED_FACE( '', ( #1246 ), #1247, .T. );
#581 = PRESENTATION_STYLE_ASSIGNMENT( ( #1248 ) );
#582 = ADVANCED_FACE( '', ( #1249 ), #1250, .F. );
#583 = PRESENTATION_STYLE_ASSIGNMENT( ( #1251 ) );
#584 = ADVANCED_FACE( '', ( #1252 ), #1253, .F. );
#585 = PRESENTATION_STYLE_ASSIGNMENT( ( #1254 ) );
#586 = ADVANCED_FACE( '', ( #1255 ), #1256, .F. );
#587 = PRESENTATION_STYLE_ASSIGNMENT( ( #1257 ) );
#588 = ADVANCED_FACE( '', ( #1258, #1259 ), #1260, .F. );
#589 = PRESENTATION_STYLE_ASSIGNMENT( ( #1261 ) );
#590 = ADVANCED_FACE( '', ( #1262 ), #1263, .F. );
#591 = PRESENTATION_STYLE_ASSIGNMENT( ( #1264 ) );
#592 = ADVANCED_FACE( '', ( #1265 ), #1266, .T. );
#593 = PRESENTATION_STYLE_ASSIGNMENT( ( #1267 ) );
#594 = ADVANCED_FACE( '', ( #1268 ), #1269, .F. );
#595 = PRESENTATION_STYLE_ASSIGNMENT( ( #1270 ) );
#596 = ADVANCED_FACE( '', ( #1271 ), #1272, .T. );
#597 = PRESENTATION_STYLE_ASSIGNMENT( ( #1273 ) );
#598 = ADVANCED_FACE( '', ( #1274 ), #1275, .F. );
#599 = PRESENTATION_STYLE_ASSIGNMENT( ( #1276 ) );
#600 = ADVANCED_FACE( '', ( #1277 ), #1278, .F. );
#601 = PRESENTATION_STYLE_ASSIGNMENT( ( #1279 ) );
#602 = ADVANCED_FACE( '', ( #1280 ), #1281, .T. );
#603 = PRESENTATION_STYLE_ASSIGNMENT( ( #1282 ) );
#604 = ADVANCED_FACE( '', ( #1283 ), #1284, .F. );
#605 = PRESENTATION_STYLE_ASSIGNMENT( ( #1285 ) );
#606 = ADVANCED_FACE( '', ( #1286, #1287 ), #1288, .F. );
#607 = PRESENTATION_STYLE_ASSIGNMENT( ( #1289 ) );
#608 = ADVANCED_FACE( '', ( #1290 ), #1291, .T. );
#609 = PRESENTATION_STYLE_ASSIGNMENT( ( #1292 ) );
#610 = ADVANCED_FACE( '', ( #1293 ), #1294, .T. );
#611 = PRESENTATION_STYLE_ASSIGNMENT( ( #1295 ) );
#612 = ADVANCED_FACE( '', ( #1296, #1297 ), #1298, .F. );
#613 = PRESENTATION_STYLE_ASSIGNMENT( ( #1299 ) );
#614 = ADVANCED_FACE( '', ( #1300 ), #1301, .T. );
#615 = PRESENTATION_STYLE_ASSIGNMENT( ( #1302 ) );
#616 = ADVANCED_FACE( '', ( #1303 ), #1304, .F. );
#617 = PRESENTATION_STYLE_ASSIGNMENT( ( #1305 ) );
#618 = ADVANCED_FACE( '', ( #1306, #1307, #1308, #1309, #1310, #1311 ), #1312, .T. );
#619 = PRESENTATION_STYLE_ASSIGNMENT( ( #1313 ) );
#620 = ADVANCED_FACE( '', ( #1314 ), #1315, .T. );
#621 = PRESENTATION_STYLE_ASSIGNMENT( ( #1316 ) );
#622 = ADVANCED_FACE( '', ( #1317 ), #1318, .F. );
#623 = PRESENTATION_STYLE_ASSIGNMENT( ( #1319 ) );
#624 = ADVANCED_FACE( '', ( #1320 ), #1321, .F. );
#625 = PRESENTATION_STYLE_ASSIGNMENT( ( #1322 ) );
#626 = ADVANCED_FACE( '', ( #1323 ), #1324, .F. );
#627 = PRESENTATION_STYLE_ASSIGNMENT( ( #1325 ) );
#628 = ADVANCED_FACE( '', ( #1326, #1327 ), #1328, .F. );
#629 = PRESENTATION_STYLE_ASSIGNMENT( ( #1329 ) );
#630 = ADVANCED_FACE( '', ( #1330 ), #1331, .F. );
#631 = PRESENTATION_STYLE_ASSIGNMENT( ( #1332 ) );
#632 = ADVANCED_FACE( '', ( #1333 ), #1334, .T. );
#633 = PRESENTATION_STYLE_ASSIGNMENT( ( #1335 ) );
#634 = ADVANCED_FACE( '', ( #1336 ), #1337, .F. );
#635 = PRESENTATION_STYLE_ASSIGNMENT( ( #1338 ) );
#636 = ADVANCED_FACE( '', ( #1339 ), #1340, .T. );
#637 = PRESENTATION_STYLE_ASSIGNMENT( ( #1341 ) );
#638 = ADVANCED_FACE( '', ( #1342 ), #1343, .F. );
#639 = PRESENTATION_STYLE_ASSIGNMENT( ( #1344 ) );
#640 = ADVANCED_FACE( '', ( #1345 ), #1346, .T. );
#641 = PRESENTATION_STYLE_ASSIGNMENT( ( #1347 ) );
#642 = ADVANCED_FACE( '', ( #1348 ), #1349, .T. );
#643 = PRESENTATION_STYLE_ASSIGNMENT( ( #1350 ) );
#644 = ADVANCED_FACE( '', ( #1351 ), #1352, .T. );
#645 = PRESENTATION_STYLE_ASSIGNMENT( ( #1353 ) );
#646 = ADVANCED_FACE( '', ( #1354 ), #1355, .F. );
#647 = PRESENTATION_STYLE_ASSIGNMENT( ( #1356 ) );
#648 = ADVANCED_FACE( '', ( #1357 ), #1358, .F. );
#649 = PRESENTATION_STYLE_ASSIGNMENT( ( #1359 ) );
#650 = ADVANCED_FACE( '', ( #1360 ), #1361, .T. );
#651 = PRESENTATION_STYLE_ASSIGNMENT( ( #1362 ) );
#652 = ADVANCED_FACE( '', ( #1363, #1364 ), #1365, .F. );
#653 = PRESENTATION_STYLE_ASSIGNMENT( ( #1366 ) );
#654 = ADVANCED_FACE( '', ( #1367 ), #1368, .F. );
#655 = PRESENTATION_STYLE_ASSIGNMENT( ( #1369 ) );
#656 = ADVANCED_FACE( '', ( #1370, #1371 ), #1372, .F. );
#657 = PRESENTATION_STYLE_ASSIGNMENT( ( #1373 ) );
#658 = ADVANCED_FACE( '', ( #1374 ), #1375, .F. );
#659 = PRESENTATION_STYLE_ASSIGNMENT( ( #1376 ) );
#660 = ADVANCED_FACE( '', ( #1377 ), #1378, .F. );
#661 = PRESENTATION_STYLE_ASSIGNMENT( ( #1379 ) );
#662 = ADVANCED_FACE( '', ( #1380 ), #1381, .T. );
#663 = PRESENTATION_STYLE_ASSIGNMENT( ( #1382 ) );
#664 = ADVANCED_FACE( '', ( #1383 ), #1384, .F. );
#665 = PRESENTATION_STYLE_ASSIGNMENT( ( #1385 ) );
#666 = ADVANCED_FACE( '', ( #1386 ), #1387, .F. );
#667 = PRESENTATION_STYLE_ASSIGNMENT( ( #1388 ) );
#668 = ADVANCED_FACE( '', ( #1389 ), #1390, .F. );
#669 = PRESENTATION_STYLE_ASSIGNMENT( ( #1391 ) );
#670 = ADVANCED_FACE( '', ( #1392 ), #1393, .T. );
#671 = PRESENTATION_STYLE_ASSIGNMENT( ( #1394 ) );
#672 = ADVANCED_FACE( '', ( #1395 ), #1396, .F. );
#673 = PRESENTATION_STYLE_ASSIGNMENT( ( #1397 ) );
#674 = ADVANCED_FACE( '', ( #1398 ), #1399, .F. );
#675 = PRESENTATION_STYLE_ASSIGNMENT( ( #1400 ) );
#676 = ADVANCED_FACE( '', ( #1401, #1402 ), #1403, .F. );
#677 = PRESENTATION_STYLE_ASSIGNMENT( ( #1404 ) );
#678 = ADVANCED_FACE( '', ( #1405, #1406 ), #1407, .F. );
#679 = PRESENTATION_STYLE_ASSIGNMENT( ( #1408 ) );
#680 = ADVANCED_FACE( '', ( #1409 ), #1410, .F. );
#681 = PRESENTATION_STYLE_ASSIGNMENT( ( #1411 ) );
#682 = ADVANCED_FACE( '', ( #1412 ), #1413, .T. );
#683 = PRODUCT( 'PR21_CASTER_CVR_3X5_REV6', 'PR21_CASTER_CVR_3X5_REV6', 'PART-PR21_CASTER_CVR_3X5_REV6-DESC', ( #1414 ) );
#684 = PRODUCT_DEFINITION( 'NONE', 'NONE', #1415, #2 );
#685 = MANIFOLD_SOLID_BREP( 'PR21_CASTER_CVR_3X5_REV6', #1416 );
#686 = AXIS2_PLACEMENT_3D( '', #1417, #1418, #1419 );
#689 = LENGTH_MEASURE_WITH_UNIT( LENGTH_MEASURE( 1.00000000000000 ), #1420 );
#692 = DIMENSIONAL_EXPONENTS( 1.00000000000000, 0.00000000000000, 0.00000000000000, 0.00000000000000, 0.00000000000000, 0.00000000000000, 0.00000000000000 );
#694 = DIMENSIONAL_EXPONENTS( 0.00000000000000, 0.00000000000000, 0.00000000000000, 0.00000000000000, 0.00000000000000, 0.00000000000000, 0.00000000000000 );
#700 = SURFACE_STYLE_USAGE( .BOTH., #1421 );
#701 = FACE_OUTER_BOUND( '', #1422, .T. );
#702 = CYLINDRICAL_SURFACE( '', #1423, 0.000300000000000000 );
#703 = SURFACE_STYLE_USAGE( .BOTH., #1424 );
#704 = FACE_OUTER_BOUND( '', #1425, .T. );
#705 = TOROIDAL_SURFACE( '', #1426, 0.00451633160000000, 0.00150000000000000 );
#706 = SURFACE_STYLE_USAGE( .BOTH., #1427 );
#707 = FACE_OUTER_BOUND( '', #1428, .T. );
#708 = CYLINDRICAL_SURFACE( '', #1429, 0.000200000000000000 );
#709 = SURFACE_STYLE_USAGE( .BOTH., #1430 );
#710 = FACE_OUTER_BOUND( '', #1431, .T. );
#711 = CYLINDRICAL_SURFACE( '', #1432, 0.000500000000000000 );
#712 = SURFACE_STYLE_USAGE( .BOTH., #1433 );
#713 = FACE_OUTER_BOUND( '', #1434, .T. );
#714 = FACE_OUTER_BOUND( '', #1435, .T. );
#715 = CYLINDRICAL_SURFACE( '', #1436, 0.00250000000000000 );
#716 = SURFACE_STYLE_USAGE( .BOTH., #1437 );
#717 = FACE_OUTER_BOUND( '', #1438, .T. );
#718 = CYLINDRICAL_SURFACE( '', #1439, 0.00350000000000000 );
#719 = SURFACE_STYLE_USAGE( .BOTH., #1440 );
#720 = FACE_OUTER_BOUND( '', #1441, .T. );
#721 = PLANE( '', #1442 );
#722 = SURFACE_STYLE_USAGE( .BOTH., #1443 );
#723 = FACE_OUTER_BOUND( '', #1444, .T. );
#724 = PLANE( '', #1445 );
#725 = SURFACE_STYLE_USAGE( .BOTH., #1446 );
#726 = FACE_OUTER_BOUND( '', #1447, .T. );
#727 = CYLINDRICAL_SURFACE( '', #1448, 0.000300000000000000 );
#728 = SURFACE_STYLE_USAGE( .BOTH., #1449 );
#729 = FACE_OUTER_BOUND( '', #1450, .T. );
#730 = ( BOUNDED_SURFACE(  )B_SPLINE_SURFACE( 3, 3, ( ( #1453, #1454, #1455, #1456, #1457, #1458, #1459, #1460, #1461, #1462 ), ( #1463, #1464, #1465, #1466, #1467, #1468, #1469, #1470, #1471, #1472 ), ( #1473, #1474, #1475, #1476, #1477, #1478, #1479, #1480, #1481, #1482 ), ( #1483, #1484, #1485, #1486, #1487, #1488, #1489, #1490, #1491, #1492 ) ), .UNSPECIFIED., .F., .F., .F. )B_SPLINE_SURFACE_WITH_KNOTS( ( 4, 4 ), ( 4, 1, 1, 1, 1, 1, 1, 4 ), ( 0.00000000000000, 1.00000000000000 ), ( -0.00124410179182900, 0.00000000000000, 0.0248214025947200, 0.0483769660562300, 0.0713848414227200, 0.0942173728786300, 0.118515383298100, 0.125409656489300 ), .UNSPECIFIED. )GEOMETRIC_REPRESENTATION_ITEM(  )RATIONAL_B_SPLINE_SURFACE( ( ( 1.40039248259200, 1.40039248259200, 1.40039248259200, 1.40039248259200, 1.40039248259200, 1.40039248259200, 1.40039248259200, 1.40039248259200, 1.40039248259200, 1.40039248259200 ), ( 0.866535839136100, 0.866535839136100, 0.866535839136100, 0.866535839136100, 0.866535839136100, 0.866535839136100, 0.866535839136100, 0.866535839136100, 0.866535839136100, 0.866535839136100 ), ( 0.866535839136100, 0.866535839136100, 0.866535839136100, 0.866535839136100, 0.866535839136100, 0.866535839136100, 0.866535839136100, 0.866535839136100, 0.866535839136100, 0.866535839136100 ), ( 1.40039248259200, 1.40039248259200, 1.40039248259200, 1.40039248259200, 1.40039248259200, 1.40039248259200, 1.40039248259200, 1.40039248259200, 1.40039248259200, 1.40039248259200 ) ) )REPRESENTATION_ITEM( '' )SURFACE(  ) );
#731 = SURFACE_STYLE_USAGE( .BOTH., #1498 );
#732 = FACE_OUTER_BOUND( '', #1499, .T. );
#733 = FACE_BOUND( '', #1500, .T. );
#734 = PLANE( '', #1501 );
#735 = SURFACE_STYLE_USAGE( .BOTH., #1502 );
#736 = FACE_OUTER_BOUND( '', #1503, .T. );
#737 = SPHERICAL_SURFACE( '', #1504, 0.00481250000000000 );
#738 = SURFACE_STYLE_USAGE( .BOTH., #1505 );
#739 = FACE_OUTER_BOUND( '', #1506, .T. );
#740 = CYLINDRICAL_SURFACE( '', #1507, 0.000500000000000000 );
#741 = SURFACE_STYLE_USAGE( .BOTH., #1508 );
#742 = FACE_OUTER_BOUND( '', #1509, .T. );
#743 = TOROIDAL_SURFACE( '', #1510, 0.00451633160000000, 0.00150000000000000 );
#744 = SURFACE_STYLE_USAGE( .BOTH., #1511 );
#745 = FACE_OUTER_BOUND( '', #1512, .T. );
#746 = CYLINDRICAL_SURFACE( '', #1513, 0.000200000000000000 );
#747 = SURFACE_STYLE_USAGE( .BOTH., #1514 );
#748 = FACE_OUTER_BOUND( '', #1515, .T. );
#749 = CYLINDRICAL_SURFACE( '', #1516, 0.000200000000000000 );
#750 = SURFACE_STYLE_USAGE( .BOTH., #1517 );
#751 = FACE_OUTER_BOUND( '', #1518, .T. );
#752 = CYLINDRICAL_SURFACE( '', #1519, 0.00180000000000000 );
#753 = SURFACE_STYLE_USAGE( .BOTH., #1520 );
#754 = FACE_OUTER_BOUND( '', #1521, .T. );
#755 = CONICAL_SURFACE( '', #1522, 0.00627659650000000, 0.785398163400000 );
#756 = SURFACE_STYLE_USAGE( .BOTH., #1523 );
#757 = FACE_OUTER_BOUND( '', #1524, .T. );
#758 = CYLINDRICAL_SURFACE( '', #1525, 0.00205000000000000 );
#759 = SURFACE_STYLE_USAGE( .BOTH., #1526 );
#760 = FACE_OUTER_BOUND( '', #1527, .T. );
#761 = PLANE( '', #1528 );
#762 = SURFACE_STYLE_USAGE( .BOTH., #1529 );
#763 = FACE_OUTER_BOUND( '', #1530, .T. );
#764 = CYLINDRICAL_SURFACE( '', #1531, 0.00350000000000000 );
#765 = SURFACE_STYLE_USAGE( .BOTH., #1532 );
#766 = FACE_OUTER_BOUND( '', #1533, .T. );
#767 = CYLINDRICAL_SURFACE( '', #1534, 0.000500000000000000 );
#768 = SURFACE_STYLE_USAGE( .BOTH., #1535 );
#769 = FACE_OUTER_BOUND( '', #1536, .T. );
#770 = PLANE( '', #1537 );
#771 = SURFACE_STYLE_USAGE( .BOTH., #1538 );
#772 = FACE_OUTER_BOUND( '', #1539, .T. );
#773 = CYLINDRICAL_SURFACE( '', #1540, 0.000200000000000000 );
#774 = SURFACE_STYLE_USAGE( .BOTH., #1541 );
#775 = FACE_OUTER_BOUND( '', #1542, .T. );
#776 = FACE_OUTER_BOUND( '', #1543, .T. );
#777 = CYLINDRICAL_SURFACE( '', #1544, 0.00250000000000000 );
#778 = SURFACE_STYLE_USAGE( .BOTH., #1545 );
#779 = FACE_OUTER_BOUND( '', #1546, .T. );
#780 = PLANE( '', #1547 );
#781 = SURFACE_STYLE_USAGE( .BOTH., #1548 );
#782 = FACE_OUTER_BOUND( '', #1549, .T. );
#783 = CYLINDRICAL_SURFACE( '', #1550, 0.000300000000000000 );
#784 = SURFACE_STYLE_USAGE( .BOTH., #1551 );
#785 = FACE_OUTER_BOUND( '', #1552, .T. );
#786 = FACE_OUTER_BOUND( '', #1553, .T. );
#787 = CYLINDRICAL_SURFACE( '', #1554, 0.00250000000000000 );
#788 = SURFACE_STYLE_USAGE( .BOTH., #1555 );
#789 = FACE_OUTER_BOUND( '', #1556, .T. );
#790 = PLANE( '', #1557 );
#791 = SURFACE_STYLE_USAGE( .BOTH., #1558 );
#792 = FACE_OUTER_BOUND( '', #1559, .T. );
#793 = ( BOUNDED_SURFACE(  )B_SPLINE_SURFACE( 3, 3, ( ( #1562, #1563, #1564, #1565, #1566, #1567, #1568, #1569, #1570, #1571, #1572, #1573, #1574, #1575, #1576, #1577, #1578, #1579, #1580 ), ( #1581, #1582, #1583, #1584, #1585, #1586, #1587, #1588, #1589, #1590, #1591, #1592, #1593, #1594, #1595, #1596, #1597, #1598, #1599 ), ( #1600, #1601, #1602, #1603, #1604, #1605, #1606, #1607, #1608, #1609, #1610, #1611, #1612, #1613, #1614, #1615, #1616, #1617, #1618 ), ( #1619, #1620, #1621, #1622, #1623, #1624, #1625, #1626, #1627, #1628, #1629, #1630, #1631, #1632, #1633, #1634, #1635, #1636, #1637 ) ), .UNSPECIFIED., .F., .F., .F. )B_SPLINE_SURFACE_WITH_KNOTS( ( 4, 4 ), ( 4, 1, 1, 1, 1, 1, 1, 1, 1, 1, 1, 1, 1, 1, 1, 1, 4 ), ( 0.00000000000000, 1.00000000000000 ), ( 0.780194941682600, 0.799958522170600, 0.820475697790700, 0.838805426126600, 0.855357459910400, 0.870665225401300, 0.885308166155000, 0.899819568799100, 0.914571532245400, 0.929502390710100, 0.943802754886600, 0.956690985689100, 0.967937723657900, 0.978138043311100, 0.988507779516400, 1.00000000000000, 1.00218004194800 ), .UNSPECIFIED. )GEOMETRIC_REPRESENTATION_ITEM(  )RATIONAL_B_SPLINE_SURFACE( ( ( 1.40039262729000, 1.40039262729000, 1.40039262729000, 1.40039262729000, 1.40039262729000, 1.40039262729000, 1.40039262729000, 1.40039262729000, 1.40039262729000, 1.40039262729000, 1.40039262729000, 1.40039262729000, 1.40039262729000, 1.40039262729000, 1.40039262729000, 1.40039262729000, 1.40039262729000, 1.40039262729000, 1.40039262729000 ), ( 0.866535790903400, 0.866535790903400, 0.866535790903400, 0.866535790903400, 0.866535790903400, 0.866535790903400, 0.866535790903400, 0.866535790903400, 0.866535790903400, 0.866535790903400, 0.866535790903400, 0.866535790903400, 0.866535790903400, 0.866535790903400, 0.866535790903400, 0.866535790903400, 0.866535790903400, 0.866535790903400, 0.866535790903400 ), ( 0.866535790903400, 0.866535790903400, 0.866535790903400, 0.866535790903400, 0.866535790903400, 0.866535790903400, 0.866535790903400, 0.866535790903400, 0.866535790903400, 0.866535790903400, 0.866535790903400, 0.866535790903400, 0.866535790903400, 0.866535790903400, 0.866535790903400, 0.866535790903400, 0.866535790903400, 0.866535790903400, 0.866535790903400 ), ( 1.40039262729000, 1.40039262729000, 1.40039262729000, 1.40039262729000, 1.40039262729000, 1.40039262729000, 1.40039262729000, 1.40039262729000, 1.40039262729000, 1.40039262729000, 1.40039262729000, 1.40039262729000, 1.40039262729000, 1.40039262729000, 1.40039262729000, 1.40039262729000, 1.40039262729000, 1.40039262729000, 1.40039262729000 ) ) )REPRESENTATION_ITEM( '' )SURFACE(  ) );
#794 = SURFACE_STYLE_USAGE( .BOTH., #1643 );
#795 = FACE_OUTER_BOUND( '', #1644, .T. );
#796 = PLANE( '', #1645 );
#797 = SURFACE_STYLE_USAGE( .BOTH., #1646 );
#798 = FACE_OUTER_BOUND( '', #1647, .T. );
#799 = CYLINDRICAL_SURFACE( '', #1648, 0.000200000000000000 );
#800 = SURFACE_STYLE_USAGE( .BOTH., #1649 );
#801 = FACE_OUTER_BOUND( '', #1650, .T. );
#802 = CYLINDRICAL_SURFACE( '', #1651, 0.00300000000000000 );
#803 = SURFACE_STYLE_USAGE( .BOTH., #1652 );
#804 = FACE_OUTER_BOUND( '', #1653, .T. );
#805 = CYLINDRICAL_SURFACE( '', #1654, 0.000500000000000000 );
#806 = SURFACE_STYLE_USAGE( .BOTH., #1655 );
#807 = FACE_OUTER_BOUND( '', #1656, .T. );
#808 = CYLINDRICAL_SURFACE( '', #1657, 0.000300000000000000 );
#809 = SURFACE_STYLE_USAGE( .BOTH., #1658 );
#810 = FACE_OUTER_BOUND( '', #1659, .T. );
#811 = CYLINDRICAL_SURFACE( '', #1660, 0.00250000000000000 );
#812 = SURFACE_STYLE_USAGE( .BOTH., #1661 );
#813 = FACE_OUTER_BOUND( '', #1662, .T. );
#814 = CYLINDRICAL_SURFACE( '', #1663, 0.00250000000000000 );
#815 = SURFACE_STYLE_USAGE( .BOTH., #1664 );
#816 = FACE_OUTER_BOUND( '', #1665, .T. );
#817 = CYLINDRICAL_SURFACE( '', #1666, 0.000300000000000000 );
#818 = SURFACE_STYLE_USAGE( .BOTH., #1667 );
#819 = FACE_OUTER_BOUND( '', #1668, .T. );
#820 = CYLINDRICAL_SURFACE( '', #1669, 0.000300000000000000 );
#821 = SURFACE_STYLE_USAGE( .BOTH., #1670 );
#822 = FACE_OUTER_BOUND( '', #1671, .T. );
#823 = FACE_OUTER_BOUND( '', #1672, .T. );
#824 = CYLINDRICAL_SURFACE( '', #1673, 0.00105000000000000 );
#825 = SURFACE_STYLE_USAGE( .BOTH., #1674 );
#826 = FACE_OUTER_BOUND( '', #1675, .T. );
#827 = CYLINDRICAL_SURFACE( '', #1676, 0.000200000000000000 );
#828 = SURFACE_STYLE_USAGE( .BOTH., #1677 );
#829 = FACE_OUTER_BOUND( '', #1678, .T. );
#830 = CYLINDRICAL_SURFACE( '', #1679, 0.000200000000000000 );
#831 = SURFACE_STYLE_USAGE( .BOTH., #1680 );
#832 = FACE_OUTER_BOUND( '', #1681, .T. );
#833 = CYLINDRICAL_SURFACE( '', #1682, 0.000500000000000000 );
#834 = SURFACE_STYLE_USAGE( .BOTH., #1683 );
#835 = FACE_OUTER_BOUND( '', #1684, .T. );
#836 = CONICAL_SURFACE( '', #1685, 0.00775132600000000, 0.785398163400000 );
#837 = SURFACE_STYLE_USAGE( .BOTH., #1686 );
#838 = FACE_OUTER_BOUND( '', #1687, .T. );
#839 = CYLINDRICAL_SURFACE( '', #1688, 0.00790000000000000 );
#840 = SURFACE_STYLE_USAGE( .BOTH., #1689 );
#841 = FACE_OUTER_BOUND( '', #1690, .T. );
#842 = CYLINDRICAL_SURFACE( '', #1691, 0.00180000000000000 );
#843 = SURFACE_STYLE_USAGE( .BOTH., #1692 );
#844 = FACE_OUTER_BOUND( '', #1693, .T. );
#845 = PLANE( '', #1694 );
#846 = SURFACE_STYLE_USAGE( .BOTH., #1695 );
#847 = FACE_OUTER_BOUND( '', #1696, .T. );
#848 = CYLINDRICAL_SURFACE( '', #1697, 0.00890000000000000 );
#849 = SURFACE_STYLE_USAGE( .BOTH., #1698 );
#850 = FACE_OUTER_BOUND( '', #1699, .T. );
#851 = CYLINDRICAL_SURFACE( '', #1700, 0.000200000000000000 );
#852 = SURFACE_STYLE_USAGE( .BOTH., #1701 );
#853 = FACE_OUTER_BOUND( '', #1702, .T. );
#854 = FACE_BOUND( '', #1703, .T. );
#855 = PLANE( '', #1704 );
#856 = SURFACE_STYLE_USAGE( .BOTH., #1705 );
#857 = FACE_OUTER_BOUND( '', #1706, .T. );
#858 = ( BOUNDED_SURFACE(  )B_SPLINE_SURFACE( 3, 3, ( ( #1709, #1710, #1711, #1712, #1713, #1714, #1715, #1716 ), ( #1717, #1718, #1719, #1720, #1721, #1722, #1723, #1724 ), ( #1725, #1726, #1727, #1728, #1729, #1730, #1731, #1732 ), ( #1733, #1734, #1735, #1736, #1737, #1738, #1739, #1740 ) ), .UNSPECIFIED., .F., .F., .F. )B_SPLINE_SURFACE_WITH_KNOTS( ( 4, 4 ), ( 4, 1, 1, 1, 1, 4 ), ( 0.00000000000000, 1.00000000000000 ), ( -0.0212090665231800, 0.00000000000000, 0.180956223544600, 0.370920031013000, 0.582953850146700, 0.672077889628200 ), .UNSPECIFIED. )GEOMETRIC_REPRESENTATION_ITEM(  )RATIONAL_B_SPLINE_SURFACE( ( ( 1.40039247814400, 1.40039247814400, 1.40039247814400, 1.40039247814400, 1.40039247814400, 1.40039247814400, 1.40039247814400, 1.40039247814400 ), ( 0.866535840618600, 0.866535840618600, 0.866535840618600, 0.866535840618600, 0.866535840618600, 0.866535840618600, 0.866535840618600, 0.866535840618600 ), ( 0.866535840618600, 0.866535840618600, 0.866535840618600, 0.866535840618600, 0.866535840618600, 0.866535840618600, 0.866535840618600, 0.866535840618600 ), ( 1.40039247814400, 1.40039247814400, 1.40039247814400, 1.40039247814400, 1.40039247814400, 1.40039247814400, 1.40039247814400, 1.40039247814400 ) ) )REPRESENTATION_ITEM( '' )SURFACE(  ) );
#859 = SURFACE_STYLE_USAGE( .BOTH., #1746 );
#860 = FACE_OUTER_BOUND( '', #1747, .T. );
#861 = CYLINDRICAL_SURFACE( '', #1748, 0.00205000000000000 );
#862 = SURFACE_STYLE_USAGE( .BOTH., #1749 );
#863 = FACE_OUTER_BOUND( '', #1750, .T. );
#864 = PLANE( '', #1751 );
#865 = SURFACE_STYLE_USAGE( .BOTH., #1752 );
#866 = FACE_OUTER_BOUND( '', #1753, .T. );
#867 = CYLINDRICAL_SURFACE( '', #1754, 0.000200000000000000 );
#868 = SURFACE_STYLE_USAGE( .BOTH., #1755 );
#869 = FACE_OUTER_BOUND( '', #1756, .T. );
#870 = CYLINDRICAL_SURFACE( '', #1757, 0.00205000000000000 );
#871 = SURFACE_STYLE_USAGE( .BOTH., #1758 );
#872 = FACE_OUTER_BOUND( '', #1759, .T. );
#873 = FACE_OUTER_BOUND( '', #1760, .T. );
#874 = CYLINDRICAL_SURFACE( '', #1761, 0.00201000000000000 );
#875 = SURFACE_STYLE_USAGE( .BOTH., #1762 );
#876 = FACE_OUTER_BOUND( '', #1763, .T. );
#877 = PLANE( '', #1764 );
#878 = SURFACE_STYLE_USAGE( .BOTH., #1765 );
#879 = FACE_OUTER_BOUND( '', #1766, .T. );
#880 = PLANE( '', #1767 );
#881 = SURFACE_STYLE_USAGE( .BOTH., #1768 );
#882 = FACE_OUTER_BOUND( '', #1769, .T. );
#883 = CYLINDRICAL_SURFACE( '', #1770, 0.00250000000000000 );
#884 = SURFACE_STYLE_USAGE( .BOTH., #1771 );
#885 = FACE_OUTER_BOUND( '', #1772, .T. );
#886 = FACE_OUTER_BOUND( '', #1773, .T. );
#887 = CYLINDRICAL_SURFACE( '', #1774, 0.00250000000000000 );
#888 = SURFACE_STYLE_USAGE( .BOTH., #1775 );
#889 = FACE_OUTER_BOUND( '', #1776, .T. );
#890 = CONICAL_SURFACE( '', #1777, 0.00470143440000000, 0.785398163400000 );
#891 = SURFACE_STYLE_USAGE( .BOTH., #1778 );
#892 = FACE_OUTER_BOUND( '', #1779, .T. );
#893 = CYLINDRICAL_SURFACE( '', #1780, 0.000300000000000000 );
#894 = SURFACE_STYLE_USAGE( .BOTH., #1781 );
#895 = FACE_OUTER_BOUND( '', #1782, .T. );
#896 = FACE_OUTER_BOUND( '', #1783, .T. );
#897 = CYLINDRICAL_SURFACE( '', #1784, 0.00105000000000000 );
#898 = SURFACE_STYLE_USAGE( .BOTH., #1785 );
#899 = FACE_OUTER_BOUND( '', #1786, .T. );
#900 = FACE_BOUND( '', #1787, .T. );
#901 = PLANE( '', #1788 );
#902 = SURFACE_STYLE_USAGE( .BOTH., #1789 );
#903 = FACE_OUTER_BOUND( '', #1790, .T. );
#904 = CYLINDRICAL_SURFACE( '', #1791, 0.00205000000000000 );
#905 = SURFACE_STYLE_USAGE( .BOTH., #1792 );
#906 = FACE_OUTER_BOUND( '', #1793, .T. );
#907 = CONICAL_SURFACE( '', #1794, 0.00775132600000000, 0.785398163400000 );
#908 = SURFACE_STYLE_USAGE( .BOTH., #1795 );
#909 = FACE_OUTER_BOUND( '', #1796, .T. );
#910 = CYLINDRICAL_SURFACE( '', #1797, 0.00350000000000000 );
#911 = SURFACE_STYLE_USAGE( .BOTH., #1798 );
#912 = FACE_OUTER_BOUND( '', #1799, .T. );
#913 = PLANE( '', #1800 );
#914 = SURFACE_STYLE_USAGE( .BOTH., #1801 );
#915 = FACE_OUTER_BOUND( '', #1802, .T. );
#916 = CONICAL_SURFACE( '', #1803, 0.00627659650000000, 0.785398163400000 );
#917 = SURFACE_STYLE_USAGE( .BOTH., #1804 );
#918 = FACE_OUTER_BOUND( '', #1805, .T. );
#919 = FACE_BOUND( '', #1806, .T. );
#920 = PLANE( '', #1807 );
#921 = SURFACE_STYLE_USAGE( .BOTH., #1808 );
#922 = FACE_OUTER_BOUND( '', #1809, .T. );
#923 = CYLINDRICAL_SURFACE( '', #1810, 0.00790000000000000 );
#924 = SURFACE_STYLE_USAGE( .BOTH., #1811 );
#925 = FACE_OUTER_BOUND( '', #1812, .T. );
#926 = CYLINDRICAL_SURFACE( '', #1813, 0.000500000000000000 );
#927 = SURFACE_STYLE_USAGE( .BOTH., #1814 );
#928 = FACE_OUTER_BOUND( '', #1815, .T. );
#929 = CYLINDRICAL_SURFACE( '', #1816, 0.00180000000000000 );
#930 = SURFACE_STYLE_USAGE( .BOTH., #1817 );
#931 = FACE_OUTER_BOUND( '', #1818, .T. );
#932 = CYLINDRICAL_SURFACE( '', #1819, 0.000300000000000000 );
#933 = SURFACE_STYLE_USAGE( .BOTH., #1820 );
#934 = FACE_OUTER_BOUND( '', #1821, .T. );
#935 = CYLINDRICAL_SURFACE( '', #1822, 0.000500000000000000 );
#936 = SURFACE_STYLE_USAGE( .BOTH., #1823 );
#937 = FACE_OUTER_BOUND( '', #1824, .T. );
#938 = CYLINDRICAL_SURFACE( '', #1825, 0.000300000000000000 );
#939 = SURFACE_STYLE_USAGE( .BOTH., #1826 );
#940 = FACE_OUTER_BOUND( '', #1827, .T. );
#941 = CYLINDRICAL_SURFACE( '', #1828, 0.00280000000000000 );
#942 = SURFACE_STYLE_USAGE( .BOTH., #1829 );
#943 = FACE_OUTER_BOUND( '', #1830, .T. );
#944 = CYLINDRICAL_SURFACE( '', #1831, 0.00890000000000000 );
#945 = SURFACE_STYLE_USAGE( .BOTH., #1832 );
#946 = FACE_OUTER_BOUND( '', #1833, .T. );
#947 = FACE_BOUND( '', #1834, .T. );
#948 = FACE_BOUND( '', #1835, .T. );
#949 = FACE_BOUND( '', #1836, .T. );
#950 = FACE_BOUND( '', #1837, .T. );
#951 = FACE_BOUND( '', #1838, .T. );
#952 = PLANE( '', #1839 );
#953 = SURFACE_STYLE_USAGE( .BOTH., #1840 );
#954 = FACE_OUTER_BOUND( '', #1841, .T. );
#955 = CYLINDRICAL_SURFACE( '', #1842, 0.000300000000000000 );
#956 = SURFACE_STYLE_USAGE( .BOTH., #1843 );
#957 = FACE_OUTER_BOUND( '', #1844, .T. );
#958 = CYLINDRICAL_SURFACE( '', #1845, 0.000500000000000000 );
#959 = SURFACE_STYLE_USAGE( .BOTH., #1846 );
#960 = FACE_OUTER_BOUND( '', #1847, .T. );
#961 = PLANE( '', #1848 );
#962 = SURFACE_STYLE_USAGE( .BOTH., #1849 );
#963 = FACE_OUTER_BOUND( '', #1850, .T. );
#964 = CYLINDRICAL_SURFACE( '', #1851, 0.000300000000000000 );
#965 = SURFACE_STYLE_USAGE( .BOTH., #1852 );
#966 = FACE_BOUND( '', #1853, .T. );
#967 = FACE_OUTER_BOUND( '', #1854, .T. );
#968 = SPHERICAL_SURFACE( '', #1855, 0.00476250000000000 );
#969 = SURFACE_STYLE_USAGE( .BOTH., #1856 );
#970 = FACE_OUTER_BOUND( '', #1857, .T. );
#971 = CYLINDRICAL_SURFACE( '', #1858, 0.000300000000000000 );
#972 = SURFACE_STYLE_USAGE( .BOTH., #1859 );
#973 = FACE_OUTER_BOUND( '', #1860, .T. );
#974 = CYLINDRICAL_SURFACE( '', #1861, 0.00790000000000000 );
#975 = SURFACE_STYLE_USAGE( .BOTH., #1862 );
#976 = FACE_OUTER_BOUND( '', #1863, .T. );
#977 = CYLINDRICAL_SURFACE( '', #1864, 0.00280000000000000 );
#978 = SURFACE_STYLE_USAGE( .BOTH., #1865 );
#979 = FACE_OUTER_BOUND( '', #1866, .T. );
#980 = CYLINDRICAL_SURFACE( '', #1867, 0.000300000000000000 );
#981 = SURFACE_STYLE_USAGE( .BOTH., #1868 );
#982 = FACE_OUTER_BOUND( '', #1869, .T. );
#983 = CYLINDRICAL_SURFACE( '', #1870, 0.00250000000000000 );
#984 = SURFACE_STYLE_USAGE( .BOTH., #1871 );
#985 = FACE_OUTER_BOUND( '', #1872, .T. );
#986 = CYLINDRICAL_SURFACE( '', #1873, 0.000200000000000000 );
#987 = SURFACE_STYLE_USAGE( .BOTH., #1874 );
#988 = FACE_OUTER_BOUND( '', #1875, .T. );
#989 = CYLINDRICAL_SURFACE( '', #1876, 0.00250000000000000 );
#990 = SURFACE_STYLE_USAGE( .BOTH., #1877 );
#991 = FACE_OUTER_BOUND( '', #1878, .T. );
#992 = PLANE( '', #1879 );
#993 = SURFACE_STYLE_USAGE( .BOTH., #1880 );
#994 = FACE_OUTER_BOUND( '', #1881, .T. );
#995 = FACE_BOUND( '', #1882, .T. );
#996 = PLANE( '', #1883 );
#997 = SURFACE_STYLE_USAGE( .BOTH., #1884 );
#998 = FACE_OUTER_BOUND( '', #1885, .T. );
#999 = CYLINDRICAL_SURFACE( '', #1886, 0.000500000000000000 );
#1000 = SURFACE_STYLE_USAGE( .BOTH., #1887 );
#1001 = FACE_OUTER_BOUND( '', #1888, .T. );
#1002 = ( BOUNDED_SURFACE(  )B_SPLINE_SURFACE( 3, 3, ( ( #1891, #1892, #1893, #1894, #1895, #1896, #1897, #1898 ), ( #1899, #1900, #1901, #1902, #1903, #1904, #1905, #1906 ), ( #1907, #1908, #1909, #1910, #1911, #1912, #1913, #1914 ), ( #1915, #1916, #1917, #1918, #1919, #1920, #1921, #1922 ) ), .UNSPECIFIED., .F., .F., .F. )B_SPLINE_SURFACE_WITH_KNOTS( ( 4, 4 ), ( 4, 1, 1, 1, 1, 4 ), ( 0.00000000000000, 1.00000000000000 ), ( -0.0212090665231800, 0.00000000000000, 0.180956223544300, 0.370920031012400, 0.582953850145700, 0.672077889628200 ), .UNSPECIFIED. )GEOMETRIC_REPRESENTATION_ITEM(  )RATIONAL_B_SPLINE_SURFACE( ( ( 1.40039247814400, 1.40039247814400, 1.40039247814400, 1.40039247814400, 1.40039247814400, 1.40039247814400, 1.40039247814400, 1.40039247814400 ), ( 0.866535840618600, 0.866535840618600, 0.866535840618600, 0.866535840618600, 0.866535840618600, 0.866535840618600, 0.866535840618600, 0.866535840618600 ), ( 0.866535840618600, 0.866535840618600, 0.866535840618600, 0.866535840618600, 0.866535840618600, 0.866535840618600, 0.866535840618600, 0.866535840618600 ), ( 1.40039247814400, 1.40039247814400, 1.40039247814400, 1.40039247814400, 1.40039247814400, 1.40039247814400, 1.40039247814400, 1.40039247814400 ) ) )REPRESENTATION_ITEM( '' )SURFACE(  ) );
#1003 = SURFACE_STYLE_USAGE( .BOTH., #1928 );
#1004 = FACE_OUTER_BOUND( '', #1929, .T. );
#1005 = CYLINDRICAL_SURFACE( '', #1930, 0.000300000000000000 );
#1006 = SURFACE_STYLE_USAGE( .BOTH., #1931 );
#1007 = FACE_OUTER_BOUND( '', #1932, .T. );
#1008 = ( BOUNDED_SURFACE(  )B_SPLINE_SURFACE( 3, 3, ( ( #1935, #1936, #1937, #1938, #1939, #1940, #1941, #1942 ), ( #1943, #1944, #1945, #1946, #1947, #1948, #1949, #1950 ), ( #1951, #1952, #1953, #1954, #1955, #1956, #1957, #1958 ), ( #1959, #1960, #1961, #1962, #1963, #1964, #1965, #1966 ) ), .UNSPECIFIED., .F., .F., .F. )B_SPLINE_SURFACE_WITH_KNOTS( ( 4, 4 ), ( 4, 1, 1, 1, 1, 4 ), ( 0.00000000000000, 1.00000000000000 ), ( 0.327947701821100, 0.400839125727900, 0.586167506814900, 0.781600516807100, 1.00000000000000, 1.02118492972600 ), .UNSPECIFIED. )GEOMETRIC_REPRESENTATION_ITEM(  )RATIONAL_B_SPLINE_SURFACE( ( ( 1.40039247814400, 1.40039247814400, 1.40039247814400, 1.40039247814400, 1.40039247814400, 1.40039247814400, 1.40039247814400, 1.40039247814400 ), ( 0.866535840618600, 0.866535840618600, 0.866535840618600, 0.866535840618600, 0.866535840618600, 0.866535840618600, 0.866535840618600, 0.866535840618600 ), ( 0.866535840618600, 0.866535840618600, 0.866535840618600, 0.866535840618600, 0.866535840618600, 0.866535840618600, 0.866535840618600, 0.866535840618600 ), ( 1.40039247814400, 1.40039247814400, 1.40039247814400, 1.40039247814400, 1.40039247814400, 1.40039247814400, 1.40039247814400, 1.40039247814400 ) ) )REPRESENTATION_ITEM( '' )SURFACE(  ) );
#1009 = SURFACE_STYLE_USAGE( .BOTH., #1972 );
#1010 = FACE_OUTER_BOUND( '', #1973, .T. );
#1011 = CYLINDRICAL_SURFACE( '', #1974, 0.00350000000000000 );
#1012 = SURFACE_STYLE_USAGE( .BOTH., #1975 );
#1013 = FACE_OUTER_BOUND( '', #1976, .T. );
#1014 = CYLINDRICAL_SURFACE( '', #1977, 0.000300000000000000 );
#1015 = SURFACE_STYLE_USAGE( .BOTH., #1978 );
#1016 = FACE_OUTER_BOUND( '', #1979, .T. );
#1017 = PLANE( '', #1980 );
#1018 = SURFACE_STYLE_USAGE( .BOTH., #1981 );
#1019 = FACE_OUTER_BOUND( '', #1982, .T. );
#1020 = TOROIDAL_SURFACE( '', #1983, 0.0109863203000000, 0.00150000000000000 );
#1021 = SURFACE_STYLE_USAGE( .BOTH., #1984 );
#1022 = FACE_OUTER_BOUND( '', #1985, .T. );
#1023 = PLANE( '', #1986 );
#1024 = SURFACE_STYLE_USAGE( .BOTH., #1987 );
#1025 = FACE_OUTER_BOUND( '', #1988, .T. );
#1026 = ( BOUNDED_SURFACE(  )B_SPLINE_SURFACE( 3, 3, ( ( #1991, #1992, #1993, #1994, #1995, #1996, #1997, #1998, #1999, #2000, #2001, #2002, #2003, #2004, #2005 ), ( #2006, #2007, #2008, #2009, #2010, #2011, #2012, #2013, #2014, #2015, #2016, #2017, #2018, #2019, #2020 ), ( #2021, #2022, #2023, #2024, #2025, #2026, #2027, #2028, #2029, #2030, #2031, #2032, #2033, #2034, #2035 ), ( #2036, #2037, #2038, #2039, #2040, #2041, #2042, #2043, #2044, #2045, #2046, #2047, #2048, #2049, #2050 ) ), .UNSPECIFIED., .F., .F., .F. )B_SPLINE_SURFACE_WITH_KNOTS( ( 4, 4 ), ( 4, 1, 1, 1, 1, 1, 1, 1, 1, 1, 1, 1, 4 ), ( 0.00000000000000, 1.00000000000000 ), ( -0.00218053331635900, 0.00000000000000, 0.0205621340996400, 0.0397489118567500, 0.0587146102219000, 0.0781047500000300, 0.0976530590672800, 0.116963990221400, 0.136153540652100, 0.155816128159300, 0.176958128121200, 0.200716251132800, 0.219804919866600 ), .UNSPECIFIED. )GEOMETRIC_REPRESENTATION_ITEM(  )RATIONAL_B_SPLINE_SURFACE( ( ( 1.40039275581800, 1.40039275581800, 1.40039275581800, 1.40039275581800, 1.40039275581800, 1.40039275581800, 1.40039275581800, 1.40039275581800, 1.40039275581800, 1.40039275581800, 1.40039275581800, 1.40039275581800, 1.40039275581800, 1.40039275581800, 1.40039275581800 ), ( 0.866535748060700, 0.866535748060700, 0.866535748060700, 0.866535748060700, 0.866535748060700, 0.866535748060700, 0.866535748060700, 0.866535748060700, 0.866535748060700, 0.866535748060700, 0.866535748060700, 0.866535748060700, 0.866535748060700, 0.866535748060700, 0.866535748060700 ), ( 0.866535748060700, 0.866535748060700, 0.866535748060700, 0.866535748060700, 0.866535748060700, 0.866535748060700, 0.866535748060700, 0.866535748060700, 0.866535748060700, 0.866535748060700, 0.866535748060700, 0.866535748060700, 0.866535748060700, 0.866535748060700, 0.866535748060700 ), ( 1.40039275581800, 1.40039275581800, 1.40039275581800, 1.40039275581800, 1.40039275581800, 1.40039275581800, 1.40039275581800, 1.40039275581800, 1.40039275581800, 1.40039275581800, 1.40039275581800, 1.40039275581800, 1.40039275581800, 1.40039275581800, 1.40039275581800 ) ) )REPRESENTATION_ITEM( '' )SURFACE(  ) );
#1027 = SURFACE_STYLE_USAGE( .BOTH., #2056 );
#1028 = FACE_OUTER_BOUND( '', #2057, .T. );
#1029 = CYLINDRICAL_SURFACE( '', #2058, 0.00350000000000000 );
#1030 = SURFACE_STYLE_USAGE( .BOTH., #2059 );
#1031 = FACE_OUTER_BOUND( '', #2060, .T. );
#1032 = SPHERICAL_SURFACE( '', #2061, 0.00481250000000000 );
#1033 = SURFACE_STYLE_USAGE( .BOTH., #2062 );
#1034 = FACE_OUTER_BOUND( '', #2063, .T. );
#1035 = CYLINDRICAL_SURFACE( '', #2064, 0.000300000000000000 );
#1036 = SURFACE_STYLE_USAGE( .BOTH., #2065 );
#1037 = FACE_OUTER_BOUND( '', #2066, .T. );
#1038 = PLANE( '', #2067 );
#1039 = SURFACE_STYLE_USAGE( .BOTH., #2068 );
#1040 = FACE_OUTER_BOUND( '', #2069, .T. );
#1041 = PLANE( '', #2070 );
#1042 = SURFACE_STYLE_USAGE( .BOTH., #2071 );
#1043 = FACE_OUTER_BOUND( '', #2072, .T. );
#1044 = CYLINDRICAL_SURFACE( '', #2073, 0.000500000000000000 );
#1045 = SURFACE_STYLE_USAGE( .BOTH., #2074 );
#1046 = FACE_OUTER_BOUND( '', #2075, .T. );
#1047 = PLANE( '', #2076 );
#1048 = SURFACE_STYLE_USAGE( .BOTH., #2077 );
#1049 = FACE_OUTER_BOUND( '', #2078, .T. );
#1050 = PLANE( '', #2079 );
#1051 = SURFACE_STYLE_USAGE( .BOTH., #2080 );
#1052 = FACE_OUTER_BOUND( '', #2081, .T. );
#1053 = ( BOUNDED_SURFACE(  )B_SPLINE_SURFACE( 3, 3, ( ( #2084, #2085, #2086, #2087, #2088, #2089, #2090, #2091 ), ( #2092, #2093, #2094, #2095, #2096, #2097, #2098, #2099 ), ( #2100, #2101, #2102, #2103, #2104, #2105, #2106, #2107 ), ( #2108, #2109, #2110, #2111, #2112, #2113, #2114, #2115 ) ), .UNSPECIFIED., .F., .F., .F. )B_SPLINE_SURFACE_WITH_KNOTS( ( 4, 4 ), ( 4, 1, 1, 1, 1, 4 ), ( 0.00000000000000, 1.00000000000000 ), ( -0.0212090665231800, 0.00000000000000, 0.180956223544400, 0.370920031012600, 0.582953850146000, 0.672077889628200 ), .UNSPECIFIED. )GEOMETRIC_REPRESENTATION_ITEM(  )RATIONAL_B_SPLINE_SURFACE( ( ( 1.40039247814400, 1.40039247814400, 1.40039247814400, 1.40039247814400, 1.40039247814400, 1.40039247814400, 1.40039247814400, 1.40039247814400 ), ( 0.866535840618600, 0.866535840618600, 0.866535840618600, 0.866535840618600, 0.866535840618600, 0.866535840618600, 0.866535840618600, 0.866535840618600 ), ( 0.866535840618600, 0.866535840618600, 0.866535840618600, 0.866535840618600, 0.866535840618600, 0.866535840618600, 0.866535840618600, 0.866535840618600 ), ( 1.40039247814400, 1.40039247814400, 1.40039247814400, 1.40039247814400, 1.40039247814400, 1.40039247814400, 1.40039247814400, 1.40039247814400 ) ) )REPRESENTATION_ITEM( '' )SURFACE(  ) );
#1054 = SURFACE_STYLE_USAGE( .BOTH., #2121 );
#1055 = FACE_OUTER_BOUND( '', #2122, .T. );
#1056 = CYLINDRICAL_SURFACE( '', #2123, 0.00205000000000000 );
#1057 = SURFACE_STYLE_USAGE( .BOTH., #2124 );
#1058 = FACE_OUTER_BOUND( '', #2125, .T. );
#1059 = PLANE( '', #2126 );
#1060 = SURFACE_STYLE_USAGE( .BOTH., #2127 );
#1061 = FACE_OUTER_BOUND( '', #2128, .T. );
#1062 = CYLINDRICAL_SURFACE( '', #2129, 0.00890000000000000 );
#1063 = SURFACE_STYLE_USAGE( .BOTH., #2130 );
#1064 = FACE_OUTER_BOUND( '', #2131, .T. );
#1065 = PLANE( '', #2132 );
#1066 = SURFACE_STYLE_USAGE( .BOTH., #2133 );
#1067 = FACE_OUTER_BOUND( '', #2134, .T. );
#1068 = CYLINDRICAL_SURFACE( '', #2135, 0.00205000000000000 );
#1069 = SURFACE_STYLE_USAGE( .BOTH., #2136 );
#1070 = FACE_OUTER_BOUND( '', #2137, .T. );
#1071 = CYLINDRICAL_SURFACE( '', #2138, 0.000300000000000000 );
#1072 = SURFACE_STYLE_USAGE( .BOTH., #2139 );
#1073 = FACE_OUTER_BOUND( '', #2140, .T. );
#1074 = TOROIDAL_SURFACE( '', #2141, 0.0109863203000000, 0.00150000000000000 );
#1075 = SURFACE_STYLE_USAGE( .BOTH., #2142 );
#1076 = FACE_OUTER_BOUND( '', #2143, .T. );
#1077 = CYLINDRICAL_SURFACE( '', #2144, 0.000500000000000000 );
#1078 = SURFACE_STYLE_USAGE( .BOTH., #2145 );
#1079 = FACE_OUTER_BOUND( '', #2146, .T. );
#1080 = CONICAL_SURFACE( '', #2147, 0.00561244490000000, 0.785398158400000 );
#1081 = SURFACE_STYLE_USAGE( .BOTH., #2148 );
#1082 = FACE_OUTER_BOUND( '', #2149, .T. );
#1083 = ( BOUNDED_SURFACE(  )B_SPLINE_SURFACE( 3, 3, ( ( #2152, #2153, #2154, #2155, #2156, #2157, #2158, #2159, #2160, #2161, #2162, #2163, #2164, #2165, #2166, #2167, #2168, #2169, #2170 ), ( #2171, #2172, #2173, #2174, #2175, #2176, #2177, #2178, #2179, #2180, #2181, #2182, #2183, #2184, #2185, #2186, #2187, #2188, #2189 ), ( #2190, #2191, #2192, #2193, #2194, #2195, #2196, #2197, #2198, #2199, #2200, #2201, #2202, #2203, #2204, #2205, #2206, #2207, #2208 ), ( #2209, #2210, #2211, #2212, #2213, #2214, #2215, #2216, #2217, #2218, #2219, #2220, #2221, #2222, #2223, #2224, #2225, #2226, #2227 ) ), .UNSPECIFIED., .F., .F., .F. )B_SPLINE_SURFACE_WITH_KNOTS( ( 4, 4 ), ( 4, 1, 1, 1, 1, 1, 1, 1, 1, 1, 1, 1, 1, 1, 1, 1, 4 ), ( 0.00000000000000, 1.00000000000000 ), ( -0.00218053649934300, 0.00000000000000, 0.00904200276989700, 0.0185853660718900, 0.0294624339159300, 0.0419611944506100, 0.0561250806159900, 0.0711317365093200, 0.0860357910847400, 0.100722389508400, 0.115557953320700, 0.131059469945700, 0.147835326135600, 0.166510683134700, 0.187711573445700, 0.212052220383500, 0.219805055887400 ), .UNSPECIFIED. )GEOMETRIC_REPRESENTATION_ITEM(  )RATIONAL_B_SPLINE_SURFACE( ( ( 1.40039247997500, 1.40039247997500, 1.40039247997500, 1.40039247997500, 1.40039247997500, 1.40039247997500, 1.40039247997500, 1.40039247997500, 1.40039247997500, 1.40039247997500, 1.40039247997500, 1.40039247997500, 1.40039247997500, 1.40039247997500, 1.40039247997500, 1.40039247997500, 1.40039247997500, 1.40039247997500, 1.40039247997500 ), ( 0.866535840008400, 0.866535840008400, 0.866535840008400, 0.866535840008400, 0.866535840008400, 0.866535840008400, 0.866535840008400, 0.866535840008400, 0.866535840008400, 0.866535840008400, 0.866535840008400, 0.866535840008400, 0.866535840008400, 0.866535840008400, 0.866535840008400, 0.866535840008400, 0.866535840008400, 0.866535840008400, 0.866535840008400 ), ( 0.866535840008400, 0.866535840008400, 0.866535840008400, 0.866535840008400, 0.866535840008400, 0.866535840008400, 0.866535840008400, 0.866535840008400, 0.866535840008400, 0.866535840008400, 0.866535840008400, 0.866535840008400, 0.866535840008400, 0.866535840008400, 0.866535840008400, 0.866535840008400, 0.866535840008400, 0.866535840008400, 0.866535840008400 ), ( 1.40039247997500, 1.40039247997500, 1.40039247997500, 1.40039247997500, 1.40039247997500, 1.40039247997500, 1.40039247997500, 1.40039247997500, 1.40039247997500, 1.40039247997500, 1.40039247997500, 1.40039247997500, 1.40039247997500, 1.40039247997500, 1.40039247997500, 1.40039247997500, 1.40039247997500, 1.40039247997500, 1.40039247997500 ) ) )REPRESENTATION_ITEM( '' )SURFACE(  ) );
#1084 = SURFACE_STYLE_USAGE( .BOTH., #2233 );
#1085 = FACE_OUTER_BOUND( '', #2234, .T. );
#1086 = CYLINDRICAL_SURFACE( '', #2235, 0.00280000000000000 );
#1087 = SURFACE_STYLE_USAGE( .BOTH., #2236 );
#1088 = FACE_OUTER_BOUND( '', #2237, .T. );
#1089 = FACE_BOUND( '', #2238, .T. );
#1090 = PLANE( '', #2239 );
#1091 = SURFACE_STYLE_USAGE( .BOTH., #2240 );
#1092 = FACE_OUTER_BOUND( '', #2241, .T. );
#1093 = CONICAL_SURFACE( '', #2242, 0.00561239410000000, 0.785398122900000 );
#1094 = SURFACE_STYLE_USAGE( .BOTH., #2243 );
#1095 = FACE_OUTER_BOUND( '', #2244, .T. );
#1096 = SPHERICAL_SURFACE( '', #2245, 0.00481250000000000 );
#1097 = SURFACE_STYLE_USAGE( .BOTH., #2246 );
#1098 = FACE_OUTER_BOUND( '', #2247, .T. );
#1099 = ( BOUNDED_SURFACE(  )B_SPLINE_SURFACE( 3, 3, ( ( #2250, #2251, #2252, #2253, #2254, #2255, #2256, #2257 ), ( #2258, #2259, #2260, #2261, #2262, #2263, #2264, #2265 ), ( #2266, #2267, #2268, #2269, #2270, #2271, #2272, #2273 ), ( #2274, #2275, #2276, #2277, #2278, #2279, #2280, #2281 ) ), .UNSPECIFIED., .F., .F., .F. )B_SPLINE_SURFACE_WITH_KNOTS( ( 4, 4 ), ( 4, 1, 1, 1, 1, 4 ), ( 0.00000000000000, 1.00000000000000 ), ( 0.327947701839200, 0.400839125727900, 0.586167506815000, 0.781600516807200, 1.00000000000000, 1.02118490520400 ), .UNSPECIFIED. )GEOMETRIC_REPRESENTATION_ITEM(  )RATIONAL_B_SPLINE_SURFACE( ( ( 1.40039247814400, 1.40039247814400, 1.40039247814400, 1.40039247814400, 1.40039247814400, 1.40039247814400, 1.40039247814400, 1.40039247814400 ), ( 0.866535840618800, 0.866535840618800, 0.866535840618800, 0.866535840618800, 0.866535840618800, 0.866535840618800, 0.866535840618800, 0.866535840618800 ), ( 0.866535840618800, 0.866535840618800, 0.866535840618800, 0.866535840618800, 0.866535840618800, 0.866535840618800, 0.866535840618800, 0.866535840618800 ), ( 1.40039247814400, 1.40039247814400, 1.40039247814400, 1.40039247814400, 1.40039247814400, 1.40039247814400, 1.40039247814400, 1.40039247814400 ) ) )REPRESENTATION_ITEM( '' )SURFACE(  ) );
#1100 = SURFACE_STYLE_USAGE( .BOTH., #2287 );
#1101 = FACE_OUTER_BOUND( '', #2288, .T. );
#1102 = CYLINDRICAL_SURFACE( '', #2289, 0.000200000000000000 );
#1103 = SURFACE_STYLE_USAGE( .BOTH., #2290 );
#1104 = FACE_OUTER_BOUND( '', #2291, .T. );
#1105 = CYLINDRICAL_SURFACE( '', #2292, 0.000300000000000000 );
#1106 = SURFACE_STYLE_USAGE( .BOTH., #2293 );
#1107 = FACE_OUTER_BOUND( '', #2294, .T. );
#1108 = TOROIDAL_SURFACE( '', #2295, 0.00451633160000000, 0.00150000000000000 );
#1109 = SURFACE_STYLE_USAGE( .BOTH., #2296 );
#1110 = FACE_OUTER_BOUND( '', #2297, .T. );
#1111 = PLANE( '', #2298 );
#1112 = SURFACE_STYLE_USAGE( .BOTH., #2299 );
#1113 = FACE_OUTER_BOUND( '', #2300, .T. );
#1114 = CYLINDRICAL_SURFACE( '', #2301, 0.00446369930000000 );
#1115 = SURFACE_STYLE_USAGE( .BOTH., #2302 );
#1116 = FACE_OUTER_BOUND( '', #2303, .T. );
#1117 = CYLINDRICAL_SURFACE( '', #2304, 0.000500000000000000 );
#1118 = SURFACE_STYLE_USAGE( .BOTH., #2305 );
#1119 = FACE_OUTER_BOUND( '', #2306, .T. );
#1120 = CYLINDRICAL_SURFACE( '', #2307, 0.00180000000000000 );
#1121 = SURFACE_STYLE_USAGE( .BOTH., #2308 );
#1122 = FACE_OUTER_BOUND( '', #2309, .T. );
#1123 = CYLINDRICAL_SURFACE( '', #2310, 0.00180000000000000 );
#1124 = SURFACE_STYLE_USAGE( .BOTH., #2311 );
#1125 = FACE_OUTER_BOUND( '', #2312, .T. );
#1126 = PLANE( '', #2313 );
#1127 = SURFACE_STYLE_USAGE( .BOTH., #2314 );
#1128 = FACE_OUTER_BOUND( '', #2315, .T. );
#1129 = PLANE( '', #2316 );
#1130 = SURFACE_STYLE_USAGE( .BOTH., #2317 );
#1131 = FACE_OUTER_BOUND( '', #2318, .T. );
#1132 = TOROIDAL_SURFACE( '', #2319, 0.0109863203000000, 0.00150000000000000 );
#1133 = SURFACE_STYLE_USAGE( .BOTH., #2320 );
#1134 = FACE_OUTER_BOUND( '', #2321, .T. );
#1135 = ( BOUNDED_SURFACE(  )B_SPLINE_SURFACE( 3, 3, ( ( #2324, #2325, #2326, #2327, #2328, #2329, #2330, #2331 ), ( #2332, #2333, #2334, #2335, #2336, #2337, #2338, #2339 ), ( #2340, #2341, #2342, #2343, #2344, #2345, #2346, #2347 ), ( #2348, #2349, #2350, #2351, #2352, #2353, #2354, #2355 ) ), .UNSPECIFIED., .F., .F., .F. )B_SPLINE_SURFACE_WITH_KNOTS( ( 4, 4 ), ( 4, 1, 1, 1, 1, 4 ), ( 0.00000000000000, 1.00000000000000 ), ( 0.327947701839100, 0.400839125727900, 0.586167506815000, 0.781600516807200, 1.00000000000000, 1.02118490532900 ), .UNSPECIFIED. )GEOMETRIC_REPRESENTATION_ITEM(  )RATIONAL_B_SPLINE_SURFACE( ( ( 1.40039247814400, 1.40039247814400, 1.40039247814400, 1.40039247814400, 1.40039247814400, 1.40039247814400, 1.40039247814400, 1.40039247814400 ), ( 0.866535840618800, 0.866535840618800, 0.866535840618800, 0.866535840618800, 0.866535840618800, 0.866535840618800, 0.866535840618800, 0.866535840618800 ), ( 0.866535840618800, 0.866535840618800, 0.866535840618800, 0.866535840618800, 0.866535840618800, 0.866535840618800, 0.866535840618800, 0.866535840618800 ), ( 1.40039247814400, 1.40039247814400, 1.40039247814400, 1.40039247814400, 1.40039247814400, 1.40039247814400, 1.40039247814400, 1.40039247814400 ) ) )REPRESENTATION_ITEM( '' )SURFACE(  ) );
#1136 = SURFACE_STYLE_USAGE( .BOTH., #2361 );
#1137 = FACE_OUTER_BOUND( '', #2362, .T. );
#1138 = CYLINDRICAL_SURFACE( '', #2363, 0.000300000000000000 );
#1139 = SURFACE_STYLE_USAGE( .BOTH., #2364 );
#1140 = FACE_OUTER_BOUND( '', #2365, .T. );
#1141 = FACE_BOUND( '', #2366, .T. );
#1142 = FACE_BOUND( '', #2367, .T. );
#1143 = FACE_BOUND( '', #2368, .T. );
#1144 = FACE_BOUND( '', #2369, .T. );
#1145 = FACE_BOUND( '', #2370, .T. );
#1146 = FACE_BOUND( '', #2371, .T. );
#1147 = FACE_BOUND( '', #2372, .T. );
#1148 = FACE_BOUND( '', #2373, .T. );
#1149 = FACE_BOUND( '', #2374, .T. );
#1150 = FACE_BOUND( '', #2375, .T. );
#1151 = FACE_BOUND( '', #2376, .T. );
#1152 = FACE_BOUND( '', #2377, .T. );
#1153 = FACE_BOUND( '', #2378, .T. );
#1154 = FACE_BOUND( '', #2379, .T. );
#1155 = FACE_BOUND( '', #2380, .T. );
#1156 = FACE_BOUND( '', #2381, .T. );
#1157 = FACE_BOUND( '', #2382, .T. );
#1158 = FACE_BOUND( '', #2383, .T. );
#1159 = FACE_BOUND( '', #2384, .T. );
#1160 = FACE_BOUND( '', #2385, .T. );
#1161 = PLANE( '', #2386 );
#1162 = SURFACE_STYLE_USAGE( .BOTH., #2387 );
#1163 = FACE_OUTER_BOUND( '', #2388, .T. );
#1164 = CYLINDRICAL_SURFACE( '', #2389, 0.000300000000000000 );
#1165 = SURFACE_STYLE_USAGE( .BOTH., #2390 );
#1166 = FACE_OUTER_BOUND( '', #2391, .T. );
#1167 = CYLINDRICAL_SURFACE( '', #2392, 0.000500000000000000 );
#1168 = SURFACE_STYLE_USAGE( .BOTH., #2393 );
#1169 = FACE_OUTER_BOUND( '', #2394, .T. );
#1170 = CYLINDRICAL_SURFACE( '', #2395, 0.00300000000000000 );
#1171 = SURFACE_STYLE_USAGE( .BOTH., #2396 );
#1172 = FACE_OUTER_BOUND( '', #2397, .T. );
#1173 = CYLINDRICAL_SURFACE( '', #2398, 0.00446369930000000 );
#1174 = SURFACE_STYLE_USAGE( .BOTH., #2399 );
#1175 = FACE_OUTER_BOUND( '', #2400, .T. );
#1176 = CYLINDRICAL_SURFACE( '', #2401, 0.00180000000000000 );
#1177 = SURFACE_STYLE_USAGE( .BOTH., #2402 );
#1178 = FACE_OUTER_BOUND( '', #2403, .T. );
#1179 = FACE_OUTER_BOUND( '', #2404, .T. );
#1180 = CYLINDRICAL_SURFACE( '', #2405, 0.00250000000000000 );
#1181 = SURFACE_STYLE_USAGE( .BOTH., #2406 );
#1182 = FACE_OUTER_BOUND( '', #2407, .T. );
#1183 = FACE_OUTER_BOUND( '', #2408, .T. );
#1184 = CYLINDRICAL_SURFACE( '', #2409, 0.00105000000000000 );
#1185 = SURFACE_STYLE_USAGE( .BOTH., #2410 );
#1186 = FACE_OUTER_BOUND( '', #2411, .T. );
#1187 = CYLINDRICAL_SURFACE( '', #2412, 0.000300000000000000 );
#1188 = SURFACE_STYLE_USAGE( .BOTH., #2413 );
#1189 = FACE_OUTER_BOUND( '', #2414, .T. );
#1190 = CYLINDRICAL_SURFACE( '', #2415, 0.000300000000000000 );
#1191 = SURFACE_STYLE_USAGE( .BOTH., #2416 );
#1192 = FACE_OUTER_BOUND( '', #2417, .T. );
#1193 = ( BOUNDED_SURFACE(  )B_SPLINE_SURFACE( 3, 3, ( ( #2420, #2421, #2422, #2423, #2424, #2425, #2426, #2427 ), ( #2428, #2429, #2430, #2431, #2432, #2433, #2434, #2435 ), ( #2436, #2437, #2438, #2439, #2440, #2441, #2442, #2443 ), ( #2444, #2445, #2446, #2447, #2448, #2449, #2450, #2451 ) ), .UNSPECIFIED., .F., .F., .F. )B_SPLINE_SURFACE_WITH_KNOTS( ( 4, 4 ), ( 4, 1, 1, 1, 1, 4 ), ( 0.00000000000000, 1.00000000000000 ), ( -0.0212090665231800, 0.00000000000000, 0.180956223544900, 0.370920031013500, 0.582953850147400, 0.672077889628200 ), .UNSPECIFIED. )GEOMETRIC_REPRESENTATION_ITEM(  )RATIONAL_B_SPLINE_SURFACE( ( ( 1.40039247814400, 1.40039247814400, 1.40039247814400, 1.40039247814400, 1.40039247814400, 1.40039247814400, 1.40039247814400, 1.40039247814400 ), ( 0.866535840618600, 0.866535840618600, 0.866535840618600, 0.866535840618600, 0.866535840618600, 0.866535840618600, 0.866535840618600, 0.866535840618600 ), ( 0.866535840618600, 0.866535840618600, 0.866535840618600, 0.866535840618600, 0.866535840618600, 0.866535840618600, 0.866535840618600, 0.866535840618600 ), ( 1.40039247814400, 1.40039247814400, 1.40039247814400, 1.40039247814400, 1.40039247814400, 1.40039247814400, 1.40039247814400, 1.40039247814400 ) ) )REPRESENTATION_ITEM( '' )SURFACE(  ) );
#1194 = SURFACE_STYLE_USAGE( .BOTH., #2457 );
#1195 = FACE_OUTER_BOUND( '', #2458, .T. );
#1196 = CYLINDRICAL_SURFACE( '', #2459, 0.000300000000000000 );
#1197 = SURFACE_STYLE_USAGE( .BOTH., #2460 );
#1198 = FACE_OUTER_BOUND( '', #2461, .T. );
#1199 = PLANE( '', #2462 );
#1200 = SURFACE_STYLE_USAGE( .BOTH., #2463 );
#1201 = FACE_OUTER_BOUND( '', #2464, .T. );
#1202 = CYLINDRICAL_SURFACE( '', #2465, 0.000300000000000000 );
#1203 = SURFACE_STYLE_USAGE( .BOTH., #2466 );
#1204 = FACE_OUTER_BOUND( '', #2467, .T. );
#1205 = CYLINDRICAL_SURFACE( '', #2468, 0.000300000000000000 );
#1206 = SURFACE_STYLE_USAGE( .BOTH., #2469 );
#1207 = FACE_OUTER_BOUND( '', #2470, .T. );
#1208 = PLANE( '', #2471 );
#1209 = SURFACE_STYLE_USAGE( .BOTH., #2472 );
#1210 = FACE_OUTER_BOUND( '', #2473, .T. );
#1211 = CYLINDRICAL_SURFACE( '', #2474, 0.000200000000000000 );
#1212 = SURFACE_STYLE_USAGE( .BOTH., #2475 );
#1213 = FACE_OUTER_BOUND( '', #2476, .T. );
#1214 = CYLINDRICAL_SURFACE( '', #2477, 0.00300000000000000 );
#1215 = SURFACE_STYLE_USAGE( .BOTH., #2478 );
#1216 = FACE_OUTER_BOUND( '', #2479, .T. );
#1217 = CYLINDRICAL_SURFACE( '', #2480, 0.000200000000000000 );
#1218 = SURFACE_STYLE_USAGE( .BOTH., #2481 );
#1219 = FACE_OUTER_BOUND( '', #2482, .T. );
#1220 = CYLINDRICAL_SURFACE( '', #2483, 0.00205000000000000 );
#1221 = SURFACE_STYLE_USAGE( .BOTH., #2484 );
#1222 = FACE_OUTER_BOUND( '', #2485, .T. );
#1223 = CYLINDRICAL_SURFACE( '', #2486, 0.00280000000000000 );
#1224 = SURFACE_STYLE_USAGE( .BOTH., #2487 );
#1225 = FACE_OUTER_BOUND( '', #2488, .T. );
#1226 = ( BOUNDED_SURFACE(  )B_SPLINE_SURFACE( 3, 3, ( ( #2491, #2492, #2493, #2494, #2495, #2496, #2497, #2498, #2499, #2500, #2501 ), ( #2502, #2503, #2504, #2505, #2506, #2507, #2508, #2509, #2510, #2511, #2512 ), ( #2513, #2514, #2515, #2516, #2517, #2518, #2519, #2520, #2521, #2522, #2523 ), ( #2524, #2525, #2526, #2527, #2528, #2529, #2530, #2531, #2532, #2533, #2534 ) ), .UNSPECIFIED., .F., .F., .F. )B_SPLINE_SURFACE_WITH_KNOTS( ( 4, 4 ), ( 4, 1, 1, 1, 1, 1, 1, 1, 4 ), ( 0.00000000000000, 1.00000000000000 ), ( 0.874590193528400, 0.885922629944900, 0.909484453943900, 0.932177527873900, 0.952437480000000, 0.970341043732000, 0.986118533866700, 1.00000000000000, 1.00124382350300 ), .UNSPECIFIED. )GEOMETRIC_REPRESENTATION_ITEM(  )RATIONAL_B_SPLINE_SURFACE( ( ( 1.40039263089200, 1.40039263089200, 1.40039263089200, 1.40039263089200, 1.40039263089200, 1.40039263089200, 1.40039263089200, 1.40039263089200, 1.40039263089200, 1.40039263089200, 1.40039263089200 ), ( 0.866535789702700, 0.866535789702700, 0.866535789702700, 0.866535789702700, 0.866535789702700, 0.866535789702700, 0.866535789702700, 0.866535789702700, 0.866535789702700, 0.866535789702700, 0.866535789702700 ), ( 0.866535789702700, 0.866535789702700, 0.866535789702700, 0.866535789702700, 0.866535789702700, 0.866535789702700, 0.866535789702700, 0.866535789702700, 0.866535789702700, 0.866535789702700, 0.866535789702700 ), ( 1.40039263089200, 1.40039263089200, 1.40039263089200, 1.40039263089200, 1.40039263089200, 1.40039263089200, 1.40039263089200, 1.40039263089200, 1.40039263089200, 1.40039263089200, 1.40039263089200 ) ) )REPRESENTATION_ITEM( '' )SURFACE(  ) );
#1227 = SURFACE_STYLE_USAGE( .BOTH., #2540 );
#1228 = FACE_OUTER_BOUND( '', #2541, .T. );
#1229 = CYLINDRICAL_SURFACE( '', #2542, 0.00180000000000000 );
#1230 = SURFACE_STYLE_USAGE( .BOTH., #2543 );
#1231 = FACE_OUTER_BOUND( '', #2544, .T. );
#1232 = CONICAL_SURFACE( '', #2545, 0.00470143440000000, 0.785398163400000 );
#1233 = SURFACE_STYLE_USAGE( .BOTH., #2546 );
#1234 = FACE_OUTER_BOUND( '', #2547, .T. );
#1235 = PLANE( '', #2548 );
#1236 = SURFACE_STYLE_USAGE( .BOTH., #2549 );
#1237 = FACE_OUTER_BOUND( '', #2550, .T. );
#1238 = CYLINDRICAL_SURFACE( '', #2551, 0.00446369930000000 );
#1239 = SURFACE_STYLE_USAGE( .BOTH., #2552 );
#1240 = FACE_OUTER_BOUND( '', #2553, .T. );
#1241 = PLANE( '', #2554 );
#1242 = SURFACE_STYLE_USAGE( .BOTH., #2555 );
#1243 = FACE_OUTER_BOUND( '', #2556, .T. );
#1244 = CONICAL_SURFACE( '', #2557, 0.00627659650000000, 0.785398163400000 );
#1245 = SURFACE_STYLE_USAGE( .BOTH., #2558 );
#1246 = FACE_OUTER_BOUND( '', #2559, .T. );
#1247 = PLANE( '', #2560 );
#1248 = SURFACE_STYLE_USAGE( .BOTH., #2561 );
#1249 = FACE_OUTER_BOUND( '', #2562, .T. );
#1250 = CYLINDRICAL_SURFACE( '', #2563, 0.000500000000000000 );
#1251 = SURFACE_STYLE_USAGE( .BOTH., #2564 );
#1252 = FACE_OUTER_BOUND( '', #2565, .T. );
#1253 = CYLINDRICAL_SURFACE( '', #2566, 0.00180000000000000 );
#1254 = SURFACE_STYLE_USAGE( .BOTH., #2567 );
#1255 = FACE_OUTER_BOUND( '', #2568, .T. );
#1256 = CONICAL_SURFACE( '', #2569, 0.00470143440000000, 0.785398163400000 );
#1257 = SURFACE_STYLE_USAGE( .BOTH., #2570 );
#1258 = FACE_OUTER_BOUND( '', #2571, .T. );
#1259 = FACE_OUTER_BOUND( '', #2572, .T. );
#1260 = CYLINDRICAL_SURFACE( '', #2573, 0.00201000000000000 );
#1261 = SURFACE_STYLE_USAGE( .BOTH., #2574 );
#1262 = FACE_OUTER_BOUND( '', #2575, .T. );
#1263 = CYLINDRICAL_SURFACE( '', #2576, 0.000300000000000000 );
#1264 = SURFACE_STYLE_USAGE( .BOTH., #2577 );
#1265 = FACE_OUTER_BOUND( '', #2578, .T. );
#1266 = CONICAL_SURFACE( '', #2579, 0.00775132600000000, 0.785398163400000 );
#1267 = SURFACE_STYLE_USAGE( .BOTH., #2580 );
#1268 = FACE_OUTER_BOUND( '', #2581, .T. );
#1269 = CYLINDRICAL_SURFACE( '', #2582, 0.000300000000000000 );
#1270 = SURFACE_STYLE_USAGE( .BOTH., #2583 );
#1271 = FACE_OUTER_BOUND( '', #2584, .T. );
#1272 = TOROIDAL_SURFACE( '', #2585, 0.00451633160000000, 0.00150000000000000 );
#1273 = SURFACE_STYLE_USAGE( .BOTH., #2586 );
#1274 = FACE_OUTER_BOUND( '', #2587, .T. );
#1275 = CYLINDRICAL_SURFACE( '', #2588, 0.00250000000000000 );
#1276 = SURFACE_STYLE_USAGE( .BOTH., #2589 );
#1277 = FACE_OUTER_BOUND( '', #2590, .T. );
#1278 = PLANE( '', #2591 );
#1279 = SURFACE_STYLE_USAGE( .BOTH., #2592 );
#1280 = FACE_OUTER_BOUND( '', #2593, .T. );
#1281 = CYLINDRICAL_SURFACE( '', #2594, 0.000200000000000000 );
#1282 = SURFACE_STYLE_USAGE( .BOTH., #2595 );
#1283 = FACE_OUTER_BOUND( '', #2596, .T. );
#1284 = TOROIDAL_SURFACE( '', #2597, 0.0109863203000000, 0.00150000000000000 );
#1285 = SURFACE_STYLE_USAGE( .BOTH., #2598 );
#1286 = FACE_OUTER_BOUND( '', #2599, .T. );
#1287 = FACE_OUTER_BOUND( '', #2600, .T. );
#1288 = CYLINDRICAL_SURFACE( '', #2601, 0.00250000000000000 );
#1289 = SURFACE_STYLE_USAGE( .BOTH., #2602 );
#1290 = FACE_OUTER_BOUND( '', #2603, .T. );
#1291 = CYLINDRICAL_SURFACE( '', #2604, 0.000200000000000000 );
#1292 = SURFACE_STYLE_USAGE( .BOTH., #2605 );
#1293 = FACE_OUTER_BOUND( '', #2606, .T. );
#1294 = ( BOUNDED_SURFACE(  )B_SPLINE_SURFACE( 3, 3, ( ( #2609, #2610, #2611, #2612, #2613, #2614, #2615, #2616, #2617, #2618, #2619 ), ( #2620, #2621, #2622, #2623, #2624, #2625, #2626, #2627, #2628, #2629, #2630 ), ( #2631, #2632, #2633, #2634, #2635, #2636, #2637, #2638, #2639, #2640, #2641 ), ( #2642, #2643, #2644, #2645, #2646, #2647, #2648, #2649, #2650, #2651, #2652 ) ), .UNSPECIFIED., .F., .F., .F. )B_SPLINE_SURFACE_WITH_KNOTS( ( 4, 4 ), ( 4, 1, 1, 1, 1, 1, 1, 1, 4 ), ( 0.00000000000000, 1.00000000000000 ), ( 0.860762470810700, 0.873987627851500, 0.896607931961200, 0.919150917559800, 0.941331565127300, 0.963018164957200, 0.982998816377700, 1.00000000000000, 1.00138096760000 ), .UNSPECIFIED. )GEOMETRIC_REPRESENTATION_ITEM(  )RATIONAL_B_SPLINE_SURFACE( ( ( 1.40039275841400, 1.40039275841400, 1.40039275841400, 1.40039275841400, 1.40039275841400, 1.40039275841400, 1.40039275841400, 1.40039275841400, 1.40039275841400, 1.40039275841400, 1.40039275841400 ), ( 0.866535747195400, 0.866535747195400, 0.866535747195400, 0.866535747195400, 0.866535747195400, 0.866535747195400, 0.866535747195400, 0.866535747195400, 0.866535747195400, 0.866535747195400, 0.866535747195400 ), ( 0.866535747195400, 0.866535747195400, 0.866535747195400, 0.866535747195400, 0.866535747195400, 0.866535747195400, 0.866535747195400, 0.866535747195400, 0.866535747195400, 0.866535747195400, 0.866535747195400 ), ( 1.40039275841400, 1.40039275841400, 1.40039275841400, 1.40039275841400, 1.40039275841400, 1.40039275841400, 1.40039275841400, 1.40039275841400, 1.40039275841400, 1.40039275841400, 1.40039275841400 ) ) )REPRESENTATION_ITEM( '' )SURFACE(  ) );
#1295 = SURFACE_STYLE_USAGE( .BOTH., #2658 );
#1296 = FACE_OUTER_BOUND( '', #2659, .T. );
#1297 = FACE_BOUND( '', #2660, .T. );
#1298 = PLANE( '', #2661 );
#1299 = SURFACE_STYLE_USAGE( .BOTH., #2662 );
#1300 = FACE_OUTER_BOUND( '', #2663, .T. );
#1301 = CYLINDRICAL_SURFACE( '', #2664, 0.00890000000000000 );
#1302 = SURFACE_STYLE_USAGE( .BOTH., #2665 );
#1303 = FACE_OUTER_BOUND( '', #2666, .T. );
#1304 = CYLINDRICAL_SURFACE( '', #2667, 0.00446369930000000 );
#1305 = SURFACE_STYLE_USAGE( .BOTH., #2668 );
#1306 = FACE_OUTER_BOUND( '', #2669, .T. );
#1307 = FACE_BOUND( '', #2670, .T. );
#1308 = FACE_BOUND( '', #2671, .T. );
#1309 = FACE_BOUND( '', #2672, .T. );
#1310 = FACE_BOUND( '', #2673, .T. );
#1311 = FACE_BOUND( '', #2674, .T. );
#1312 = PLANE( '', #2675 );
#1313 = SURFACE_STYLE_USAGE( .BOTH., #2676 );
#1314 = FACE_OUTER_BOUND( '', #2677, .T. );
#1315 = ( BOUNDED_SURFACE(  )B_SPLINE_SURFACE( 3, 3, ( ( #2680, #2681, #2682, #2683, #2684, #2685, #2686, #2687, #2688, #2689, #2690, #2691, #2692, #2693, #2694 ), ( #2695, #2696, #2697, #2698, #2699, #2700, #2701, #2702, #2703, #2704, #2705, #2706, #2707, #2708, #2709 ), ( #2710, #2711, #2712, #2713, #2714, #2715, #2716, #2717, #2718, #2719, #2720, #2721, #2722, #2723, #2724 ), ( #2725, #2726, #2727, #2728, #2729, #2730, #2731, #2732, #2733, #2734, #2735, #2736, #2737, #2738, #2739 ) ), .UNSPECIFIED., .F., .F., .F. )B_SPLINE_SURFACE_WITH_KNOTS( ( 4, 4 ), ( 4, 1, 1, 1, 1, 1, 1, 1, 1, 1, 1, 1, 4 ), ( 0.00000000000000, 1.00000000000000 ), ( 0.780195095695300, 0.799304023824400, 0.819556379892900, 0.839192660848000, 0.858859073294300, 0.878792034636000, 0.898658657329500, 0.918068543861500, 0.937581589446100, 0.958355290135800, 0.979579630905500, 1.00000000000000, 1.00218003971100 ), .UNSPECIFIED. )GEOMETRIC_REPRESENTATION_ITEM(  )RATIONAL_B_SPLINE_SURFACE( ( ( 1.40039259477900, 1.40039259477900, 1.40039259477900, 1.40039259477900, 1.40039259477900, 1.40039259477900, 1.40039259477900, 1.40039259477900, 1.40039259477900, 1.40039259477900, 1.40039259477900, 1.40039259477900, 1.40039259477900, 1.40039259477900, 1.40039259477900 ), ( 0.866535801740500, 0.866535801740500, 0.866535801740500, 0.866535801740500, 0.866535801740500, 0.866535801740500, 0.866535801740500, 0.866535801740500, 0.866535801740500, 0.866535801740500, 0.866535801740500, 0.866535801740500, 0.866535801740500, 0.866535801740500, 0.866535801740500 ), ( 0.866535801740500, 0.866535801740500, 0.866535801740500, 0.866535801740500, 0.866535801740500, 0.866535801740500, 0.866535801740500, 0.866535801740500, 0.866535801740500, 0.866535801740500, 0.866535801740500, 0.866535801740500, 0.866535801740500, 0.866535801740500, 0.866535801740500 ), ( 1.40039259477900, 1.40039259477900, 1.40039259477900, 1.40039259477900, 1.40039259477900, 1.40039259477900, 1.40039259477900, 1.40039259477900, 1.40039259477900, 1.40039259477900, 1.40039259477900, 1.40039259477900, 1.40039259477900, 1.40039259477900, 1.40039259477900 ) ) )REPRESENTATION_ITEM( '' )SURFACE(  ) );
#1316 = SURFACE_STYLE_USAGE( .BOTH., #2745 );
#1317 = FACE_OUTER_BOUND( '', #2746, .T. );
#1318 = CYLINDRICAL_SURFACE( '', #2747, 0.00250000000000000 );
#1319 = SURFACE_STYLE_USAGE( .BOTH., #2748 );
#1320 = FACE_OUTER_BOUND( '', #2749, .T. );
#1321 = CYLINDRICAL_SURFACE( '', #2750, 0.00790000000000000 );
#1322 = SURFACE_STYLE_USAGE( .BOTH., #2751 );
#1323 = FACE_OUTER_BOUND( '', #2752, .T. );
#1324 = CONICAL_SURFACE( '', #2753, 0.00470143440000000, 0.785398163400000 );
#1325 = SURFACE_STYLE_USAGE( .BOTH., #2754 );
#1326 = FACE_OUTER_BOUND( '', #2755, .T. );
#1327 = FACE_OUTER_BOUND( '', #2756, .T. );
#1328 = CYLINDRICAL_SURFACE( '', #2757, 0.00105000000000000 );
#1329 = SURFACE_STYLE_USAGE( .BOTH., #2758 );
#1330 = FACE_OUTER_BOUND( '', #2759, .T. );
#1331 = CYLINDRICAL_SURFACE( '', #2760, 0.00250000000000000 );
#1332 = SURFACE_STYLE_USAGE( .BOTH., #2761 );
#1333 = FACE_OUTER_BOUND( '', #2762, .T. );
#1334 = CYLINDRICAL_SURFACE( '', #2763, 0.00350000000000000 );
#1335 = SURFACE_STYLE_USAGE( .BOTH., #2764 );
#1336 = FACE_OUTER_BOUND( '', #2765, .T. );
#1337 = CYLINDRICAL_SURFACE( '', #2766, 0.000300000000000000 );
#1338 = SURFACE_STYLE_USAGE( .BOTH., #2767 );
#1339 = FACE_OUTER_BOUND( '', #2768, .T. );
#1340 = PLANE( '', #2769 );
#1341 = SURFACE_STYLE_USAGE( .BOTH., #2770 );
#1342 = FACE_OUTER_BOUND( '', #2771, .T. );
#1343 = CONICAL_SURFACE( '', #2772, 0.00561239110000000, 0.785397320300000 );
#1344 = SURFACE_STYLE_USAGE( .BOTH., #2773 );
#1345 = FACE_OUTER_BOUND( '', #2774, .T. );
#1346 = CONICAL_SURFACE( '', #2775, 0.00775132600000000, 0.785398163400000 );
#1347 = SURFACE_STYLE_USAGE( .BOTH., #2776 );
#1348 = FACE_OUTER_BOUND( '', #2777, .T. );
#1349 = CYLINDRICAL_SURFACE( '', #2778, 0.00205000000000000 );
#1350 = SURFACE_STYLE_USAGE( .BOTH., #2779 );
#1351 = FACE_OUTER_BOUND( '', #2780, .T. );
#1352 = PLANE( '', #2781 );
#1353 = SURFACE_STYLE_USAGE( .BOTH., #2782 );
#1354 = FACE_OUTER_BOUND( '', #2783, .T. );
#1355 = PLANE( '', #2784 );
#1356 = SURFACE_STYLE_USAGE( .BOTH., #2785 );
#1357 = FACE_OUTER_BOUND( '', #2786, .T. );
#1358 = PLANE( '', #2787 );
#1359 = SURFACE_STYLE_USAGE( .BOTH., #2788 );
#1360 = FACE_OUTER_BOUND( '', #2789, .T. );
#1361 = PLANE( '', #2790 );
#1362 = SURFACE_STYLE_USAGE( .BOTH., #2791 );
#1363 = FACE_OUTER_BOUND( '', #2792, .T. );
#1364 = FACE_OUTER_BOUND( '', #2793, .T. );
#1365 = CYLINDRICAL_SURFACE( '', #2794, 0.00201000000000000 );
#1366 = SURFACE_STYLE_USAGE( .BOTH., #2795 );
#1367 = FACE_OUTER_BOUND( '', #2796, .T. );
#1368 = CYLINDRICAL_SURFACE( '', #2797, 0.000300000000000000 );
#1369 = SURFACE_STYLE_USAGE( .BOTH., #2798 );
#1370 = FACE_OUTER_BOUND( '', #2799, .T. );
#1371 = FACE_OUTER_BOUND( '', #2800, .T. );
#1372 = CYLINDRICAL_SURFACE( '', #2801, 0.00201000000000000 );
#1373 = SURFACE_STYLE_USAGE( .BOTH., #2802 );
#1374 = FACE_OUTER_BOUND( '', #2803, .T. );
#1375 = CYLINDRICAL_SURFACE( '', #2804, 0.000500000000000000 );
#1376 = SURFACE_STYLE_USAGE( .BOTH., #2805 );
#1377 = FACE_OUTER_BOUND( '', #2806, .T. );
#1378 = SPHERICAL_SURFACE( '', #2807, 0.00481250000000000 );
#1379 = SURFACE_STYLE_USAGE( .BOTH., #2808 );
#1380 = FACE_OUTER_BOUND( '', #2809, .T. );
#1381 = CYLINDRICAL_SURFACE( '', #2810, 0.00300000000000000 );
#1382 = SURFACE_STYLE_USAGE( .BOTH., #2811 );
#1383 = FACE_OUTER_BOUND( '', #2812, .T. );
#1384 = PLANE( '', #2813 );
#1385 = SURFACE_STYLE_USAGE( .BOTH., #2814 );
#1386 = FACE_OUTER_BOUND( '', #2815, .T. );
#1387 = CONICAL_SURFACE( '', #2816, 0.00561243520000000, 0.785396195900000 );
#1388 = SURFACE_STYLE_USAGE( .BOTH., #2817 );
#1389 = FACE_OUTER_BOUND( '', #2818, .T. );
#1390 = CONICAL_SURFACE( '', #2819, 0.00627659650000000, 0.785398163400000 );
#1391 = SURFACE_STYLE_USAGE( .BOTH., #2820 );
#1392 = FACE_OUTER_BOUND( '', #2821, .T. );
#1393 = CYLINDRICAL_SURFACE( '', #2822, 0.000300000000000000 );
#1394 = SURFACE_STYLE_USAGE( .BOTH., #2823 );
#1395 = FACE_OUTER_BOUND( '', #2824, .T. );
#1396 = CYLINDRICAL_SURFACE( '', #2825, 0.000300000000000000 );
#1397 = SURFACE_STYLE_USAGE( .BOTH., #2826 );
#1398 = FACE_OUTER_BOUND( '', #2827, .T. );
#1399 = CYLINDRICAL_SURFACE( '', #2828, 0.000500000000000000 );
#1400 = SURFACE_STYLE_USAGE( .BOTH., #2829 );
#1401 = FACE_OUTER_BOUND( '', #2830, .T. );
#1402 = FACE_OUTER_BOUND( '', #2831, .T. );
#1403 = CYLINDRICAL_SURFACE( '', #2832, 0.00201000000000000 );
#1404 = SURFACE_STYLE_USAGE( .BOTH., #2833 );
#1405 = FACE_OUTER_BOUND( '', #2834, .T. );
#1406 = FACE_OUTER_BOUND( '', #2835, .T. );
#1407 = CYLINDRICAL_SURFACE( '', #2836, 0.00201000000000000 );
#1408 = SURFACE_STYLE_USAGE( .BOTH., #2837 );
#1409 = FACE_OUTER_BOUND( '', #2838, .T. );
#1410 = PLANE( '', #2839 );
#1411 = SURFACE_STYLE_USAGE( .BOTH., #2840 );
#1412 = FACE_OUTER_BOUND( '', #2841, .T. );
#1413 = CYLINDRICAL_SURFACE( '', #2842, 0.000200000000000000 );
#1414 = PRODUCT_CONTEXT( '', #230, 'mechanical' );
#1415 = PRODUCT_DEFINITION_FORMATION_WITH_SPECIFIED_SOURCE( ' ', 'NONE', #683, .NOT_KNOWN. );
#1416 = CLOSED_SHELL( '', ( #282, #604, #340, #632, #246, #448, #320, #402, #484, #648, #462, #666, #580, #548, #366, #594, #276, #584, #510, #374, #552, #508, #492, #544, #626, #344, #302, #542, #520, #262, #610, #270, #496, #434, #596, #436, #486, #408, #432, #566, #670, #624, #674, #328, #410, #460, #414, #668, #272, #362, #420, #498, #444, #248, #308, #258, #662, #558, #470, #378, #288, #352, #412, #254, #390, #346, #458, #454, #680, #500, #562, #590, #438, #522, #468, #472, #260, #474, #654, #450, #634, #664, #394, #476, #284, #550, #456, #546, #336, #672, #338, #312, #280, #642, #540, #650, #398, #318, #572, #526, #376, #418, #446, #296, #636, #440, #614, #478, #372, #524, #530, #640, #592, #330, #518, #358, #348, #644, #304, #406, #480, #534, #556, #292, #424, #612, #382, #264, #370, #428, #342, #652, #618, #400, #538, #628, #368, #322, #588, #676, #678, #656, #354, #326, #560, #360, #598, #252, #350, #568, #388, #274, #298, #622, #306, #356, #600, #512, #324, #630, #316, #536, #602, #682, #334, #290, #606, #314, #608, #422, #244, #426, #294, #488, #250, #332, #386, #554, #404, #576, #392, #638, #286, #564, #658, #578, #660, #452, #266, #494, #616, #532, #506, #574, #442, #514, #300, #464, #430, #646, #490, #396, #528, #278, #256, #516, #384, #482, #380, #416, #268, #582, #504, #310, #620, #466, #502, #570, #364, #586 ) );
#1417 = CARTESIAN_POINT( '', ( 0.00000000000000, 0.00000000000000, 0.00000000000000 ) );
#1418 = DIRECTION( '', ( 0.00000000000000, 0.00000000000000, 1.00000000000000 ) );
#1419 = DIRECTION( '', ( 1.00000000000000, 0.00000000000000, 0.00000000000000 ) );
#1420 =  ( LENGTH_UNIT(  )NAMED_UNIT( #692 )SI_UNIT( $, .METRE. ) );
#1421 = SURFACE_SIDE_STYLE( '', ( #2844 ) );
#1422 = EDGE_LOOP( '', ( #2845, #2846, #2847, #2848 ) );
#1423 = AXIS2_PLACEMENT_3D( '', #2849, #2850, #2851 );
#1424 = SURFACE_SIDE_STYLE( '', ( #2852 ) );
#1425 = EDGE_LOOP( '', ( #2853, #2854, #2855, #2856 ) );
#1426 = AXIS2_PLACEMENT_3D( '', #2857, #2858, #2859 );
#1427 = SURFACE_SIDE_STYLE( '', ( #2860 ) );
#1428 = EDGE_LOOP( '', ( #2861, #2862, #2863, #2864 ) );
#1429 = AXIS2_PLACEMENT_3D( '', #2865, #2866, #2867 );
#1430 = SURFACE_SIDE_STYLE( '', ( #2868 ) );
#1431 = EDGE_LOOP( '', ( #2869, #2870, #2871, #2872 ) );
#1432 = AXIS2_PLACEMENT_3D( '', #2873, #2874, #2875 );
#1433 = SURFACE_SIDE_STYLE( '', ( #2876 ) );
#1434 = EDGE_LOOP( '', ( #2877 ) );
#1435 = EDGE_LOOP( '', ( #2878 ) );
#1436 = AXIS2_PLACEMENT_3D( '', #2879, #2880, #2881 );
#1437 = SURFACE_SIDE_STYLE( '', ( #2882 ) );
#1438 = EDGE_LOOP( '', ( #2883, #2884, #2885, #2886 ) );
#1439 = AXIS2_PLACEMENT_3D( '', #2887, #2888, #2889 );
#1440 = SURFACE_SIDE_STYLE( '', ( #2890 ) );
#1441 = EDGE_LOOP( '', ( #2891, #2892, #2893, #2894, #2895, #2896, #2897, #2898, #2899 ) );
#1442 = AXIS2_PLACEMENT_3D( '', #2900, #2901, #2902 );
#1443 = SURFACE_SIDE_STYLE( '', ( #2903 ) );
#1444 = EDGE_LOOP( '', ( #2904, #2905, #2906, #2907 ) );
#1445 = AXIS2_PLACEMENT_3D( '', #2908, #2909, #2910 );
#1446 = SURFACE_SIDE_STYLE( '', ( #2911 ) );
#1447 = EDGE_LOOP( '', ( #2912, #2913, #2914, #2915 ) );
#1448 = AXIS2_PLACEMENT_3D( '', #2916, #2917, #2918 );
#1449 = SURFACE_SIDE_STYLE( '', ( #2919 ) );
#1450 = EDGE_LOOP( '', ( #2920, #2921, #2922, #2923, #2924 ) );
#1453 = CARTESIAN_POINT( '', ( -0.00471897629673400, 0.00629391712797800, 0.00295215754867700 ) );
#1454 = CARTESIAN_POINT( '', ( -0.00472732167137500, 0.00628680904296501, 0.00295215754867700 ) );
#1455 = CARTESIAN_POINT( '', ( -0.00490210873006100, 0.00613782531995500, 0.00295215754867700 ) );
#1456 = CARTESIAN_POINT( '', ( -0.00523252155781600, 0.00585182490253800, 0.00295215754867700 ) );
#1457 = CARTESIAN_POINT( '', ( -0.00570302398700800, 0.00543554363162300, 0.00295215754867700 ) );
#1458 = CARTESIAN_POINT( '', ( -0.00615681296789300, 0.00502727114636100, 0.00295215754867700 ) );
#1459 = CARTESIAN_POINT( '', ( -0.00661253782213200, 0.00461174448067700, 0.00295215754867700 ) );
#1460 = CARTESIAN_POINT( '', ( -0.00696165761248200, 0.00428980399334400, 0.00295215754867700 ) );
#1461 = CARTESIAN_POINT( '', ( -0.00716262812825699, 0.00410333645383900, 0.00295215754867700 ) );
#1462 = CARTESIAN_POINT( '', ( -0.00720701965415200, 0.00406209506420200, 0.00295215754867700 ) );
#1463 = CARTESIAN_POINT( '', ( -0.00481503555760200, 0.00640669890367301, 0.00270042484811700 ) );
#1464 = CARTESIAN_POINT( '', ( -0.00482340878979600, 0.00639956708956600, 0.00270042484811700 ) );
#1465 = CARTESIAN_POINT( '', ( -0.00499877536895900, 0.00625008937761500, 0.00270042484811700 ) );
#1466 = CARTESIAN_POINT( '', ( -0.00533012915766100, 0.00596327310952700, 0.00270042484811700 ) );
#1467 = CARTESIAN_POINT( '', ( -0.00580168342219100, 0.00554606024845401, 0.00270042484811700 ) );
#1468 = CARTESIAN_POINT( '', ( -0.00625628858658500, 0.00513705287826400, 0.00270042484811700 ) );
#1469 = CARTESIAN_POINT( '', ( -0.00671268424581000, 0.00472091422433300, 0.00270042484811700 ) );
#1470 = CARTESIAN_POINT( '', ( -0.00706222719654200, 0.00439858331932200, 0.00270042484811700 ) );
#1471 = CARTESIAN_POINT( '', ( -0.00726341465022701, 0.00421191449501900, 0.00270042484811700 ) );
#1472 = CARTESIAN_POINT( '', ( -0.00730785286970400, 0.00417062972620200, 0.00270042484811700 ) );
#1473 = CARTESIAN_POINT( '', ( -0.00470865809395100, 0.00628180267674001, 0.00245876138178100 ) );
#1474 = CARTESIAN_POINT( '', ( -0.00471700047627400, 0.00627469714058700, 0.00245876138178100 ) );
#1475 = CARTESIAN_POINT( '', ( -0.00489172528578500, 0.00612576647938500, 0.00245876138178100 ) );
#1476 = CARTESIAN_POINT( '', ( -0.00522203704024700, 0.00583985369654500, 0.00245876138178100 ) );
#1477 = CARTESIAN_POINT( '', ( -0.00569242648657500, 0.00542367249236001, 0.00245876138178100 ) );
#1478 = CARTESIAN_POINT( '', ( -0.00614612779713200, 0.00501547894474200, 0.00245876138178100 ) );
#1479 = CARTESIAN_POINT( '', ( -0.00660178059687200, 0.00460001801575800, 0.00245876138178100 ) );
#1480 = CARTESIAN_POINT( '', ( -0.00695085493346199, 0.00427811946512900, 0.00245876138178100 ) );
#1481 = CARTESIAN_POINT( '', ( -0.00715180214685700, 0.00409167354662400, 0.00245876138178100 ) );
#1482 = CARTESIAN_POINT( '', ( -0.00719618865716301, 0.00405043681656100, 0.00245876138178100 ) );
#1483 = CARTESIAN_POINT( '', ( -0.00452150333281200, 0.00606206700419900, 0.00250354748287000 ) );
#1484 = CARTESIAN_POINT( '', ( -0.00452979143953800, 0.00605500770005600, 0.00250354748287000 ) );
#1485 = CARTESIAN_POINT( '', ( -0.00470338715420600, 0.00590703949038000, 0.00250354748287000 ) );
#1486 = CARTESIAN_POINT( '', ( -0.00503186560993300, 0.00562271625066300, 0.00250354748287000 ) );
#1487 = CARTESIAN_POINT( '', ( -0.00550020573806100, 0.00520835008785900, 0.00250354748287000 ) );
#1488 = CARTESIAN_POINT( '', ( -0.00595231685701900, 0.00480158833569700, 0.00250354748287000 ) );
#1489 = CARTESIAN_POINT( '', ( -0.00640666270992400, 0.00438731975936100, 0.00250354748287000 ) );
#1490 = CARTESIAN_POINT( '', ( -0.00675491259211500, 0.00406618186966900, 0.00250354748287000 ) );
#1491 = CARTESIAN_POINT( '', ( -0.00695543713972800, 0.00388012811957900, 0.00250354748287000 ) );
#1492 = CARTESIAN_POINT( '', ( -0.00699973267571200, 0.00383897590630400, 0.00250354748287000 ) );
#1498 = SURFACE_SIDE_STYLE( '', ( #2925 ) );
#1499 = EDGE_LOOP( '', ( #2926 ) );
#1500 = EDGE_LOOP( '', ( #2927 ) );
#1501 = AXIS2_PLACEMENT_3D( '', #2928, #2929, #2930 );
#1502 = SURFACE_SIDE_STYLE( '', ( #2931 ) );
#1503 = EDGE_LOOP( '', ( #2932, #2933, #2934, #2935 ) );
#1504 = AXIS2_PLACEMENT_3D( '', #2936, #2937, #2938 );
#1505 = SURFACE_SIDE_STYLE( '', ( #2939 ) );
#1506 = EDGE_LOOP( '', ( #2940, #2941, #2942, #2943, #2944 ) );
#1507 = AXIS2_PLACEMENT_3D( '', #2945, #2946, #2947 );
#1508 = SURFACE_SIDE_STYLE( '', ( #2948 ) );
#1509 = EDGE_LOOP( '', ( #2949, #2950, #2951, #2952 ) );
#1510 = AXIS2_PLACEMENT_3D( '', #2953, #2954, #2955 );
#1511 = SURFACE_SIDE_STYLE( '', ( #2956 ) );
#1512 = EDGE_LOOP( '', ( #2957, #2958, #2959, #2960 ) );
#1513 = AXIS2_PLACEMENT_3D( '', #2961, #2962, #2963 );
#1514 = SURFACE_SIDE_STYLE( '', ( #2964 ) );
#1515 = EDGE_LOOP( '', ( #2965, #2966, #2967, #2968 ) );
#1516 = AXIS2_PLACEMENT_3D( '', #2969, #2970, #2971 );
#1517 = SURFACE_SIDE_STYLE( '', ( #2972 ) );
#1518 = EDGE_LOOP( '', ( #2973, #2974, #2975, #2976, #2977, #2978, #2979, #2980 ) );
#1519 = AXIS2_PLACEMENT_3D( '', #2981, #2982, #2983 );
#1520 = SURFACE_SIDE_STYLE( '', ( #2984 ) );
#1521 = EDGE_LOOP( '', ( #2985, #2986, #2987, #2988, #2989, #2990 ) );
#1522 = AXIS2_PLACEMENT_3D( '', #2991, #2992, #2993 );
#1523 = SURFACE_SIDE_STYLE( '', ( #2994 ) );
#1524 = EDGE_LOOP( '', ( #2995, #2996, #2997, #2998 ) );
#1525 = AXIS2_PLACEMENT_3D( '', #2999, #3000, #3001 );
#1526 = SURFACE_SIDE_STYLE( '', ( #3002 ) );
#1527 = EDGE_LOOP( '', ( #3003, #3004, #3005, #3006, #3007, #3008, #3009, #3010, #3011, #3012, #3013, #3014, #3015, #3016 ) );
#1528 = AXIS2_PLACEMENT_3D( '', #3017, #3018, #3019 );
#1529 = SURFACE_SIDE_STYLE( '', ( #3020 ) );
#1530 = EDGE_LOOP( '', ( #3021, #3022, #3023, #3024 ) );
#1531 = AXIS2_PLACEMENT_3D( '', #3025, #3026, #3027 );
#1532 = SURFACE_SIDE_STYLE( '', ( #3028 ) );
#1533 = EDGE_LOOP( '', ( #3029, #3030, #3031, #3032, #3033 ) );
#1534 = AXIS2_PLACEMENT_3D( '', #3034, #3035, #3036 );
#1535 = SURFACE_SIDE_STYLE( '', ( #3037 ) );
#1536 = EDGE_LOOP( '', ( #3038, #3039, #3040, #3041, #3042, #3043, #3044, #3045 ) );
#1537 = AXIS2_PLACEMENT_3D( '', #3046, #3047, #3048 );
#1538 = SURFACE_SIDE_STYLE( '', ( #3049 ) );
#1539 = EDGE_LOOP( '', ( #3050, #3051, #3052, #3053 ) );
#1540 = AXIS2_PLACEMENT_3D( '', #3054, #3055, #3056 );
#1541 = SURFACE_SIDE_STYLE( '', ( #3057 ) );
#1542 = EDGE_LOOP( '', ( #3058 ) );
#1543 = EDGE_LOOP( '', ( #3059 ) );
#1544 = AXIS2_PLACEMENT_3D( '', #3060, #3061, #3062 );
#1545 = SURFACE_SIDE_STYLE( '', ( #3063 ) );
#1546 = EDGE_LOOP( '', ( #3064, #3065, #3066, #3067, #3068, #3069, #3070, #3071, #3072 ) );
#1547 = AXIS2_PLACEMENT_3D( '', #3073, #3074, #3075 );
#1548 = SURFACE_SIDE_STYLE( '', ( #3076 ) );
#1549 = EDGE_LOOP( '', ( #3077, #3078, #3079, #3080 ) );
#1550 = AXIS2_PLACEMENT_3D( '', #3081, #3082, #3083 );
#1551 = SURFACE_SIDE_STYLE( '', ( #3084 ) );
#1552 = EDGE_LOOP( '', ( #3085 ) );
#1553 = EDGE_LOOP( '', ( #3086 ) );
#1554 = AXIS2_PLACEMENT_3D( '', #3087, #3088, #3089 );
#1555 = SURFACE_SIDE_STYLE( '', ( #3090 ) );
#1556 = EDGE_LOOP( '', ( #3091, #3092, #3093, #3094, #3095, #3096, #3097, #3098, #3099, #3100, #3101, #3102 ) );
#1557 = AXIS2_PLACEMENT_3D( '', #3103, #3104, #3105 );
#1558 = SURFACE_SIDE_STYLE( '', ( #3106 ) );
#1559 = EDGE_LOOP( '', ( #3107, #3108, #3109, #3110, #3111 ) );
#1562 = CARTESIAN_POINT( '', ( -0.00295215754867700, 0.00235567906641400, 0.00901772363118100 ) );
#1563 = CARTESIAN_POINT( '', ( -0.00295215754867700, 0.00247546736357800, 0.00889206925294600 ) );
#1564 = CARTESIAN_POINT( '', ( -0.00295215754867700, 0.00271937215898900, 0.00863572319950599 ) );
#1565 = CARTESIAN_POINT( '', ( -0.00295215754867700, 0.00307346256853300, 0.00826190236080899 ) );
#1566 = CARTESIAN_POINT( '', ( -0.00295215754867700, 0.00340731230994800, 0.00790770500401100 ) );
#1567 = CARTESIAN_POINT( '', ( -0.00295215754867700, 0.00370899461539400, 0.00758602151022200 ) );
#1568 = CARTESIAN_POINT( '', ( -0.00295215754867700, 0.00398777825619100, 0.00728721328123000 ) );
#1569 = CARTESIAN_POINT( '', ( -0.00295215754867700, 0.00425358466059500, 0.00700075796785000 ) );
#1570 = CARTESIAN_POINT( '', ( -0.00295215754867700, 0.00451526743256600, 0.00671706725376000 ) );
#1571 = CARTESIAN_POINT( '', ( -0.00295215754867700, 0.00477775658565800, 0.00643059125350900 ) );
#1572 = CARTESIAN_POINT( '', ( -0.00295215754867700, 0.00503795299690500, 0.00614442931472800 ) );
#1573 = CARTESIAN_POINT( '', ( -0.00295215754867700, 0.00528600664529200, 0.00586926399220600 ) );
#1574 = CARTESIAN_POINT( '', ( -0.00295215754867700, 0.00551128202597400, 0.00561707835213200 ) );
#1575 = CARTESIAN_POINT( '', ( -0.00295215754867700, 0.00571155587918000, 0.00539082152895600 ) );
#1576 = CARTESIAN_POINT( '', ( -0.00295215754867700, 0.00589624547427200, 0.00518026819728200 ) );
#1577 = CARTESIAN_POINT( '', ( -0.00295215754867700, 0.00608139962814300, 0.00496713619898000 ) );
#1578 = CARTESIAN_POINT( '', ( -0.00295215754867700, 0.00621938338895800, 0.00480647305832600 ) );
#1579 = CARTESIAN_POINT( '', ( -0.00295215754867700, 0.00629750651839700, 0.00471476780914300 ) );
#1580 = CARTESIAN_POINT( '', ( -0.00295215754867700, 0.00630995425580700, 0.00470013660724400 ) );
#1581 = CARTESIAN_POINT( '', ( -0.00270042478861800, 0.00246290689322600, 0.00911994551387601 ) );
#1582 = CARTESIAN_POINT( '', ( -0.00270042478861800, 0.00258276130371300, 0.00899422178510101 ) );
#1583 = CARTESIAN_POINT( '', ( -0.00270042478861800, 0.00282680889805700, 0.00873772566706901 ) );
#1584 = CARTESIAN_POINT( '', ( -0.00270042478861800, 0.00318113508706100, 0.00836365595196101 ) );
#1585 = CARTESIAN_POINT( '', ( -0.00270042478861800, 0.00351523809547800, 0.00800918993395900 ) );
#1586 = CARTESIAN_POINT( '', ( -0.00270042478861800, 0.00381717896038600, 0.00768723077980200 ) );
#1587 = CARTESIAN_POINT( '', ( -0.00270042478861800, 0.00409623085784700, 0.00738813506854800 ) );
#1588 = CARTESIAN_POINT( '', ( -0.00270042478861800, 0.00436232358446500, 0.00710137123904700 ) );
#1589 = CARTESIAN_POINT( '', ( -0.00270042478861800, 0.00462432222734700, 0.00681733815044800 ) );
#1590 = CARTESIAN_POINT( '', ( -0.00270042478861800, 0.00488716811499600, 0.00653047290109700 ) );
#1591 = CARTESIAN_POINT( '', ( -0.00270042478861800, 0.00514776529133700, 0.00624387032044201 ) );
#1592 = CARTESIAN_POINT( '', ( -0.00270042478861800, 0.00539625348374600, 0.00596822309874900 ) );
#1593 = CARTESIAN_POINT( '', ( -0.00270042478861800, 0.00562197606178400, 0.00571553698104400 ) );
#1594 = CARTESIAN_POINT( '', ( -0.00270042478861800, 0.00582269614220200, 0.00548877616317800 ) );
#1595 = CARTESIAN_POINT( '', ( -0.00270042478861800, 0.00600784332102100, 0.00527770128997600 ) );
#1596 = CARTESIAN_POINT( '', ( -0.00270042478861800, 0.00619350693822200, 0.00506398300542600 ) );
#1597 = CARTESIAN_POINT( '', ( -0.00270042478861800, 0.00633191665382500, 0.00490282409457600 ) );
#1598 = CARTESIAN_POINT( '', ( -0.00270042478861800, 0.00641030015650300, 0.00481081321331400 ) );
#1599 = CARTESIAN_POINT( '', ( -0.00270042478861800, 0.00642278988375600, 0.00479613265793800 ) );
#1600 = CARTESIAN_POINT( '', ( -0.00245876129195300, 0.00234416116387500, 0.00900674344332000 ) );
#1601 = CARTESIAN_POINT( '', ( -0.00245876129195300, 0.00246394235946000, 0.00888109651439000 ) );
#1602 = CARTESIAN_POINT( '', ( -0.00245876129195300, 0.00270783181609000, 0.00862476658017500 ) );
#1603 = CARTESIAN_POINT( '', ( -0.00245876129195300, 0.00306189689932800, 0.00825097247459600 ) );
#1604 = CARTESIAN_POINT( '', ( -0.00245876129195300, 0.00339571943600700, 0.00789680397610500 ) );
#1605 = CARTESIAN_POINT( '', ( -0.00245876129195300, 0.00369737396822600, 0.00757515009244000 ) );
#1606 = CARTESIAN_POINT( '', ( -0.00245876129195300, 0.00397612879417000, 0.00727637274342300 ) );
#1607 = CARTESIAN_POINT( '', ( -0.00245876129195300, 0.00424190444320500, 0.00698995056937700 ) );
#1608 = CARTESIAN_POINT( '', ( -0.00245876129195300, 0.00450355328582700, 0.00670629663152600 ) );
#1609 = CARTESIAN_POINT( '', ( -0.00245876129195300, 0.00476600412019200, 0.00641986244256000 ) );
#1610 = CARTESIAN_POINT( '', ( -0.00245876129195300, 0.00502615748316100, 0.00613374783543000 ) );
#1611 = CARTESIAN_POINT( '', ( -0.00245876129195300, 0.00527416445489901, 0.00585863427622300 ) );
#1612 = CARTESIAN_POINT( '', ( -0.00245876129195300, 0.00549939179977000, 0.00560650239507300 ) );
#1613 = CARTESIAN_POINT( '', ( -0.00245876129195300, 0.00569961772137399, 0.00538029970860600 ) );
#1614 = CARTESIAN_POINT( '', ( -0.00245876129195300, 0.00588425816500100, 0.00516980239843900 ) );
#1615 = CARTESIAN_POINT( '', ( -0.00245876129195300, 0.00606935759474700, 0.00495673337621400 ) );
#1616 = CARTESIAN_POINT( '', ( -0.00245876129195300, 0.00620729560152701, 0.00479612348883300 ) );
#1617 = CARTESIAN_POINT( '', ( -0.00245876129195300, 0.00628539076291300, 0.00470445106919300 ) );
#1618 = CARTESIAN_POINT( '', ( -0.00245876129195300, 0.00629783398997300, 0.00468982516860900 ) );
#1619 = CARTESIAN_POINT( '', ( -0.00250354749789300, 0.00213524640525600, 0.00880758189557800 ) );
#1620 = CARTESIAN_POINT( '', ( -0.00250354749789300, 0.00225489879053800, 0.00868207008410700 ) );
#1621 = CARTESIAN_POINT( '', ( -0.00250354749789300, 0.00249851002830100, 0.00842603252463300 ) );
#1622 = CARTESIAN_POINT( '', ( -0.00250354749789300, 0.00285211573629500, 0.00805272331142601 ) );
#1623 = CARTESIAN_POINT( '', ( -0.00250354749789300, 0.00318544482629900, 0.00769907825253201 ) );
#1624 = CARTESIAN_POINT( '', ( -0.00250354749789300, 0.00348659560040500, 0.00737796144511800 ) );
#1625 = CARTESIAN_POINT( '', ( -0.00250354749789300, 0.00376482777492700, 0.00707974420525500 ) );
#1626 = CARTESIAN_POINT( '', ( -0.00250354749789300, 0.00403004557495800, 0.00679392312117900 ) );
#1627 = CARTESIAN_POINT( '', ( -0.00250354749789300, 0.00429107899808500, 0.00651093624046900 ) );
#1628 = CARTESIAN_POINT( '', ( -0.00250354749789300, 0.00455283479725300, 0.00622526043563100 ) );
#1629 = CARTESIAN_POINT( '', ( -0.00250354749789300, 0.00481220733918700, 0.00594000434250200 ) );
#1630 = CARTESIAN_POINT( '', ( -0.00250354749789300, 0.00505936767752400, 0.00566582967996100 ) );
#1631 = CARTESIAN_POINT( '', ( -0.00250354749789300, 0.00528372373617600, 0.00541467289237200 ) );
#1632 = CARTESIAN_POINT( '', ( -0.00250354749789300, 0.00548308026171900, 0.00518945215184400 ) );
#1633 = CARTESIAN_POINT( '', ( -0.00250354749789300, 0.00566682918309300, 0.00497997097457500 ) );
#1634 = CARTESIAN_POINT( '', ( -0.00250354749789300, 0.00585093601220600, 0.00476804422906700 ) );
#1635 = CARTESIAN_POINT( '', ( -0.00250354749789300, 0.00598804412021600, 0.00460840026362700 ) );
#1636 = CARTESIAN_POINT( '', ( -0.00250354749789300, 0.00606563198966100, 0.00451732331490300 ) );
#1637 = CARTESIAN_POINT( '', ( -0.00250354749789300, 0.00607799340681900, 0.00450279357097900 ) );
#1643 = SURFACE_SIDE_STYLE( '', ( #3112 ) );
#1644 = EDGE_LOOP( '', ( #3113, #3114, #3115, #3116, #3117, #3118, #3119, #3120, #3121, #3122, #3123, #3124, #3125 ) );
#1645 = AXIS2_PLACEMENT_3D( '', #3126, #3127, #3128 );
#1646 = SURFACE_SIDE_STYLE( '', ( #3129 ) );
#1647 = EDGE_LOOP( '', ( #3130, #3131, #3132, #3133 ) );
#1648 = AXIS2_PLACEMENT_3D( '', #3134, #3135, #3136 );
#1649 = SURFACE_SIDE_STYLE( '', ( #3137 ) );
#1650 = EDGE_LOOP( '', ( #3138, #3139, #3140, #3141 ) );
#1651 = AXIS2_PLACEMENT_3D( '', #3142, #3143, #3144 );
#1652 = SURFACE_SIDE_STYLE( '', ( #3145 ) );
#1653 = EDGE_LOOP( '', ( #3146, #3147, #3148, #3149 ) );
#1654 = AXIS2_PLACEMENT_3D( '', #3150, #3151, #3152 );
#1655 = SURFACE_SIDE_STYLE( '', ( #3153 ) );
#1656 = EDGE_LOOP( '', ( #3154, #3155, #3156, #3157 ) );
#1657 = AXIS2_PLACEMENT_3D( '', #3158, #3159, #3160 );
#1658 = SURFACE_SIDE_STYLE( '', ( #3161 ) );
#1659 = EDGE_LOOP( '', ( #3162, #3163, #3164, #3165, #3166 ) );
#1660 = AXIS2_PLACEMENT_3D( '', #3167, #3168, #3169 );
#1661 = SURFACE_SIDE_STYLE( '', ( #3170 ) );
#1662 = EDGE_LOOP( '', ( #3171, #3172, #3173, #3174 ) );
#1663 = AXIS2_PLACEMENT_3D( '', #3175, #3176, #3177 );
#1664 = SURFACE_SIDE_STYLE( '', ( #3178 ) );
#1665 = EDGE_LOOP( '', ( #3179, #3180, #3181, #3182 ) );
#1666 = AXIS2_PLACEMENT_3D( '', #3183, #3184, #3185 );
#1667 = SURFACE_SIDE_STYLE( '', ( #3186 ) );
#1668 = EDGE_LOOP( '', ( #3187, #3188, #3189, #3190 ) );
#1669 = AXIS2_PLACEMENT_3D( '', #3191, #3192, #3193 );
#1670 = SURFACE_SIDE_STYLE( '', ( #3194 ) );
#1671 = EDGE_LOOP( '', ( #3195 ) );
#1672 = EDGE_LOOP( '', ( #3196 ) );
#1673 = AXIS2_PLACEMENT_3D( '', #3197, #3198, #3199 );
#1674 = SURFACE_SIDE_STYLE( '', ( #3200 ) );
#1675 = EDGE_LOOP( '', ( #3201, #3202, #3203, #3204 ) );
#1676 = AXIS2_PLACEMENT_3D( '', #3205, #3206, #3207 );
#1677 = SURFACE_SIDE_STYLE( '', ( #3208 ) );
#1678 = EDGE_LOOP( '', ( #3209, #3210, #3211, #3212 ) );
#1679 = AXIS2_PLACEMENT_3D( '', #3213, #3214, #3215 );
#1680 = SURFACE_SIDE_STYLE( '', ( #3216 ) );
#1681 = EDGE_LOOP( '', ( #3217, #3218, #3219, #3220 ) );
#1682 = AXIS2_PLACEMENT_3D( '', #3221, #3222, #3223 );
#1683 = SURFACE_SIDE_STYLE( '', ( #3224 ) );
#1684 = EDGE_LOOP( '', ( #3225, #3226, #3227, #3228, #3229, #3230, #3231 ) );
#1685 = AXIS2_PLACEMENT_3D( '', #3232, #3233, #3234 );
#1686 = SURFACE_SIDE_STYLE( '', ( #3235 ) );
#1687 = EDGE_LOOP( '', ( #3236, #3237, #3238, #3239, #3240, #3241 ) );
#1688 = AXIS2_PLACEMENT_3D( '', #3242, #3243, #3244 );
#1689 = SURFACE_SIDE_STYLE( '', ( #3245 ) );
#1690 = EDGE_LOOP( '', ( #3246, #3247, #3248, #3249, #3250, #3251, #3252, #3253 ) );
#1691 = AXIS2_PLACEMENT_3D( '', #3254, #3255, #3256 );
#1692 = SURFACE_SIDE_STYLE( '', ( #3257 ) );
#1693 = EDGE_LOOP( '', ( #3258, #3259, #3260, #3261 ) );
#1694 = AXIS2_PLACEMENT_3D( '', #3262, #3263, #3264 );
#1695 = SURFACE_SIDE_STYLE( '', ( #3265 ) );
#1696 = EDGE_LOOP( '', ( #3266, #3267, #3268, #3269 ) );
#1697 = AXIS2_PLACEMENT_3D( '', #3270, #3271, #3272 );
#1698 = SURFACE_SIDE_STYLE( '', ( #3273 ) );
#1699 = EDGE_LOOP( '', ( #3274, #3275, #3276, #3277 ) );
#1700 = AXIS2_PLACEMENT_3D( '', #3278, #3279, #3280 );
#1701 = SURFACE_SIDE_STYLE( '', ( #3281 ) );
#1702 = EDGE_LOOP( '', ( #3282 ) );
#1703 = EDGE_LOOP( '', ( #3283 ) );
#1704 = AXIS2_PLACEMENT_3D( '', #3284, #3285, #3286 );
#1705 = SURFACE_SIDE_STYLE( '', ( #3287 ) );
#1706 = EDGE_LOOP( '', ( #3288, #3289, #3290, #3291 ) );
#1709 = CARTESIAN_POINT( '', ( -0.00295215754868300, 0.00625417566581100, 0.00476519028817000 ) );
#1710 = CARTESIAN_POINT( '', ( -0.00295215754868300, 0.00626037877978200, 0.00475818197626500 ) );
#1711 = CARTESIAN_POINT( '', ( -0.00295215754868300, 0.00631887008489800, 0.00469086018312500 ) );
#1712 = CARTESIAN_POINT( '', ( -0.00295215754868300, 0.00642049585963500, 0.00455101178978800 ) );
#1713 = CARTESIAN_POINT( '', ( -0.00295215754868300, 0.00653813362943700, 0.00432520118484700 ) );
#1714 = CARTESIAN_POINT( '', ( -0.00295215754868300, 0.00660746107226500, 0.00412402284257800 ) );
#1715 = CARTESIAN_POINT( '', ( -0.00295215754868300, 0.00663699178388500, 0.00399802614453400 ) );
#1716 = CARTESIAN_POINT( '', ( -0.00295215754868300, 0.00664462877794200, 0.00396057383725400 ) );
#1717 = CARTESIAN_POINT( '', ( -0.00270042484995500, 0.00636511469461600, 0.00486337180301400 ) );
#1718 = CARTESIAN_POINT( '', ( -0.00270042484995500, 0.00637191701796300, 0.00485568651218900 ) );
#1719 = CARTESIAN_POINT( '', ( -0.00270042484995500, 0.00643603839778800, 0.00478188452324000 ) );
#1720 = CARTESIAN_POINT( '', ( -0.00270042484995500, 0.00654708716384800, 0.00462900459298200 ) );
#1721 = CARTESIAN_POINT( '', ( -0.00270042484995500, 0.00667491377519000, 0.00438351348387000 ) );
#1722 = CARTESIAN_POINT( '', ( -0.00270042484995500, 0.00674979209418301, 0.00416607046847100 ) );
#1723 = CARTESIAN_POINT( '', ( -0.00270042484995500, 0.00678157618638100, 0.00403044318433900 ) );
#1724 = CARTESIAN_POINT( '', ( -0.00270042484995500, 0.00678978763031900, 0.00399017413717000 ) );
#1725 = CARTESIAN_POINT( '', ( -0.00245876138454700, 0.00624225915409401, 0.00475464412434800 ) );
#1726 = CARTESIAN_POINT( '', ( -0.00245876138454700, 0.00624839790401200, 0.00474770853010900 ) );
#1727 = CARTESIAN_POINT( '', ( -0.00245876138454700, 0.00630628445485900, 0.00468108280696500 ) );
#1728 = CARTESIAN_POINT( '', ( -0.00245876138454700, 0.00640689805932900, 0.00454263419568900 ) );
#1729 = CARTESIAN_POINT( '', ( -0.00245876138454700, 0.00652344139509001, 0.00431893757138300 ) );
#1730 = CARTESIAN_POINT( '', ( -0.00245876138454700, 0.00659217259075700, 0.00411950629838300 ) );
#1731 = CARTESIAN_POINT( '', ( -0.00245876138454700, 0.00662146125558601, 0.00399454406939100 ) );
#1732 = CARTESIAN_POINT( '', ( -0.00245876138454700, 0.00662903654512900, 0.00395739432212200 ) );
#1733 = CARTESIAN_POINT( '', ( -0.00250354748240800, 0.00602611375300800, 0.00456335452019400 ) );
#1734 = CARTESIAN_POINT( '', ( -0.00250354748240800, 0.00603108504768100, 0.00455773790162700 ) );
#1735 = CARTESIAN_POINT( '', ( -0.00250354748240800, 0.00607800237724300, 0.00450373771286400 ) );
#1736 = CARTESIAN_POINT( '', ( -0.00250354748240800, 0.00616025692214000, 0.00439067878459500 ) );
#1737 = CARTESIAN_POINT( '', ( -0.00250354748240800, 0.00625694907238800, 0.00420532619947700 ) );
#1738 = CARTESIAN_POINT( '', ( -0.00250354748240800, 0.00631486535135600, 0.00403758381302000 ) );
#1739 = CARTESIAN_POINT( '', ( -0.00250354748240800, 0.00633976369607900, 0.00393138510589500 ) );
#1740 = CARTESIAN_POINT( '', ( -0.00250354748240800, 0.00634621976994800, 0.00389972328636100 ) );
#1746 = SURFACE_SIDE_STYLE( '', ( #3292 ) );
#1747 = EDGE_LOOP( '', ( #3293, #3294, #3295, #3296 ) );
#1748 = AXIS2_PLACEMENT_3D( '', #3297, #3298, #3299 );
#1749 = SURFACE_SIDE_STYLE( '', ( #3300 ) );
#1750 = EDGE_LOOP( '', ( #3301, #3302, #3303, #3304, #3305, #3306, #3307, #3308, #3309, #3310, #3311, #3312, #3313, #3314, #3315, #3316 ) );
#1751 = AXIS2_PLACEMENT_3D( '', #3317, #3318, #3319 );
#1752 = SURFACE_SIDE_STYLE( '', ( #3320 ) );
#1753 = EDGE_LOOP( '', ( #3321, #3322, #3323, #3324 ) );
#1754 = AXIS2_PLACEMENT_3D( '', #3325, #3326, #3327 );
#1755 = SURFACE_SIDE_STYLE( '', ( #3328 ) );
#1756 = EDGE_LOOP( '', ( #3329, #3330, #3331, #3332 ) );
#1757 = AXIS2_PLACEMENT_3D( '', #3333, #3334, #3335 );
#1758 = SURFACE_SIDE_STYLE( '', ( #3336 ) );
#1759 = EDGE_LOOP( '', ( #3337 ) );
#1760 = EDGE_LOOP( '', ( #3338 ) );
#1761 = AXIS2_PLACEMENT_3D( '', #3339, #3340, #3341 );
#1762 = SURFACE_SIDE_STYLE( '', ( #3342 ) );
#1763 = EDGE_LOOP( '', ( #3343, #3344, #3345, #3346, #3347, #3348, #3349, #3350, #3351 ) );
#1764 = AXIS2_PLACEMENT_3D( '', #3352, #3353, #3354 );
#1765 = SURFACE_SIDE_STYLE( '', ( #3355 ) );
#1766 = EDGE_LOOP( '', ( #3356, #3357, #3358, #3359, #3360, #3361, #3362, #3363, #3364, #3365, #3366, #3367, #3368, #3369, #3370, #3371 ) );
#1767 = AXIS2_PLACEMENT_3D( '', #3372, #3373, #3374 );
#1768 = SURFACE_SIDE_STYLE( '', ( #3375 ) );
#1769 = EDGE_LOOP( '', ( #3376, #3377, #3378, #3379 ) );
#1770 = AXIS2_PLACEMENT_3D( '', #3380, #3381, #3382 );
#1771 = SURFACE_SIDE_STYLE( '', ( #3383 ) );
#1772 = EDGE_LOOP( '', ( #3384 ) );
#1773 = EDGE_LOOP( '', ( #3385 ) );
#1774 = AXIS2_PLACEMENT_3D( '', #3386, #3387, #3388 );
#1775 = SURFACE_SIDE_STYLE( '', ( #3389 ) );
#1776 = EDGE_LOOP( '', ( #3390, #3391, #3392, #3393, #3394 ) );
#1777 = AXIS2_PLACEMENT_3D( '', #3395, #3396, #3397 );
#1778 = SURFACE_SIDE_STYLE( '', ( #3398 ) );
#1779 = EDGE_LOOP( '', ( #3399, #3400, #3401, #3402 ) );
#1780 = AXIS2_PLACEMENT_3D( '', #3403, #3404, #3405 );
#1781 = SURFACE_SIDE_STYLE( '', ( #3406 ) );
#1782 = EDGE_LOOP( '', ( #3407 ) );
#1783 = EDGE_LOOP( '', ( #3408 ) );
#1784 = AXIS2_PLACEMENT_3D( '', #3409, #3410, #3411 );
#1785 = SURFACE_SIDE_STYLE( '', ( #3412 ) );
#1786 = EDGE_LOOP( '', ( #3413 ) );
#1787 = EDGE_LOOP( '', ( #3414 ) );
#1788 = AXIS2_PLACEMENT_3D( '', #3415, #3416, #3417 );
#1789 = SURFACE_SIDE_STYLE( '', ( #3418 ) );
#1790 = EDGE_LOOP( '', ( #3419, #3420, #3421, #3422 ) );
#1791 = AXIS2_PLACEMENT_3D( '', #3423, #3424, #3425 );
#1792 = SURFACE_SIDE_STYLE( '', ( #3426 ) );
#1793 = EDGE_LOOP( '', ( #3427, #3428, #3429, #3430, #3431, #3432 ) );
#1794 = AXIS2_PLACEMENT_3D( '', #3433, #3434, #3435 );
#1795 = SURFACE_SIDE_STYLE( '', ( #3436 ) );
#1796 = EDGE_LOOP( '', ( #3437, #3438, #3439, #3440 ) );
#1797 = AXIS2_PLACEMENT_3D( '', #3441, #3442, #3443 );
#1798 = SURFACE_SIDE_STYLE( '', ( #3444 ) );
#1799 = EDGE_LOOP( '', ( #3445, #3446, #3447, #3448 ) );
#1800 = AXIS2_PLACEMENT_3D( '', #3449, #3450, #3451 );
#1801 = SURFACE_SIDE_STYLE( '', ( #3452 ) );
#1802 = EDGE_LOOP( '', ( #3453, #3454, #3455, #3456, #3457, #3458 ) );
#1803 = AXIS2_PLACEMENT_3D( '', #3459, #3460, #3461 );
#1804 = SURFACE_SIDE_STYLE( '', ( #3462 ) );
#1805 = EDGE_LOOP( '', ( #3463 ) );
#1806 = EDGE_LOOP( '', ( #3464 ) );
#1807 = AXIS2_PLACEMENT_3D( '', #3465, #3466, #3467 );
#1808 = SURFACE_SIDE_STYLE( '', ( #3468 ) );
#1809 = EDGE_LOOP( '', ( #3469, #3470, #3471, #3472, #3473, #3474 ) );
#1810 = AXIS2_PLACEMENT_3D( '', #3475, #3476, #3477 );
#1811 = SURFACE_SIDE_STYLE( '', ( #3478 ) );
#1812 = EDGE_LOOP( '', ( #3479, #3480, #3481, #3482 ) );
#1813 = AXIS2_PLACEMENT_3D( '', #3483, #3484, #3485 );
#1814 = SURFACE_SIDE_STYLE( '', ( #3486 ) );
#1815 = EDGE_LOOP( '', ( #3487, #3488, #3489, #3490, #3491, #3492, #3493 ) );
#1816 = AXIS2_PLACEMENT_3D( '', #3494, #3495, #3496 );
#1817 = SURFACE_SIDE_STYLE( '', ( #3497 ) );
#1818 = EDGE_LOOP( '', ( #3498, #3499, #3500, #3501 ) );
#1819 = AXIS2_PLACEMENT_3D( '', #3502, #3503, #3504 );
#1820 = SURFACE_SIDE_STYLE( '', ( #3505 ) );
#1821 = EDGE_LOOP( '', ( #3506, #3507, #3508, #3509, #3510 ) );
#1822 = AXIS2_PLACEMENT_3D( '', #3511, #3512, #3513 );
#1823 = SURFACE_SIDE_STYLE( '', ( #3514 ) );
#1824 = EDGE_LOOP( '', ( #3515, #3516, #3517, #3518 ) );
#1825 = AXIS2_PLACEMENT_3D( '', #3519, #3520, #3521 );
#1826 = SURFACE_SIDE_STYLE( '', ( #3522 ) );
#1827 = EDGE_LOOP( '', ( #3523, #3524, #3525, #3526, #3527, #3528 ) );
#1828 = AXIS2_PLACEMENT_3D( '', #3529, #3530, #3531 );
#1829 = SURFACE_SIDE_STYLE( '', ( #3532 ) );
#1830 = EDGE_LOOP( '', ( #3533, #3534, #3535, #3536 ) );
#1831 = AXIS2_PLACEMENT_3D( '', #3537, #3538, #3539 );
#1832 = SURFACE_SIDE_STYLE( '', ( #3540 ) );
#1833 = EDGE_LOOP( '', ( #3541, #3542, #3543, #3544, #3545, #3546, #3547, #3548, #3549, #3550, #3551, #3552, #3553, #3554, #3555, #3556 ) );
#1834 = EDGE_LOOP( '', ( #3557 ) );
#1835 = EDGE_LOOP( '', ( #3558 ) );
#1836 = EDGE_LOOP( '', ( #3559 ) );
#1837 = EDGE_LOOP( '', ( #3560 ) );
#1838 = EDGE_LOOP( '', ( #3561 ) );
#1839 = AXIS2_PLACEMENT_3D( '', #3562, #3563, #3564 );
#1840 = SURFACE_SIDE_STYLE( '', ( #3565 ) );
#1841 = EDGE_LOOP( '', ( #3566, #3567, #3568, #3569 ) );
#1842 = AXIS2_PLACEMENT_3D( '', #3570, #3571, #3572 );
#1843 = SURFACE_SIDE_STYLE( '', ( #3573 ) );
#1844 = EDGE_LOOP( '', ( #3574, #3575, #3576, #3577 ) );
#1845 = AXIS2_PLACEMENT_3D( '', #3578, #3579, #3580 );
#1846 = SURFACE_SIDE_STYLE( '', ( #3581 ) );
#1847 = EDGE_LOOP( '', ( #3582, #3583, #3584, #3585, #3586, #3587, #3588, #3589, #3590, #3591, #3592, #3593, #3594, #3595 ) );
#1848 = AXIS2_PLACEMENT_3D( '', #3596, #3597, #3598 );
#1849 = SURFACE_SIDE_STYLE( '', ( #3599 ) );
#1850 = EDGE_LOOP( '', ( #3600, #3601, #3602, #3603 ) );
#1851 = AXIS2_PLACEMENT_3D( '', #3604, #3605, #3606 );
#1852 = SURFACE_SIDE_STYLE( '', ( #3607 ) );
#1853 = VERTEX_LOOP( '', #3608 );
#1854 = EDGE_LOOP( '', ( #3609 ) );
#1855 = AXIS2_PLACEMENT_3D( '', #3610, #3611, #3612 );
#1856 = SURFACE_SIDE_STYLE( '', ( #3613 ) );
#1857 = EDGE_LOOP( '', ( #3614, #3615, #3616, #3617 ) );
#1858 = AXIS2_PLACEMENT_3D( '', #3618, #3619, #3620 );
#1859 = SURFACE_SIDE_STYLE( '', ( #3621 ) );
#1860 = EDGE_LOOP( '', ( #3622, #3623, #3624, #3625, #3626, #3627 ) );
#1861 = AXIS2_PLACEMENT_3D( '', #3628, #3629, #3630 );
#1862 = SURFACE_SIDE_STYLE( '', ( #3631 ) );
#1863 = EDGE_LOOP( '', ( #3632, #3633, #3634, #3635, #3636, #3637 ) );
#1864 = AXIS2_PLACEMENT_3D( '', #3638, #3639, #3640 );
#1865 = SURFACE_SIDE_STYLE( '', ( #3641 ) );
#1866 = EDGE_LOOP( '', ( #3642, #3643, #3644, #3645 ) );
#1867 = AXIS2_PLACEMENT_3D( '', #3646, #3647, #3648 );
#1868 = SURFACE_SIDE_STYLE( '', ( #3649 ) );
#1869 = EDGE_LOOP( '', ( #3650, #3651, #3652, #3653, #3654 ) );
#1870 = AXIS2_PLACEMENT_3D( '', #3655, #3656, #3657 );
#1871 = SURFACE_SIDE_STYLE( '', ( #3658 ) );
#1872 = EDGE_LOOP( '', ( #3659, #3660, #3661, #3662 ) );
#1873 = AXIS2_PLACEMENT_3D( '', #3663, #3664, #3665 );
#1874 = SURFACE_SIDE_STYLE( '', ( #3666 ) );
#1875 = EDGE_LOOP( '', ( #3667, #3668, #3669, #3670, #3671 ) );
#1876 = AXIS2_PLACEMENT_3D( '', #3672, #3673, #3674 );
#1877 = SURFACE_SIDE_STYLE( '', ( #3675 ) );
#1878 = EDGE_LOOP( '', ( #3676, #3677, #3678, #3679, #3680, #3681, #3682, #3683, #3684 ) );
#1879 = AXIS2_PLACEMENT_3D( '', #3685, #3686, #3687 );
#1880 = SURFACE_SIDE_STYLE( '', ( #3688 ) );
#1881 = EDGE_LOOP( '', ( #3689 ) );
#1882 = EDGE_LOOP( '', ( #3690 ) );
#1883 = AXIS2_PLACEMENT_3D( '', #3691, #3692, #3693 );
#1884 = SURFACE_SIDE_STYLE( '', ( #3694 ) );
#1885 = EDGE_LOOP( '', ( #3695, #3696, #3697, #3698 ) );
#1886 = AXIS2_PLACEMENT_3D( '', #3699, #3700, #3701 );
#1887 = SURFACE_SIDE_STYLE( '', ( #3702 ) );
#1888 = EDGE_LOOP( '', ( #3703, #3704, #3705, #3706 ) );
#1891 = CARTESIAN_POINT( '', ( 0.00476519028817000, 0.00625417566581100, 0.00295215754868300 ) );
#1892 = CARTESIAN_POINT( '', ( 0.00475818197626500, 0.00626037877978200, 0.00295215754868300 ) );
#1893 = CARTESIAN_POINT( '', ( 0.00469086018312500, 0.00631887008489800, 0.00295215754868300 ) );
#1894 = CARTESIAN_POINT( '', ( 0.00455101178978800, 0.00642049585963500, 0.00295215754868300 ) );
#1895 = CARTESIAN_POINT( '', ( 0.00432520118484800, 0.00653813362943700, 0.00295215754868300 ) );
#1896 = CARTESIAN_POINT( '', ( 0.00412402284257900, 0.00660746107226400, 0.00295215754868300 ) );
#1897 = CARTESIAN_POINT( '', ( 0.00399802614453500, 0.00663699178388500, 0.00295215754868300 ) );
#1898 = CARTESIAN_POINT( '', ( 0.00396057383725400, 0.00664462877794200, 0.00295215754868300 ) );
#1899 = CARTESIAN_POINT( '', ( 0.00486337180301400, 0.00636511469461600, 0.00270042484995500 ) );
#1900 = CARTESIAN_POINT( '', ( 0.00485568651218900, 0.00637191701796300, 0.00270042484995500 ) );
#1901 = CARTESIAN_POINT( '', ( 0.00478188452324100, 0.00643603839778800, 0.00270042484995500 ) );
#1902 = CARTESIAN_POINT( '', ( 0.00462900459298200, 0.00654708716384800, 0.00270042484995500 ) );
#1903 = CARTESIAN_POINT( '', ( 0.00438351348387000, 0.00667491377518900, 0.00270042484995500 ) );
#1904 = CARTESIAN_POINT( '', ( 0.00416607046847200, 0.00674979209418301, 0.00270042484995500 ) );
#1905 = CARTESIAN_POINT( '', ( 0.00403044318433900, 0.00678157618638100, 0.00270042484995500 ) );
#1906 = CARTESIAN_POINT( '', ( 0.00399017413717000, 0.00678978763031900, 0.00270042484995500 ) );
#1907 = CARTESIAN_POINT( '', ( 0.00475464412434800, 0.00624225915409401, 0.00245876138454700 ) );
#1908 = CARTESIAN_POINT( '', ( 0.00474770853010900, 0.00624839790401200, 0.00245876138454700 ) );
#1909 = CARTESIAN_POINT( '', ( 0.00468108280696500, 0.00630628445485900, 0.00245876138454700 ) );
#1910 = CARTESIAN_POINT( '', ( 0.00454263419568900, 0.00640689805932900, 0.00245876138454700 ) );
#1911 = CARTESIAN_POINT( '', ( 0.00431893757138400, 0.00652344139508900, 0.00245876138454700 ) );
#1912 = CARTESIAN_POINT( '', ( 0.00411950629838300, 0.00659217259075700, 0.00245876138454700 ) );
#1913 = CARTESIAN_POINT( '', ( 0.00399454406939100, 0.00662146125558500, 0.00245876138454700 ) );
#1914 = CARTESIAN_POINT( '', ( 0.00395739432212200, 0.00662903654512900, 0.00245876138454700 ) );
#1915 = CARTESIAN_POINT( '', ( 0.00456335452019400, 0.00602611375300800, 0.00250354748240800 ) );
#1916 = CARTESIAN_POINT( '', ( 0.00455773790162700, 0.00603108504768100, 0.00250354748240800 ) );
#1917 = CARTESIAN_POINT( '', ( 0.00450373771286400, 0.00607800237724300, 0.00250354748240800 ) );
#1918 = CARTESIAN_POINT( '', ( 0.00439067878459600, 0.00616025692213900, 0.00250354748240800 ) );
#1919 = CARTESIAN_POINT( '', ( 0.00420532619947800, 0.00625694907238800, 0.00250354748240800 ) );
#1920 = CARTESIAN_POINT( '', ( 0.00403758381302100, 0.00631486535135600, 0.00250354748240800 ) );
#1921 = CARTESIAN_POINT( '', ( 0.00393138510589600, 0.00633976369607900, 0.00250354748240800 ) );
#1922 = CARTESIAN_POINT( '', ( 0.00389972328636100, 0.00634621976994800, 0.00250354748240800 ) );
#1928 = SURFACE_SIDE_STYLE( '', ( #3707 ) );
#1929 = EDGE_LOOP( '', ( #3708, #3709, #3710, #3711 ) );
#1930 = AXIS2_PLACEMENT_3D( '', #3712, #3713, #3714 );
#1931 = SURFACE_SIDE_STYLE( '', ( #3715 ) );
#1932 = EDGE_LOOP( '', ( #3716, #3717, #3718, #3719 ) );
#1935 = CARTESIAN_POINT( '', ( 0.00295215754868300, 0.00664462603054900, 0.00396058782006500 ) );
#1936 = CARTESIAN_POINT( '', ( 0.00295215754868300, 0.00663838123438300, 0.00399121060137700 ) );
#1937 = CARTESIAN_POINT( '', ( 0.00295215754868300, 0.00661364840564900, 0.00409929926373500 ) );
#1938 = CARTESIAN_POINT( '', ( 0.00295215754868300, 0.00655353265086800, 0.00428598702969000 ) );
#1939 = CARTESIAN_POINT( '', ( 0.00295215754868300, 0.00644004628594100, 0.00452125516756400 ) );
#1940 = CARTESIAN_POINT( '', ( 0.00295215754868300, 0.00632970919800800, 0.00467838473265200 ) );
#1941 = CARTESIAN_POINT( '', ( 0.00295215754868300, 0.00626039266099000, 0.00475816591361000 ) );
#1942 = CARTESIAN_POINT( '', ( 0.00295215754868300, 0.00625419687208000, 0.00476516580737100 ) );
#1943 = CARTESIAN_POINT( '', ( 0.00270042484995500, 0.00678978447445701, 0.00399018897945500 ) );
#1944 = CARTESIAN_POINT( '', ( 0.00270042484995500, 0.00678306996652500, 0.00402311490484700 ) );
#1945 = CARTESIAN_POINT( '', ( 0.00270042484995500, 0.00675645442952601, 0.00413944137762100 ) );
#1946 = CARTESIAN_POINT( '', ( 0.00270042484995500, 0.00669156898056800, 0.00434105487357400 ) );
#1947 = CARTESIAN_POINT( '', ( 0.00270042484995500, 0.00656840500362200, 0.00459652301317000 ) );
#1948 = CARTESIAN_POINT( '', ( 0.00270042484995500, 0.00644792101140100, 0.00476820807353700 ) );
#1949 = CARTESIAN_POINT( '', ( 0.00270042484995500, 0.00637193220093400, 0.00485566891871500 ) );
#1950 = CARTESIAN_POINT( '', ( 0.00270042484995500, 0.00636513788304201, 0.00486334501504600 ) );
#1951 = CARTESIAN_POINT( '', ( 0.00245876138454700, 0.00662903384161300, 0.00395740821261300 ) );
#1952 = CARTESIAN_POINT( '', ( 0.00245876138454700, 0.00662283949951800, 0.00398778360178800 ) );
#1953 = CARTESIAN_POINT( '', ( 0.00245876138454700, 0.00659830890182300, 0.00409498740004100 ) );
#1954 = CARTESIAN_POINT( '', ( 0.00245876138454700, 0.00653870548356800, 0.00428007191925500 ) );
#1955 = CARTESIAN_POINT( '', ( 0.00245876138454700, 0.00642625863898200, 0.00451317027468400 ) );
#1956 = CARTESIAN_POINT( '', ( 0.00245876138454700, 0.00631701148040100, 0.00466873636178000 ) );
#1957 = CARTESIAN_POINT( '', ( 0.00245876138454700, 0.00624841164539100, 0.00474769263188800 ) );
#1958 = CARTESIAN_POINT( '', ( 0.00245876138454700, 0.00624228014745001, 0.00475461989137400 ) );
#1959 = CARTESIAN_POINT( '', ( 0.00250354748240800, 0.00634621786226200, 0.00389973550231400 ) );
#1960 = CARTESIAN_POINT( '', ( 0.00250354748240800, 0.00634093867184200, 0.00392562361585500 ) );
#1961 = CARTESIAN_POINT( '', ( 0.00250354748240800, 0.00632007620372700, 0.00401677747338300 ) );
#1962 = CARTESIAN_POINT( '', ( 0.00250354748240800, 0.00626976570494300, 0.00417278180385000 ) );
#1963 = CARTESIAN_POINT( '', ( 0.00250354748240800, 0.00617617400406900, 0.00436652396947600 ) );
#1964 = CARTESIAN_POINT( '', ( 0.00250354748240800, 0.00608669632355800, 0.00449373120577900 ) );
#1965 = CARTESIAN_POINT( '', ( 0.00250354748240800, 0.00603109625280100, 0.00455772498594300 ) );
#1966 = CARTESIAN_POINT( '', ( 0.00250354748240800, 0.00602613088447400, 0.00456333478233600 ) );
#1972 = SURFACE_SIDE_STYLE( '', ( #3720 ) );
#1973 = EDGE_LOOP( '', ( #3721, #3722, #3723, #3724 ) );
#1974 = AXIS2_PLACEMENT_3D( '', #3725, #3726, #3727 );
#1975 = SURFACE_SIDE_STYLE( '', ( #3728 ) );
#1976 = EDGE_LOOP( '', ( #3729, #3730, #3731, #3732 ) );
#1977 = AXIS2_PLACEMENT_3D( '', #3733, #3734, #3735 );
#1978 = SURFACE_SIDE_STYLE( '', ( #3736 ) );
#1979 = EDGE_LOOP( '', ( #3737, #3738, #3739, #3740, #3741, #3742, #3743, #3744, #3745 ) );
#1980 = AXIS2_PLACEMENT_3D( '', #3746, #3747, #3748 );
#1981 = SURFACE_SIDE_STYLE( '', ( #3749 ) );
#1982 = EDGE_LOOP( '', ( #3750, #3751, #3752, #3753, #3754, #3755 ) );
#1983 = AXIS2_PLACEMENT_3D( '', #3756, #3757, #3758 );
#1984 = SURFACE_SIDE_STYLE( '', ( #3759 ) );
#1985 = EDGE_LOOP( '', ( #3760, #3761, #3762, #3763, #3764, #3765, #3766, #3767 ) );
#1986 = AXIS2_PLACEMENT_3D( '', #3768, #3769, #3770 );
#1987 = SURFACE_SIDE_STYLE( '', ( #3771 ) );
#1988 = EDGE_LOOP( '', ( #3772, #3773, #3774, #3775, #3776 ) );
#1991 = CARTESIAN_POINT( '', ( -0.00295215754867700, 0.00630996282231300, -0.00470012681279000 ) );
#1992 = CARTESIAN_POINT( '', ( -0.00295215754867700, 0.00629751219428000, -0.00471476124203600 ) );
#1993 = CARTESIAN_POINT( '', ( -0.00295215754867700, 0.00616756043608800, -0.00486730498543000 ) );
#1994 = CARTESIAN_POINT( '', ( -0.00295215754867700, 0.00592621727856300, -0.00514681953132500 ) );
#1995 = CARTESIAN_POINT( '', ( -0.00295215754867700, 0.00558483017605800, -0.00553481683994300 ) );
#1996 = CARTESIAN_POINT( '', ( -0.00295215754867700, 0.00524760043811400, -0.00591240937057000 ) );
#1997 = CARTESIAN_POINT( '', ( -0.00295215754867700, 0.00490601115430700, -0.00629011606632500 ) );
#1998 = CARTESIAN_POINT( '', ( -0.00295215754867700, 0.00456046395067900, -0.00666812919820200 ) );
#1999 = CARTESIAN_POINT( '', ( -0.00295215754867700, 0.00421448879145100, -0.00704319587754800 ) );
#2000 = CARTESIAN_POINT( '', ( -0.00295215754867700, 0.00386645785698200, -0.00741759931800300 ) );
#2001 = CARTESIAN_POINT( '', ( -0.00295215754867700, 0.00350623512662400, -0.00780252720166300 ) );
#2002 = CARTESIAN_POINT( '', ( -0.00295215754867700, 0.00311737207197700, -0.00821552926511600 ) );
#2003 = CARTESIAN_POINT( '', ( -0.00295215754867700, 0.00273082762037400, -0.00862369278758500 ) );
#2004 = CARTESIAN_POINT( '', ( -0.00295215754867700, 0.00247137678840700, -0.00889636037266101 ) );
#2005 = CARTESIAN_POINT( '', ( -0.00295215754867700, 0.00235567915093800, -0.00901772369956900 ) );
#2006 = CARTESIAN_POINT( '', ( -0.00270042473576900, 0.00642279849391600, -0.00479612286548000 ) );
#2007 = CARTESIAN_POINT( '', ( -0.00270042473576900, 0.00641030587187800, -0.00481080664974600 ) );
#2008 = CARTESIAN_POINT( '', ( -0.00270042473576900, 0.00627992102977000, -0.00496385874032200 ) );
#2009 = CARTESIAN_POINT( '', ( -0.00270042473576900, 0.00603787152363700, -0.00524419038392400 ) );
#2010 = CARTESIAN_POINT( '', ( -0.00270042473576900, 0.00569566837989200, -0.00563311444302300 ) );
#2011 = CARTESIAN_POINT( '', ( -0.00270042473576900, 0.00535776769323701, -0.00601145777594100 ) );
#2012 = CARTESIAN_POINT( '', ( -0.00270042473576900, 0.00501560760378900, -0.00638979531843699 ) );
#2013 = CARTESIAN_POINT( '', ( -0.00270042473576900, 0.00466957202496600, -0.00676834249587601 ) );
#2014 = CARTESIAN_POINT( '', ( -0.00270042473576900, 0.00432317950396900, -0.00714386148751400 ) );
#2015 = CARTESIAN_POINT( '', ( -0.00270042473576900, 0.00397478694973000, -0.00751865384968500 ) );
#2016 = CARTESIAN_POINT( '', ( -0.00270042473576900, 0.00361424006262900, -0.00790392804398100 ) );
#2017 = CARTESIAN_POINT( '', ( -0.00270042473576900, 0.00322507411695700, -0.00831725173139800 ) );
#2018 = CARTESIAN_POINT( '', ( -0.00270042473576900, 0.00283827093805900, -0.00872568839060500 ) );
#2019 = CARTESIAN_POINT( '', ( -0.00270042473576900, 0.00257866848751400, -0.00899851530143900 ) );
#2020 = CARTESIAN_POINT( '', ( -0.00270042473576900, 0.00246290699618500, -0.00911994560858400 ) );
#2021 = CARTESIAN_POINT( '', ( -0.00245876121216400, 0.00629784252509300, -0.00468981535122800 ) );
#2022 = CARTESIAN_POINT( '', ( -0.00245876121216400, 0.00628539640786600, -0.00470444447898200 ) );
#2023 = CARTESIAN_POINT( '', ( -0.00245876121216400, 0.00615549116958800, -0.00485693361802200 ) );
#2024 = CARTESIAN_POINT( '', ( -0.00245876121216400, 0.00591422388483400, -0.00513636039497800 ) );
#2025 = CARTESIAN_POINT( '', ( -0.00245876121216400, 0.00557292443778699, -0.00552425815625400 ) );
#2026 = CARTESIAN_POINT( '', ( -0.00245876121216400, 0.00523576677011700, -0.00590177003909701 ) );
#2027 = CARTESIAN_POINT( '', ( -0.00245876121216400, 0.00489423879966800, -0.00627940897214899 ) );
#2028 = CARTESIAN_POINT( '', ( -0.00245876121216400, 0.00454874405509400, -0.00665736473926900 ) );
#2029 = CARTESIAN_POINT( '', ( -0.00245876121216400, 0.00420281372697800, -0.00703238283327500 ) );
#2030 = CARTESIAN_POINT( '', ( -0.00245876121216400, 0.00385482163606800, -0.00740674449751900 ) );
#2031 = CARTESIAN_POINT( '', ( -0.00245876121216400, 0.00349463372516100, -0.00779163518205800 ) );
#2032 = CARTESIAN_POINT( '', ( -0.00245876121216400, 0.00310580320569700, -0.00820460269812100 ) );
#2033 = CARTESIAN_POINT( '', ( -0.00245876121216400, 0.00271928654540900, -0.00861273688147700 ) );
#2034 = CARTESIAN_POINT( '', ( -0.00245876121216400, 0.00245985199962400, -0.00888538735250100 ) );
#2035 = CARTESIAN_POINT( '', ( -0.00245876121216400, 0.00234416122104700, -0.00900674348469500 ) );
#2036 = CARTESIAN_POINT( '', ( -0.00250354751123700, 0.00607800186678300, -0.00450278375812700 ) );
#2037 = CARTESIAN_POINT( '', ( -0.00250354751123700, 0.00606563756756300, -0.00451731672621900 ) );
#2038 = CARTESIAN_POINT( '', ( -0.00250354751123700, 0.00593657611788400, -0.00466881543929200 ) );
#2039 = CARTESIAN_POINT( '', ( -0.00250354751123700, 0.00569668503039700, -0.00494665024364600 ) );
#2040 = CARTESIAN_POINT( '', ( -0.00250354751123700, 0.00535697549761200, -0.00533274239298200 ) );
#2041 = CARTESIAN_POINT( '', ( -0.00250354751123700, 0.00502112505667401, -0.00570879146829700 ) );
#2042 = CARTESIAN_POINT( '', ( -0.00250354751123700, 0.00468070920162200, -0.00608520130632000 ) );
#2043 = CARTESIAN_POINT( '', ( -0.00250354751123700, 0.00433616597107800, -0.00646211657865700 ) );
#2044 = CARTESIAN_POINT( '', ( -0.00250354751123700, 0.00399104879969400, -0.00683625342092100 ) );
#2045 = CARTESIAN_POINT( '', ( -0.00250354751123700, 0.00364376126193700, -0.00720985733892301 ) );
#2046 = CARTESIAN_POINT( '', ( -0.00250354751123700, 0.00328420491399900, -0.00759407329749199 ) );
#2047 = CARTESIAN_POINT( '', ( -0.00250354751123700, 0.00289596452495600, -0.00800641418526300 ) );
#2048 = CARTESIAN_POINT( '', ( -0.00250354751123700, 0.00250995194975200, -0.00841401620924700 ) );
#2049 = CARTESIAN_POINT( '', ( -0.00250354751123700, 0.00225081280636500, -0.00868635626177199 ) );
#2050 = CARTESIAN_POINT( '', ( -0.00250354751123700, 0.00213524643591500, -0.00880758189463999 ) );
#2056 = SURFACE_SIDE_STYLE( '', ( #3777 ) );
#2057 = EDGE_LOOP( '', ( #3778, #3779, #3780, #3781 ) );
#2058 = AXIS2_PLACEMENT_3D( '', #3782, #3783, #3784 );
#2059 = SURFACE_SIDE_STYLE( '', ( #3785 ) );
#2060 = EDGE_LOOP( '', ( #3786, #3787, #3788, #3789 ) );
#2061 = AXIS2_PLACEMENT_3D( '', #3790, #3791, #3792 );
#2062 = SURFACE_SIDE_STYLE( '', ( #3793 ) );
#2063 = EDGE_LOOP( '', ( #3794, #3795, #3796, #3797 ) );
#2064 = AXIS2_PLACEMENT_3D( '', #3798, #3799, #3800 );
#2065 = SURFACE_SIDE_STYLE( '', ( #3801 ) );
#2066 = EDGE_LOOP( '', ( #3802, #3803, #3804, #3805, #3806, #3807, #3808, #3809 ) );
#2067 = AXIS2_PLACEMENT_3D( '', #3810, #3811, #3812 );
#2068 = SURFACE_SIDE_STYLE( '', ( #3813 ) );
#2069 = EDGE_LOOP( '', ( #3814, #3815, #3816, #3817 ) );
#2070 = AXIS2_PLACEMENT_3D( '', #3818, #3819, #3820 );
#2071 = SURFACE_SIDE_STYLE( '', ( #3821 ) );
#2072 = EDGE_LOOP( '', ( #3822, #3823, #3824, #3825 ) );
#2073 = AXIS2_PLACEMENT_3D( '', #3826, #3827, #3828 );
#2074 = SURFACE_SIDE_STYLE( '', ( #3829 ) );
#2075 = EDGE_LOOP( '', ( #3830, #3831, #3832, #3833, #3834 ) );
#2076 = AXIS2_PLACEMENT_3D( '', #3835, #3836, #3837 );
#2077 = SURFACE_SIDE_STYLE( '', ( #3838 ) );
#2078 = EDGE_LOOP( '', ( #3839, #3840, #3841, #3842, #3843, #3844, #3845, #3846, #3847, #3848, #3849, #3850 ) );
#2079 = AXIS2_PLACEMENT_3D( '', #3851, #3852, #3853 );
#2080 = SURFACE_SIDE_STYLE( '', ( #3854 ) );
#2081 = EDGE_LOOP( '', ( #3855, #3856, #3857, #3858 ) );
#2084 = CARTESIAN_POINT( '', ( 0.00295215754868300, 0.00625417566581100, -0.00476519028817000 ) );
#2085 = CARTESIAN_POINT( '', ( 0.00295215754868300, 0.00626037877978200, -0.00475818197626500 ) );
#2086 = CARTESIAN_POINT( '', ( 0.00295215754868300, 0.00631887008489800, -0.00469086018312500 ) );
#2087 = CARTESIAN_POINT( '', ( 0.00295215754868300, 0.00642049585963500, -0.00455101178978800 ) );
#2088 = CARTESIAN_POINT( '', ( 0.00295215754868300, 0.00653813362943700, -0.00432520118484800 ) );
#2089 = CARTESIAN_POINT( '', ( 0.00295215754868300, 0.00660746107226400, -0.00412402284257900 ) );
#2090 = CARTESIAN_POINT( '', ( 0.00295215754868300, 0.00663699178388500, -0.00399802614453500 ) );
#2091 = CARTESIAN_POINT( '', ( 0.00295215754868300, 0.00664462877794200, -0.00396057383725400 ) );
#2092 = CARTESIAN_POINT( '', ( 0.00270042484995500, 0.00636511469461600, -0.00486337180301400 ) );
#2093 = CARTESIAN_POINT( '', ( 0.00270042484995500, 0.00637191701796300, -0.00485568651218900 ) );
#2094 = CARTESIAN_POINT( '', ( 0.00270042484995500, 0.00643603839778800, -0.00478188452324100 ) );
#2095 = CARTESIAN_POINT( '', ( 0.00270042484995500, 0.00654708716384800, -0.00462900459298200 ) );
#2096 = CARTESIAN_POINT( '', ( 0.00270042484995500, 0.00667491377519000, -0.00438351348387000 ) );
#2097 = CARTESIAN_POINT( '', ( 0.00270042484995500, 0.00674979209418301, -0.00416607046847200 ) );
#2098 = CARTESIAN_POINT( '', ( 0.00270042484995500, 0.00678157618638100, -0.00403044318433900 ) );
#2099 = CARTESIAN_POINT( '', ( 0.00270042484995500, 0.00678978763031900, -0.00399017413717000 ) );
#2100 = CARTESIAN_POINT( '', ( 0.00245876138454700, 0.00624225915409401, -0.00475464412434800 ) );
#2101 = CARTESIAN_POINT( '', ( 0.00245876138454700, 0.00624839790401200, -0.00474770853010900 ) );
#2102 = CARTESIAN_POINT( '', ( 0.00245876138454700, 0.00630628445485900, -0.00468108280696500 ) );
#2103 = CARTESIAN_POINT( '', ( 0.00245876138454700, 0.00640689805932900, -0.00454263419568900 ) );
#2104 = CARTESIAN_POINT( '', ( 0.00245876138454700, 0.00652344139508900, -0.00431893757138400 ) );
#2105 = CARTESIAN_POINT( '', ( 0.00245876138454700, 0.00659217259075700, -0.00411950629838300 ) );
#2106 = CARTESIAN_POINT( '', ( 0.00245876138454700, 0.00662146125558601, -0.00399454406939100 ) );
#2107 = CARTESIAN_POINT( '', ( 0.00245876138454700, 0.00662903654512900, -0.00395739432212200 ) );
#2108 = CARTESIAN_POINT( '', ( 0.00250354748240800, 0.00602611375300800, -0.00456335452019400 ) );
#2109 = CARTESIAN_POINT( '', ( 0.00250354748240800, 0.00603108504768100, -0.00455773790162700 ) );
#2110 = CARTESIAN_POINT( '', ( 0.00250354748240800, 0.00607800237724300, -0.00450373771286400 ) );
#2111 = CARTESIAN_POINT( '', ( 0.00250354748240800, 0.00616025692213900, -0.00439067878459600 ) );
#2112 = CARTESIAN_POINT( '', ( 0.00250354748240800, 0.00625694907238800, -0.00420532619947800 ) );
#2113 = CARTESIAN_POINT( '', ( 0.00250354748240800, 0.00631486535135600, -0.00403758381302100 ) );
#2114 = CARTESIAN_POINT( '', ( 0.00250354748240800, 0.00633976369607900, -0.00393138510589600 ) );
#2115 = CARTESIAN_POINT( '', ( 0.00250354748240800, 0.00634621976994800, -0.00389972328636100 ) );
#2121 = SURFACE_SIDE_STYLE( '', ( #3859 ) );
#2122 = EDGE_LOOP( '', ( #3860, #3861, #3862, #3863 ) );
#2123 = AXIS2_PLACEMENT_3D( '', #3864, #3865, #3866 );
#2124 = SURFACE_SIDE_STYLE( '', ( #3867 ) );
#2125 = EDGE_LOOP( '', ( #3868, #3869, #3870, #3871 ) );
#2126 = AXIS2_PLACEMENT_3D( '', #3872, #3873, #3874 );
#2127 = SURFACE_SIDE_STYLE( '', ( #3875 ) );
#2128 = EDGE_LOOP( '', ( #3876, #3877, #3878, #3879 ) );
#2129 = AXIS2_PLACEMENT_3D( '', #3880, #3881, #3882 );
#2130 = SURFACE_SIDE_STYLE( '', ( #3883 ) );
#2131 = EDGE_LOOP( '', ( #3884, #3885, #3886, #3887, #3888, #3889, #3890, #3891 ) );
#2132 = AXIS2_PLACEMENT_3D( '', #3892, #3893, #3894 );
#2133 = SURFACE_SIDE_STYLE( '', ( #3895 ) );
#2134 = EDGE_LOOP( '', ( #3896, #3897, #3898, #3899 ) );
#2135 = AXIS2_PLACEMENT_3D( '', #3900, #3901, #3902 );
#2136 = SURFACE_SIDE_STYLE( '', ( #3903 ) );
#2137 = EDGE_LOOP( '', ( #3904, #3905, #3906, #3907 ) );
#2138 = AXIS2_PLACEMENT_3D( '', #3908, #3909, #3910 );
#2139 = SURFACE_SIDE_STYLE( '', ( #3911 ) );
#2140 = EDGE_LOOP( '', ( #3912, #3913, #3914, #3915, #3916, #3917 ) );
#2141 = AXIS2_PLACEMENT_3D( '', #3918, #3919, #3920 );
#2142 = SURFACE_SIDE_STYLE( '', ( #3921 ) );
#2143 = EDGE_LOOP( '', ( #3922, #3923, #3924, #3925 ) );
#2144 = AXIS2_PLACEMENT_3D( '', #3926, #3927, #3928 );
#2145 = SURFACE_SIDE_STYLE( '', ( #3929 ) );
#2146 = EDGE_LOOP( '', ( #3930, #3931, #3932, #3933 ) );
#2147 = AXIS2_PLACEMENT_3D( '', #3934, #3935, #3936 );
#2148 = SURFACE_SIDE_STYLE( '', ( #3937 ) );
#2149 = EDGE_LOOP( '', ( #3938, #3939, #3940, #3941, #3942 ) );
#2152 = CARTESIAN_POINT( '', ( 0.00295215754867700, 0.00630996270226200, 0.00470012662315400 ) );
#2153 = CARTESIAN_POINT( '', ( 0.00295215754867700, 0.00629751216089200, 0.00471476116795500 ) );
#2154 = CARTESIAN_POINT( '', ( 0.00295215754867700, 0.00623338676429500, 0.00479003520790900 ) );
#2155 = CARTESIAN_POINT( '', ( 0.00295215754867700, 0.00611429939045400, 0.00492889742519900 ) );
#2156 = CARTESIAN_POINT( '', ( 0.00295215754867700, 0.00594442427949900, 0.00512500991406200 ) );
#2157 = CARTESIAN_POINT( '', ( 0.00295215754867700, 0.00575360471955700, 0.00534312666594600 ) );
#2158 = CARTESIAN_POINT( '', ( 0.00295215754867700, 0.00553482137887400, 0.00559068129413400 ) );
#2159 = CARTESIAN_POINT( '', ( 0.00295215754867700, 0.00529065260724300, 0.00586414788852200 ) );
#2160 = CARTESIAN_POINT( '', ( 0.00295215754867700, 0.00503105863293000, 0.00615206005631400 ) );
#2161 = CARTESIAN_POINT( '', ( 0.00295215754867700, 0.00476718243403400, 0.00644217021773600 ) );
#2162 = CARTESIAN_POINT( '', ( 0.00295215754867700, 0.00450327744741600, 0.00673011150468300 ) );
#2163 = CARTESIAN_POINT( '', ( 0.00295215754867700, 0.00423489264260700, 0.00702097864513000 ) );
#2164 = CARTESIAN_POINT( '', ( 0.00295215754867700, 0.00395316577673400, 0.00732443785669300 ) );
#2165 = CARTESIAN_POINT( '', ( 0.00295215754867700, 0.00364757136544100, 0.00765170396055500 ) );
#2166 = CARTESIAN_POINT( '', ( 0.00295215754867700, 0.00330681744816200, 0.00801457725063600 ) );
#2167 = CARTESIAN_POINT( '', ( 0.00295215754867700, 0.00291947209628100, 0.00842478785486500 ) );
#2168 = CARTESIAN_POINT( '', ( 0.00295215754867700, 0.00259711493347700, 0.00876430849021699 ) );
#2169 = CARTESIAN_POINT( '', ( 0.00295215754867700, 0.00240266948722900, 0.00896843210699200 ) );
#2170 = CARTESIAN_POINT( '', ( 0.00295215754867700, 0.00235567912232800, 0.00901772372921900 ) );
#2171 = CARTESIAN_POINT( '', ( 0.00270042484919300, 0.00642279833337200, 0.00479612261404700 ) );
#2172 = CARTESIAN_POINT( '', ( 0.00270042484919300, 0.00641030579123701, 0.00481080652591900 ) );
#2173 = CARTESIAN_POINT( '', ( 0.00270042484919300, 0.00634596667068000, 0.00488633144160400 ) );
#2174 = CARTESIAN_POINT( '', ( 0.00270042484919300, 0.00622650646422300, 0.00502562829279200 ) );
#2175 = CARTESIAN_POINT( '', ( 0.00270042484919300, 0.00605614964616600, 0.00522229675274400 ) );
#2176 = CARTESIAN_POINT( '', ( 0.00270042484919300, 0.00586484321226100, 0.00544096987244900 ) );
#2177 = CARTESIAN_POINT( '', ( 0.00270042484919300, 0.00564556316910501, 0.00568908634593700 ) );
#2178 = CARTESIAN_POINT( '', ( 0.00270042484919300, 0.00540090669280200, 0.00596309897961000 ) );
#2179 = CARTESIAN_POINT( '', ( 0.00270042484919300, 0.00514085921869600, 0.00625151395912600 ) );
#2180 = CARTESIAN_POINT( '', ( 0.00270042484919300, 0.00487657874647200, 0.00654206847009500 ) );
#2181 = CARTESIAN_POINT( '', ( 0.00270042484919300, 0.00461231679311600, 0.00683039915251001 ) );
#2182 = CARTESIAN_POINT( '', ( 0.00270042484919300, 0.00434360986682700, 0.00712161533285601 ) );
#2183 = CARTESIAN_POINT( '', ( 0.00270042484919300, 0.00406158259614300, 0.00742539806568500 ) );
#2184 = CARTESIAN_POINT( '', ( 0.00270042484919300, 0.00375569952451300, 0.00775297324651500 ) );
#2185 = CARTESIAN_POINT( '', ( 0.00270042484919300, 0.00341466239032300, 0.00811614808261801 ) );
#2186 = CARTESIAN_POINT( '', ( 0.00270042484919300, 0.00302703656638300, 0.00852665565676201 ) );
#2187 = CARTESIAN_POINT( '', ( 0.00270042484919300, 0.00270447856267800, 0.00886638778144601 ) );
#2188 = CARTESIAN_POINT( '', ( 0.00270042484919300, 0.00250992322229900, 0.00907062676120299 ) );
#2189 = CARTESIAN_POINT( '', ( 0.00270042484919300, 0.00246290691944800, 0.00911994559184900 ) );
#2190 = CARTESIAN_POINT( '', ( 0.00245876138340500, 0.00629784246668900, 0.00468981521697600 ) );
#2191 = CARTESIAN_POINT( '', ( 0.00245876138340500, 0.00628539643683000, 0.00470444445901500 ) );
#2192 = CARTESIAN_POINT( '', ( 0.00245876138340500, 0.00622129399738500, 0.00477969155116100 ) );
#2193 = CARTESIAN_POINT( '', ( 0.00245876138340500, 0.00610224667134701, 0.00491850708226500 ) );
#2194 = CARTESIAN_POINT( '', ( 0.00245876138340500, 0.00593242330294500, 0.00511455985151200 ) );
#2195 = CARTESIAN_POINT( '', ( 0.00245876138340500, 0.00574165604055300, 0.00533261684116400 ) );
#2196 = CARTESIAN_POINT( '', ( 0.00245876138340500, 0.00552292605314901, 0.00558011111875800 ) );
#2197 = CARTESIAN_POINT( '', ( 0.00245876138340500, 0.00527880966830000, 0.00585351906035400 ) );
#2198 = CARTESIAN_POINT( '', ( 0.00245876138340500, 0.00501926440665200, 0.00614137721864201 ) );
#2199 = CARTESIAN_POINT( '', ( 0.00245876138340500, 0.00475543163276300, 0.00643143965027200 ) );
#2200 = CARTESIAN_POINT( '', ( 0.00245876138340500, 0.00449156498971500, 0.00671933911031800 ) );
#2201 = CARTESIAN_POINT( '', ( 0.00245876138340500, 0.00422321478557300, 0.00701016875865600 ) );
#2202 = CARTESIAN_POINT( '', ( 0.00245876138340500, 0.00394152018767400, 0.00731359321919400 ) );
#2203 = CARTESIAN_POINT( '', ( 0.00245876138340500, 0.00363595678282100, 0.00764082612356300 ) );
#2204 = CARTESIAN_POINT( '', ( 0.00245876138340500, 0.00329523328727700, 0.00800366702308800 ) );
#2205 = CARTESIAN_POINT( '', ( 0.00245876138340500, 0.00290791806229300, 0.00841384572830300 ) );
#2206 = CARTESIAN_POINT( '', ( 0.00245876138340500, 0.00258558247280800, 0.00875334364653600 ) );
#2207 = CARTESIAN_POINT( '', ( 0.00245876138340500, 0.00239114883083400, 0.00895745487160000 ) );
#2208 = CARTESIAN_POINT( '', ( 0.00245876138340500, 0.00234416125205700, 0.00900674357123500 ) );
#2209 = CARTESIAN_POINT( '', ( 0.00250354748259900, 0.00607800186603700, 0.00450278372620900 ) );
#2210 = CARTESIAN_POINT( '', ( 0.00250354748259900, 0.00606563766736200, 0.00451731678509700 ) );
#2211 = CARTESIAN_POINT( '', ( 0.00250354748259900, 0.00600195163187900, 0.00459207508951800 ) );
#2212 = CARTESIAN_POINT( '', ( 0.00250354748259900, 0.00588363070534100, 0.00473004381207100 ) );
#2213 = CARTESIAN_POINT( '', ( 0.00250354748259900, 0.00571474585944100, 0.00492501336835700 ) );
#2214 = CARTESIAN_POINT( '', ( 0.00250354748259900, 0.00552492718628000, 0.00514198637208300 ) );
#2215 = CARTESIAN_POINT( '', ( 0.00250354748259900, 0.00530716493724500, 0.00538838599183700 ) );
#2216 = CARTESIAN_POINT( '', ( 0.00250354748259900, 0.00506399876012100, 0.00566073007086300 ) );
#2217 = CARTESIAN_POINT( '', ( 0.00250354748259900, 0.00480533706393700, 0.00594760858796700 ) );
#2218 = CARTESIAN_POINT( '', ( 0.00250354748259900, 0.00454229194630900, 0.00623680528179400 ) );
#2219 = CARTESIAN_POINT( '', ( 0.00250354748259900, 0.00427912079086000, 0.00652394607250100 ) );
#2220 = CARTESIAN_POINT( '', ( 0.00250354748259900, 0.00401139818439100, 0.00681409567730800 ) );
#2221 = CARTESIAN_POINT( '', ( 0.00250354748259900, 0.00373028887301500, 0.00711688981293400 ) );
#2222 = CARTESIAN_POINT( '', ( 0.00250354748259900, 0.00342528787261800, 0.00744352053459199 ) );
#2223 = CARTESIAN_POINT( '', ( 0.00250354748259900, 0.00308511617596200, 0.00780577392414200 ) );
#2224 = CARTESIAN_POINT( '', ( 0.00250354748259900, 0.00269834740200100, 0.00821537403513300 ) );
#2225 = CARTESIAN_POINT( '', ( 0.00250354748259900, 0.00237640311607800, 0.00855445990318900 ) );
#2226 = CARTESIAN_POINT( '', ( 0.00250354748259900, 0.00218218358370300, 0.00875834636354800 ) );
#2227 = CARTESIAN_POINT( '', ( 0.00250354748259900, 0.00213524654051000, 0.00880758205231100 ) );
#2233 = SURFACE_SIDE_STYLE( '', ( #3943 ) );
#2234 = EDGE_LOOP( '', ( #3944, #3945, #3946, #3947, #3948, #3949 ) );
#2235 = AXIS2_PLACEMENT_3D( '', #3950, #3951, #3952 );
#2236 = SURFACE_SIDE_STYLE( '', ( #3953 ) );
#2237 = EDGE_LOOP( '', ( #3954, #3955, #3956, #3957, #3958, #3959, #3960, #3961, #3962, #3963, #3964, #3965, #3966, #3967, #3968, #3969 ) );
#2238 = EDGE_LOOP( '', ( #3970 ) );
#2239 = AXIS2_PLACEMENT_3D( '', #3971, #3972, #3973 );
#2240 = SURFACE_SIDE_STYLE( '', ( #3974 ) );
#2241 = EDGE_LOOP( '', ( #3975, #3976, #3977, #3978 ) );
#2242 = AXIS2_PLACEMENT_3D( '', #3979, #3980, #3981 );
#2243 = SURFACE_SIDE_STYLE( '', ( #3982 ) );
#2244 = EDGE_LOOP( '', ( #3983, #3984, #3985, #3986 ) );
#2245 = AXIS2_PLACEMENT_3D( '', #3987, #3988, #3989 );
#2246 = SURFACE_SIDE_STYLE( '', ( #3990 ) );
#2247 = EDGE_LOOP( '', ( #3991, #3992, #3993, #3994 ) );
#2250 = CARTESIAN_POINT( '', ( -0.00295215754868300, 0.00664462603054500, -0.00396058782008800 ) );
#2251 = CARTESIAN_POINT( '', ( -0.00295215754868300, 0.00663838123437900, -0.00399121060139200 ) );
#2252 = CARTESIAN_POINT( '', ( -0.00295215754868300, 0.00661364840564600, -0.00409929926374200 ) );
#2253 = CARTESIAN_POINT( '', ( -0.00295215754868300, 0.00655353265086800, -0.00428598702969000 ) );
#2254 = CARTESIAN_POINT( '', ( -0.00295215754868300, 0.00644004628594100, -0.00452125516756400 ) );
#2255 = CARTESIAN_POINT( '', ( -0.00295215754868300, 0.00632970920422800, -0.00467838472379400 ) );
#2256 = CARTESIAN_POINT( '', ( -0.00295215754868300, 0.00626039267518000, -0.00475816589727900 ) );
#2257 = CARTESIAN_POINT( '', ( -0.00295215754868300, 0.00625419689359600, -0.00476516578306300 ) );
#2258 = CARTESIAN_POINT( '', ( -0.00270042484995400, 0.00678978447445200, -0.00399018897948000 ) );
#2259 = CARTESIAN_POINT( '', ( -0.00270042484995400, 0.00678306996652100, -0.00402311490486400 ) );
#2260 = CARTESIAN_POINT( '', ( -0.00270042484995400, 0.00675645442952300, -0.00413944137762900 ) );
#2261 = CARTESIAN_POINT( '', ( -0.00270042484995400, 0.00669156898056800, -0.00434105487357400 ) );
#2262 = CARTESIAN_POINT( '', ( -0.00270042484995400, 0.00656840500362200, -0.00459652301317000 ) );
#2263 = CARTESIAN_POINT( '', ( -0.00270042484995400, 0.00644792101819300, -0.00476820806385900 ) );
#2264 = CARTESIAN_POINT( '', ( -0.00270042484995400, 0.00637193221649001, -0.00485566890081000 ) );
#2265 = CARTESIAN_POINT( '', ( -0.00270042484995400, 0.00636513790663599, -0.00486334498839000 ) );
#2266 = CARTESIAN_POINT( '', ( -0.00245876138454700, 0.00662903384160800, -0.00395740821263500 ) );
#2267 = CARTESIAN_POINT( '', ( -0.00245876138454700, 0.00662283949951400, -0.00398778360180300 ) );
#2268 = CARTESIAN_POINT( '', ( -0.00245876138454700, 0.00659830890182100, -0.00409498740004900 ) );
#2269 = CARTESIAN_POINT( '', ( -0.00245876138454700, 0.00653870548356800, -0.00428007191925500 ) );
#2270 = CARTESIAN_POINT( '', ( -0.00245876138454700, 0.00642625863898101, -0.00451317027468400 ) );
#2271 = CARTESIAN_POINT( '', ( -0.00245876138454700, 0.00631701148655900, -0.00466873635301000 ) );
#2272 = CARTESIAN_POINT( '', ( -0.00245876138454700, 0.00624841165943400, -0.00474769261572400 ) );
#2273 = CARTESIAN_POINT( '', ( -0.00245876138454700, 0.00624228016874200, -0.00475461986731700 ) );
#2274 = CARTESIAN_POINT( '', ( -0.00250354748240800, 0.00634621786225800, -0.00389973550233300 ) );
#2275 = CARTESIAN_POINT( '', ( -0.00250354748240800, 0.00634093867183900, -0.00392562361586800 ) );
#2276 = CARTESIAN_POINT( '', ( -0.00250354748240800, 0.00632007620372500, -0.00401677747339000 ) );
#2277 = CARTESIAN_POINT( '', ( -0.00250354748240800, 0.00626976570494300, -0.00417278180385000 ) );
#2278 = CARTESIAN_POINT( '', ( -0.00250354748240800, 0.00617617400406900, -0.00436652396947600 ) );
#2279 = CARTESIAN_POINT( '', ( -0.00250354748240800, 0.00608669632860200, -0.00449373119860800 ) );
#2280 = CARTESIAN_POINT( '', ( -0.00250354748240800, 0.00603109626418300, -0.00455772497284300 ) );
#2281 = CARTESIAN_POINT( '', ( -0.00250354748240800, 0.00602613090171700, -0.00456333476285600 ) );
#2287 = SURFACE_SIDE_STYLE( '', ( #3995 ) );
#2288 = EDGE_LOOP( '', ( #3996, #3997, #3998, #3999 ) );
#2289 = AXIS2_PLACEMENT_3D( '', #4000, #4001, #4002 );
#2290 = SURFACE_SIDE_STYLE( '', ( #4003 ) );
#2291 = EDGE_LOOP( '', ( #4004, #4005, #4006, #4007 ) );
#2292 = AXIS2_PLACEMENT_3D( '', #4008, #4009, #4010 );
#2293 = SURFACE_SIDE_STYLE( '', ( #4011 ) );
#2294 = EDGE_LOOP( '', ( #4012, #4013, #4014, #4015 ) );
#2295 = AXIS2_PLACEMENT_3D( '', #4016, #4017, #4018 );
#2296 = SURFACE_SIDE_STYLE( '', ( #4019 ) );
#2297 = EDGE_LOOP( '', ( #4020, #4021, #4022, #4023, #4024, #4025 ) );
#2298 = AXIS2_PLACEMENT_3D( '', #4026, #4027, #4028 );
#2299 = SURFACE_SIDE_STYLE( '', ( #4029 ) );
#2300 = EDGE_LOOP( '', ( #4030, #4031, #4032, #4033 ) );
#2301 = AXIS2_PLACEMENT_3D( '', #4034, #4035, #4036 );
#2302 = SURFACE_SIDE_STYLE( '', ( #4037 ) );
#2303 = EDGE_LOOP( '', ( #4038, #4039, #4040, #4041, #4042 ) );
#2304 = AXIS2_PLACEMENT_3D( '', #4043, #4044, #4045 );
#2305 = SURFACE_SIDE_STYLE( '', ( #4046 ) );
#2306 = EDGE_LOOP( '', ( #4047, #4048, #4049, #4050 ) );
#2307 = AXIS2_PLACEMENT_3D( '', #4051, #4052, #4053 );
#2308 = SURFACE_SIDE_STYLE( '', ( #4054 ) );
#2309 = EDGE_LOOP( '', ( #4055, #4056, #4057, #4058 ) );
#2310 = AXIS2_PLACEMENT_3D( '', #4059, #4060, #4061 );
#2311 = SURFACE_SIDE_STYLE( '', ( #4062 ) );
#2312 = EDGE_LOOP( '', ( #4063, #4064, #4065, #4066, #4067, #4068, #4069, #4070, #4071 ) );
#2313 = AXIS2_PLACEMENT_3D( '', #4072, #4073, #4074 );
#2314 = SURFACE_SIDE_STYLE( '', ( #4075 ) );
#2315 = EDGE_LOOP( '', ( #4076, #4077, #4078, #4079, #4080, #4081, #4082, #4083, #4084 ) );
#2316 = AXIS2_PLACEMENT_3D( '', #4085, #4086, #4087 );
#2317 = SURFACE_SIDE_STYLE( '', ( #4088 ) );
#2318 = EDGE_LOOP( '', ( #4089, #4090, #4091, #4092, #4093, #4094 ) );
#2319 = AXIS2_PLACEMENT_3D( '', #4095, #4096, #4097 );
#2320 = SURFACE_SIDE_STYLE( '', ( #4098 ) );
#2321 = EDGE_LOOP( '', ( #4099, #4100, #4101, #4102 ) );
#2324 = CARTESIAN_POINT( '', ( -0.00396058782008800, 0.00664462603054500, 0.00295215754868300 ) );
#2325 = CARTESIAN_POINT( '', ( -0.00399121060139200, 0.00663838123437900, 0.00295215754868300 ) );
#2326 = CARTESIAN_POINT( '', ( -0.00409929926374200, 0.00661364840564600, 0.00295215754868300 ) );
#2327 = CARTESIAN_POINT( '', ( -0.00428598702969000, 0.00655353265086800, 0.00295215754868300 ) );
#2328 = CARTESIAN_POINT( '', ( -0.00452125516756400, 0.00644004628594100, 0.00295215754868300 ) );
#2329 = CARTESIAN_POINT( '', ( -0.00467838472384000, 0.00632970920419600, 0.00295215754868300 ) );
#2330 = CARTESIAN_POINT( '', ( -0.00475816589736200, 0.00626039267510700, 0.00295215754868300 ) );
#2331 = CARTESIAN_POINT( '', ( -0.00476516578318700, 0.00625419689348600, 0.00295215754868300 ) );
#2332 = CARTESIAN_POINT( '', ( -0.00399018897948000, 0.00678978447445200, 0.00270042484995400 ) );
#2333 = CARTESIAN_POINT( '', ( -0.00402311490486300, 0.00678306996652100, 0.00270042484995400 ) );
#2334 = CARTESIAN_POINT( '', ( -0.00413944137762900, 0.00675645442952300, 0.00270042484995400 ) );
#2335 = CARTESIAN_POINT( '', ( -0.00434105487357400, 0.00669156898056800, 0.00270042484995400 ) );
#2336 = CARTESIAN_POINT( '', ( -0.00459652301317000, 0.00656840500362200, 0.00270042484995400 ) );
#2337 = CARTESIAN_POINT( '', ( -0.00476820806390800, 0.00644792101815800, 0.00270042484995400 ) );
#2338 = CARTESIAN_POINT( '', ( -0.00485566890090200, 0.00637193221641000, 0.00270042484995400 ) );
#2339 = CARTESIAN_POINT( '', ( -0.00486334498852600, 0.00636513790651600, 0.00270042484995400 ) );
#2340 = CARTESIAN_POINT( '', ( -0.00395740821263500, 0.00662903384160800, 0.00245876138454700 ) );
#2341 = CARTESIAN_POINT( '', ( -0.00398778360180300, 0.00662283949951400, 0.00245876138454700 ) );
#2342 = CARTESIAN_POINT( '', ( -0.00409498740004900, 0.00659830890182100, 0.00245876138454700 ) );
#2343 = CARTESIAN_POINT( '', ( -0.00428007191925500, 0.00653870548356800, 0.00245876138454700 ) );
#2344 = CARTESIAN_POINT( '', ( -0.00451317027468400, 0.00642625863898101, 0.00245876138454700 ) );
#2345 = CARTESIAN_POINT( '', ( -0.00466873635305500, 0.00631701148652800, 0.00245876138454700 ) );
#2346 = CARTESIAN_POINT( '', ( -0.00474769261580700, 0.00624841165936200, 0.00245876138454700 ) );
#2347 = CARTESIAN_POINT( '', ( -0.00475461986744000, 0.00624228016863400, 0.00245876138454700 ) );
#2348 = CARTESIAN_POINT( '', ( -0.00389973550233300, 0.00634621786225800, 0.00250354748240800 ) );
#2349 = CARTESIAN_POINT( '', ( -0.00392562361586800, 0.00634093867183900, 0.00250354748240800 ) );
#2350 = CARTESIAN_POINT( '', ( -0.00401677747338900, 0.00632007620372500, 0.00250354748240800 ) );
#2351 = CARTESIAN_POINT( '', ( -0.00417278180385000, 0.00626976570494300, 0.00250354748240800 ) );
#2352 = CARTESIAN_POINT( '', ( -0.00436652396947600, 0.00617617400406900, 0.00250354748240800 ) );
#2353 = CARTESIAN_POINT( '', ( -0.00449373119864400, 0.00608669632857700, 0.00250354748240800 ) );
#2354 = CARTESIAN_POINT( '', ( -0.00455772497291000, 0.00603109626412500, 0.00250354748240800 ) );
#2355 = CARTESIAN_POINT( '', ( -0.00456333476295500, 0.00602613090162900, 0.00250354748240800 ) );
#2361 = SURFACE_SIDE_STYLE( '', ( #4103 ) );
#2362 = EDGE_LOOP( '', ( #4104, #4105, #4106, #4107 ) );
#2363 = AXIS2_PLACEMENT_3D( '', #4108, #4109, #4110 );
#2364 = SURFACE_SIDE_STYLE( '', ( #4111 ) );
#2365 = EDGE_LOOP( '', ( #4112, #4113, #4114, #4115, #4116, #4117, #4118, #4119 ) );
#2366 = EDGE_LOOP( '', ( #4120 ) );
#2367 = EDGE_LOOP( '', ( #4121 ) );
#2368 = EDGE_LOOP( '', ( #4122 ) );
#2369 = EDGE_LOOP( '', ( #4123 ) );
#2370 = EDGE_LOOP( '', ( #4124 ) );
#2371 = EDGE_LOOP( '', ( #4125 ) );
#2372 = EDGE_LOOP( '', ( #4126 ) );
#2373 = EDGE_LOOP( '', ( #4127 ) );
#2374 = EDGE_LOOP( '', ( #4128 ) );
#2375 = EDGE_LOOP( '', ( #4129 ) );
#2376 = EDGE_LOOP( '', ( #4130, #4131, #4132, #4133, #4134, #4135, #4136, #4137 ) );
#2377 = EDGE_LOOP( '', ( #4138, #4139, #4140, #4141, #4142, #4143, #4144, #4145 ) );
#2378 = EDGE_LOOP( '', ( #4146, #4147, #4148, #4149, #4150, #4151, #4152, #4153 ) );
#2379 = EDGE_LOOP( '', ( #4154, #4155, #4156, #4157, #4158, #4159, #4160, #4161 ) );
#2380 = EDGE_LOOP( '', ( #4162, #4163, #4164, #4165, #4166, #4167, #4168, #4169 ) );
#2381 = EDGE_LOOP( '', ( #4170, #4171, #4172, #4173, #4174, #4175, #4176, #4177 ) );
#2382 = EDGE_LOOP( '', ( #4178, #4179, #4180, #4181, #4182, #4183, #4184, #4185 ) );
#2383 = EDGE_LOOP( '', ( #4186, #4187, #4188, #4189, #4190, #4191, #4192, #4193 ) );
#2384 = EDGE_LOOP( '', ( #4194, #4195, #4196, #4197, #4198, #4199, #4200, #4201 ) );
#2385 = EDGE_LOOP( '', ( #4202, #4203, #4204, #4205, #4206, #4207, #4208, #4209 ) );
#2386 = AXIS2_PLACEMENT_3D( '', #4210, #4211, #4212 );
#2387 = SURFACE_SIDE_STYLE( '', ( #4213 ) );
#2388 = EDGE_LOOP( '', ( #4214, #4215, #4216, #4217 ) );
#2389 = AXIS2_PLACEMENT_3D( '', #4218, #4219, #4220 );
#2390 = SURFACE_SIDE_STYLE( '', ( #4221 ) );
#2391 = EDGE_LOOP( '', ( #4222, #4223, #4224, #4225 ) );
#2392 = AXIS2_PLACEMENT_3D( '', #4226, #4227, #4228 );
#2393 = SURFACE_SIDE_STYLE( '', ( #4229 ) );
#2394 = EDGE_LOOP( '', ( #4230, #4231, #4232, #4233 ) );
#2395 = AXIS2_PLACEMENT_3D( '', #4234, #4235, #4236 );
#2396 = SURFACE_SIDE_STYLE( '', ( #4237 ) );
#2397 = EDGE_LOOP( '', ( #4238, #4239, #4240, #4241 ) );
#2398 = AXIS2_PLACEMENT_3D( '', #4242, #4243, #4244 );
#2399 = SURFACE_SIDE_STYLE( '', ( #4245 ) );
#2400 = EDGE_LOOP( '', ( #4246, #4247, #4248, #4249 ) );
#2401 = AXIS2_PLACEMENT_3D( '', #4250, #4251, #4252 );
#2402 = SURFACE_SIDE_STYLE( '', ( #4253 ) );
#2403 = EDGE_LOOP( '', ( #4254 ) );
#2404 = EDGE_LOOP( '', ( #4255 ) );
#2405 = AXIS2_PLACEMENT_3D( '', #4256, #4257, #4258 );
#2406 = SURFACE_SIDE_STYLE( '', ( #4259 ) );
#2407 = EDGE_LOOP( '', ( #4260 ) );
#2408 = EDGE_LOOP( '', ( #4261 ) );
#2409 = AXIS2_PLACEMENT_3D( '', #4262, #4263, #4264 );
#2410 = SURFACE_SIDE_STYLE( '', ( #4265 ) );
#2411 = EDGE_LOOP( '', ( #4266, #4267, #4268, #4269 ) );
#2412 = AXIS2_PLACEMENT_3D( '', #4270, #4271, #4272 );
#2413 = SURFACE_SIDE_STYLE( '', ( #4273 ) );
#2414 = EDGE_LOOP( '', ( #4274, #4275, #4276, #4277 ) );
#2415 = AXIS2_PLACEMENT_3D( '', #4278, #4279, #4280 );
#2416 = SURFACE_SIDE_STYLE( '', ( #4281 ) );
#2417 = EDGE_LOOP( '', ( #4282, #4283, #4284, #4285 ) );
#2420 = CARTESIAN_POINT( '', ( -0.00476519028817000, 0.00625417566581100, -0.00295215754868300 ) );
#2421 = CARTESIAN_POINT( '', ( -0.00475818197626500, 0.00626037877978200, -0.00295215754868300 ) );
#2422 = CARTESIAN_POINT( '', ( -0.00469086018312500, 0.00631887008489800, -0.00295215754868300 ) );
#2423 = CARTESIAN_POINT( '', ( -0.00455101178978700, 0.00642049585963600, -0.00295215754868300 ) );
#2424 = CARTESIAN_POINT( '', ( -0.00432520118484700, 0.00653813362943700, -0.00295215754868300 ) );
#2425 = CARTESIAN_POINT( '', ( -0.00412402284257800, 0.00660746107226500, -0.00295215754868300 ) );
#2426 = CARTESIAN_POINT( '', ( -0.00399802614453400, 0.00663699178388500, -0.00295215754868300 ) );
#2427 = CARTESIAN_POINT( '', ( -0.00396057383725400, 0.00664462877794200, -0.00295215754868300 ) );
#2428 = CARTESIAN_POINT( '', ( -0.00486337180301400, 0.00636511469461600, -0.00270042484995500 ) );
#2429 = CARTESIAN_POINT( '', ( -0.00485568651218900, 0.00637191701796300, -0.00270042484995500 ) );
#2430 = CARTESIAN_POINT( '', ( -0.00478188452324000, 0.00643603839778800, -0.00270042484995500 ) );
#2431 = CARTESIAN_POINT( '', ( -0.00462900459298200, 0.00654708716384800, -0.00270042484995500 ) );
#2432 = CARTESIAN_POINT( '', ( -0.00438351348386900, 0.00667491377519000, -0.00270042484995500 ) );
#2433 = CARTESIAN_POINT( '', ( -0.00416607046847100, 0.00674979209418301, -0.00270042484995500 ) );
#2434 = CARTESIAN_POINT( '', ( -0.00403044318433800, 0.00678157618638100, -0.00270042484995500 ) );
#2435 = CARTESIAN_POINT( '', ( -0.00399017413717000, 0.00678978763031900, -0.00270042484995500 ) );
#2436 = CARTESIAN_POINT( '', ( -0.00475464412434800, 0.00624225915409401, -0.00245876138454700 ) );
#2437 = CARTESIAN_POINT( '', ( -0.00474770853010900, 0.00624839790401200, -0.00245876138454700 ) );
#2438 = CARTESIAN_POINT( '', ( -0.00468108280696500, 0.00630628445486000, -0.00245876138454700 ) );
#2439 = CARTESIAN_POINT( '', ( -0.00454263419568800, 0.00640689805932900, -0.00245876138454700 ) );
#2440 = CARTESIAN_POINT( '', ( -0.00431893757138300, 0.00652344139509001, -0.00245876138454700 ) );
#2441 = CARTESIAN_POINT( '', ( -0.00411950629838200, 0.00659217259075700, -0.00245876138454700 ) );
#2442 = CARTESIAN_POINT( '', ( -0.00399454406939100, 0.00662146125558601, -0.00245876138454700 ) );
#2443 = CARTESIAN_POINT( '', ( -0.00395739432212200, 0.00662903654512900, -0.00245876138454700 ) );
#2444 = CARTESIAN_POINT( '', ( -0.00456335452019400, 0.00602611375300800, -0.00250354748240800 ) );
#2445 = CARTESIAN_POINT( '', ( -0.00455773790162700, 0.00603108504768100, -0.00250354748240800 ) );
#2446 = CARTESIAN_POINT( '', ( -0.00450373771286400, 0.00607800237724300, -0.00250354748240800 ) );
#2447 = CARTESIAN_POINT( '', ( -0.00439067878459500, 0.00616025692214000, -0.00250354748240800 ) );
#2448 = CARTESIAN_POINT( '', ( -0.00420532619947700, 0.00625694907238800, -0.00250354748240800 ) );
#2449 = CARTESIAN_POINT( '', ( -0.00403758381302000, 0.00631486535135600, -0.00250354748240800 ) );
#2450 = CARTESIAN_POINT( '', ( -0.00393138510589500, 0.00633976369607900, -0.00250354748240800 ) );
#2451 = CARTESIAN_POINT( '', ( -0.00389972328636100, 0.00634621976994800, -0.00250354748240800 ) );
#2457 = SURFACE_SIDE_STYLE( '', ( #4286 ) );
#2458 = EDGE_LOOP( '', ( #4287, #4288, #4289, #4290 ) );
#2459 = AXIS2_PLACEMENT_3D( '', #4291, #4292, #4293 );
#2460 = SURFACE_SIDE_STYLE( '', ( #4294 ) );
#2461 = EDGE_LOOP( '', ( #4295, #4296, #4297, #4298, #4299, #4300 ) );
#2462 = AXIS2_PLACEMENT_3D( '', #4301, #4302, #4303 );
#2463 = SURFACE_SIDE_STYLE( '', ( #4304 ) );
#2464 = EDGE_LOOP( '', ( #4305, #4306, #4307, #4308 ) );
#2465 = AXIS2_PLACEMENT_3D( '', #4309, #4310, #4311 );
#2466 = SURFACE_SIDE_STYLE( '', ( #4312 ) );
#2467 = EDGE_LOOP( '', ( #4313, #4314, #4315, #4316 ) );
#2468 = AXIS2_PLACEMENT_3D( '', #4317, #4318, #4319 );
#2469 = SURFACE_SIDE_STYLE( '', ( #4320 ) );
#2470 = EDGE_LOOP( '', ( #4321, #4322, #4323, #4324, #4325, #4326 ) );
#2471 = AXIS2_PLACEMENT_3D( '', #4327, #4328, #4329 );
#2472 = SURFACE_SIDE_STYLE( '', ( #4330 ) );
#2473 = EDGE_LOOP( '', ( #4331, #4332, #4333, #4334 ) );
#2474 = AXIS2_PLACEMENT_3D( '', #4335, #4336, #4337 );
#2475 = SURFACE_SIDE_STYLE( '', ( #4338 ) );
#2476 = EDGE_LOOP( '', ( #4339, #4340, #4341, #4342 ) );
#2477 = AXIS2_PLACEMENT_3D( '', #4343, #4344, #4345 );
#2478 = SURFACE_SIDE_STYLE( '', ( #4346 ) );
#2479 = EDGE_LOOP( '', ( #4347, #4348, #4349, #4350 ) );
#2480 = AXIS2_PLACEMENT_3D( '', #4351, #4352, #4353 );
#2481 = SURFACE_SIDE_STYLE( '', ( #4354 ) );
#2482 = EDGE_LOOP( '', ( #4355, #4356, #4357, #4358 ) );
#2483 = AXIS2_PLACEMENT_3D( '', #4359, #4360, #4361 );
#2484 = SURFACE_SIDE_STYLE( '', ( #4362 ) );
#2485 = EDGE_LOOP( '', ( #4363, #4364, #4365, #4366, #4367, #4368 ) );
#2486 = AXIS2_PLACEMENT_3D( '', #4369, #4370, #4371 );
#2487 = SURFACE_SIDE_STYLE( '', ( #4372 ) );
#2488 = EDGE_LOOP( '', ( #4373, #4374, #4375, #4376, #4377 ) );
#2491 = CARTESIAN_POINT( '', ( 0.00720701965132000, 0.00406209504428300, 0.00295215754867700 ) );
#2492 = CARTESIAN_POINT( '', ( 0.00713405137603400, 0.00412988555776100, 0.00295215754867700 ) );
#2493 = CARTESIAN_POINT( '', ( 0.00690913820883100, 0.00433839437793400, 0.00295215754867700 ) );
#2494 = CARTESIAN_POINT( '', ( 0.00653667071990500, 0.00468124415256300, 0.00295215754867700 ) );
#2495 = CARTESIAN_POINT( '', ( 0.00610408610417000, 0.00507490526751400, 0.00295215754867700 ) );
#2496 = CARTESIAN_POINT( '', ( 0.00570585156004800, 0.00543265418142200, 0.00295215754867700 ) );
#2497 = CARTESIAN_POINT( '', ( 0.00535055365690600, 0.00574744130213600, 0.00295215754867700 ) );
#2498 = CARTESIAN_POINT( '', ( 0.00503512854601800, 0.00602285805715300, 0.00295215754867700 ) );
#2499 = CARTESIAN_POINT( '', ( 0.00482875100620800, 0.00620035388365700, 0.00295215754867700 ) );
#2500 = CARTESIAN_POINT( '', ( 0.00472732538709600, 0.00628680582049500, 0.00295215754867700 ) );
#2501 = CARTESIAN_POINT( '', ( 0.00471898184475900, 0.00629391227154200, 0.00295215754867700 ) );
#2502 = CARTESIAN_POINT( '', ( 0.00730785289085800, 0.00417062973310300, 0.00270042478713800 ) );
#2503 = CARTESIAN_POINT( '', ( 0.00723480787325800, 0.00423849154307500, 0.00270042478713800 ) );
#2504 = CARTESIAN_POINT( '', ( 0.00700964794312400, 0.00444722914367100, 0.00270042478713800 ) );
#2505 = CARTESIAN_POINT( '', ( 0.00663671385736401, 0.00479050862602100, 0.00270042478713800 ) );
#2506 = CARTESIAN_POINT( '', ( 0.00620347246976100, 0.00518476777805500, 0.00270042478713800 ) );
#2507 = CARTESIAN_POINT( '', ( 0.00580450609147900, 0.00554317453600900, 0.00270042478713800 ) );
#2508 = CARTESIAN_POINT( '', ( 0.00544842630901500, 0.00585865481587100, 0.00270042478713800 ) );
#2509 = CARTESIAN_POINT( '', ( 0.00513217995344400, 0.00613478908057300, 0.00270042478713800 ) );
#2510 = CARTESIAN_POINT( '', ( 0.00492517447371400, 0.00631282527908000, 0.00270042478713800 ) );
#2511 = CARTESIAN_POINT( '', ( 0.00482341253749700, 0.00639956388584200, 0.00270042478713800 ) );
#2512 = CARTESIAN_POINT( '', ( 0.00481504113900800, 0.00640669406336000, 0.00270042478713800 ) );
#2513 = CARTESIAN_POINT( '', ( 0.00719618862422700, 0.00405043676413000, 0.00245876128971700 ) );
#2514 = CARTESIAN_POINT( '', ( 0.00712322859223500, 0.00411821961927800, 0.00245876128971700 ) );
#2515 = CARTESIAN_POINT( '', ( 0.00689834193113300, 0.00432670386494700, 0.00245876128971700 ) );
#2516 = CARTESIAN_POINT( '', ( 0.00652592456182000, 0.00466950748241500, 0.00245876128971700 ) );
#2517 = CARTESIAN_POINT( '', ( 0.00609341049339501, 0.00506310435906700, 0.00245876128971700 ) );
#2518 = CARTESIAN_POINT( '', ( 0.00569525455941901, 0.00542078261049601, 0.00245876128971700 ) );
#2519 = CARTESIAN_POINT( '', ( 0.00534004064203500, 0.00573549527535000, 0.00245876128971700 ) );
#2520 = CARTESIAN_POINT( '', ( 0.00502470374534600, 0.00601083495888800, 0.00245876128971700 ) );
#2521 = CARTESIAN_POINT( '', ( 0.00481839365585600, 0.00618827274120200, 0.00245876128971700 ) );
#2522 = CARTESIAN_POINT( '', ( 0.00471700416232800, 0.00627469388532000, 0.00245876128971700 ) );
#2523 = CARTESIAN_POINT( '', ( 0.00470866361216700, 0.00628179778778301, 0.00245876128971700 ) );
#2524 = CARTESIAN_POINT( '', ( 0.00699973260624700, 0.00383897581260300, 0.00250354749826700 ) );
#2525 = CARTESIAN_POINT( '', ( 0.00692692209329700, 0.00390661975894000, 0.00250354749826700 ) );
#2526 = CARTESIAN_POINT( '', ( 0.00670251620681900, 0.00411465826577200, 0.00250354749826700 ) );
#2527 = CARTESIAN_POINT( '', ( 0.00633100792022900, 0.00445662467253100, 0.00250354749826700 ) );
#2528 = CARTESIAN_POINT( '', ( 0.00589977345748400, 0.00484905637801300, 0.00250354749826700 ) );
#2529 = CARTESIAN_POINT( '', ( 0.00550304337499900, 0.00520545293481100, 0.00250354749826700 ) );
#2530 = CARTESIAN_POINT( '', ( 0.00514935281339200, 0.00551881509970400, 0.00250354749826700 ) );
#2531 = CARTESIAN_POINT( '', ( 0.00483561596903600, 0.00579275684049800, 0.00250354749826700 ) );
#2532 = CARTESIAN_POINT( '', ( 0.00463052931119300, 0.00596914180201300, 0.00250354749826700 ) );
#2533 = CARTESIAN_POINT( '', ( 0.00452979507300900, 0.00605500441967600, 0.00250354749826700 ) );
#2534 = CARTESIAN_POINT( '', ( 0.00452150879571300, 0.00606206209523900, 0.00250354749826700 ) );
#2540 = SURFACE_SIDE_STYLE( '', ( #4378 ) );
#2541 = EDGE_LOOP( '', ( #4379, #4380, #4381, #4382 ) );
#2542 = AXIS2_PLACEMENT_3D( '', #4383, #4384, #4385 );
#2543 = SURFACE_SIDE_STYLE( '', ( #4386 ) );
#2544 = EDGE_LOOP( '', ( #4387, #4388, #4389, #4390, #4391, #4392 ) );
#2545 = AXIS2_PLACEMENT_3D( '', #4393, #4394, #4395 );
#2546 = SURFACE_SIDE_STYLE( '', ( #4396 ) );
#2547 = EDGE_LOOP( '', ( #4397, #4398, #4399, #4400 ) );
#2548 = AXIS2_PLACEMENT_3D( '', #4401, #4402, #4403 );
#2549 = SURFACE_SIDE_STYLE( '', ( #4404 ) );
#2550 = EDGE_LOOP( '', ( #4405, #4406, #4407, #4408 ) );
#2551 = AXIS2_PLACEMENT_3D( '', #4409, #4410, #4411 );
#2552 = SURFACE_SIDE_STYLE( '', ( #4412 ) );
#2553 = EDGE_LOOP( '', ( #4413, #4414, #4415, #4416, #4417 ) );
#2554 = AXIS2_PLACEMENT_3D( '', #4418, #4419, #4420 );
#2555 = SURFACE_SIDE_STYLE( '', ( #4421 ) );
#2556 = EDGE_LOOP( '', ( #4422, #4423, #4424, #4425, #4426, #4427 ) );
#2557 = AXIS2_PLACEMENT_3D( '', #4428, #4429, #4430 );
#2558 = SURFACE_SIDE_STYLE( '', ( #4431 ) );
#2559 = EDGE_LOOP( '', ( #4432, #4433, #4434, #4435, #4436 ) );
#2560 = AXIS2_PLACEMENT_3D( '', #4437, #4438, #4439 );
#2561 = SURFACE_SIDE_STYLE( '', ( #4440 ) );
#2562 = EDGE_LOOP( '', ( #4441, #4442, #4443, #4444 ) );
#2563 = AXIS2_PLACEMENT_3D( '', #4445, #4446, #4447 );
#2564 = SURFACE_SIDE_STYLE( '', ( #4448 ) );
#2565 = EDGE_LOOP( '', ( #4449, #4450, #4451, #4452, #4453, #4454, #4455, #4456 ) );
#2566 = AXIS2_PLACEMENT_3D( '', #4457, #4458, #4459 );
#2567 = SURFACE_SIDE_STYLE( '', ( #4460 ) );
#2568 = EDGE_LOOP( '', ( #4461, #4462, #4463, #4464, #4465, #4466 ) );
#2569 = AXIS2_PLACEMENT_3D( '', #4467, #4468, #4469 );
#2570 = SURFACE_SIDE_STYLE( '', ( #4470 ) );
#2571 = EDGE_LOOP( '', ( #4471 ) );
#2572 = EDGE_LOOP( '', ( #4472 ) );
#2573 = AXIS2_PLACEMENT_3D( '', #4473, #4474, #4475 );
#2574 = SURFACE_SIDE_STYLE( '', ( #4476 ) );
#2575 = EDGE_LOOP( '', ( #4477, #4478, #4479, #4480 ) );
#2576 = AXIS2_PLACEMENT_3D( '', #4481, #4482, #4483 );
#2577 = SURFACE_SIDE_STYLE( '', ( #4484 ) );
#2578 = EDGE_LOOP( '', ( #4485, #4486, #4487, #4488, #4489, #4490 ) );
#2579 = AXIS2_PLACEMENT_3D( '', #4491, #4492, #4493 );
#2580 = SURFACE_SIDE_STYLE( '', ( #4494 ) );
#2581 = EDGE_LOOP( '', ( #4495, #4496, #4497, #4498 ) );
#2582 = AXIS2_PLACEMENT_3D( '', #4499, #4500, #4501 );
#2583 = SURFACE_SIDE_STYLE( '', ( #4502 ) );
#2584 = EDGE_LOOP( '', ( #4503, #4504, #4505, #4506 ) );
#2585 = AXIS2_PLACEMENT_3D( '', #4507, #4508, #4509 );
#2586 = SURFACE_SIDE_STYLE( '', ( #4510 ) );
#2587 = EDGE_LOOP( '', ( #4511, #4512, #4513, #4514 ) );
#2588 = AXIS2_PLACEMENT_3D( '', #4515, #4516, #4517 );
#2589 = SURFACE_SIDE_STYLE( '', ( #4518 ) );
#2590 = EDGE_LOOP( '', ( #4519, #4520, #4521, #4522, #4523, #4524, #4525, #4526, #4527 ) );
#2591 = AXIS2_PLACEMENT_3D( '', #4528, #4529, #4530 );
#2592 = SURFACE_SIDE_STYLE( '', ( #4531 ) );
#2593 = EDGE_LOOP( '', ( #4532, #4533, #4534, #4535 ) );
#2594 = AXIS2_PLACEMENT_3D( '', #4536, #4537, #4538 );
#2595 = SURFACE_SIDE_STYLE( '', ( #4539 ) );
#2596 = EDGE_LOOP( '', ( #4540, #4541, #4542, #4543, #4544, #4545 ) );
#2597 = AXIS2_PLACEMENT_3D( '', #4546, #4547, #4548 );
#2598 = SURFACE_SIDE_STYLE( '', ( #4549 ) );
#2599 = EDGE_LOOP( '', ( #4550 ) );
#2600 = EDGE_LOOP( '', ( #4551 ) );
#2601 = AXIS2_PLACEMENT_3D( '', #4552, #4553, #4554 );
#2602 = SURFACE_SIDE_STYLE( '', ( #4555 ) );
#2603 = EDGE_LOOP( '', ( #4556, #4557, #4558, #4559 ) );
#2604 = AXIS2_PLACEMENT_3D( '', #4560, #4561, #4562 );
#2605 = SURFACE_SIDE_STYLE( '', ( #4563 ) );
#2606 = EDGE_LOOP( '', ( #4564, #4565, #4566, #4567 ) );
#2609 = CARTESIAN_POINT( '', ( -0.00747379982565500, 0.00381362297964300, -0.00295215754867700 ) );
#2610 = CARTESIAN_POINT( '', ( -0.00738884896834001, 0.00389293584060500, -0.00295215754867700 ) );
#2611 = CARTESIAN_POINT( '', ( -0.00715834630466100, 0.00410765898336000, -0.00295215754867700 ) );
#2612 = CARTESIAN_POINT( '', ( -0.00678166034255300, 0.00445622356545800, -0.00295215754867700 ) );
#2613 = CARTESIAN_POINT( '', ( -0.00634508353174200, 0.00485617127936200, -0.00295215754867700 ) );
#2614 = CARTESIAN_POINT( '', ( -0.00591207310633200, 0.00524811987786800, -0.00295215754867700 ) );
#2615 = CARTESIAN_POINT( '', ( -0.00549292366874200, 0.00562212191534100, -0.00295215754867700 ) );
#2616 = CARTESIAN_POINT( '', ( -0.00510473792709100, 0.00596274689896800, -0.00295215754867700 ) );
#2617 = CARTESIAN_POINT( '', ( -0.00484875578532300, 0.00618331088740400, -0.00295215754867700 ) );
#2618 = CARTESIAN_POINT( '', ( -0.00472548605353200, 0.00628837354791400, -0.00295215754867700 ) );
#2619 = CARTESIAN_POINT( '', ( -0.00471622185952900, 0.00629626285704100, -0.00295215754867700 ) );
#2620 = CARTESIAN_POINT( '', ( -0.00757489955922300, 0.00392190951484500, -0.00270042473470100 ) );
#2621 = CARTESIAN_POINT( '', ( -0.00748986814060400, 0.00400129759071400, -0.00270042473470100 ) );
#2622 = CARTESIAN_POINT( '', ( -0.00725913624009900, 0.00421623429711800, -0.00270042473470100 ) );
#2623 = CARTESIAN_POINT( '', ( -0.00688202231510400, 0.00456519505185200, -0.00270042473470100 ) );
#2624 = CARTESIAN_POINT( '', ( -0.00644485099154800, 0.00496568767621500, -0.00270042473470100 ) );
#2625 = CARTESIAN_POINT( '', ( -0.00601112701113700, 0.00535828257479200, -0.00270042473470100 ) );
#2626 = CARTESIAN_POINT( '', ( -0.00559113453240100, 0.00573303744703300, -0.00270042473470100 ) );
#2627 = CARTESIAN_POINT( '', ( -0.00520199256588501, 0.00607450225170500, -0.00270042473470100 ) );
#2628 = CARTESIAN_POINT( '', ( -0.00494524590450700, 0.00629572553672901, -0.00270042473470100 ) );
#2629 = CARTESIAN_POINT( '', ( -0.00482156712286700, 0.00640113683710300, -0.00270042473470100 ) );
#2630 = CARTESIAN_POINT( '', ( -0.00481227195333300, 0.00640905252564500, -0.00270042473470100 ) );
#2631 = CARTESIAN_POINT( '', ( -0.00746294014930700, 0.00380199132955100, -0.00245876121055200 ) );
#2632 = CARTESIAN_POINT( '', ( -0.00737799794552300, 0.00388129611126900, -0.00245876121055200 ) );
#2633 = CARTESIAN_POINT( '', ( -0.00714751990542700, 0.00409599631398100, -0.00245876121055200 ) );
#2634 = CARTESIAN_POINT( '', ( -0.00677087991315700, 0.00444451834100500, -0.00245876121055200 ) );
#2635 = CARTESIAN_POINT( '', ( -0.00633436696221800, 0.00484440752309200, -0.00245876121055200 ) );
#2636 = CARTESIAN_POINT( '', ( -0.00590143318366100, 0.00523628669896600, -0.00245876121055200 ) );
#2637 = CARTESIAN_POINT( '', ( -0.00548237430173900, 0.00561020787033100, -0.00245876121055200 ) );
#2638 = CARTESIAN_POINT( '', ( -0.00509429127344100, 0.00595074264417800, -0.00245876121055200 ) );
#2639 = CARTESIAN_POINT( '', ( -0.00483839125291300, 0.00617123581395500, -0.00245876121055200 ) );
#2640 = CARTESIAN_POINT( '', ( -0.00471516545940800, 0.00627626102514700, -0.00245876121055200 ) );
#2641 = CARTESIAN_POINT( '', ( -0.00470590459265600, 0.00628414750071601, -0.00245876121055200 ) );
#2642 = CARTESIAN_POINT( '', ( -0.00726596492288701, 0.00359101387158000, -0.00250354751150700 ) );
#2643 = CARTESIAN_POINT( '', ( -0.00718117967877500, 0.00367017211015000, -0.00250354751150700 ) );
#2644 = CARTESIAN_POINT( '', ( -0.00695114826671800, 0.00388445622127800, -0.00250354751150700 ) );
#2645 = CARTESIAN_POINT( '', ( -0.00657534208561300, 0.00423220637490700, -0.00250354751150700 ) );
#2646 = CARTESIAN_POINT( '', ( -0.00613998743923500, 0.00463103389385100, -0.00250354751150700 ) );
#2647 = CARTESIAN_POINT( '', ( -0.00570844389834600, 0.00502165386657600, -0.00250354751150700 ) );
#2648 = CARTESIAN_POINT( '', ( -0.00529102753530000, 0.00539410827048500, -0.00250354751150700 ) );
#2649 = CARTESIAN_POINT( '', ( -0.00490480754464600, 0.00573300679926400, -0.00250354751150700 ) );
#2650 = CARTESIAN_POINT( '', ( -0.00465039705745000, 0.00595221544444100, -0.00250354751150700 ) );
#2651 = CARTESIAN_POINT( '', ( -0.00452796822634900, 0.00605656139156800, -0.00250354751150700 ) );
#2652 = CARTESIAN_POINT( '', ( -0.00451876771002600, 0.00606439647143900, -0.00250354751150700 ) );
#2658 = SURFACE_SIDE_STYLE( '', ( #4568 ) );
#2659 = EDGE_LOOP( '', ( #4569 ) );
#2660 = EDGE_LOOP( '', ( #4570 ) );
#2661 = AXIS2_PLACEMENT_3D( '', #4571, #4572, #4573 );
#2662 = SURFACE_SIDE_STYLE( '', ( #4574 ) );
#2663 = EDGE_LOOP( '', ( #4575, #4576, #4577, #4578 ) );
#2664 = AXIS2_PLACEMENT_3D( '', #4579, #4580, #4581 );
#2665 = SURFACE_SIDE_STYLE( '', ( #4582 ) );
#2666 = EDGE_LOOP( '', ( #4583, #4584, #4585, #4586 ) );
#2667 = AXIS2_PLACEMENT_3D( '', #4587, #4588, #4589 );
#2668 = SURFACE_SIDE_STYLE( '', ( #4590 ) );
#2669 = EDGE_LOOP( '', ( #4591, #4592, #4593, #4594, #4595, #4596, #4597, #4598, #4599, #4600, #4601, #4602, #4603, #4604, #4605, #4606 ) );
#2670 = EDGE_LOOP( '', ( #4607 ) );
#2671 = EDGE_LOOP( '', ( #4608 ) );
#2672 = EDGE_LOOP( '', ( #4609 ) );
#2673 = EDGE_LOOP( '', ( #4610 ) );
#2674 = EDGE_LOOP( '', ( #4611 ) );
#2675 = AXIS2_PLACEMENT_3D( '', #4612, #4613, #4614 );
#2676 = SURFACE_SIDE_STYLE( '', ( #4615 ) );
#2677 = EDGE_LOOP( '', ( #4616, #4617, #4618, #4619, #4620 ) );
#2680 = CARTESIAN_POINT( '', ( 0.00295215754867700, 0.00235567908832200, -0.00901772359539400 ) );
#2681 = CARTESIAN_POINT( '', ( 0.00295215754867700, 0.00247149945819100, -0.00889623142955900 ) );
#2682 = CARTESIAN_POINT( '', ( 0.00295215754867700, 0.00270984443085200, -0.00864574489333201 ) );
#2683 = CARTESIAN_POINT( '', ( 0.00295215754867700, 0.00306630652452300, -0.00826948943598400 ) );
#2684 = CARTESIAN_POINT( '', ( 0.00295215754867700, 0.00342521729422200, -0.00788873525805000 ) );
#2685 = CARTESIAN_POINT( '', ( 0.00295215754867700, 0.00378117155371200, -0.00750896623545300 ) );
#2686 = CARTESIAN_POINT( '', ( 0.00295215754867700, 0.00413730763592400, -0.00712649098000800 ) );
#2687 = CARTESIAN_POINT( '', ( 0.00295215754867700, 0.00449050826289800, -0.00674423824308100 ) );
#2688 = CARTESIAN_POINT( '', ( 0.00295215754867700, 0.00483959745184400, -0.00636306232262300 ) );
#2689 = CARTESIAN_POINT( '', ( 0.00295215754867700, 0.00519216883062900, -0.00597407561600300 ) );
#2690 = CARTESIAN_POINT( '', ( 0.00295215754867700, 0.00555304127221000, -0.00557082899769800 ) );
#2691 = CARTESIAN_POINT( '', ( 0.00295215754867700, 0.00591612639479200, -0.00515851731983800 ) );
#2692 = CARTESIAN_POINT( '', ( 0.00295215754867700, 0.00616836767872600, -0.00486635749027100 ) );
#2693 = CARTESIAN_POINT( '', ( 0.00295215754867700, 0.00629750654687200, -0.00471476784789400 ) );
#2694 = CARTESIAN_POINT( '', ( 0.00295215754867700, 0.00630995435369500, -0.00470013672064800 ) );
#2695 = CARTESIAN_POINT( '', ( 0.00270042480198700, 0.00246290690979700, -0.00911994547223400 ) );
#2696 = CARTESIAN_POINT( '', ( 0.00270042480198700, 0.00257879120369400, -0.00899838625225500 ) );
#2697 = CARTESIAN_POINT( '', ( 0.00270042480198700, 0.00281727545531400, -0.00874775335883700 ) );
#2698 = CARTESIAN_POINT( '', ( 0.00270042480198700, 0.00317397370977700, -0.00837124866682900 ) );
#2699 = CARTESIAN_POINT( '', ( 0.00270042480198700, 0.00353315616582500, -0.00799020631871000 ) );
#2700 = CARTESIAN_POINT( '', ( 0.00270042480198700, 0.00388941947260000, -0.00761010764245400 ) );
#2701 = CARTESIAN_POINT( '', ( 0.00270042480198700, 0.00424591286719100, -0.00722724875013100 ) );
#2702 = CARTESIAN_POINT( '', ( 0.00270042480198700, 0.00459952632358700, -0.00684454937142700 ) );
#2703 = CARTESIAN_POINT( '', ( 0.00270042480198700, 0.00494909372012200, -0.00646285148806100 ) );
#2704 = CARTESIAN_POINT( '', ( 0.00270042480198700, 0.00530223505472800, -0.00607323625643000 ) );
#2705 = CARTESIAN_POINT( '', ( 0.00270042480198700, 0.00566380636190800, -0.00566920924587800 ) );
#2706 = CARTESIAN_POINT( '', ( 0.00270042480198700, 0.00602775080089500, -0.00525592266002700 ) );
#2707 = CARTESIAN_POINT( '', ( 0.00270042480198700, 0.00628073092996700, -0.00496290806728700 ) );
#2708 = CARTESIAN_POINT( '', ( 0.00270042480198700, 0.00641030017675000, -0.00481081325121400 ) );
#2709 = CARTESIAN_POINT( '', ( 0.00270042480198700, 0.00642278996857400, -0.00479613277925000 ) );
#2710 = CARTESIAN_POINT( '', ( 0.00245876131213600, 0.00234416119277400, -0.00900674341428100 ) );
#2711 = CARTESIAN_POINT( '', ( 0.00245876131213600, 0.00245997469623200, -0.00888525845107901 ) );
#2712 = CARTESIAN_POINT( '', ( 0.00245876131213600, 0.00269830470821900, -0.00863478763583500 ) );
#2713 = CARTESIAN_POINT( '', ( 0.00245876131213600, 0.00305474143463600, -0.00825855895007200 ) );
#2714 = CARTESIAN_POINT( '', ( 0.00245876131213600, 0.00341362302109800, -0.00787783572599000 ) );
#2715 = CARTESIAN_POINT( '', ( 0.00245876131213600, 0.00376954408421800, -0.00749810211319900 ) );
#2716 = CARTESIAN_POINT( '', ( 0.00245876131213600, 0.00412564178565700, -0.00711566806617900 ) );
#2717 = CARTESIAN_POINT( '', ( 0.00245876131213600, 0.00447879806848500, -0.00673346330535800 ) );
#2718 = CARTESIAN_POINT( '', ( 0.00245876131213600, 0.00482783589067800, -0.00635234345163800 ) );
#2719 = CARTESIAN_POINT( '', ( 0.00245876131213600, 0.00518034604755700, -0.00596342425814400 ) );
#2720 = CARTESIAN_POINT( '', ( 0.00245876131213600, 0.00554114342036500, -0.00556026146581200 ) );
#2721 = CARTESIAN_POINT( '', ( 0.00245876131213600, 0.00590413623932300, -0.00514805450786700 ) );
#2722 = CARTESIAN_POINT( '', ( 0.00245876131213600, 0.00615629816007501, -0.00485598649283900 ) );
#2723 = CARTESIAN_POINT( '', ( 0.00245876131213600, 0.00628539079902300, -0.00470445111378400 ) );
#2724 = CARTESIAN_POINT( '', ( 0.00245876131213600, 0.00629783409601900, -0.00468982528691000 ) );
#2725 = CARTESIAN_POINT( '', ( 0.00250354749451800, 0.00213524644217600, -0.00880758187568000 ) );
#2726 = CARTESIAN_POINT( '', ( 0.00250354749451800, 0.00225093540079000, -0.00868622755580800 ) );
#2727 = CARTESIAN_POINT( '', ( 0.00250354749451800, 0.00248899405196100, -0.00843604189208300 ) );
#2728 = CARTESIAN_POINT( '', ( 0.00250354749451800, 0.00284497066017200, -0.00806029879668400 ) );
#2729 = CARTESIAN_POINT( '', ( 0.00250354749451800, 0.00320332291306100, -0.00768013702206000 ) );
#2730 = CARTESIAN_POINT( '', ( 0.00250354749451800, 0.00355864185132500, -0.00730104568205800 ) );
#2731 = CARTESIAN_POINT( '', ( 0.00250354749451800, 0.00391404339177300, -0.00691935908473600 ) );
#2732 = CARTESIAN_POINT( '', ( 0.00250354749451800, 0.00426639534831000, -0.00653802452769400 ) );
#2733 = CARTESIAN_POINT( '', ( 0.00250354749451800, 0.00461450146623300, -0.00615792162786900 ) );
#2734 = CARTESIAN_POINT( '', ( 0.00250354749451800, 0.00496590116337700, -0.00577022700598400 ) );
#2735 = CARTESIAN_POINT( '', ( 0.00250354749451800, 0.00532533691818100, -0.00536858467214300 ) );
#2736 = CARTESIAN_POINT( '', ( 0.00250354749451800, 0.00568665550866000, -0.00495827715276900 ) );
#2737 = CARTESIAN_POINT( '', ( 0.00250354749451800, 0.00593737791823300, -0.00466787449503900 ) );
#2738 = CARTESIAN_POINT( '', ( 0.00250354749451800, 0.00606563203930100, -0.00451732335902100 ) );
#2739 = CARTESIAN_POINT( '', ( 0.00250354749451800, 0.00607799353582900, -0.00450279367174300 ) );
#2745 = SURFACE_SIDE_STYLE( '', ( #4621 ) );
#2746 = EDGE_LOOP( '', ( #4622, #4623, #4624, #4625, #4626 ) );
#2747 = AXIS2_PLACEMENT_3D( '', #4627, #4628, #4629 );
#2748 = SURFACE_SIDE_STYLE( '', ( #4630 ) );
#2749 = EDGE_LOOP( '', ( #4631, #4632, #4633, #4634, #4635, #4636 ) );
#2750 = AXIS2_PLACEMENT_3D( '', #4637, #4638, #4639 );
#2751 = SURFACE_SIDE_STYLE( '', ( #4640 ) );
#2752 = EDGE_LOOP( '', ( #4641, #4642, #4643, #4644, #4645, #4646 ) );
#2753 = AXIS2_PLACEMENT_3D( '', #4647, #4648, #4649 );
#2754 = SURFACE_SIDE_STYLE( '', ( #4650 ) );
#2755 = EDGE_LOOP( '', ( #4651 ) );
#2756 = EDGE_LOOP( '', ( #4652 ) );
#2757 = AXIS2_PLACEMENT_3D( '', #4653, #4654, #4655 );
#2758 = SURFACE_SIDE_STYLE( '', ( #4656 ) );
#2759 = EDGE_LOOP( '', ( #4657, #4658, #4659, #4660 ) );
#2760 = AXIS2_PLACEMENT_3D( '', #4661, #4662, #4663 );
#2761 = SURFACE_SIDE_STYLE( '', ( #4664 ) );
#2762 = EDGE_LOOP( '', ( #4665, #4666, #4667, #4668 ) );
#2763 = AXIS2_PLACEMENT_3D( '', #4669, #4670, #4671 );
#2764 = SURFACE_SIDE_STYLE( '', ( #4672 ) );
#2765 = EDGE_LOOP( '', ( #4673, #4674, #4675, #4676 ) );
#2766 = AXIS2_PLACEMENT_3D( '', #4677, #4678, #4679 );
#2767 = SURFACE_SIDE_STYLE( '', ( #4680 ) );
#2768 = EDGE_LOOP( '', ( #4681, #4682, #4683, #4684 ) );
#2769 = AXIS2_PLACEMENT_3D( '', #4685, #4686, #4687 );
#2770 = SURFACE_SIDE_STYLE( '', ( #4688 ) );
#2771 = EDGE_LOOP( '', ( #4689, #4690, #4691, #4692, #4693, #4694 ) );
#2772 = AXIS2_PLACEMENT_3D( '', #4695, #4696, #4697 );
#2773 = SURFACE_SIDE_STYLE( '', ( #4698 ) );
#2774 = EDGE_LOOP( '', ( #4699, #4700, #4701, #4702, #4703, #4704 ) );
#2775 = AXIS2_PLACEMENT_3D( '', #4705, #4706, #4707 );
#2776 = SURFACE_SIDE_STYLE( '', ( #4708 ) );
#2777 = EDGE_LOOP( '', ( #4709, #4710, #4711, #4712 ) );
#2778 = AXIS2_PLACEMENT_3D( '', #4713, #4714, #4715 );
#2779 = SURFACE_SIDE_STYLE( '', ( #4716 ) );
#2780 = EDGE_LOOP( '', ( #4717, #4718, #4719, #4720, #4721, #4722, #4723, #4724, #4725, #4726, #4727, #4728, #4729, #4730 ) );
#2781 = AXIS2_PLACEMENT_3D( '', #4731, #4732, #4733 );
#2782 = SURFACE_SIDE_STYLE( '', ( #4734 ) );
#2783 = EDGE_LOOP( '', ( #4735, #4736, #4737, #4738, #4739 ) );
#2784 = AXIS2_PLACEMENT_3D( '', #4740, #4741, #4742 );
#2785 = SURFACE_SIDE_STYLE( '', ( #4743 ) );
#2786 = EDGE_LOOP( '', ( #4744, #4745, #4746, #4747, #4748, #4749 ) );
#2787 = AXIS2_PLACEMENT_3D( '', #4750, #4751, #4752 );
#2788 = SURFACE_SIDE_STYLE( '', ( #4753 ) );
#2789 = EDGE_LOOP( '', ( #4754, #4755, #4756, #4757, #4758, #4759, #4760, #4761 ) );
#2790 = AXIS2_PLACEMENT_3D( '', #4762, #4763, #4764 );
#2791 = SURFACE_SIDE_STYLE( '', ( #4765 ) );
#2792 = EDGE_LOOP( '', ( #4766 ) );
#2793 = EDGE_LOOP( '', ( #4767 ) );
#2794 = AXIS2_PLACEMENT_3D( '', #4768, #4769, #4770 );
#2795 = SURFACE_SIDE_STYLE( '', ( #4771 ) );
#2796 = EDGE_LOOP( '', ( #4772, #4773, #4774, #4775 ) );
#2797 = AXIS2_PLACEMENT_3D( '', #4776, #4777, #4778 );
#2798 = SURFACE_SIDE_STYLE( '', ( #4779 ) );
#2799 = EDGE_LOOP( '', ( #4780 ) );
#2800 = EDGE_LOOP( '', ( #4781 ) );
#2801 = AXIS2_PLACEMENT_3D( '', #4782, #4783, #4784 );
#2802 = SURFACE_SIDE_STYLE( '', ( #4785 ) );
#2803 = EDGE_LOOP( '', ( #4786, #4787, #4788, #4789 ) );
#2804 = AXIS2_PLACEMENT_3D( '', #4790, #4791, #4792 );
#2805 = SURFACE_SIDE_STYLE( '', ( #4793 ) );
#2806 = EDGE_LOOP( '', ( #4794, #4795, #4796, #4797 ) );
#2807 = AXIS2_PLACEMENT_3D( '', #4798, #4799, #4800 );
#2808 = SURFACE_SIDE_STYLE( '', ( #4801 ) );
#2809 = EDGE_LOOP( '', ( #4802, #4803, #4804, #4805 ) );
#2810 = AXIS2_PLACEMENT_3D( '', #4806, #4807, #4808 );
#2811 = SURFACE_SIDE_STYLE( '', ( #4809 ) );
#2812 = EDGE_LOOP( '', ( #4810, #4811, #4812, #4813 ) );
#2813 = AXIS2_PLACEMENT_3D( '', #4814, #4815, #4816 );
#2814 = SURFACE_SIDE_STYLE( '', ( #4817 ) );
#2815 = EDGE_LOOP( '', ( #4818, #4819, #4820, #4821, #4822, #4823 ) );
#2816 = AXIS2_PLACEMENT_3D( '', #4824, #4825, #4826 );
#2817 = SURFACE_SIDE_STYLE( '', ( #4827 ) );
#2818 = EDGE_LOOP( '', ( #4828, #4829, #4830, #4831, #4832, #4833 ) );
#2819 = AXIS2_PLACEMENT_3D( '', #4834, #4835, #4836 );
#2820 = SURFACE_SIDE_STYLE( '', ( #4837 ) );
#2821 = EDGE_LOOP( '', ( #4838, #4839, #4840, #4841 ) );
#2822 = AXIS2_PLACEMENT_3D( '', #4842, #4843, #4844 );
#2823 = SURFACE_SIDE_STYLE( '', ( #4845 ) );
#2824 = EDGE_LOOP( '', ( #4846, #4847, #4848, #4849 ) );
#2825 = AXIS2_PLACEMENT_3D( '', #4850, #4851, #4852 );
#2826 = SURFACE_SIDE_STYLE( '', ( #4853 ) );
#2827 = EDGE_LOOP( '', ( #4854, #4855, #4856, #4857 ) );
#2828 = AXIS2_PLACEMENT_3D( '', #4858, #4859, #4860 );
#2829 = SURFACE_SIDE_STYLE( '', ( #4861 ) );
#2830 = EDGE_LOOP( '', ( #4862 ) );
#2831 = EDGE_LOOP( '', ( #4863 ) );
#2832 = AXIS2_PLACEMENT_3D( '', #4864, #4865, #4866 );
#2833 = SURFACE_SIDE_STYLE( '', ( #4867 ) );
#2834 = EDGE_LOOP( '', ( #4868 ) );
#2835 = EDGE_LOOP( '', ( #4869 ) );
#2836 = AXIS2_PLACEMENT_3D( '', #4870, #4871, #4872 );
#2837 = SURFACE_SIDE_STYLE( '', ( #4873 ) );
#2838 = EDGE_LOOP( '', ( #4874, #4875, #4876, #4877, #4878, #4879, #4880, #4881 ) );
#2839 = AXIS2_PLACEMENT_3D( '', #4882, #4883, #4884 );
#2840 = SURFACE_SIDE_STYLE( '', ( #4885 ) );
#2841 = EDGE_LOOP( '', ( #4886, #4887, #4888, #4889 ) );
#2842 = AXIS2_PLACEMENT_3D( '', #4890, #4891, #4892 );
#2844 = SURFACE_STYLE_FILL_AREA( #4893 );
#2845 = ORIENTED_EDGE( '', *, *, #4894, .F. );
#2846 = ORIENTED_EDGE( '', *, *, #4895, .T. );
#2847 = ORIENTED_EDGE( '', *, *, #4896, .F. );
#2848 = ORIENTED_EDGE( '', *, *, #4897, .F. );
#2849 = CARTESIAN_POINT( '', ( -0.00690954550396300, -0.0122251708784000, 0.00280000000000000 ) );
#2850 = DIRECTION( '', ( -0.00000000000000, -1.00000000000000, -0.00000000000000 ) );
#2851 = DIRECTION( '', ( 0.00000000000000, 0.00000000000000, -1.00000000000000 ) );
#2852 = SURFACE_STYLE_FILL_AREA( #4898 );
#2853 = ORIENTED_EDGE( '', *, *, #4899, .F. );
#2854 = ORIENTED_EDGE( '', *, *, #4900, .T. );
#2855 = ORIENTED_EDGE( '', *, *, #4901, .F. );
#2856 = ORIENTED_EDGE( '', *, *, #4902, .T. );
#2857 = CARTESIAN_POINT( '', ( 0.00000000000000, 0.00522734801963600, 0.00000000000000 ) );
#2858 = DIRECTION( '', ( 0.00000000000000, 1.00000000000000, 0.00000000000000 ) );
#2859 = DIRECTION( '', ( -0.00108773057764402, 0.00000000000000, 0.999999408420920 ) );
#2860 = SURFACE_STYLE_FILL_AREA( #4903 );
#2861 = ORIENTED_EDGE( '', *, *, #4904, .F. );
#2862 = ORIENTED_EDGE( '', *, *, #4905, .F. );
#2863 = ORIENTED_EDGE( '', *, *, #4906, .T. );
#2864 = ORIENTED_EDGE( '', *, *, #4907, .F. );
#2865 = CARTESIAN_POINT( '', ( 0.0109310514831900, -0.0122251708784000, 0.00247938481652400 ) );
#2866 = DIRECTION( '', ( -0.00000000000000, -1.00000000000000, -0.00000000000000 ) );
#2867 = DIRECTION( '', ( 0.395906858077409, 0.00000000000000, -0.918290672786822 ) );
#2868 = SURFACE_STYLE_FILL_AREA( #4908 );
#2869 = ORIENTED_EDGE( '', *, *, #4909, .F. );
#2870 = ORIENTED_EDGE( '', *, *, #4910, .F. );
#2871 = ORIENTED_EDGE( '', *, *, #4911, .F. );
#2872 = ORIENTED_EDGE( '', *, *, #4912, .T. );
#2873 = CARTESIAN_POINT( '', ( -0.00598788303198200, 0.0173425406033700, 0.00434801757072200 ) );
#2874 = DIRECTION( '', ( -0.00000000000000, 1.00000000000000, -0.00000000000000 ) );
#2875 = DIRECTION( '', ( -0.809173382700188, 0.00000000000000, 0.587569941989492 ) );
#2876 = SURFACE_STYLE_FILL_AREA( #4913 );
#2877 = ORIENTED_EDGE( '', *, *, #4914, .F. );
#2878 = ORIENTED_EDGE( '', *, *, #4915, .T. );
#2879 = CARTESIAN_POINT( '', ( 0.0120000000000000, -0.00150000000000000, 0.00000000000000 ) );
#2880 = DIRECTION( '', ( -0.00000000000000, 1.00000000000000, -0.00000000000000 ) );
#2881 = DIRECTION( '', ( 1.00000000000000, 0.00000000000000, 0.00000000000000 ) );
#2882 = SURFACE_STYLE_FILL_AREA( #4916 );
#2883 = ORIENTED_EDGE( '', *, *, #4917, .F. );
#2884 = ORIENTED_EDGE( '', *, *, #4918, .T. );
#2885 = ORIENTED_EDGE( '', *, *, #4919, .F. );
#2886 = ORIENTED_EDGE( '', *, *, #4920, .F. );
#2887 = CARTESIAN_POINT( '', ( -0.0120000000000000, -0.00150000000000000, 0.00000000000000 ) );
#2888 = DIRECTION( '', ( -0.00000000000000, 1.00000000000000, -0.00000000000000 ) );
#2889 = DIRECTION( '', ( 0.00000000000000, 0.00000000000000, 1.00000000000000 ) );
#2890 = SURFACE_STYLE_FILL_AREA( #4921 );
#2891 = ORIENTED_EDGE( '', *, *, #4922, .T. );
#2892 = ORIENTED_EDGE( '', *, *, #4923, .T. );
#2893 = ORIENTED_EDGE( '', *, *, #4924, .T. );
#2894 = ORIENTED_EDGE( '', *, *, #4925, .T. );
#2895 = ORIENTED_EDGE( '', *, *, #4926, .F. );
#2896 = ORIENTED_EDGE( '', *, *, #4927, .F. );
#2897 = ORIENTED_EDGE( '', *, *, #4928, .T. );
#2898 = ORIENTED_EDGE( '', *, *, #4929, .T. );
#2899 = ORIENTED_EDGE( '', *, *, #4930, .T. );
#2900 = CARTESIAN_POINT( '', ( 0.00250000000000000, 0.00150000000000000, -0.0150000000000000 ) );
#2901 = DIRECTION( '', ( 1.00000000000000, 0.00000000000000, 0.00000000000000 ) );
#2902 = DIRECTION( '', ( 0.00000000000000, 1.00000000000000, 0.00000000000000 ) );
#2903 = SURFACE_STYLE_FILL_AREA( #4931 );
#2904 = ORIENTED_EDGE( '', *, *, #4932, .T. );
#2905 = ORIENTED_EDGE( '', *, *, #4933, .F. );
#2906 = ORIENTED_EDGE( '', *, *, #4934, .F. );
#2907 = ORIENTED_EDGE( '', *, *, #4935, .T. );
#2908 = CARTESIAN_POINT( '', ( 0.0150000000000000, -0.00150000000000000, 0.00900000000000000 ) );
#2909 = DIRECTION( '', ( 1.00000000000000, 0.00000000000000, 0.00000000000000 ) );
#2910 = DIRECTION( '', ( 0.00000000000000, 1.00000000000000, 0.00000000000000 ) );
#2911 = SURFACE_STYLE_FILL_AREA( #4936 );
#2912 = ORIENTED_EDGE( '', *, *, #4937, .F. );
#2913 = ORIENTED_EDGE( '', *, *, #4938, .F. );
#2914 = ORIENTED_EDGE( '', *, *, #4939, .T. );
#2915 = ORIENTED_EDGE( '', *, *, #4940, .F. );
#2916 = CARTESIAN_POINT( '', ( -0.00773521342243700, -0.0121629345071000, -0.00498060973268800 ) );
#2917 = DIRECTION( '', ( -0.00000000000000, -1.00000000000000, -0.00000000000000 ) );
#2918 = DIRECTION( '', ( -0.538207054281969, 0.00000000000000, 0.842812652207551 ) );
#2919 = SURFACE_STYLE_FILL_AREA( #4941 );
#2920 = ORIENTED_EDGE( '', *, *, #4942, .F. );
#2921 = ORIENTED_EDGE( '', *, *, #4943, .T. );
#2922 = ORIENTED_EDGE( '', *, *, #4944, .T. );
#2923 = ORIENTED_EDGE( '', *, *, #4896, .T. );
#2924 = ORIENTED_EDGE( '', *, *, #4945, .F. );
#2925 = SURFACE_STYLE_FILL_AREA( #4946 );
#2926 = ORIENTED_EDGE( '', *, *, #4947, .T. );
#2927 = ORIENTED_EDGE( '', *, *, #4948, .F. );
#2928 = CARTESIAN_POINT( '', ( 0.00000000000000, -0.000700000000000000, 0.00000000000000 ) );
#2929 = DIRECTION( '', ( -0.00000000000000, 1.00000000000000, 0.00000000000000 ) );
#2930 = DIRECTION( '', ( 1.00000000000000, 0.00000000000000, 0.00000000000000 ) );
#2931 = SURFACE_STYLE_FILL_AREA( #4949 );
#2932 = ORIENTED_EDGE( '', *, *, #4950, .F. );
#2933 = ORIENTED_EDGE( '', *, *, #4951, .T. );
#2934 = ORIENTED_EDGE( '', *, *, #4923, .F. );
#2935 = ORIENTED_EDGE( '', *, *, #4952, .T. );
#2936 = CARTESIAN_POINT( '', ( 0.00000000000000, 0.00386250000000000, 0.00000000000000 ) );
#2937 = DIRECTION( '', ( 0.00000000000000, 1.00000000000000, 0.00000000000000 ) );
#2938 = DIRECTION( '', ( 1.00000000000000, 0.00000000000000, 0.00000000000000 ) );
#2939 = SURFACE_STYLE_FILL_AREA( #4953 );
#2940 = ORIENTED_EDGE( '', *, *, #4954, .F. );
#2941 = ORIENTED_EDGE( '', *, *, #4955, .F. );
#2942 = ORIENTED_EDGE( '', *, *, #4956, .F. );
#2943 = ORIENTED_EDGE( '', *, *, #4957, .F. );
#2944 = ORIENTED_EDGE( '', *, *, #4958, .T. );
#2945 = CARTESIAN_POINT( '', ( 0.00573809871394000, 0.0173425406033700, -0.00250000000000000 ) );
#2946 = DIRECTION( '', ( -0.00000000000000, 1.00000000000000, -0.00000000000000 ) );
#2947 = DIRECTION( '', ( 0.988454935169695, 0.00000000000000, -0.151515151515199 ) );
#2948 = SURFACE_STYLE_FILL_AREA( #4959 );
#2949 = ORIENTED_EDGE( '', *, *, #4960, .T. );
#2950 = ORIENTED_EDGE( '', *, *, #4961, .T. );
#2951 = ORIENTED_EDGE( '', *, *, #4962, .F. );
#2952 = ORIENTED_EDGE( '', *, *, #4963, .T. );
#2953 = CARTESIAN_POINT( '', ( 0.00000000000000, 0.00522734801963600, 0.00000000000000 ) );
#2954 = DIRECTION( '', ( 0.00000000000000, 1.00000000000000, 0.00000000000000 ) );
#2955 = DIRECTION( '', ( -0.00108773057764402, 0.00000000000000, 0.999999408420920 ) );
#2956 = SURFACE_STYLE_FILL_AREA( #4964 );
#2957 = ORIENTED_EDGE( '', *, *, #4965, .F. );
#2958 = ORIENTED_EDGE( '', *, *, #4966, .F. );
#2959 = ORIENTED_EDGE( '', *, *, #4967, .F. );
#2960 = ORIENTED_EDGE( '', *, *, #4968, .T. );
#2961 = CARTESIAN_POINT( '', ( -0.0109310514831900, 0.0174525188980300, -0.00352061518347600 ) );
#2962 = DIRECTION( '', ( -0.00000000000000, 1.00000000000000, 0.00000000000000 ) );
#2963 = DIRECTION( '', ( -0.395906858077325, 0.00000000000000, -0.918290672786858 ) );
#2964 = SURFACE_STYLE_FILL_AREA( #4969 );
#2965 = ORIENTED_EDGE( '', *, *, #4970, .F. );
#2966 = ORIENTED_EDGE( '', *, *, #4971, .F. );
#2967 = ORIENTED_EDGE( '', *, *, #4972, .T. );
#2968 = ORIENTED_EDGE( '', *, *, #4973, .F. );
#2969 = CARTESIAN_POINT( '', ( 0.0109310514831900, -0.0122251708784000, -0.00352061518347600 ) );
#2970 = DIRECTION( '', ( -0.00000000000000, -1.00000000000000, -0.00000000000000 ) );
#2971 = DIRECTION( '', ( 0.395906858077409, 0.00000000000000, -0.918290672786822 ) );
#2972 = SURFACE_STYLE_FILL_AREA( #4974 );
#2973 = ORIENTED_EDGE( '', *, *, #4975, .F. );
#2974 = ORIENTED_EDGE( '', *, *, #4976, .F. );
#2975 = ORIENTED_EDGE( '', *, *, #4977, .T. );
#2976 = ORIENTED_EDGE( '', *, *, #4978, .F. );
#2977 = ORIENTED_EDGE( '', *, *, #4979, .T. );
#2978 = ORIENTED_EDGE( '', *, *, #4980, .F. );
#2979 = ORIENTED_EDGE( '', *, *, #4981, .T. );
#2980 = ORIENTED_EDGE( '', *, *, #4982, .T. );
#2981 = CARTESIAN_POINT( '', ( 0.00900000000000000, 0.0115000000000000, 0.00300000000000000 ) );
#2982 = DIRECTION( '', ( 0.00000000000000, -1.00000000000000, -0.00000000000000 ) );
#2983 = DIRECTION( '', ( 1.00000000000000, 0.00000000000000, 0.00000000000000 ) );
#2984 = SURFACE_STYLE_FILL_AREA( #4983 );
#2985 = ORIENTED_EDGE( '', *, *, #4984, .T. );
#2986 = ORIENTED_EDGE( '', *, *, #4985, .T. );
#2987 = ORIENTED_EDGE( '', *, *, #4986, .T. );
#2988 = ORIENTED_EDGE( '', *, *, #4987, .T. );
#2989 = ORIENTED_EDGE( '', *, *, #4988, .T. );
#2990 = ORIENTED_EDGE( '', *, *, #4989, .T. );
#2991 = CARTESIAN_POINT( '', ( 0.00000000000000, 0.00346708316181600, 0.00000000000000 ) );
#2992 = DIRECTION( '', ( -0.00000000000000, -1.00000000000000, 0.00000000000000 ) );
#2993 = DIRECTION( '', ( 1.00000000000000, 0.00000000000000, 0.00000000000000 ) );
#2994 = SURFACE_STYLE_FILL_AREA( #4990 );
#2995 = ORIENTED_EDGE( '', *, *, #4991, .T. );
#2996 = ORIENTED_EDGE( '', *, *, #4992, .F. );
#2997 = ORIENTED_EDGE( '', *, *, #4993, .T. );
#2998 = ORIENTED_EDGE( '', *, *, #4994, .T. );
#2999 = CARTESIAN_POINT( '', ( -0.00900000000000000, -0.00150000000000000, 0.00300000000000000 ) );
#3000 = DIRECTION( '', ( -0.00000000000000, -1.00000000000000, -0.00000000000000 ) );
#3001 = DIRECTION( '', ( -1.00000000000000, 0.00000000000000, 0.00000000000000 ) );
#3002 = SURFACE_STYLE_FILL_AREA( #4995 );
#3003 = ORIENTED_EDGE( '', *, *, #4996, .T. );
#3004 = ORIENTED_EDGE( '', *, *, #4997, .F. );
#3005 = ORIENTED_EDGE( '', *, *, #4998, .T. );
#3006 = ORIENTED_EDGE( '', *, *, #4999, .F. );
#3007 = ORIENTED_EDGE( '', *, *, #5000, .T. );
#3008 = ORIENTED_EDGE( '', *, *, #5001, .F. );
#3009 = ORIENTED_EDGE( '', *, *, #5002, .T. );
#3010 = ORIENTED_EDGE( '', *, *, #5003, .F. );
#3011 = ORIENTED_EDGE( '', *, *, #5004, .T. );
#3012 = ORIENTED_EDGE( '', *, *, #5005, .T. );
#3013 = ORIENTED_EDGE( '', *, *, #5006, .F. );
#3014 = ORIENTED_EDGE( '', *, *, #5007, .F. );
#3015 = ORIENTED_EDGE( '', *, *, #5008, .T. );
#3016 = ORIENTED_EDGE( '', *, *, #5009, .F. );
#3017 = CARTESIAN_POINT( '', ( 0.0150000000000000, -0.00150000000000000, -0.00900000000000000 ) );
#3018 = DIRECTION( '', ( 0.00000000000000, 0.00000000000000, -1.00000000000000 ) );
#3019 = DIRECTION( '', ( 0.00000000000000, -1.00000000000000, 0.00000000000000 ) );
#3020 = SURFACE_STYLE_FILL_AREA( #5010 );
#3021 = ORIENTED_EDGE( '', *, *, #5011, .F. );
#3022 = ORIENTED_EDGE( '', *, *, #5012, .T. );
#3023 = ORIENTED_EDGE( '', *, *, #5013, .F. );
#3024 = ORIENTED_EDGE( '', *, *, #5014, .F. );
#3025 = CARTESIAN_POINT( '', ( -0.0120000000000000, -0.00150000000000000, 0.00600000000000000 ) );
#3026 = DIRECTION( '', ( -0.00000000000000, -1.00000000000000, -0.00000000000000 ) );
#3027 = DIRECTION( '', ( -1.00000000000000, 0.00000000000000, 0.00000000000000 ) );
#3028 = SURFACE_STYLE_FILL_AREA( #5015 );
#3029 = ORIENTED_EDGE( '', *, *, #5016, .F. );
#3030 = ORIENTED_EDGE( '', *, *, #5017, .F. );
#3031 = ORIENTED_EDGE( '', *, *, #5018, .F. );
#3032 = ORIENTED_EDGE( '', *, *, #5019, .F. );
#3033 = ORIENTED_EDGE( '', *, *, #5020, .T. );
#3034 = CARTESIAN_POINT( '', ( -0.00573809871394000, -0.0121629345071000, -0.00250000000000000 ) );
#3035 = DIRECTION( '', ( -0.00000000000000, -1.00000000000000, -0.00000000000000 ) );
#3036 = DIRECTION( '', ( -0.988454935169695, 0.00000000000000, -0.151515151515199 ) );
#3037 = SURFACE_STYLE_FILL_AREA( #5021 );
#3038 = ORIENTED_EDGE( '', *, *, #5022, .T. );
#3039 = ORIENTED_EDGE( '', *, *, #5023, .T. );
#3040 = ORIENTED_EDGE( '', *, *, #5024, .T. );
#3041 = ORIENTED_EDGE( '', *, *, #5025, .T. );
#3042 = ORIENTED_EDGE( '', *, *, #4919, .T. );
#3043 = ORIENTED_EDGE( '', *, *, #5026, .T. );
#3044 = ORIENTED_EDGE( '', *, *, #5027, .T. );
#3045 = ORIENTED_EDGE( '', *, *, #5028, .T. );
#3046 = CARTESIAN_POINT( '', ( 0.00000000000000, 0.000500000000000000, 0.00000000000000 ) );
#3047 = DIRECTION( '', ( 0.00000000000000, -1.00000000000000, 0.00000000000000 ) );
#3048 = DIRECTION( '', ( 0.00000000000000, 0.00000000000000, -1.00000000000000 ) );
#3049 = SURFACE_STYLE_FILL_AREA( #5029 );
#3050 = ORIENTED_EDGE( '', *, *, #5030, .F. );
#3051 = ORIENTED_EDGE( '', *, *, #5031, .F. );
#3052 = ORIENTED_EDGE( '', *, *, #5032, .T. );
#3053 = ORIENTED_EDGE( '', *, *, #5033, .F. );
#3054 = CARTESIAN_POINT( '', ( -0.0109310514831900, -0.0122251708784000, 0.00352061518347600 ) );
#3055 = DIRECTION( '', ( -0.00000000000000, -1.00000000000000, -0.00000000000000 ) );
#3056 = DIRECTION( '', ( -0.395906858077325, 0.00000000000000, 0.918290672786858 ) );
#3057 = SURFACE_STYLE_FILL_AREA( #5034 );
#3058 = ORIENTED_EDGE( '', *, *, #5035, .F. );
#3059 = ORIENTED_EDGE( '', *, *, #5036, .T. );
#3060 = CARTESIAN_POINT( '', ( 0.0120000000000000, -0.00150000000000000, 0.00600000000000000 ) );
#3061 = DIRECTION( '', ( -0.00000000000000, 1.00000000000000, -0.00000000000000 ) );
#3062 = DIRECTION( '', ( 1.00000000000000, 0.00000000000000, 0.00000000000000 ) );
#3063 = SURFACE_STYLE_FILL_AREA( #5037 );
#3064 = ORIENTED_EDGE( '', *, *, #4987, .F. );
#3065 = ORIENTED_EDGE( '', *, *, #5038, .T. );
#3066 = ORIENTED_EDGE( '', *, *, #5039, .T. );
#3067 = ORIENTED_EDGE( '', *, *, #5040, .T. );
#3068 = ORIENTED_EDGE( '', *, *, #5041, .F. );
#3069 = ORIENTED_EDGE( '', *, *, #5042, .F. );
#3070 = ORIENTED_EDGE( '', *, *, #5043, .T. );
#3071 = ORIENTED_EDGE( '', *, *, #5044, .F. );
#3072 = ORIENTED_EDGE( '', *, *, #5045, .F. );
#3073 = CARTESIAN_POINT( '', ( -0.0150000000000000, 0.00734102206379300, 0.00250000000000000 ) );
#3074 = DIRECTION( '', ( 0.00000000000000, 0.00000000000000, 1.00000000000000 ) );
#3075 = DIRECTION( '', ( 1.00000000000000, 0.00000000000000, 0.00000000000000 ) );
#3076 = SURFACE_STYLE_FILL_AREA( #5046 );
#3077 = ORIENTED_EDGE( '', *, *, #5047, .F. );
#3078 = ORIENTED_EDGE( '', *, *, #5048, .F. );
#3079 = ORIENTED_EDGE( '', *, *, #5049, .F. );
#3080 = ORIENTED_EDGE( '', *, *, #5050, .T. );
#3081 = CARTESIAN_POINT( '', ( 0.00860147090640700, 0.0173425406033700, -0.00770000000000000 ) );
#3082 = DIRECTION( '', ( -0.00000000000000, 1.00000000000000, -0.00000000000000 ) );
#3083 = DIRECTION( '', ( 0.00000000000000, 0.00000000000000, -1.00000000000000 ) );
#3084 = SURFACE_STYLE_FILL_AREA( #5051 );
#3085 = ORIENTED_EDGE( '', *, *, #5052, .F. );
#3086 = ORIENTED_EDGE( '', *, *, #5053, .T. );
#3087 = CARTESIAN_POINT( '', ( 0.0120000000000000, -0.00150000000000000, -0.00600000000000000 ) );
#3088 = DIRECTION( '', ( -0.00000000000000, 1.00000000000000, -0.00000000000000 ) );
#3089 = DIRECTION( '', ( 1.00000000000000, 0.00000000000000, 0.00000000000000 ) );
#3090 = SURFACE_STYLE_FILL_AREA( #5054 );
#3091 = ORIENTED_EDGE( '', *, *, #5055, .T. );
#3092 = ORIENTED_EDGE( '', *, *, #5056, .F. );
#3093 = ORIENTED_EDGE( '', *, *, #5057, .T. );
#3094 = ORIENTED_EDGE( '', *, *, #5058, .T. );
#3095 = ORIENTED_EDGE( '', *, *, #4929, .F. );
#3096 = ORIENTED_EDGE( '', *, *, #5059, .T. );
#3097 = ORIENTED_EDGE( '', *, *, #4998, .F. );
#3098 = ORIENTED_EDGE( '', *, *, #5060, .T. );
#3099 = ORIENTED_EDGE( '', *, *, #5061, .T. );
#3100 = ORIENTED_EDGE( '', *, *, #5062, .F. );
#3101 = ORIENTED_EDGE( '', *, *, #5063, .T. );
#3102 = ORIENTED_EDGE( '', *, *, #5064, .T. );
#3103 = CARTESIAN_POINT( '', ( -0.00250000000000000, 0.00150000000000000, -0.0150000000000000 ) );
#3104 = DIRECTION( '', ( 0.00000000000000, -1.00000000000000, 0.00000000000000 ) );
#3105 = DIRECTION( '', ( 0.00000000000000, 0.00000000000000, -1.00000000000000 ) );
#3106 = SURFACE_STYLE_FILL_AREA( #5065 );
#3107 = ORIENTED_EDGE( '', *, *, #5066, .T. );
#3108 = ORIENTED_EDGE( '', *, *, #5067, .T. );
#3109 = ORIENTED_EDGE( '', *, *, #5068, .F. );
#3110 = ORIENTED_EDGE( '', *, *, #5069, .F. );
#3111 = ORIENTED_EDGE( '', *, *, #5070, .F. );
#3112 = SURFACE_STYLE_FILL_AREA( #5071 );
#3113 = ORIENTED_EDGE( '', *, *, #5016, .T. );
#3114 = ORIENTED_EDGE( '', *, *, #5072, .T. );
#3115 = ORIENTED_EDGE( '', *, *, #5073, .F. );
#3116 = ORIENTED_EDGE( '', *, *, #5074, .F. );
#3117 = ORIENTED_EDGE( '', *, *, #5075, .T. );
#3118 = ORIENTED_EDGE( '', *, *, #5076, .T. );
#3119 = ORIENTED_EDGE( '', *, *, #5077, .T. );
#3120 = ORIENTED_EDGE( '', *, *, #5078, .F. );
#3121 = ORIENTED_EDGE( '', *, *, #4894, .T. );
#3122 = ORIENTED_EDGE( '', *, *, #5079, .T. );
#3123 = ORIENTED_EDGE( '', *, *, #5080, .F. );
#3124 = ORIENTED_EDGE( '', *, *, #5081, .T. );
#3125 = ORIENTED_EDGE( '', *, *, #5082, .F. );
#3126 = CARTESIAN_POINT( '', ( 0.00000000000000, 0.00150000000000000, 0.00000000000000 ) );
#3127 = DIRECTION( '', ( -0.00000000000000, 1.00000000000000, 0.00000000000000 ) );
#3128 = DIRECTION( '', ( 1.00000000000000, 0.00000000000000, 0.00000000000000 ) );
#3129 = SURFACE_STYLE_FILL_AREA( #5083 );
#3130 = ORIENTED_EDGE( '', *, *, #5084, .F. );
#3131 = ORIENTED_EDGE( '', *, *, #5085, .F. );
#3132 = ORIENTED_EDGE( '', *, *, #5086, .T. );
#3133 = ORIENTED_EDGE( '', *, *, #5087, .F. );
#3134 = CARTESIAN_POINT( '', ( 0.00952061518347600, -0.0122251708784000, -0.00106894851680900 ) );
#3135 = DIRECTION( '', ( 0.00000000000000, -1.00000000000000, -0.00000000000000 ) );
#3136 = DIRECTION( '', ( 0.918290672786858, 0.00000000000000, 0.395906858077325 ) );
#3137 = SURFACE_STYLE_FILL_AREA( #5088 );
#3138 = ORIENTED_EDGE( '', *, *, #4935, .F. );
#3139 = ORIENTED_EDGE( '', *, *, #5089, .F. );
#3140 = ORIENTED_EDGE( '', *, *, #5090, .T. );
#3141 = ORIENTED_EDGE( '', *, *, #5091, .F. );
#3142 = CARTESIAN_POINT( '', ( 0.0120000000000000, 0.00541080000000000, 0.00600000000000000 ) );
#3143 = DIRECTION( '', ( -0.00000000000000, 1.00000000000000, -0.00000000000000 ) );
#3144 = DIRECTION( '', ( 1.00000000000000, 0.00000000000000, 0.00000000000000 ) );
#3145 = SURFACE_STYLE_FILL_AREA( #5092 );
#3146 = ORIENTED_EDGE( '', *, *, #5093, .F. );
#3147 = ORIENTED_EDGE( '', *, *, #5094, .F. );
#3148 = ORIENTED_EDGE( '', *, *, #5057, .F. );
#3149 = ORIENTED_EDGE( '', *, *, #5095, .T. );
#3150 = CARTESIAN_POINT( '', ( 0.00250000000000000, 0.0173425406033700, -0.00696491205974600 ) );
#3151 = DIRECTION( '', ( -0.00000000000000, 1.00000000000000, -0.00000000000000 ) );
#3152 = DIRECTION( '', ( -1.00000000000000, 0.00000000000000, 0.00000000000000 ) );
#3153 = SURFACE_STYLE_FILL_AREA( #5096 );
#3154 = ORIENTED_EDGE( '', *, *, #5097, .F. );
#3155 = ORIENTED_EDGE( '', *, *, #5098, .F. );
#3156 = ORIENTED_EDGE( '', *, *, #5099, .F. );
#3157 = ORIENTED_EDGE( '', *, *, #4992, .T. );
#3158 = CARTESIAN_POINT( '', ( -0.00773521342243700, 0.0173425406033700, 0.00498060973268800 ) );
#3159 = DIRECTION( '', ( -0.00000000000000, 1.00000000000000, 0.00000000000000 ) );
#3160 = DIRECTION( '', ( -0.538207054281969, 0.00000000000000, -0.842812652207551 ) );
#3161 = SURFACE_STYLE_FILL_AREA( #5100 );
#3162 = ORIENTED_EDGE( '', *, *, #5101, .F. );
#3163 = ORIENTED_EDGE( '', *, *, #5030, .T. );
#3164 = ORIENTED_EDGE( '', *, *, #5102, .F. );
#3165 = ORIENTED_EDGE( '', *, *, #5103, .T. );
#3166 = ORIENTED_EDGE( '', *, *, #5104, .T. );
#3167 = CARTESIAN_POINT( '', ( -0.0120000000000000, -0.00150000000000000, 0.00600000000000000 ) );
#3168 = DIRECTION( '', ( -0.00000000000000, 1.00000000000000, -0.00000000000000 ) );
#3169 = DIRECTION( '', ( 1.00000000000000, 0.00000000000000, 0.00000000000000 ) );
#3170 = SURFACE_STYLE_FILL_AREA( #5105 );
#3171 = ORIENTED_EDGE( '', *, *, #5106, .F. );
#3172 = ORIENTED_EDGE( '', *, *, #5107, .T. );
#3173 = ORIENTED_EDGE( '', *, *, #5108, .F. );
#3174 = ORIENTED_EDGE( '', *, *, #5109, .T. );
#3175 = CARTESIAN_POINT( '', ( -0.0120000000000000, -0.00150000000000000, 0.00000000000000 ) );
#3176 = DIRECTION( '', ( -0.00000000000000, 1.00000000000000, -0.00000000000000 ) );
#3177 = DIRECTION( '', ( 1.00000000000000, 0.00000000000000, 0.00000000000000 ) );
#3178 = SURFACE_STYLE_FILL_AREA( #5110 );
#3179 = ORIENTED_EDGE( '', *, *, #5111, .F. );
#3180 = ORIENTED_EDGE( '', *, *, #5112, .F. );
#3181 = ORIENTED_EDGE( '', *, *, #5113, .T. );
#3182 = ORIENTED_EDGE( '', *, *, #5114, .F. );
#3183 = CARTESIAN_POINT( '', ( 0.00503487835007000, -0.0121629345071000, 0.00770000000000000 ) );
#3184 = DIRECTION( '', ( -0.00000000000000, -1.00000000000000, -0.00000000000000 ) );
#3185 = DIRECTION( '', ( -0.547269385877125, 0.00000000000000, -0.836956521739137 ) );
#3186 = SURFACE_STYLE_FILL_AREA( #5115 );
#3187 = ORIENTED_EDGE( '', *, *, #5116, .F. );
#3188 = ORIENTED_EDGE( '', *, *, #5117, .F. );
#3189 = ORIENTED_EDGE( '', *, *, #5118, .T. );
#3190 = ORIENTED_EDGE( '', *, *, #5023, .F. );
#3191 = CARTESIAN_POINT( '', ( -0.00768466063387600, -0.0121629345071000, 0.00105259599673700 ) );
#3192 = DIRECTION( '', ( -0.00000000000000, -1.00000000000000, -0.00000000000000 ) );
#3193 = DIRECTION( '', ( -0.559718879201872, 0.00000000000000, 0.828682554579859 ) );
#3194 = SURFACE_STYLE_FILL_AREA( #5119 );
#3195 = ORIENTED_EDGE( '', *, *, #5120, .F. );
#3196 = ORIENTED_EDGE( '', *, *, #5121, .T. );
#3197 = CARTESIAN_POINT( '', ( -0.00900000000000000, -0.00150000000000000, 0.00300000000000000 ) );
#3198 = DIRECTION( '', ( -0.00000000000000, 1.00000000000000, -0.00000000000000 ) );
#3199 = DIRECTION( '', ( 1.00000000000000, 0.00000000000000, 0.00000000000000 ) );
#3200 = SURFACE_STYLE_FILL_AREA( #5122 );
#3201 = ORIENTED_EDGE( '', *, *, #5109, .F. );
#3202 = ORIENTED_EDGE( '', *, *, #5123, .F. );
#3203 = ORIENTED_EDGE( '', *, *, #5124, .T. );
#3204 = ORIENTED_EDGE( '', *, *, #5125, .F. );
#3205 = CARTESIAN_POINT( '', ( -0.0109310514831900, -0.0122251708784000, -0.00247938481652400 ) );
#3206 = DIRECTION( '', ( -0.00000000000000, -1.00000000000000, -0.00000000000000 ) );
#3207 = DIRECTION( '', ( -0.395906858077325, 0.00000000000000, 0.918290672786858 ) );
#3208 = SURFACE_STYLE_FILL_AREA( #5126 );
#3209 = ORIENTED_EDGE( '', *, *, #5127, .F. );
#3210 = ORIENTED_EDGE( '', *, *, #4982, .F. );
#3211 = ORIENTED_EDGE( '', *, *, #5128, .T. );
#3212 = ORIENTED_EDGE( '', *, *, #5129, .F. );
#3213 = CARTESIAN_POINT( '', ( 0.00952061518347600, -0.0122251708784000, 0.00493105148319100 ) );
#3214 = DIRECTION( '', ( 0.00000000000000, -1.00000000000000, -0.00000000000000 ) );
#3215 = DIRECTION( '', ( 0.918290672786822, 0.00000000000000, 0.395906858077409 ) );
#3216 = SURFACE_STYLE_FILL_AREA( #5130 );
#3217 = ORIENTED_EDGE( '', *, *, #5131, .F. );
#3218 = ORIENTED_EDGE( '', *, *, #5132, .F. );
#3219 = ORIENTED_EDGE( '', *, *, #5133, .F. );
#3220 = ORIENTED_EDGE( '', *, *, #5134, .T. );
#3221 = CARTESIAN_POINT( '', ( 0.00250000000000000, -0.0121629345071000, 0.00250000000000000 ) );
#3222 = DIRECTION( '', ( -0.00000000000000, -1.00000000000000, -0.00000000000000 ) );
#3223 = DIRECTION( '', ( 0.00000000000000, 0.00000000000000, -1.00000000000000 ) );
#3224 = SURFACE_STYLE_FILL_AREA( #5135 );
#3225 = ORIENTED_EDGE( '', *, *, #5136, .T. );
#3226 = ORIENTED_EDGE( '', *, *, #5001, .T. );
#3227 = ORIENTED_EDGE( '', *, *, #5137, .T. );
#3228 = ORIENTED_EDGE( '', *, *, #5138, .T. );
#3229 = ORIENTED_EDGE( '', *, *, #5139, .F. );
#3230 = ORIENTED_EDGE( '', *, *, #5140, .T. );
#3231 = ORIENTED_EDGE( '', *, *, #5141, .T. );
#3232 = CARTESIAN_POINT( '', ( 0.00000000000000, 0.00411367400981800, 0.00000000000000 ) );
#3233 = DIRECTION( '', ( -0.00000000000000, -1.00000000000000, 0.00000000000000 ) );
#3234 = DIRECTION( '', ( -1.00000000000000, 0.00000000000000, 0.00000000000000 ) );
#3235 = SURFACE_STYLE_FILL_AREA( #5142 );
#3236 = ORIENTED_EDGE( '', *, *, #5143, .T. );
#3237 = ORIENTED_EDGE( '', *, *, #5144, .F. );
#3238 = ORIENTED_EDGE( '', *, *, #5145, .F. );
#3239 = ORIENTED_EDGE( '', *, *, #5146, .T. );
#3240 = ORIENTED_EDGE( '', *, *, #5147, .F. );
#3241 = ORIENTED_EDGE( '', *, *, #4912, .F. );
#3242 = CARTESIAN_POINT( '', ( 0.00000000000000, -0.00150000000000000, 0.00000000000000 ) );
#3243 = DIRECTION( '', ( -0.00000000000000, -1.00000000000000, -0.00000000000000 ) );
#3244 = DIRECTION( '', ( -1.00000000000000, 0.00000000000000, 0.00000000000000 ) );
#3245 = SURFACE_STYLE_FILL_AREA( #5148 );
#3246 = ORIENTED_EDGE( '', *, *, #4945, .T. );
#3247 = ORIENTED_EDGE( '', *, *, #4895, .F. );
#3248 = ORIENTED_EDGE( '', *, *, #5078, .T. );
#3249 = ORIENTED_EDGE( '', *, *, #5149, .F. );
#3250 = ORIENTED_EDGE( '', *, *, #5150, .F. );
#3251 = ORIENTED_EDGE( '', *, *, #5151, .F. );
#3252 = ORIENTED_EDGE( '', *, *, #5152, .T. );
#3253 = ORIENTED_EDGE( '', *, *, #5153, .F. );
#3254 = CARTESIAN_POINT( '', ( -0.00900000000000000, 0.0115000000000000, 0.00300000000000000 ) );
#3255 = DIRECTION( '', ( 0.00000000000000, -1.00000000000000, -0.00000000000000 ) );
#3256 = DIRECTION( '', ( 1.00000000000000, 0.00000000000000, 0.00000000000000 ) );
#3257 = SURFACE_STYLE_FILL_AREA( #5154 );
#3258 = ORIENTED_EDGE( '', *, *, #5155, .F. );
#3259 = ORIENTED_EDGE( '', *, *, #5156, .F. );
#3260 = ORIENTED_EDGE( '', *, *, #5157, .T. );
#3261 = ORIENTED_EDGE( '', *, *, #5158, .T. );
#3262 = CARTESIAN_POINT( '', ( -0.00912771867673100, -0.00150000000000000, 0.00800000000000000 ) );
#3263 = DIRECTION( '', ( 0.00000000000000, 0.00000000000000, -1.00000000000000 ) );
#3264 = DIRECTION( '', ( 0.00000000000000, -1.00000000000000, 0.00000000000000 ) );
#3265 = SURFACE_STYLE_FILL_AREA( #5159 );
#3266 = ORIENTED_EDGE( '', *, *, #5160, .T. );
#3267 = ORIENTED_EDGE( '', *, *, #5161, .F. );
#3268 = ORIENTED_EDGE( '', *, *, #5162, .T. );
#3269 = ORIENTED_EDGE( '', *, *, #5098, .T. );
#3270 = CARTESIAN_POINT( '', ( 0.00000000000000, -0.00150000000000000, 0.00000000000000 ) );
#3271 = DIRECTION( '', ( -0.00000000000000, -1.00000000000000, -0.00000000000000 ) );
#3272 = DIRECTION( '', ( -1.00000000000000, 0.00000000000000, 0.00000000000000 ) );
#3273 = SURFACE_STYLE_FILL_AREA( #5163 );
#3274 = ORIENTED_EDGE( '', *, *, #5164, .F. );
#3275 = ORIENTED_EDGE( '', *, *, #5165, .F. );
#3276 = ORIENTED_EDGE( '', *, *, #5166, .T. );
#3277 = ORIENTED_EDGE( '', *, *, #5167, .T. );
#3278 = CARTESIAN_POINT( '', ( 0.00952061518347600, 0.0174525188980300, -0.00493105148319100 ) );
#3279 = DIRECTION( '', ( -0.00000000000000, 1.00000000000000, -0.00000000000000 ) );
#3280 = DIRECTION( '', ( 0.918290672786822, 0.00000000000000, -0.395906858077409 ) );
#3281 = SURFACE_STYLE_FILL_AREA( #5168 );
#3282 = ORIENTED_EDGE( '', *, *, #5052, .T. );
#3283 = ORIENTED_EDGE( '', *, *, #5169, .F. );
#3284 = CARTESIAN_POINT( '', ( 0.00000000000000, -0.000700000000000000, 0.00000000000000 ) );
#3285 = DIRECTION( '', ( -0.00000000000000, 1.00000000000000, 0.00000000000000 ) );
#3286 = DIRECTION( '', ( 1.00000000000000, 0.00000000000000, 0.00000000000000 ) );
#3287 = SURFACE_STYLE_FILL_AREA( #5170 );
#3288 = ORIENTED_EDGE( '', *, *, #5171, .T. );
#3289 = ORIENTED_EDGE( '', *, *, #4902, .F. );
#3290 = ORIENTED_EDGE( '', *, *, #5068, .T. );
#3291 = ORIENTED_EDGE( '', *, *, #5172, .T. );
#3292 = SURFACE_STYLE_FILL_AREA( #5173 );
#3293 = ORIENTED_EDGE( '', *, *, #5174, .F. );
#3294 = ORIENTED_EDGE( '', *, *, #5175, .T. );
#3295 = ORIENTED_EDGE( '', *, *, #5024, .F. );
#3296 = ORIENTED_EDGE( '', *, *, #5118, .F. );
#3297 = CARTESIAN_POINT( '', ( -0.00900000000000000, -0.00150000000000000, 0.00300000000000000 ) );
#3298 = DIRECTION( '', ( -0.00000000000000, 1.00000000000000, -0.00000000000000 ) );
#3299 = DIRECTION( '', ( 0.00000000000000, 0.00000000000000, 1.00000000000000 ) );
#3300 = SURFACE_STYLE_FILL_AREA( #5176 );
#3301 = ORIENTED_EDGE( '', *, *, #5177, .T. );
#3302 = ORIENTED_EDGE( '', *, *, #5089, .T. );
#3303 = ORIENTED_EDGE( '', *, *, #4934, .T. );
#3304 = ORIENTED_EDGE( '', *, *, #5178, .T. );
#3305 = ORIENTED_EDGE( '', *, *, #5003, .T. );
#3306 = ORIENTED_EDGE( '', *, *, #5179, .F. );
#3307 = ORIENTED_EDGE( '', *, *, #5180, .T. );
#3308 = ORIENTED_EDGE( '', *, *, #4973, .T. );
#3309 = ORIENTED_EDGE( '', *, *, #5181, .T. );
#3310 = ORIENTED_EDGE( '', *, *, #5182, .T. );
#3311 = ORIENTED_EDGE( '', *, *, #5183, .T. );
#3312 = ORIENTED_EDGE( '', *, *, #4907, .T. );
#3313 = ORIENTED_EDGE( '', *, *, #5184, .T. );
#3314 = ORIENTED_EDGE( '', *, *, #5185, .T. );
#3315 = ORIENTED_EDGE( '', *, *, #5186, .T. );
#3316 = ORIENTED_EDGE( '', *, *, #5187, .F. );
#3317 = CARTESIAN_POINT( '', ( 0.00000000000000, 0.00150000000000000, 0.00000000000000 ) );
#3318 = DIRECTION( '', ( -0.00000000000000, 1.00000000000000, 0.00000000000000 ) );
#3319 = DIRECTION( '', ( 1.00000000000000, 0.00000000000000, 0.00000000000000 ) );
#3320 = SURFACE_STYLE_FILL_AREA( #5188 );
#3321 = ORIENTED_EDGE( '', *, *, #5189, .F. );
#3322 = ORIENTED_EDGE( '', *, *, #5190, .F. );
#3323 = ORIENTED_EDGE( '', *, *, #5182, .F. );
#3324 = ORIENTED_EDGE( '', *, *, #5191, .T. );
#3325 = CARTESIAN_POINT( '', ( 0.0109310514831900, 0.0174525188980300, -0.00247938481652400 ) );
#3326 = DIRECTION( '', ( -0.00000000000000, 1.00000000000000, -0.00000000000000 ) );
#3327 = DIRECTION( '', ( 0.395906858077325, 0.00000000000000, 0.918290672786858 ) );
#3328 = SURFACE_STYLE_FILL_AREA( #5192 );
#3329 = ORIENTED_EDGE( '', *, *, #5027, .F. );
#3330 = ORIENTED_EDGE( '', *, *, #5193, .F. );
#3331 = ORIENTED_EDGE( '', *, *, #5194, .F. );
#3332 = ORIENTED_EDGE( '', *, *, #5195, .T. );
#3333 = CARTESIAN_POINT( '', ( -0.00900000000000000, -0.00150000000000000, -0.00300000000000000 ) );
#3334 = DIRECTION( '', ( -0.00000000000000, 1.00000000000000, -0.00000000000000 ) );
#3335 = DIRECTION( '', ( 0.00000000000000, 0.00000000000000, 1.00000000000000 ) );
#3336 = SURFACE_STYLE_FILL_AREA( #5196 );
#3337 = ORIENTED_EDGE( '', *, *, #5197, .F. );
#3338 = ORIENTED_EDGE( '', *, *, #5198, .T. );
#3339 = CARTESIAN_POINT( '', ( 0.0120000000000000, -0.000700000000000000, 0.00600000000000000 ) );
#3340 = DIRECTION( '', ( 0.00000000000000, -1.00000000000000, -0.00000000000000 ) );
#3341 = DIRECTION( '', ( 1.00000000000000, 0.00000000000000, 0.00000000000000 ) );
#3342 = SURFACE_STYLE_FILL_AREA( #5199 );
#3343 = ORIENTED_EDGE( '', *, *, #5200, .F. );
#3344 = ORIENTED_EDGE( '', *, *, #5201, .F. );
#3345 = ORIENTED_EDGE( '', *, *, #5202, .T. );
#3346 = ORIENTED_EDGE( '', *, *, #5203, .T. );
#3347 = ORIENTED_EDGE( '', *, *, #5204, .T. );
#3348 = ORIENTED_EDGE( '', *, *, #5205, .F. );
#3349 = ORIENTED_EDGE( '', *, *, #5206, .F. );
#3350 = ORIENTED_EDGE( '', *, *, #5207, .F. );
#3351 = ORIENTED_EDGE( '', *, *, #5073, .T. );
#3352 = CARTESIAN_POINT( '', ( -0.0150000000000000, 0.00150000000000000, -0.00250000000000000 ) );
#3353 = DIRECTION( '', ( 0.00000000000000, 0.00000000000000, -1.00000000000000 ) );
#3354 = DIRECTION( '', ( 0.00000000000000, -1.00000000000000, 0.00000000000000 ) );
#3355 = SURFACE_STYLE_FILL_AREA( #5208 );
#3356 = ORIENTED_EDGE( '', *, *, #5102, .T. );
#3357 = ORIENTED_EDGE( '', *, *, #5033, .T. );
#3358 = ORIENTED_EDGE( '', *, *, #5209, .T. );
#3359 = ORIENTED_EDGE( '', *, *, #5210, .T. );
#3360 = ORIENTED_EDGE( '', *, *, #5106, .T. );
#3361 = ORIENTED_EDGE( '', *, *, #5125, .T. );
#3362 = ORIENTED_EDGE( '', *, *, #5211, .T. );
#3363 = ORIENTED_EDGE( '', *, *, #4967, .T. );
#3364 = ORIENTED_EDGE( '', *, *, #5212, .T. );
#3365 = ORIENTED_EDGE( '', *, *, #5213, .F. );
#3366 = ORIENTED_EDGE( '', *, *, #5007, .T. );
#3367 = ORIENTED_EDGE( '', *, *, #5214, .T. );
#3368 = ORIENTED_EDGE( '', *, *, #5215, .T. );
#3369 = ORIENTED_EDGE( '', *, *, #5216, .T. );
#3370 = ORIENTED_EDGE( '', *, *, #5217, .T. );
#3371 = ORIENTED_EDGE( '', *, *, #5218, .F. );
#3372 = CARTESIAN_POINT( '', ( 0.00000000000000, 0.00150000000000000, 0.00000000000000 ) );
#3373 = DIRECTION( '', ( -0.00000000000000, 1.00000000000000, 0.00000000000000 ) );
#3374 = DIRECTION( '', ( 1.00000000000000, 0.00000000000000, 0.00000000000000 ) );
#3375 = SURFACE_STYLE_FILL_AREA( #5219 );
#3376 = ORIENTED_EDGE( '', *, *, #5220, .F. );
#3377 = ORIENTED_EDGE( '', *, *, #4904, .T. );
#3378 = ORIENTED_EDGE( '', *, *, #5183, .F. );
#3379 = ORIENTED_EDGE( '', *, *, #5190, .T. );
#3380 = CARTESIAN_POINT( '', ( 0.0120000000000000, -0.00150000000000000, 0.00000000000000 ) );
#3381 = DIRECTION( '', ( -0.00000000000000, 1.00000000000000, -0.00000000000000 ) );
#3382 = DIRECTION( '', ( 1.00000000000000, 0.00000000000000, 0.00000000000000 ) );
#3383 = SURFACE_STYLE_FILL_AREA( #5221 );
#3384 = ORIENTED_EDGE( '', *, *, #5222, .F. );
#3385 = ORIENTED_EDGE( '', *, *, #5223, .T. );
#3386 = CARTESIAN_POINT( '', ( -0.0120000000000000, -0.00150000000000000, -0.00600000000000000 ) );
#3387 = DIRECTION( '', ( -0.00000000000000, 1.00000000000000, -0.00000000000000 ) );
#3388 = DIRECTION( '', ( 1.00000000000000, 0.00000000000000, 0.00000000000000 ) );
#3389 = SURFACE_STYLE_FILL_AREA( #5224 );
#3390 = ORIENTED_EDGE( '', *, *, #5225, .F. );
#3391 = ORIENTED_EDGE( '', *, *, #5226, .F. );
#3392 = ORIENTED_EDGE( '', *, *, #5227, .T. );
#3393 = ORIENTED_EDGE( '', *, *, #5228, .F. );
#3394 = ORIENTED_EDGE( '', *, *, #4925, .F. );
#3395 = CARTESIAN_POINT( '', ( 0.00000000000000, 0.00642878237724300, 0.00000000000000 ) );
#3396 = DIRECTION( '', ( 0.00000000000000, 1.00000000000000, -0.00000000000000 ) );
#3397 = DIRECTION( '', ( -0.707106781186547, 0.00000000000000, -0.707106781186547 ) );
#3398 = SURFACE_STYLE_FILL_AREA( #5229 );
#3399 = ORIENTED_EDGE( '', *, *, #5059, .F. );
#3400 = ORIENTED_EDGE( '', *, *, #4928, .F. );
#3401 = ORIENTED_EDGE( '', *, *, #5230, .F. );
#3402 = ORIENTED_EDGE( '', *, *, #4999, .T. );
#3403 = CARTESIAN_POINT( '', ( 0.00280000000000000, 0.0174525188980300, -0.00870000000000000 ) );
#3404 = DIRECTION( '', ( -0.00000000000000, 1.00000000000000, -0.00000000000000 ) );
#3405 = DIRECTION( '', ( -1.00000000000000, 0.00000000000000, 0.00000000000000 ) );
#3406 = SURFACE_STYLE_FILL_AREA( #5231 );
#3407 = ORIENTED_EDGE( '', *, *, #5232, .F. );
#3408 = ORIENTED_EDGE( '', *, *, #5233, .T. );
#3409 = CARTESIAN_POINT( '', ( 0.00900000000000000, -0.00150000000000000, 0.00300000000000000 ) );
#3410 = DIRECTION( '', ( -0.00000000000000, 1.00000000000000, -0.00000000000000 ) );
#3411 = DIRECTION( '', ( 1.00000000000000, 0.00000000000000, 0.00000000000000 ) );
#3412 = SURFACE_STYLE_FILL_AREA( #5234 );
#3413 = ORIENTED_EDGE( '', *, *, #4914, .T. );
#3414 = ORIENTED_EDGE( '', *, *, #5235, .F. );
#3415 = CARTESIAN_POINT( '', ( 0.00000000000000, -0.000700000000000000, 0.00000000000000 ) );
#3416 = DIRECTION( '', ( -0.00000000000000, 1.00000000000000, 0.00000000000000 ) );
#3417 = DIRECTION( '', ( 1.00000000000000, 0.00000000000000, 0.00000000000000 ) );
#3418 = SURFACE_STYLE_FILL_AREA( #5236 );
#3419 = ORIENTED_EDGE( '', *, *, #5237, .T. );
#3420 = ORIENTED_EDGE( '', *, *, #5238, .F. );
#3421 = ORIENTED_EDGE( '', *, *, #5239, .T. );
#3422 = ORIENTED_EDGE( '', *, *, #5240, .T. );
#3423 = CARTESIAN_POINT( '', ( 0.00900000000000000, -0.00150000000000000, -0.00300000000000000 ) );
#3424 = DIRECTION( '', ( 0.00000000000000, -1.00000000000000, -0.00000000000000 ) );
#3425 = DIRECTION( '', ( 1.00000000000000, 0.00000000000000, 0.00000000000000 ) );
#3426 = SURFACE_STYLE_FILL_AREA( #5241 );
#3427 = ORIENTED_EDGE( '', *, *, #5242, .T. );
#3428 = ORIENTED_EDGE( '', *, *, #5069, .T. );
#3429 = ORIENTED_EDGE( '', *, *, #4901, .T. );
#3430 = ORIENTED_EDGE( '', *, *, #4942, .T. );
#3431 = ORIENTED_EDGE( '', *, *, #5153, .T. );
#3432 = ORIENTED_EDGE( '', *, *, #5243, .T. );
#3433 = CARTESIAN_POINT( '', ( 0.00000000000000, 0.00411367400981800, 0.00000000000000 ) );
#3434 = DIRECTION( '', ( -0.00000000000000, -1.00000000000000, 0.00000000000000 ) );
#3435 = DIRECTION( '', ( -1.00000000000000, 0.00000000000000, 0.00000000000000 ) );
#3436 = SURFACE_STYLE_FILL_AREA( #5244 );
#3437 = ORIENTED_EDGE( '', *, *, #5245, .F. );
#3438 = ORIENTED_EDGE( '', *, *, #5246, .T. );
#3439 = ORIENTED_EDGE( '', *, *, #5247, .F. );
#3440 = ORIENTED_EDGE( '', *, *, #5248, .F. );
#3441 = CARTESIAN_POINT( '', ( 0.0120000000000000, -0.00150000000000000, 0.00600000000000000 ) );
#3442 = DIRECTION( '', ( -0.00000000000000, 1.00000000000000, -0.00000000000000 ) );
#3443 = DIRECTION( '', ( 1.00000000000000, 0.00000000000000, 0.00000000000000 ) );
#3444 = SURFACE_STYLE_FILL_AREA( #5249 );
#3445 = ORIENTED_EDGE( '', *, *, #5250, .T. );
#3446 = ORIENTED_EDGE( '', *, *, #5116, .T. );
#3447 = ORIENTED_EDGE( '', *, *, #5022, .F. );
#3448 = ORIENTED_EDGE( '', *, *, #5251, .F. );
#3449 = CARTESIAN_POINT( '', ( -0.00738466063387600, -0.00150000000000000, -0.00173778815872700 ) );
#3450 = DIRECTION( '', ( 1.00000000000000, 0.00000000000000, 0.00000000000000 ) );
#3451 = DIRECTION( '', ( 0.00000000000000, 1.00000000000000, 0.00000000000000 ) );
#3452 = SURFACE_STYLE_FILL_AREA( #5252 );
#3453 = ORIENTED_EDGE( '', *, *, #5253, .F. );
#3454 = ORIENTED_EDGE( '', *, *, #5254, .F. );
#3455 = ORIENTED_EDGE( '', *, *, #4952, .F. );
#3456 = ORIENTED_EDGE( '', *, *, #4922, .F. );
#3457 = ORIENTED_EDGE( '', *, *, #5255, .F. );
#3458 = ORIENTED_EDGE( '', *, *, #5256, .T. );
#3459 = CARTESIAN_POINT( '', ( 0.00000000000000, 0.00346708316181600, 0.00000000000000 ) );
#3460 = DIRECTION( '', ( -0.00000000000000, -1.00000000000000, 0.00000000000000 ) );
#3461 = DIRECTION( '', ( -1.00000000000000, 0.00000000000000, 0.00000000000000 ) );
#3462 = SURFACE_STYLE_FILL_AREA( #5257 );
#3463 = ORIENTED_EDGE( '', *, *, #5035, .T. );
#3464 = ORIENTED_EDGE( '', *, *, #5198, .F. );
#3465 = CARTESIAN_POINT( '', ( 0.00000000000000, -0.000700000000000000, 0.00000000000000 ) );
#3466 = DIRECTION( '', ( -0.00000000000000, 1.00000000000000, 0.00000000000000 ) );
#3467 = DIRECTION( '', ( 1.00000000000000, 0.00000000000000, 0.00000000000000 ) );
#3468 = SURFACE_STYLE_FILL_AREA( #5258 );
#3469 = ORIENTED_EDGE( '', *, *, #5255, .T. );
#3470 = ORIENTED_EDGE( '', *, *, #4930, .F. );
#3471 = ORIENTED_EDGE( '', *, *, #5058, .F. );
#3472 = ORIENTED_EDGE( '', *, *, #5094, .T. );
#3473 = ORIENTED_EDGE( '', *, *, #5259, .F. );
#3474 = ORIENTED_EDGE( '', *, *, #5260, .F. );
#3475 = CARTESIAN_POINT( '', ( 0.00000000000000, -0.00150000000000000, 0.00000000000000 ) );
#3476 = DIRECTION( '', ( 0.00000000000000, -1.00000000000000, -0.00000000000000 ) );
#3477 = DIRECTION( '', ( 1.00000000000000, 0.00000000000000, 0.00000000000000 ) );
#3478 = SURFACE_STYLE_FILL_AREA( #5261 );
#3479 = ORIENTED_EDGE( '', *, *, #5262, .F. );
#3480 = ORIENTED_EDGE( '', *, *, #5146, .F. );
#3481 = ORIENTED_EDGE( '', *, *, #5263, .F. );
#3482 = ORIENTED_EDGE( '', *, *, #5264, .T. );
#3483 = CARTESIAN_POINT( '', ( -0.00250000000000000, 0.0173425406033700, 0.00696491205974600 ) );
#3484 = DIRECTION( '', ( -0.00000000000000, 1.00000000000000, -0.00000000000000 ) );
#3485 = DIRECTION( '', ( 1.00000000000000, 0.00000000000000, 0.00000000000000 ) );
#3486 = SURFACE_STYLE_FILL_AREA( #5265 );
#3487 = ORIENTED_EDGE( '', *, *, #5266, .F. );
#3488 = ORIENTED_EDGE( '', *, *, #5267, .T. );
#3489 = ORIENTED_EDGE( '', *, *, #5086, .F. );
#3490 = ORIENTED_EDGE( '', *, *, #5268, .F. );
#3491 = ORIENTED_EDGE( '', *, *, #5167, .F. );
#3492 = ORIENTED_EDGE( '', *, *, #5269, .T. );
#3493 = ORIENTED_EDGE( '', *, *, #5141, .F. );
#3494 = CARTESIAN_POINT( '', ( 0.00900000000000000, 0.0115000000000000, -0.00300000000000000 ) );
#3495 = DIRECTION( '', ( 0.00000000000000, -1.00000000000000, -0.00000000000000 ) );
#3496 = DIRECTION( '', ( 1.00000000000000, 0.00000000000000, 0.00000000000000 ) );
#3497 = SURFACE_STYLE_FILL_AREA( #5270 );
#3498 = ORIENTED_EDGE( '', *, *, #5175, .F. );
#3499 = ORIENTED_EDGE( '', *, *, #5271, .F. );
#3500 = ORIENTED_EDGE( '', *, *, #4920, .T. );
#3501 = ORIENTED_EDGE( '', *, *, #5025, .F. );
#3502 = CARTESIAN_POINT( '', ( -0.00827755413069000, -0.0121629345071000, 0.000763804130690400 ) );
#3503 = DIRECTION( '', ( -0.00000000000000, -1.00000000000000, -0.00000000000000 ) );
#3504 = DIRECTION( '', ( -0.979591018239374, 0.00000000000000, -0.201001087023794 ) );
#3505 = SURFACE_STYLE_FILL_AREA( #5272 );
#3506 = ORIENTED_EDGE( '', *, *, #5273, .F. );
#3507 = ORIENTED_EDGE( '', *, *, #5274, .F. );
#3508 = ORIENTED_EDGE( '', *, *, #5275, .F. );
#3509 = ORIENTED_EDGE( '', *, *, #5081, .F. );
#3510 = ORIENTED_EDGE( '', *, *, #5276, .T. );
#3511 = CARTESIAN_POINT( '', ( -0.00573809871394000, 0.0173425406033700, 0.00250000000000000 ) );
#3512 = DIRECTION( '', ( -0.00000000000000, 1.00000000000000, -0.00000000000000 ) );
#3513 = DIRECTION( '', ( -0.988454935169695, 0.00000000000000, 0.151515151515199 ) );
#3514 = SURFACE_STYLE_FILL_AREA( #5277 );
#3515 = ORIENTED_EDGE( '', *, *, #5278, .F. );
#3516 = ORIENTED_EDGE( '', *, *, #5279, .F. );
#3517 = ORIENTED_EDGE( '', *, *, #5280, .T. );
#3518 = ORIENTED_EDGE( '', *, *, #5281, .F. );
#3519 = CARTESIAN_POINT( '', ( -0.00503487835007000, -0.0121629345071000, -0.00770000000000000 ) );
#3520 = DIRECTION( '', ( 0.00000000000000, -1.00000000000000, -0.00000000000000 ) );
#3521 = DIRECTION( '', ( 0.547269385877125, 0.00000000000000, 0.836956521739137 ) );
#3522 = SURFACE_STYLE_FILL_AREA( #5282 );
#3523 = ORIENTED_EDGE( '', *, *, #4988, .F. );
#3524 = ORIENTED_EDGE( '', *, *, #5045, .T. );
#3525 = ORIENTED_EDGE( '', *, *, #5283, .F. );
#3526 = ORIENTED_EDGE( '', *, *, #5284, .F. );
#3527 = ORIENTED_EDGE( '', *, *, #5285, .F. );
#3528 = ORIENTED_EDGE( '', *, *, #5286, .T. );
#3529 = CARTESIAN_POINT( '', ( 0.00900000000000000, -0.00150000000000000, 0.00300000000000000 ) );
#3530 = DIRECTION( '', ( -0.00000000000000, 1.00000000000000, -0.00000000000000 ) );
#3531 = DIRECTION( '', ( 1.00000000000000, 0.00000000000000, 0.00000000000000 ) );
#3532 = SURFACE_STYLE_FILL_AREA( #5287 );
#3533 = ORIENTED_EDGE( '', *, *, #5288, .F. );
#3534 = ORIENTED_EDGE( '', *, *, #5113, .F. );
#3535 = ORIENTED_EDGE( '', *, *, #5289, .F. );
#3536 = ORIENTED_EDGE( '', *, *, #5290, .T. );
#3537 = CARTESIAN_POINT( '', ( 0.00000000000000, -0.00150000000000000, 0.00000000000000 ) );
#3538 = DIRECTION( '', ( -0.00000000000000, 1.00000000000000, -0.00000000000000 ) );
#3539 = DIRECTION( '', ( 1.00000000000000, 0.00000000000000, 0.00000000000000 ) );
#3540 = SURFACE_STYLE_FILL_AREA( #5291 );
#3541 = ORIENTED_EDGE( '', *, *, #5292, .T. );
#3542 = ORIENTED_EDGE( '', *, *, #5293, .T. );
#3543 = ORIENTED_EDGE( '', *, *, #5294, .T. );
#3544 = ORIENTED_EDGE( '', *, *, #5295, .T. );
#3545 = ORIENTED_EDGE( '', *, *, #5296, .T. );
#3546 = ORIENTED_EDGE( '', *, *, #5297, .T. );
#3547 = ORIENTED_EDGE( '', *, *, #4965, .T. );
#3548 = ORIENTED_EDGE( '', *, *, #5298, .T. );
#3549 = ORIENTED_EDGE( '', *, *, #5123, .T. );
#3550 = ORIENTED_EDGE( '', *, *, #5108, .T. );
#3551 = ORIENTED_EDGE( '', *, *, #5299, .T. );
#3552 = ORIENTED_EDGE( '', *, *, #5300, .T. );
#3553 = ORIENTED_EDGE( '', *, *, #5031, .T. );
#3554 = ORIENTED_EDGE( '', *, *, #5101, .T. );
#3555 = ORIENTED_EDGE( '', *, *, #5301, .T. );
#3556 = ORIENTED_EDGE( '', *, *, #5150, .T. );
#3557 = ORIENTED_EDGE( '', *, *, #5302, .T. );
#3558 = ORIENTED_EDGE( '', *, *, #5120, .T. );
#3559 = ORIENTED_EDGE( '', *, *, #5303, .T. );
#3560 = ORIENTED_EDGE( '', *, *, #5304, .T. );
#3561 = ORIENTED_EDGE( '', *, *, #5305, .T. );
#3562 = CARTESIAN_POINT( '', ( 0.00000000000000, 0.000700000000000000, 0.00000000000000 ) );
#3563 = DIRECTION( '', ( -0.00000000000000, 1.00000000000000, 0.00000000000000 ) );
#3564 = DIRECTION( '', ( 1.00000000000000, 0.00000000000000, 0.00000000000000 ) );
#3565 = SURFACE_STYLE_FILL_AREA( #5306 );
#3566 = ORIENTED_EDGE( '', *, *, #5290, .F. );
#3567 = ORIENTED_EDGE( '', *, *, #5307, .F. );
#3568 = ORIENTED_EDGE( '', *, *, #5308, .T. );
#3569 = ORIENTED_EDGE( '', *, *, #5309, .F. );
#3570 = CARTESIAN_POINT( '', ( 0.00773521342243700, -0.0121629345071000, 0.00498060973268800 ) );
#3571 = DIRECTION( '', ( -0.00000000000000, -1.00000000000000, -0.00000000000000 ) );
#3572 = DIRECTION( '', ( 0.538207054281969, 0.00000000000000, -0.842812652207551 ) );
#3573 = SURFACE_STYLE_FILL_AREA( #5310 );
#3574 = ORIENTED_EDGE( '', *, *, #5311, .F. );
#3575 = ORIENTED_EDGE( '', *, *, #5312, .F. );
#3576 = ORIENTED_EDGE( '', *, *, #5313, .F. );
#3577 = ORIENTED_EDGE( '', *, *, #5314, .T. );
#3578 = CARTESIAN_POINT( '', ( -0.00250000000000000, 0.0173425406033700, 0.00250000000000000 ) );
#3579 = DIRECTION( '', ( -0.00000000000000, 1.00000000000000, -0.00000000000000 ) );
#3580 = DIRECTION( '', ( 0.00000000000000, 0.00000000000000, -1.00000000000000 ) );
#3581 = SURFACE_STYLE_FILL_AREA( #5315 );
#3582 = ORIENTED_EDGE( '', *, *, #5316, .T. );
#3583 = ORIENTED_EDGE( '', *, *, #5317, .F. );
#3584 = ORIENTED_EDGE( '', *, *, #5318, .T. );
#3585 = ORIENTED_EDGE( '', *, *, #5319, .F. );
#3586 = ORIENTED_EDGE( '', *, *, #5070, .T. );
#3587 = ORIENTED_EDGE( '', *, *, #5242, .F. );
#3588 = ORIENTED_EDGE( '', *, *, #5320, .T. );
#3589 = ORIENTED_EDGE( '', *, *, #5217, .F. );
#3590 = ORIENTED_EDGE( '', *, *, #5321, .T. );
#3591 = ORIENTED_EDGE( '', *, *, #5322, .T. );
#3592 = ORIENTED_EDGE( '', *, *, #5090, .F. );
#3593 = ORIENTED_EDGE( '', *, *, #5177, .F. );
#3594 = ORIENTED_EDGE( '', *, *, #5323, .T. );
#3595 = ORIENTED_EDGE( '', *, *, #5324, .F. );
#3596 = CARTESIAN_POINT( '', ( -0.0150000000000000, -0.00150000000000000, 0.00900000000000000 ) );
#3597 = DIRECTION( '', ( 0.00000000000000, 0.00000000000000, 1.00000000000000 ) );
#3598 = DIRECTION( '', ( 1.00000000000000, 0.00000000000000, 0.00000000000000 ) );
#3599 = SURFACE_STYLE_FILL_AREA( #5325 );
#3600 = ORIENTED_EDGE( '', *, *, #5326, .F. );
#3601 = ORIENTED_EDGE( '', *, *, #5317, .T. );
#3602 = ORIENTED_EDGE( '', *, *, #5327, .F. );
#3603 = ORIENTED_EDGE( '', *, *, #5328, .F. );
#3604 = CARTESIAN_POINT( '', ( 0.00280000000000000, -0.0122251708784000, 0.00870000000000000 ) );
#3605 = DIRECTION( '', ( -0.00000000000000, -1.00000000000000, -0.00000000000000 ) );
#3606 = DIRECTION( '', ( -1.00000000000000, 0.00000000000000, 0.00000000000000 ) );
#3607 = SURFACE_STYLE_FILL_AREA( #5329 );
#3608 = VERTEX_POINT( '', #5330 );
#3609 = ORIENTED_EDGE( '', *, *, #5331, .T. );
#3610 = CARTESIAN_POINT( '', ( 0.00000000000000, 0.00386250000000000, 0.00000000000000 ) );
#3611 = DIRECTION( '', ( 0.00000000000000, 1.00000000000000, 0.00000000000000 ) );
#3612 = DIRECTION( '', ( 1.00000000000000, 0.00000000000000, 0.00000000000000 ) );
#3613 = SURFACE_STYLE_FILL_AREA( #5332 );
#3614 = ORIENTED_EDGE( '', *, *, #4918, .F. );
#3615 = ORIENTED_EDGE( '', *, *, #5333, .F. );
#3616 = ORIENTED_EDGE( '', *, *, #5193, .T. );
#3617 = ORIENTED_EDGE( '', *, *, #5026, .F. );
#3618 = CARTESIAN_POINT( '', ( -0.00827755413069000, -0.0121629345071000, -0.000763804130690400 ) );
#3619 = DIRECTION( '', ( -0.00000000000000, -1.00000000000000, -0.00000000000000 ) );
#3620 = DIRECTION( '', ( -0.307423774174308, 0.00000000000000, -0.951572710344524 ) );
#3621 = SURFACE_STYLE_FILL_AREA( #5334 );
#3622 = ORIENTED_EDGE( '', *, *, #5335, .T. );
#3623 = ORIENTED_EDGE( '', *, *, #5336, .T. );
#3624 = ORIENTED_EDGE( '', *, *, #5062, .T. );
#3625 = ORIENTED_EDGE( '', *, *, #5337, .F. );
#3626 = ORIENTED_EDGE( '', *, *, #5338, .F. );
#3627 = ORIENTED_EDGE( '', *, *, #5339, .F. );
#3628 = CARTESIAN_POINT( '', ( 0.00000000000000, -0.00150000000000000, 0.00000000000000 ) );
#3629 = DIRECTION( '', ( -0.00000000000000, 1.00000000000000, -0.00000000000000 ) );
#3630 = DIRECTION( '', ( -1.00000000000000, 0.00000000000000, 0.00000000000000 ) );
#3631 = SURFACE_STYLE_FILL_AREA( #5340 );
#3632 = ORIENTED_EDGE( '', *, *, #5341, .T. );
#3633 = ORIENTED_EDGE( '', *, *, #4958, .F. );
#3634 = ORIENTED_EDGE( '', *, *, #5342, .T. );
#3635 = ORIENTED_EDGE( '', *, *, #5343, .T. );
#3636 = ORIENTED_EDGE( '', *, *, #5253, .T. );
#3637 = ORIENTED_EDGE( '', *, *, #5344, .T. );
#3638 = CARTESIAN_POINT( '', ( 0.00900000000000000, -0.00150000000000000, -0.00300000000000000 ) );
#3639 = DIRECTION( '', ( 0.00000000000000, -1.00000000000000, -0.00000000000000 ) );
#3640 = DIRECTION( '', ( 1.00000000000000, 0.00000000000000, 0.00000000000000 ) );
#3641 = SURFACE_STYLE_FILL_AREA( #5345 );
#3642 = ORIENTED_EDGE( '', *, *, #5346, .F. );
#3643 = ORIENTED_EDGE( '', *, *, #5240, .F. );
#3644 = ORIENTED_EDGE( '', *, *, #5347, .F. );
#3645 = ORIENTED_EDGE( '', *, *, #5348, .T. );
#3646 = CARTESIAN_POINT( '', ( 0.00827755413069000, 0.0173425406033700, -0.00523619586931000 ) );
#3647 = DIRECTION( '', ( -0.00000000000000, 1.00000000000000, -0.00000000000000 ) );
#3648 = DIRECTION( '', ( 0.979591018239374, 0.00000000000000, -0.201001087023794 ) );
#3649 = SURFACE_STYLE_FILL_AREA( #5349 );
#3650 = ORIENTED_EDGE( '', *, *, #5350, .T. );
#3651 = ORIENTED_EDGE( '', *, *, #5212, .F. );
#3652 = ORIENTED_EDGE( '', *, *, #4966, .T. );
#3653 = ORIENTED_EDGE( '', *, *, #5297, .F. );
#3654 = ORIENTED_EDGE( '', *, *, #5351, .T. );
#3655 = CARTESIAN_POINT( '', ( -0.0120000000000000, -0.00150000000000000, -0.00600000000000000 ) );
#3656 = DIRECTION( '', ( -0.00000000000000, 1.00000000000000, -0.00000000000000 ) );
#3657 = DIRECTION( '', ( 1.00000000000000, 0.00000000000000, 0.00000000000000 ) );
#3658 = SURFACE_STYLE_FILL_AREA( #5352 );
#3659 = ORIENTED_EDGE( '', *, *, #5299, .F. );
#3660 = ORIENTED_EDGE( '', *, *, #5107, .F. );
#3661 = ORIENTED_EDGE( '', *, *, #5210, .F. );
#3662 = ORIENTED_EDGE( '', *, *, #5353, .T. );
#3663 = CARTESIAN_POINT( '', ( -0.0109310514831900, 0.0174525188980300, 0.00247938481652400 ) );
#3664 = DIRECTION( '', ( -0.00000000000000, 1.00000000000000, 0.00000000000000 ) );
#3665 = DIRECTION( '', ( -0.395906858077325, 0.00000000000000, -0.918290672786858 ) );
#3666 = SURFACE_STYLE_FILL_AREA( #5354 );
#3667 = ORIENTED_EDGE( '', *, *, #5355, .T. );
#3668 = ORIENTED_EDGE( '', *, *, #5186, .F. );
#3669 = ORIENTED_EDGE( '', *, *, #5356, .T. );
#3670 = ORIENTED_EDGE( '', *, *, #5357, .F. );
#3671 = ORIENTED_EDGE( '', *, *, #5129, .T. );
#3672 = CARTESIAN_POINT( '', ( 0.0120000000000000, -0.00150000000000000, 0.00600000000000000 ) );
#3673 = DIRECTION( '', ( -0.00000000000000, 1.00000000000000, -0.00000000000000 ) );
#3674 = DIRECTION( '', ( 1.00000000000000, 0.00000000000000, 0.00000000000000 ) );
#3675 = SURFACE_STYLE_FILL_AREA( #5358 );
#3676 = ORIENTED_EDGE( '', *, *, #5079, .F. );
#3677 = ORIENTED_EDGE( '', *, *, #4897, .T. );
#3678 = ORIENTED_EDGE( '', *, *, #4944, .F. );
#3679 = ORIENTED_EDGE( '', *, *, #5359, .F. );
#3680 = ORIENTED_EDGE( '', *, *, #5360, .T. );
#3681 = ORIENTED_EDGE( '', *, *, #5361, .F. );
#3682 = ORIENTED_EDGE( '', *, *, #5362, .T. );
#3683 = ORIENTED_EDGE( '', *, *, #5363, .T. );
#3684 = ORIENTED_EDGE( '', *, *, #5364, .F. );
#3685 = CARTESIAN_POINT( '', ( -0.0150000000000000, 0.00734102206379300, 0.00250000000000000 ) );
#3686 = DIRECTION( '', ( 0.00000000000000, 0.00000000000000, 1.00000000000000 ) );
#3687 = DIRECTION( '', ( 1.00000000000000, 0.00000000000000, 0.00000000000000 ) );
#3688 = SURFACE_STYLE_FILL_AREA( #5365 );
#3689 = ORIENTED_EDGE( '', *, *, #5222, .T. );
#3690 = ORIENTED_EDGE( '', *, *, #5366, .F. );
#3691 = CARTESIAN_POINT( '', ( 0.00000000000000, -0.000700000000000000, 0.00000000000000 ) );
#3692 = DIRECTION( '', ( -0.00000000000000, 1.00000000000000, 0.00000000000000 ) );
#3693 = DIRECTION( '', ( 1.00000000000000, 0.00000000000000, 0.00000000000000 ) );
#3694 = SURFACE_STYLE_FILL_AREA( #5367 );
#3695 = ORIENTED_EDGE( '', *, *, #5368, .F. );
#3696 = ORIENTED_EDGE( '', *, *, #5369, .F. );
#3697 = ORIENTED_EDGE( '', *, *, #5370, .F. );
#3698 = ORIENTED_EDGE( '', *, *, #5371, .T. );
#3699 = CARTESIAN_POINT( '', ( -0.00250000000000000, -0.0121629345071000, -0.00250000000000000 ) );
#3700 = DIRECTION( '', ( -0.00000000000000, -1.00000000000000, -0.00000000000000 ) );
#3701 = DIRECTION( '', ( 0.00000000000000, 0.00000000000000, 1.00000000000000 ) );
#3702 = SURFACE_STYLE_FILL_AREA( #5372 );
#3703 = ORIENTED_EDGE( '', *, *, #5373, .T. );
#3704 = ORIENTED_EDGE( '', *, *, #5374, .F. );
#3705 = ORIENTED_EDGE( '', *, *, #5375, .T. );
#3706 = ORIENTED_EDGE( '', *, *, #5041, .T. );
#3707 = SURFACE_STYLE_FILL_AREA( #5376 );
#3708 = ORIENTED_EDGE( '', *, *, #5060, .F. );
#3709 = ORIENTED_EDGE( '', *, *, #4997, .T. );
#3710 = ORIENTED_EDGE( '', *, *, #5377, .F. );
#3711 = ORIENTED_EDGE( '', *, *, #5378, .F. );
#3712 = CARTESIAN_POINT( '', ( -0.00280000000000000, -0.0122251708784000, -0.00870000000000000 ) );
#3713 = DIRECTION( '', ( 0.00000000000000, -1.00000000000000, -0.00000000000000 ) );
#3714 = DIRECTION( '', ( 1.00000000000000, 0.00000000000000, 0.00000000000000 ) );
#3715 = SURFACE_STYLE_FILL_AREA( #5379 );
#3716 = ORIENTED_EDGE( '', *, *, #5380, .F. );
#3717 = ORIENTED_EDGE( '', *, *, #5381, .F. );
#3718 = ORIENTED_EDGE( '', *, *, #5382, .T. );
#3719 = ORIENTED_EDGE( '', *, *, #5383, .T. );
#3720 = SURFACE_STYLE_FILL_AREA( #5384 );
#3721 = ORIENTED_EDGE( '', *, *, #5385, .F. );
#3722 = ORIENTED_EDGE( '', *, *, #5386, .T. );
#3723 = ORIENTED_EDGE( '', *, *, #5387, .F. );
#3724 = ORIENTED_EDGE( '', *, *, #5388, .F. );
#3725 = CARTESIAN_POINT( '', ( 0.0120000000000000, -0.00150000000000000, 0.00000000000000 ) );
#3726 = DIRECTION( '', ( -0.00000000000000, -1.00000000000000, -0.00000000000000 ) );
#3727 = DIRECTION( '', ( 0.00000000000000, 0.00000000000000, 1.00000000000000 ) );
#3728 = SURFACE_STYLE_FILL_AREA( #5389 );
#3729 = ORIENTED_EDGE( '', *, *, #5390, .F. );
#3730 = ORIENTED_EDGE( '', *, *, #5391, .F. );
#3731 = ORIENTED_EDGE( '', *, *, #5392, .F. );
#3732 = ORIENTED_EDGE( '', *, *, #5393, .T. );
#3733 = CARTESIAN_POINT( '', ( 0.00503487835007000, 0.0173425406033700, -0.00770000000000000 ) );
#3734 = DIRECTION( '', ( -0.00000000000000, 1.00000000000000, -0.00000000000000 ) );
#3735 = DIRECTION( '', ( -0.547269385877125, 0.00000000000000, 0.836956521739137 ) );
#3736 = SURFACE_STYLE_FILL_AREA( #5394 );
#3737 = ORIENTED_EDGE( '', *, *, #5378, .T. );
#3738 = ORIENTED_EDGE( '', *, *, #5395, .F. );
#3739 = ORIENTED_EDGE( '', *, *, #5396, .F. );
#3740 = ORIENTED_EDGE( '', *, *, #5397, .T. );
#3741 = ORIENTED_EDGE( '', *, *, #5398, .F. );
#3742 = ORIENTED_EDGE( '', *, *, #5399, .T. );
#3743 = ORIENTED_EDGE( '', *, *, #5400, .F. );
#3744 = ORIENTED_EDGE( '', *, *, #5337, .T. );
#3745 = ORIENTED_EDGE( '', *, *, #5061, .F. );
#3746 = CARTESIAN_POINT( '', ( -0.00250000000000000, 0.00750554761283200, -0.0150000000000000 ) );
#3747 = DIRECTION( '', ( -1.00000000000000, 0.00000000000000, 0.00000000000000 ) );
#3748 = DIRECTION( '', ( 0.00000000000000, 0.00000000000000, 1.00000000000000 ) );
#3749 = SURFACE_STYLE_FILL_AREA( #5401 );
#3750 = ORIENTED_EDGE( '', *, *, #5402, .F. );
#3751 = ORIENTED_EDGE( '', *, *, #5403, .F. );
#3752 = ORIENTED_EDGE( '', *, *, #5404, .F. );
#3753 = ORIENTED_EDGE( '', *, *, #5008, .F. );
#3754 = ORIENTED_EDGE( '', *, *, #5213, .T. );
#3755 = ORIENTED_EDGE( '', *, *, #5350, .F. );
#3756 = CARTESIAN_POINT( '', ( 0.00000000000000, 0.00300000000000000, 0.00000000000000 ) );
#3757 = DIRECTION( '', ( -0.00000000000000, 1.00000000000000, 0.00000000000000 ) );
#3758 = DIRECTION( '', ( 0.00148595956320297, 0.00000000000000, 0.999998895961479 ) );
#3759 = SURFACE_STYLE_FILL_AREA( #5405 );
#3760 = ORIENTED_EDGE( '', *, *, #5239, .F. );
#3761 = ORIENTED_EDGE( '', *, *, #5406, .T. );
#3762 = ORIENTED_EDGE( '', *, *, #5407, .F. );
#3763 = ORIENTED_EDGE( '', *, *, #5392, .T. );
#3764 = ORIENTED_EDGE( '', *, *, #5408, .F. );
#3765 = ORIENTED_EDGE( '', *, *, #5049, .T. );
#3766 = ORIENTED_EDGE( '', *, *, #5409, .T. );
#3767 = ORIENTED_EDGE( '', *, *, #5347, .T. );
#3768 = CARTESIAN_POINT( '', ( 0.00000000000000, 0.000500000000000000, 0.00000000000000 ) );
#3769 = DIRECTION( '', ( -0.00000000000000, 1.00000000000000, 0.00000000000000 ) );
#3770 = DIRECTION( '', ( 1.00000000000000, 0.00000000000000, 0.00000000000000 ) );
#3771 = SURFACE_STYLE_FILL_AREA( #5410 );
#3772 = ORIENTED_EDGE( '', *, *, #5411, .F. );
#3773 = ORIENTED_EDGE( '', *, *, #5412, .T. );
#3774 = ORIENTED_EDGE( '', *, *, #5395, .T. );
#3775 = ORIENTED_EDGE( '', *, *, #5377, .T. );
#3776 = ORIENTED_EDGE( '', *, *, #4996, .F. );
#3777 = SURFACE_STYLE_FILL_AREA( #5413 );
#3778 = ORIENTED_EDGE( '', *, *, #5414, .F. );
#3779 = ORIENTED_EDGE( '', *, *, #5415, .T. );
#3780 = ORIENTED_EDGE( '', *, *, #5416, .F. );
#3781 = ORIENTED_EDGE( '', *, *, #5417, .F. );
#3782 = CARTESIAN_POINT( '', ( -0.0120000000000000, -0.00150000000000000, -0.00600000000000000 ) );
#3783 = DIRECTION( '', ( -0.00000000000000, 1.00000000000000, -0.00000000000000 ) );
#3784 = DIRECTION( '', ( -1.00000000000000, 0.00000000000000, 0.00000000000000 ) );
#3785 = SURFACE_STYLE_FILL_AREA( #5418 );
#3786 = ORIENTED_EDGE( '', *, *, #5362, .F. );
#3787 = ORIENTED_EDGE( '', *, *, #5419, .T. );
#3788 = ORIENTED_EDGE( '', *, *, #5420, .F. );
#3789 = ORIENTED_EDGE( '', *, *, #5421, .T. );
#3790 = CARTESIAN_POINT( '', ( 0.00000000000000, 0.00386250000000000, 0.00000000000000 ) );
#3791 = DIRECTION( '', ( 0.00000000000000, 1.00000000000000, 0.00000000000000 ) );
#3792 = DIRECTION( '', ( 1.00000000000000, 0.00000000000000, 0.00000000000000 ) );
#3793 = SURFACE_STYLE_FILL_AREA( #5422 );
#3794 = ORIENTED_EDGE( '', *, *, #5423, .F. );
#3795 = ORIENTED_EDGE( '', *, *, #5424, .F. );
#3796 = ORIENTED_EDGE( '', *, *, #5425, .F. );
#3797 = ORIENTED_EDGE( '', *, *, #5426, .T. );
#3798 = CARTESIAN_POINT( '', ( 0.00768466063387600, 0.0173425406033700, -0.00105259599673700 ) );
#3799 = DIRECTION( '', ( -0.00000000000000, 1.00000000000000, -0.00000000000000 ) );
#3800 = DIRECTION( '', ( -1.00000000000000, 0.00000000000000, 0.00000000000000 ) );
#3801 = SURFACE_STYLE_FILL_AREA( #5427 );
#3802 = ORIENTED_EDGE( '', *, *, #4993, .F. );
#3803 = ORIENTED_EDGE( '', *, *, #5099, .T. );
#3804 = ORIENTED_EDGE( '', *, *, #5162, .F. );
#3805 = ORIENTED_EDGE( '', *, *, #5428, .T. );
#3806 = ORIENTED_EDGE( '', *, *, #5157, .F. );
#3807 = ORIENTED_EDGE( '', *, *, #5429, .T. );
#3808 = ORIENTED_EDGE( '', *, *, #5011, .T. );
#3809 = ORIENTED_EDGE( '', *, *, #5430, .T. );
#3810 = CARTESIAN_POINT( '', ( 0.00000000000000, 0.000500000000000000, 0.00000000000000 ) );
#3811 = DIRECTION( '', ( -0.00000000000000, 1.00000000000000, 0.00000000000000 ) );
#3812 = DIRECTION( '', ( 1.00000000000000, 0.00000000000000, 0.00000000000000 ) );
#3813 = SURFACE_STYLE_FILL_AREA( #5431 );
#3814 = ORIENTED_EDGE( '', *, *, #5432, .T. );
#3815 = ORIENTED_EDGE( '', *, *, #5433, .T. );
#3816 = ORIENTED_EDGE( '', *, *, #5434, .F. );
#3817 = ORIENTED_EDGE( '', *, *, #5426, .F. );
#3818 = CARTESIAN_POINT( '', ( 0.00738466063387600, -0.00150000000000000, -0.00173778815872700 ) );
#3819 = DIRECTION( '', ( 1.00000000000000, 0.00000000000000, 0.00000000000000 ) );
#3820 = DIRECTION( '', ( 0.00000000000000, 1.00000000000000, 0.00000000000000 ) );
#3821 = SURFACE_STYLE_FILL_AREA( #5435 );
#3822 = ORIENTED_EDGE( '', *, *, #5063, .F. );
#3823 = ORIENTED_EDGE( '', *, *, #5336, .F. );
#3824 = ORIENTED_EDGE( '', *, *, #5436, .F. );
#3825 = ORIENTED_EDGE( '', *, *, #5437, .T. );
#3826 = CARTESIAN_POINT( '', ( -0.00250000000000000, -0.0121629345071000, -0.00696491205974600 ) );
#3827 = DIRECTION( '', ( 0.00000000000000, -1.00000000000000, -0.00000000000000 ) );
#3828 = DIRECTION( '', ( 1.00000000000000, 0.00000000000000, 0.00000000000000 ) );
#3829 = SURFACE_STYLE_FILL_AREA( #5438 );
#3830 = ORIENTED_EDGE( '', *, *, #5439, .F. );
#3831 = ORIENTED_EDGE( '', *, *, #5440, .F. );
#3832 = ORIENTED_EDGE( '', *, *, #5134, .F. );
#3833 = ORIENTED_EDGE( '', *, *, #5441, .F. );
#3834 = ORIENTED_EDGE( '', *, *, #5442, .T. );
#3835 = CARTESIAN_POINT( '', ( 0.00425323406362700, -0.00150000000000000, 0.00200000000000000 ) );
#3836 = DIRECTION( '', ( 0.00000000000000, 0.00000000000000, -1.00000000000000 ) );
#3837 = DIRECTION( '', ( 0.00000000000000, -1.00000000000000, 0.00000000000000 ) );
#3838 = SURFACE_STYLE_FILL_AREA( #5443 );
#3839 = ORIENTED_EDGE( '', *, *, #5444, .T. );
#3840 = ORIENTED_EDGE( '', *, *, #5445, .F. );
#3841 = ORIENTED_EDGE( '', *, *, #5263, .T. );
#3842 = ORIENTED_EDGE( '', *, *, #5145, .T. );
#3843 = ORIENTED_EDGE( '', *, *, #5446, .T. );
#3844 = ORIENTED_EDGE( '', *, *, #5447, .T. );
#3845 = ORIENTED_EDGE( '', *, *, #5318, .F. );
#3846 = ORIENTED_EDGE( '', *, *, #5326, .T. );
#3847 = ORIENTED_EDGE( '', *, *, #5448, .F. );
#3848 = ORIENTED_EDGE( '', *, *, #5449, .F. );
#3849 = ORIENTED_EDGE( '', *, *, #5450, .T. );
#3850 = ORIENTED_EDGE( '', *, *, #5451, .T. );
#3851 = CARTESIAN_POINT( '', ( -0.00250000000000000, 0.00150000000000000, -0.0150000000000000 ) );
#3852 = DIRECTION( '', ( 0.00000000000000, -1.00000000000000, 0.00000000000000 ) );
#3853 = DIRECTION( '', ( 0.00000000000000, 0.00000000000000, -1.00000000000000 ) );
#3854 = SURFACE_STYLE_FILL_AREA( #5452 );
#3855 = ORIENTED_EDGE( '', *, *, #5228, .T. );
#3856 = ORIENTED_EDGE( '', *, *, #5453, .F. );
#3857 = ORIENTED_EDGE( '', *, *, #5454, .T. );
#3858 = ORIENTED_EDGE( '', *, *, #4926, .T. );
#3859 = SURFACE_STYLE_FILL_AREA( #5455 );
#3860 = ORIENTED_EDGE( '', *, *, #5456, .T. );
#3861 = ORIENTED_EDGE( '', *, *, #5457, .F. );
#3862 = ORIENTED_EDGE( '', *, *, #5458, .T. );
#3863 = ORIENTED_EDGE( '', *, *, #5424, .T. );
#3864 = CARTESIAN_POINT( '', ( 0.00900000000000000, -0.00150000000000000, -0.00300000000000000 ) );
#3865 = DIRECTION( '', ( -0.00000000000000, -1.00000000000000, -0.00000000000000 ) );
#3866 = DIRECTION( '', ( 0.00000000000000, 0.00000000000000, 1.00000000000000 ) );
#3867 = SURFACE_STYLE_FILL_AREA( #5459 );
#3868 = ORIENTED_EDGE( '', *, *, #5460, .T. );
#3869 = ORIENTED_EDGE( '', *, *, #5461, .F. );
#3870 = ORIENTED_EDGE( '', *, *, #5215, .F. );
#3871 = ORIENTED_EDGE( '', *, *, #5462, .T. );
#3872 = CARTESIAN_POINT( '', ( -0.0150000000000000, -0.00150000000000000, -0.00900000000000000 ) );
#3873 = DIRECTION( '', ( -1.00000000000000, 0.00000000000000, 0.00000000000000 ) );
#3874 = DIRECTION( '', ( 0.00000000000000, 0.00000000000000, 1.00000000000000 ) );
#3875 = SURFACE_STYLE_FILL_AREA( #5463 );
#3876 = ORIENTED_EDGE( '', *, *, #5464, .F. );
#3877 = ORIENTED_EDGE( '', *, *, #5280, .F. );
#3878 = ORIENTED_EDGE( '', *, *, #5465, .F. );
#3879 = ORIENTED_EDGE( '', *, *, #4937, .T. );
#3880 = CARTESIAN_POINT( '', ( 0.00000000000000, -0.00150000000000000, 0.00000000000000 ) );
#3881 = DIRECTION( '', ( -0.00000000000000, 1.00000000000000, -0.00000000000000 ) );
#3882 = DIRECTION( '', ( -1.00000000000000, 0.00000000000000, 0.00000000000000 ) );
#3883 = SURFACE_STYLE_FILL_AREA( #5466 );
#3884 = ORIENTED_EDGE( '', *, *, #5416, .T. );
#3885 = ORIENTED_EDGE( '', *, *, #5467, .T. );
#3886 = ORIENTED_EDGE( '', *, *, #5468, .T. );
#3887 = ORIENTED_EDGE( '', *, *, #5281, .T. );
#3888 = ORIENTED_EDGE( '', *, *, #5464, .T. );
#3889 = ORIENTED_EDGE( '', *, *, #4940, .T. );
#3890 = ORIENTED_EDGE( '', *, *, #5469, .T. );
#3891 = ORIENTED_EDGE( '', *, *, #5470, .T. );
#3892 = CARTESIAN_POINT( '', ( 0.00000000000000, 0.000500000000000000, 0.00000000000000 ) );
#3893 = DIRECTION( '', ( 0.00000000000000, -1.00000000000000, 0.00000000000000 ) );
#3894 = DIRECTION( '', ( 0.00000000000000, 0.00000000000000, -1.00000000000000 ) );
#3895 = SURFACE_STYLE_FILL_AREA( #5471 );
#3896 = ORIENTED_EDGE( '', *, *, #5469, .F. );
#3897 = ORIENTED_EDGE( '', *, *, #4939, .F. );
#3898 = ORIENTED_EDGE( '', *, *, #5472, .F. );
#3899 = ORIENTED_EDGE( '', *, *, #5473, .T. );
#3900 = CARTESIAN_POINT( '', ( -0.00900000000000000, -0.00150000000000000, -0.00300000000000000 ) );
#3901 = DIRECTION( '', ( -0.00000000000000, 1.00000000000000, -0.00000000000000 ) );
#3902 = DIRECTION( '', ( -1.00000000000000, 0.00000000000000, 0.00000000000000 ) );
#3903 = SURFACE_STYLE_FILL_AREA( #5474 );
#3904 = ORIENTED_EDGE( '', *, *, #5475, .F. );
#3905 = ORIENTED_EDGE( '', *, *, #5476, .F. );
#3906 = ORIENTED_EDGE( '', *, *, #5406, .F. );
#3907 = ORIENTED_EDGE( '', *, *, #5238, .T. );
#3908 = CARTESIAN_POINT( '', ( 0.00773521342243700, 0.0173425406033700, -0.00498060973268800 ) );
#3909 = DIRECTION( '', ( -0.00000000000000, 1.00000000000000, -0.00000000000000 ) );
#3910 = DIRECTION( '', ( 0.538207054281969, 0.00000000000000, 0.842812652207551 ) );
#3911 = SURFACE_STYLE_FILL_AREA( #5477 );
#3912 = ORIENTED_EDGE( '', *, *, #5355, .F. );
#3913 = ORIENTED_EDGE( '', *, *, #5128, .F. );
#3914 = ORIENTED_EDGE( '', *, *, #4981, .F. );
#3915 = ORIENTED_EDGE( '', *, *, #5478, .F. );
#3916 = ORIENTED_EDGE( '', *, *, #5323, .F. );
#3917 = ORIENTED_EDGE( '', *, *, #5187, .T. );
#3918 = CARTESIAN_POINT( '', ( 0.00000000000000, 0.00300000000000000, 0.00000000000000 ) );
#3919 = DIRECTION( '', ( -0.00000000000000, 1.00000000000000, 0.00000000000000 ) );
#3920 = DIRECTION( '', ( 0.00148595956320297, 0.00000000000000, 0.999998895961479 ) );
#3921 = SURFACE_STYLE_FILL_AREA( #5479 );
#3922 = ORIENTED_EDGE( '', *, *, #5480, .F. );
#3923 = ORIENTED_EDGE( '', *, *, #5344, .F. );
#3924 = ORIENTED_EDGE( '', *, *, #5256, .F. );
#3925 = ORIENTED_EDGE( '', *, *, #5260, .T. );
#3926 = CARTESIAN_POINT( '', ( 0.00598788303198200, 0.0173425406033700, -0.00434801757072200 ) );
#3927 = DIRECTION( '', ( -0.00000000000000, 1.00000000000000, -0.00000000000000 ) );
#3928 = DIRECTION( '', ( 0.809173382700188, 0.00000000000000, -0.587569941989492 ) );
#3929 = SURFACE_STYLE_FILL_AREA( #5481 );
#3930 = ORIENTED_EDGE( '', *, *, #5482, .T. );
#3931 = ORIENTED_EDGE( '', *, *, #5444, .F. );
#3932 = ORIENTED_EDGE( '', *, *, #5483, .T. );
#3933 = ORIENTED_EDGE( '', *, *, #5484, .F. );
#3934 = CARTESIAN_POINT( '', ( 0.00000000000000, 0.000449943328869300, 0.00000000000000 ) );
#3935 = DIRECTION( '', ( 0.00000000000000, 1.00000000000000, 0.00000000000000 ) );
#3936 = DIRECTION( '', ( 0.00000000000000, 0.00000000000000, -1.00000000000000 ) );
#3937 = SURFACE_STYLE_FILL_AREA( #5485 );
#3938 = ORIENTED_EDGE( '', *, *, #5486, .F. );
#3939 = ORIENTED_EDGE( '', *, *, #5380, .T. );
#3940 = ORIENTED_EDGE( '', *, *, #5487, .T. );
#3941 = ORIENTED_EDGE( '', *, *, #5327, .T. );
#3942 = ORIENTED_EDGE( '', *, *, #5316, .F. );
#3943 = SURFACE_STYLE_FILL_AREA( #5488 );
#3944 = ORIENTED_EDGE( '', *, *, #5489, .T. );
#3945 = ORIENTED_EDGE( '', *, *, #5276, .F. );
#3946 = ORIENTED_EDGE( '', *, *, #5080, .T. );
#3947 = ORIENTED_EDGE( '', *, *, #5364, .T. );
#3948 = ORIENTED_EDGE( '', *, *, #5490, .T. );
#3949 = ORIENTED_EDGE( '', *, *, #4910, .T. );
#3950 = CARTESIAN_POINT( '', ( -0.00900000000000000, -0.00150000000000000, 0.00300000000000000 ) );
#3951 = DIRECTION( '', ( -0.00000000000000, -1.00000000000000, -0.00000000000000 ) );
#3952 = DIRECTION( '', ( -1.00000000000000, 0.00000000000000, 0.00000000000000 ) );
#3953 = SURFACE_STYLE_FILL_AREA( #5491 );
#3954 = ORIENTED_EDGE( '', *, *, #5492, .T. );
#3955 = ORIENTED_EDGE( '', *, *, #5493, .T. );
#3956 = ORIENTED_EDGE( '', *, *, #5494, .T. );
#3957 = ORIENTED_EDGE( '', *, *, #5495, .T. );
#3958 = ORIENTED_EDGE( '', *, *, #5496, .T. );
#3959 = ORIENTED_EDGE( '', *, *, #5497, .T. );
#3960 = ORIENTED_EDGE( '', *, *, #5368, .T. );
#3961 = ORIENTED_EDGE( '', *, *, #5498, .T. );
#3962 = ORIENTED_EDGE( '', *, *, #5499, .T. );
#3963 = ORIENTED_EDGE( '', *, *, #5500, .T. );
#3964 = ORIENTED_EDGE( '', *, *, #5313, .T. );
#3965 = ORIENTED_EDGE( '', *, *, #5501, .T. );
#3966 = ORIENTED_EDGE( '', *, *, #5484, .T. );
#3967 = ORIENTED_EDGE( '', *, *, #5502, .T. );
#3968 = ORIENTED_EDGE( '', *, *, #5131, .T. );
#3969 = ORIENTED_EDGE( '', *, *, #5440, .T. );
#3970 = ORIENTED_EDGE( '', *, *, #5331, .F. );
#3971 = CARTESIAN_POINT( '', ( 0.00000000000000, -0.000600000000000000, 0.00000000000000 ) );
#3972 = DIRECTION( '', ( -0.00000000000000, 1.00000000000000, 0.00000000000000 ) );
#3973 = DIRECTION( '', ( 1.00000000000000, 0.00000000000000, 0.00000000000000 ) );
#3974 = SURFACE_STYLE_FILL_AREA( #5503 );
#3975 = ORIENTED_EDGE( '', *, *, #5504, .T. );
#3976 = ORIENTED_EDGE( '', *, *, #5055, .F. );
#3977 = ORIENTED_EDGE( '', *, *, #5505, .T. );
#3978 = ORIENTED_EDGE( '', *, *, #5496, .F. );
#3979 = CARTESIAN_POINT( '', ( 0.00000000000000, 0.000449898548945900, 0.00000000000000 ) );
#3980 = DIRECTION( '', ( 0.00000000000000, 1.00000000000000, 0.00000000000000 ) );
#3981 = DIRECTION( '', ( 0.00000000000000, 0.00000000000000, -1.00000000000000 ) );
#3982 = SURFACE_STYLE_FILL_AREA( #5506 );
#3983 = ORIENTED_EDGE( '', *, *, #5507, .F. );
#3984 = ORIENTED_EDGE( '', *, *, #5508, .T. );
#3985 = ORIENTED_EDGE( '', *, *, #5038, .F. );
#3986 = ORIENTED_EDGE( '', *, *, #4986, .F. );
#3987 = CARTESIAN_POINT( '', ( 0.00000000000000, 0.00386250000000000, 0.00000000000000 ) );
#3988 = DIRECTION( '', ( 0.00000000000000, 1.00000000000000, 0.00000000000000 ) );
#3989 = DIRECTION( '', ( 1.00000000000000, 0.00000000000000, 0.00000000000000 ) );
#3990 = SURFACE_STYLE_FILL_AREA( #5509 );
#3991 = ORIENTED_EDGE( '', *, *, #5412, .F. );
#3992 = ORIENTED_EDGE( '', *, *, #4961, .F. );
#3993 = ORIENTED_EDGE( '', *, *, #5510, .T. );
#3994 = ORIENTED_EDGE( '', *, *, #5396, .T. );
#3995 = SURFACE_STYLE_FILL_AREA( #5511 );
#3996 = ORIENTED_EDGE( '', *, *, #5296, .F. );
#3997 = ORIENTED_EDGE( '', *, *, #5512, .F. );
#3998 = ORIENTED_EDGE( '', *, *, #5402, .T. );
#3999 = ORIENTED_EDGE( '', *, *, #5351, .F. );
#4000 = CARTESIAN_POINT( '', ( -0.00952061518347600, -0.0122251708784000, -0.00493105148319100 ) );
#4001 = DIRECTION( '', ( -0.00000000000000, -1.00000000000000, -0.00000000000000 ) );
#4002 = DIRECTION( '', ( -0.918290672786822, 0.00000000000000, -0.395906858077409 ) );
#4003 = SURFACE_STYLE_FILL_AREA( #5513 );
#4004 = ORIENTED_EDGE( '', *, *, #5514, .F. );
#4005 = ORIENTED_EDGE( '', *, *, #5433, .F. );
#4006 = ORIENTED_EDGE( '', *, *, #5515, .F. );
#4007 = ORIENTED_EDGE( '', *, *, #5516, .T. );
#4008 = CARTESIAN_POINT( '', ( 0.00768466063387600, 0.0173425406033700, 0.00105259599673700 ) );
#4009 = DIRECTION( '', ( -0.00000000000000, 1.00000000000000, -0.00000000000000 ) );
#4010 = DIRECTION( '', ( 0.559718879201872, 0.00000000000000, 0.828682554579859 ) );
#4011 = SURFACE_STYLE_FILL_AREA( #5517 );
#4012 = ORIENTED_EDGE( '', *, *, #5138, .F. );
#4013 = ORIENTED_EDGE( '', *, *, #5453, .T. );
#4014 = ORIENTED_EDGE( '', *, *, #5227, .F. );
#4015 = ORIENTED_EDGE( '', *, *, #5518, .F. );
#4016 = CARTESIAN_POINT( '', ( 0.00000000000000, 0.00522734801963600, 0.00000000000000 ) );
#4017 = DIRECTION( '', ( 0.00000000000000, 1.00000000000000, 0.00000000000000 ) );
#4018 = DIRECTION( '', ( -0.00108773057764402, 0.00000000000000, 0.999999408420920 ) );
#4019 = SURFACE_STYLE_FILL_AREA( #5519 );
#4020 = ORIENTED_EDGE( '', *, *, #5056, .T. );
#4021 = ORIENTED_EDGE( '', *, *, #5504, .F. );
#4022 = ORIENTED_EDGE( '', *, *, #5495, .F. );
#4023 = ORIENTED_EDGE( '', *, *, #5520, .T. );
#4024 = ORIENTED_EDGE( '', *, *, #5521, .F. );
#4025 = ORIENTED_EDGE( '', *, *, #5095, .F. );
#4026 = CARTESIAN_POINT( '', ( 0.00200000000000000, -0.00150000000000000, -0.00764264352171400 ) );
#4027 = DIRECTION( '', ( 1.00000000000000, 0.00000000000000, 0.00000000000000 ) );
#4028 = DIRECTION( '', ( 0.00000000000000, 1.00000000000000, 0.00000000000000 ) );
#4029 = SURFACE_STYLE_FILL_AREA( #5522 );
#4030 = ORIENTED_EDGE( '', *, *, #5398, .T. );
#4031 = ORIENTED_EDGE( '', *, *, #5523, .F. );
#4032 = ORIENTED_EDGE( '', *, *, #5203, .F. );
#4033 = ORIENTED_EDGE( '', *, *, #5524, .F. );
#4034 = CARTESIAN_POINT( '', ( 0.00000000000000, -0.000336367400981800, 0.00000000000000 ) );
#4035 = DIRECTION( '', ( -0.00000000000000, -1.00000000000000, -0.00000000000000 ) );
#4036 = DIRECTION( '', ( -0.707106781186547, 0.00000000000000, -0.707106781186547 ) );
#4037 = SURFACE_STYLE_FILL_AREA( #5525 );
#4038 = ORIENTED_EDGE( '', *, *, #5526, .F. );
#4039 = ORIENTED_EDGE( '', *, *, #5527, .F. );
#4040 = ORIENTED_EDGE( '', *, *, #5442, .F. );
#4041 = ORIENTED_EDGE( '', *, *, #5528, .F. );
#4042 = ORIENTED_EDGE( '', *, *, #5284, .T. );
#4043 = CARTESIAN_POINT( '', ( 0.00573809871394000, -0.0121629345071000, 0.00250000000000000 ) );
#4044 = DIRECTION( '', ( 0.00000000000000, -1.00000000000000, -0.00000000000000 ) );
#4045 = DIRECTION( '', ( 0.988454935169695, 0.00000000000000, 0.151515151515199 ) );
#4046 = SURFACE_STYLE_FILL_AREA( #5529 );
#4047 = ORIENTED_EDGE( '', *, *, #5300, .F. );
#4048 = ORIENTED_EDGE( '', *, *, #5353, .F. );
#4049 = ORIENTED_EDGE( '', *, *, #5209, .F. );
#4050 = ORIENTED_EDGE( '', *, *, #5032, .F. );
#4051 = CARTESIAN_POINT( '', ( -0.00900000000000000, 0.0115000000000000, 0.00300000000000000 ) );
#4052 = DIRECTION( '', ( 0.00000000000000, -1.00000000000000, -0.00000000000000 ) );
#4053 = DIRECTION( '', ( 1.00000000000000, 0.00000000000000, 0.00000000000000 ) );
#4054 = SURFACE_STYLE_FILL_AREA( #5530 );
#4055 = ORIENTED_EDGE( '', *, *, #5298, .F. );
#4056 = ORIENTED_EDGE( '', *, *, #4968, .F. );
#4057 = ORIENTED_EDGE( '', *, *, #5211, .F. );
#4058 = ORIENTED_EDGE( '', *, *, #5124, .F. );
#4059 = CARTESIAN_POINT( '', ( -0.00900000000000000, 0.0115000000000000, -0.00300000000000000 ) );
#4060 = DIRECTION( '', ( 0.00000000000000, -1.00000000000000, -0.00000000000000 ) );
#4061 = DIRECTION( '', ( 1.00000000000000, 0.00000000000000, 0.00000000000000 ) );
#4062 = SURFACE_STYLE_FILL_AREA( #5531 );
#4063 = ORIENTED_EDGE( '', *, *, #5532, .T. );
#4064 = ORIENTED_EDGE( '', *, *, #5420, .T. );
#4065 = ORIENTED_EDGE( '', *, *, #5533, .T. );
#4066 = ORIENTED_EDGE( '', *, *, #5534, .T. );
#4067 = ORIENTED_EDGE( '', *, *, #5172, .F. );
#4068 = ORIENTED_EDGE( '', *, *, #5067, .F. );
#4069 = ORIENTED_EDGE( '', *, *, #5535, .T. );
#4070 = ORIENTED_EDGE( '', *, *, #5446, .F. );
#4071 = ORIENTED_EDGE( '', *, *, #5144, .T. );
#4072 = CARTESIAN_POINT( '', ( -0.00250000000000000, 0.00750554761283200, -0.0150000000000000 ) );
#4073 = DIRECTION( '', ( -1.00000000000000, 0.00000000000000, 0.00000000000000 ) );
#4074 = DIRECTION( '', ( 0.00000000000000, 0.00000000000000, 1.00000000000000 ) );
#4075 = SURFACE_STYLE_FILL_AREA( #5536 );
#4076 = ORIENTED_EDGE( '', *, *, #5448, .T. );
#4077 = ORIENTED_EDGE( '', *, *, #5328, .T. );
#4078 = ORIENTED_EDGE( '', *, *, #5487, .F. );
#4079 = ORIENTED_EDGE( '', *, *, #5383, .F. );
#4080 = ORIENTED_EDGE( '', *, *, #5537, .T. );
#4081 = ORIENTED_EDGE( '', *, *, #5538, .F. );
#4082 = ORIENTED_EDGE( '', *, *, #5507, .T. );
#4083 = ORIENTED_EDGE( '', *, *, #4985, .F. );
#4084 = ORIENTED_EDGE( '', *, *, #5539, .T. );
#4085 = CARTESIAN_POINT( '', ( 0.00250000000000000, 0.00150000000000000, -0.0150000000000000 ) );
#4086 = DIRECTION( '', ( 1.00000000000000, 0.00000000000000, 0.00000000000000 ) );
#4087 = DIRECTION( '', ( 0.00000000000000, 1.00000000000000, 0.00000000000000 ) );
#4088 = SURFACE_STYLE_FILL_AREA( #5540 );
#4089 = ORIENTED_EDGE( '', *, *, #5320, .F. );
#4090 = ORIENTED_EDGE( '', *, *, #5243, .F. );
#4091 = ORIENTED_EDGE( '', *, *, #5152, .F. );
#4092 = ORIENTED_EDGE( '', *, *, #5541, .F. );
#4093 = ORIENTED_EDGE( '', *, *, #5103, .F. );
#4094 = ORIENTED_EDGE( '', *, *, #5218, .T. );
#4095 = CARTESIAN_POINT( '', ( 0.00000000000000, 0.00300000000000000, 0.00000000000000 ) );
#4096 = DIRECTION( '', ( -0.00000000000000, 1.00000000000000, 0.00000000000000 ) );
#4097 = DIRECTION( '', ( 0.00148595956320297, 0.00000000000000, 0.999998895961479 ) );
#4098 = SURFACE_STYLE_FILL_AREA( #5542 );
#4099 = ORIENTED_EDGE( '', *, *, #4943, .F. );
#4100 = ORIENTED_EDGE( '', *, *, #4900, .F. );
#4101 = ORIENTED_EDGE( '', *, *, #5543, .T. );
#4102 = ORIENTED_EDGE( '', *, *, #5359, .T. );
#4103 = SURFACE_STYLE_FILL_AREA( #5544 );
#4104 = ORIENTED_EDGE( '', *, *, #5545, .F. );
#4105 = ORIENTED_EDGE( '', *, *, #5386, .F. );
#4106 = ORIENTED_EDGE( '', *, *, #5546, .F. );
#4107 = ORIENTED_EDGE( '', *, *, #5457, .T. );
#4108 = CARTESIAN_POINT( '', ( 0.00827755413069000, 0.0173425406033700, -0.000763804130690400 ) );
#4109 = DIRECTION( '', ( -0.00000000000000, 1.00000000000000, -0.00000000000000 ) );
#4110 = DIRECTION( '', ( 0.307423774174308, 0.00000000000000, -0.951572710344524 ) );
#4111 = SURFACE_STYLE_FILL_AREA( #5547 );
#4112 = ORIENTED_EDGE( '', *, *, #5005, .F. );
#4113 = ORIENTED_EDGE( '', *, *, #5548, .T. );
#4114 = ORIENTED_EDGE( '', *, *, #4932, .F. );
#4115 = ORIENTED_EDGE( '', *, *, #5091, .T. );
#4116 = ORIENTED_EDGE( '', *, *, #5322, .F. );
#4117 = ORIENTED_EDGE( '', *, *, #5549, .T. );
#4118 = ORIENTED_EDGE( '', *, *, #5460, .F. );
#4119 = ORIENTED_EDGE( '', *, *, #5550, .T. );
#4120 = ORIENTED_EDGE( '', *, *, #5551, .F. );
#4121 = ORIENTED_EDGE( '', *, *, #5036, .F. );
#4122 = ORIENTED_EDGE( '', *, *, #5552, .F. );
#4123 = ORIENTED_EDGE( '', *, *, #4915, .F. );
#4124 = ORIENTED_EDGE( '', *, *, #5223, .F. );
#4125 = ORIENTED_EDGE( '', *, *, #5053, .F. );
#4126 = ORIENTED_EDGE( '', *, *, #5121, .F. );
#4127 = ORIENTED_EDGE( '', *, *, #5233, .F. );
#4128 = ORIENTED_EDGE( '', *, *, #5553, .F. );
#4129 = ORIENTED_EDGE( '', *, *, #5554, .F. );
#4130 = ORIENTED_EDGE( '', *, *, #5555, .T. );
#4131 = ORIENTED_EDGE( '', *, *, #5194, .T. );
#4132 = ORIENTED_EDGE( '', *, *, #5333, .T. );
#4133 = ORIENTED_EDGE( '', *, *, #4917, .T. );
#4134 = ORIENTED_EDGE( '', *, *, #5271, .T. );
#4135 = ORIENTED_EDGE( '', *, *, #5174, .T. );
#4136 = ORIENTED_EDGE( '', *, *, #5117, .T. );
#4137 = ORIENTED_EDGE( '', *, *, #5250, .F. );
#4138 = ORIENTED_EDGE( '', *, *, #5514, .T. );
#4139 = ORIENTED_EDGE( '', *, *, #5556, .F. );
#4140 = ORIENTED_EDGE( '', *, *, #5557, .T. );
#4141 = ORIENTED_EDGE( '', *, *, #5387, .T. );
#4142 = ORIENTED_EDGE( '', *, *, #5545, .T. );
#4143 = ORIENTED_EDGE( '', *, *, #5456, .F. );
#4144 = ORIENTED_EDGE( '', *, *, #5423, .T. );
#4145 = ORIENTED_EDGE( '', *, *, #5434, .T. );
#4146 = ORIENTED_EDGE( '', *, *, #5279, .T. );
#4147 = ORIENTED_EDGE( '', *, *, #5558, .F. );
#4148 = ORIENTED_EDGE( '', *, *, #5559, .T. );
#4149 = ORIENTED_EDGE( '', *, *, #5414, .T. );
#4150 = ORIENTED_EDGE( '', *, *, #5560, .T. );
#4151 = ORIENTED_EDGE( '', *, *, #5472, .T. );
#4152 = ORIENTED_EDGE( '', *, *, #4938, .T. );
#4153 = ORIENTED_EDGE( '', *, *, #5465, .T. );
#4154 = ORIENTED_EDGE( '', *, *, #5561, .T. );
#4155 = ORIENTED_EDGE( '', *, *, #5155, .T. );
#4156 = ORIENTED_EDGE( '', *, *, #5562, .T. );
#4157 = ORIENTED_EDGE( '', *, *, #5160, .F. );
#4158 = ORIENTED_EDGE( '', *, *, #5097, .T. );
#4159 = ORIENTED_EDGE( '', *, *, #4991, .F. );
#4160 = ORIENTED_EDGE( '', *, *, #5563, .T. );
#4161 = ORIENTED_EDGE( '', *, *, #5013, .T. );
#4162 = ORIENTED_EDGE( '', *, *, #5307, .T. );
#4163 = ORIENTED_EDGE( '', *, *, #5289, .T. );
#4164 = ORIENTED_EDGE( '', *, *, #5112, .T. );
#4165 = ORIENTED_EDGE( '', *, *, #5564, .F. );
#4166 = ORIENTED_EDGE( '', *, *, #5565, .T. );
#4167 = ORIENTED_EDGE( '', *, *, #5245, .T. );
#4168 = ORIENTED_EDGE( '', *, *, #5566, .T. );
#4169 = ORIENTED_EDGE( '', *, *, #5567, .T. );
#4170 = ORIENTED_EDGE( '', *, *, #5047, .T. );
#4171 = ORIENTED_EDGE( '', *, *, #5568, .T. );
#4172 = ORIENTED_EDGE( '', *, *, #5390, .T. );
#4173 = ORIENTED_EDGE( '', *, *, #5569, .F. );
#4174 = ORIENTED_EDGE( '', *, *, #5475, .T. );
#4175 = ORIENTED_EDGE( '', *, *, #5237, .F. );
#4176 = ORIENTED_EDGE( '', *, *, #5346, .T. );
#4177 = ORIENTED_EDGE( '', *, *, #5570, .T. );
#4178 = ORIENTED_EDGE( '', *, *, #5480, .T. );
#4179 = ORIENTED_EDGE( '', *, *, #5259, .T. );
#4180 = ORIENTED_EDGE( '', *, *, #5093, .T. );
#4181 = ORIENTED_EDGE( '', *, *, #5521, .T. );
#4182 = ORIENTED_EDGE( '', *, *, #5571, .T. );
#4183 = ORIENTED_EDGE( '', *, *, #5572, .T. );
#4184 = ORIENTED_EDGE( '', *, *, #4954, .T. );
#4185 = ORIENTED_EDGE( '', *, *, #5341, .F. );
#4186 = ORIENTED_EDGE( '', *, *, #5528, .T. );
#4187 = ORIENTED_EDGE( '', *, *, #5441, .T. );
#4188 = ORIENTED_EDGE( '', *, *, #5133, .T. );
#4189 = ORIENTED_EDGE( '', *, *, #5573, .T. );
#4190 = ORIENTED_EDGE( '', *, *, #5574, .T. );
#4191 = ORIENTED_EDGE( '', *, *, #5575, .F. );
#4192 = ORIENTED_EDGE( '', *, *, #5576, .T. );
#4193 = ORIENTED_EDGE( '', *, *, #5285, .T. );
#4194 = ORIENTED_EDGE( '', *, *, #5273, .T. );
#4195 = ORIENTED_EDGE( '', *, *, #5489, .F. );
#4196 = ORIENTED_EDGE( '', *, *, #4909, .T. );
#4197 = ORIENTED_EDGE( '', *, *, #5147, .T. );
#4198 = ORIENTED_EDGE( '', *, *, #5262, .T. );
#4199 = ORIENTED_EDGE( '', *, *, #5577, .T. );
#4200 = ORIENTED_EDGE( '', *, *, #5311, .T. );
#4201 = ORIENTED_EDGE( '', *, *, #5578, .T. );
#4202 = ORIENTED_EDGE( '', *, *, #5436, .T. );
#4203 = ORIENTED_EDGE( '', *, *, #5335, .F. );
#4204 = ORIENTED_EDGE( '', *, *, #5579, .T. );
#4205 = ORIENTED_EDGE( '', *, *, #5580, .T. );
#4206 = ORIENTED_EDGE( '', *, *, #5019, .T. );
#4207 = ORIENTED_EDGE( '', *, *, #5581, .T. );
#4208 = ORIENTED_EDGE( '', *, *, #5370, .T. );
#4209 = ORIENTED_EDGE( '', *, *, #5582, .T. );
#4210 = CARTESIAN_POINT( '', ( 0.00000000000000, -0.00150000000000000, 0.00000000000000 ) );
#4211 = DIRECTION( '', ( -0.00000000000000, 1.00000000000000, 0.00000000000000 ) );
#4212 = DIRECTION( '', ( 1.00000000000000, 0.00000000000000, 0.00000000000000 ) );
#4213 = SURFACE_STYLE_FILL_AREA( #5583 );
#4214 = ORIENTED_EDGE( '', *, *, #5246, .F. );
#4215 = ORIENTED_EDGE( '', *, *, #5565, .F. );
#4216 = ORIENTED_EDGE( '', *, *, #5584, .T. );
#4217 = ORIENTED_EDGE( '', *, *, #5585, .F. );
#4218 = CARTESIAN_POINT( '', ( 0.00860147090640700, -0.0121629345071000, 0.00770000000000000 ) );
#4219 = DIRECTION( '', ( -0.00000000000000, -1.00000000000000, -0.00000000000000 ) );
#4220 = DIRECTION( '', ( 0.00000000000000, 0.00000000000000, 1.00000000000000 ) );
#4221 = SURFACE_STYLE_FILL_AREA( #5586 );
#4222 = ORIENTED_EDGE( '', *, *, #5286, .F. );
#4223 = ORIENTED_EDGE( '', *, *, #5576, .F. );
#4224 = ORIENTED_EDGE( '', *, *, #5587, .T. );
#4225 = ORIENTED_EDGE( '', *, *, #4989, .F. );
#4226 = CARTESIAN_POINT( '', ( 0.00598788303198200, -0.0121629345071000, 0.00434801757072200 ) );
#4227 = DIRECTION( '', ( 0.00000000000000, -1.00000000000000, -0.00000000000000 ) );
#4228 = DIRECTION( '', ( 0.809173382700188, 0.00000000000000, 0.587569941989492 ) );
#4229 = SURFACE_STYLE_FILL_AREA( #5588 );
#4230 = ORIENTED_EDGE( '', *, *, #5462, .F. );
#4231 = ORIENTED_EDGE( '', *, *, #5214, .F. );
#4232 = ORIENTED_EDGE( '', *, *, #5006, .T. );
#4233 = ORIENTED_EDGE( '', *, *, #5550, .F. );
#4234 = CARTESIAN_POINT( '', ( -0.0120000000000000, 0.00541080000000000, -0.00600000000000000 ) );
#4235 = DIRECTION( '', ( -0.00000000000000, 1.00000000000000, -0.00000000000000 ) );
#4236 = DIRECTION( '', ( -1.00000000000000, 0.00000000000000, 0.00000000000000 ) );
#4237 = SURFACE_STYLE_FILL_AREA( #5589 );
#4238 = ORIENTED_EDGE( '', *, *, #4951, .F. );
#4239 = ORIENTED_EDGE( '', *, *, #5590, .T. );
#4240 = ORIENTED_EDGE( '', *, *, #5225, .T. );
#4241 = ORIENTED_EDGE( '', *, *, #4924, .F. );
#4242 = CARTESIAN_POINT( '', ( 0.00000000000000, -0.000336367400981800, 0.00000000000000 ) );
#4243 = DIRECTION( '', ( -0.00000000000000, -1.00000000000000, -0.00000000000000 ) );
#4244 = DIRECTION( '', ( -0.707106781186547, 0.00000000000000, -0.707106781186547 ) );
#4245 = SURFACE_STYLE_FILL_AREA( #5591 );
#4246 = ORIENTED_EDGE( '', *, *, #5184, .F. );
#4247 = ORIENTED_EDGE( '', *, *, #4906, .F. );
#4248 = ORIENTED_EDGE( '', *, *, #5592, .F. );
#4249 = ORIENTED_EDGE( '', *, *, #5593, .F. );
#4250 = CARTESIAN_POINT( '', ( 0.00900000000000000, 0.0115000000000000, 0.00300000000000000 ) );
#4251 = DIRECTION( '', ( 0.00000000000000, -1.00000000000000, -0.00000000000000 ) );
#4252 = DIRECTION( '', ( 1.00000000000000, 0.00000000000000, 0.00000000000000 ) );
#4253 = SURFACE_STYLE_FILL_AREA( #5594 );
#4254 = ORIENTED_EDGE( '', *, *, #4947, .F. );
#4255 = ORIENTED_EDGE( '', *, *, #5552, .T. );
#4256 = CARTESIAN_POINT( '', ( -0.0120000000000000, -0.00150000000000000, 0.00000000000000 ) );
#4257 = DIRECTION( '', ( -0.00000000000000, 1.00000000000000, -0.00000000000000 ) );
#4258 = DIRECTION( '', ( 1.00000000000000, 0.00000000000000, 0.00000000000000 ) );
#4259 = SURFACE_STYLE_FILL_AREA( #5595 );
#4260 = ORIENTED_EDGE( '', *, *, #5596, .F. );
#4261 = ORIENTED_EDGE( '', *, *, #5554, .T. );
#4262 = CARTESIAN_POINT( '', ( 0.00900000000000000, -0.00150000000000000, -0.00300000000000000 ) );
#4263 = DIRECTION( '', ( -0.00000000000000, 1.00000000000000, -0.00000000000000 ) );
#4264 = DIRECTION( '', ( 1.00000000000000, 0.00000000000000, 0.00000000000000 ) );
#4265 = SURFACE_STYLE_FILL_AREA( #5597 );
#4266 = ORIENTED_EDGE( '', *, *, #5598, .F. );
#4267 = ORIENTED_EDGE( '', *, *, #5566, .F. );
#4268 = ORIENTED_EDGE( '', *, *, #5248, .T. );
#4269 = ORIENTED_EDGE( '', *, *, #5599, .F. );
#4270 = CARTESIAN_POINT( '', ( 0.00827755413069000, -0.0121629345071000, 0.00523619586931000 ) );
#4271 = DIRECTION( '', ( 0.00000000000000, -1.00000000000000, -0.00000000000000 ) );
#4272 = DIRECTION( '', ( 0.979591018239374, 0.00000000000000, 0.201001087023794 ) );
#4273 = SURFACE_STYLE_FILL_AREA( #5600 );
#4274 = ORIENTED_EDGE( '', *, *, #5447, .F. );
#4275 = ORIENTED_EDGE( '', *, *, #5535, .F. );
#4276 = ORIENTED_EDGE( '', *, *, #5066, .F. );
#4277 = ORIENTED_EDGE( '', *, *, #5319, .T. );
#4278 = CARTESIAN_POINT( '', ( -0.00280000000000000, 0.0174525188980300, 0.00870000000000000 ) );
#4279 = DIRECTION( '', ( -0.00000000000000, 1.00000000000000, -0.00000000000000 ) );
#4280 = DIRECTION( '', ( 1.00000000000000, 0.00000000000000, 0.00000000000000 ) );
#4281 = SURFACE_STYLE_FILL_AREA( #5601 );
#4282 = ORIENTED_EDGE( '', *, *, #5602, .T. );
#4283 = ORIENTED_EDGE( '', *, *, #4963, .F. );
#4284 = ORIENTED_EDGE( '', *, *, #5603, .T. );
#4285 = ORIENTED_EDGE( '', *, *, #5205, .T. );
#4286 = SURFACE_STYLE_FILL_AREA( #5604 );
#4287 = ORIENTED_EDGE( '', *, *, #5561, .F. );
#4288 = ORIENTED_EDGE( '', *, *, #5012, .F. );
#4289 = ORIENTED_EDGE( '', *, *, #5429, .F. );
#4290 = ORIENTED_EDGE( '', *, *, #5156, .T. );
#4291 = CARTESIAN_POINT( '', ( -0.00860147090640700, 0.0173425406033700, 0.00770000000000000 ) );
#4292 = DIRECTION( '', ( -0.00000000000000, 1.00000000000000, -0.00000000000000 ) );
#4293 = DIRECTION( '', ( 0.00000000000000, 0.00000000000000, 1.00000000000000 ) );
#4294 = SURFACE_STYLE_FILL_AREA( #5605 );
#4295 = ORIENTED_EDGE( '', *, *, #5497, .F. );
#4296 = ORIENTED_EDGE( '', *, *, #5505, .F. );
#4297 = ORIENTED_EDGE( '', *, *, #5064, .F. );
#4298 = ORIENTED_EDGE( '', *, *, #5437, .F. );
#4299 = ORIENTED_EDGE( '', *, *, #5582, .F. );
#4300 = ORIENTED_EDGE( '', *, *, #5369, .T. );
#4301 = CARTESIAN_POINT( '', ( -0.00200000000000000, -0.00150000000000000, -0.00764264352171400 ) );
#4302 = DIRECTION( '', ( 1.00000000000000, 0.00000000000000, 0.00000000000000 ) );
#4303 = DIRECTION( '', ( 0.00000000000000, 1.00000000000000, 0.00000000000000 ) );
#4304 = SURFACE_STYLE_FILL_AREA( #5606 );
#4305 = ORIENTED_EDGE( '', *, *, #5563, .F. );
#4306 = ORIENTED_EDGE( '', *, *, #4994, .F. );
#4307 = ORIENTED_EDGE( '', *, *, #5430, .F. );
#4308 = ORIENTED_EDGE( '', *, *, #5014, .T. );
#4309 = CARTESIAN_POINT( '', ( -0.00827755413069000, 0.0173425406033700, 0.00523619586931000 ) );
#4310 = DIRECTION( '', ( -0.00000000000000, 1.00000000000000, -0.00000000000000 ) );
#4311 = DIRECTION( '', ( -0.979591018239374, 0.00000000000000, 0.201001087023794 ) );
#4312 = SURFACE_STYLE_FILL_AREA( #5607 );
#4313 = ORIENTED_EDGE( '', *, *, #5608, .F. );
#4314 = ORIENTED_EDGE( '', *, *, #5266, .T. );
#4315 = ORIENTED_EDGE( '', *, *, #5140, .F. );
#4316 = ORIENTED_EDGE( '', *, *, #5609, .F. );
#4317 = CARTESIAN_POINT( '', ( 0.00690954550396300, -0.0122251708784000, -0.00280000000000000 ) );
#4318 = DIRECTION( '', ( -0.00000000000000, -1.00000000000000, -0.00000000000000 ) );
#4319 = DIRECTION( '', ( 0.00000000000000, 0.00000000000000, 1.00000000000000 ) );
#4320 = SURFACE_STYLE_FILL_AREA( #5610 );
#4321 = ORIENTED_EDGE( '', *, *, #5577, .F. );
#4322 = ORIENTED_EDGE( '', *, *, #5264, .F. );
#4323 = ORIENTED_EDGE( '', *, *, #5445, .T. );
#4324 = ORIENTED_EDGE( '', *, *, #5482, .F. );
#4325 = ORIENTED_EDGE( '', *, *, #5501, .F. );
#4326 = ORIENTED_EDGE( '', *, *, #5312, .T. );
#4327 = CARTESIAN_POINT( '', ( -0.00200000000000000, -0.00150000000000000, 0.00764264352171400 ) );
#4328 = DIRECTION( '', ( -1.00000000000000, 0.00000000000000, 0.00000000000000 ) );
#4329 = DIRECTION( '', ( 0.00000000000000, 0.00000000000000, 1.00000000000000 ) );
#4330 = SURFACE_STYLE_FILL_AREA( #5611 );
#4331 = ORIENTED_EDGE( '', *, *, #5612, .F. );
#4332 = ORIENTED_EDGE( '', *, *, #5356, .F. );
#4333 = ORIENTED_EDGE( '', *, *, #5185, .F. );
#4334 = ORIENTED_EDGE( '', *, *, #5593, .T. );
#4335 = CARTESIAN_POINT( '', ( 0.0109310514831900, 0.0174525188980300, 0.00352061518347600 ) );
#4336 = DIRECTION( '', ( -0.00000000000000, 1.00000000000000, -0.00000000000000 ) );
#4337 = DIRECTION( '', ( 0.395906858077325, 0.00000000000000, 0.918290672786858 ) );
#4338 = SURFACE_STYLE_FILL_AREA( #5613 );
#4339 = ORIENTED_EDGE( '', *, *, #5321, .F. );
#4340 = ORIENTED_EDGE( '', *, *, #5216, .F. );
#4341 = ORIENTED_EDGE( '', *, *, #5461, .T. );
#4342 = ORIENTED_EDGE( '', *, *, #5549, .F. );
#4343 = CARTESIAN_POINT( '', ( -0.0120000000000000, 0.00541080000000000, 0.00600000000000000 ) );
#4344 = DIRECTION( '', ( -0.00000000000000, 1.00000000000000, -0.00000000000000 ) );
#4345 = DIRECTION( '', ( 0.00000000000000, 0.00000000000000, 1.00000000000000 ) );
#4346 = SURFACE_STYLE_FILL_AREA( #5614 );
#4347 = ORIENTED_EDGE( '', *, *, #5615, .F. );
#4348 = ORIENTED_EDGE( '', *, *, #5616, .F. );
#4349 = ORIENTED_EDGE( '', *, *, #5617, .F. );
#4350 = ORIENTED_EDGE( '', *, *, #4976, .T. );
#4351 = CARTESIAN_POINT( '', ( 0.00952061518347600, 0.0174525188980300, 0.00106894851680900 ) );
#4352 = DIRECTION( '', ( -0.00000000000000, 1.00000000000000, -0.00000000000000 ) );
#4353 = DIRECTION( '', ( 0.918290672786858, 0.00000000000000, -0.395906858077325 ) );
#4354 = SURFACE_STYLE_FILL_AREA( #5618 );
#4355 = ORIENTED_EDGE( '', *, *, #5619, .T. );
#4356 = ORIENTED_EDGE( '', *, *, #5620, .T. );
#4357 = ORIENTED_EDGE( '', *, *, #5556, .T. );
#4358 = ORIENTED_EDGE( '', *, *, #5516, .F. );
#4359 = CARTESIAN_POINT( '', ( 0.00900000000000000, -0.00150000000000000, 0.00300000000000000 ) );
#4360 = DIRECTION( '', ( -0.00000000000000, -1.00000000000000, -0.00000000000000 ) );
#4361 = DIRECTION( '', ( 0.00000000000000, 0.00000000000000, 1.00000000000000 ) );
#4362 = SURFACE_STYLE_FILL_AREA( #5621 );
#4363 = ORIENTED_EDGE( '', *, *, #5622, .F. );
#4364 = ORIENTED_EDGE( '', *, *, #5200, .T. );
#4365 = ORIENTED_EDGE( '', *, *, #5072, .F. );
#4366 = ORIENTED_EDGE( '', *, *, #5020, .F. );
#4367 = ORIENTED_EDGE( '', *, *, #5580, .F. );
#4368 = ORIENTED_EDGE( '', *, *, #5623, .T. );
#4369 = CARTESIAN_POINT( '', ( -0.00900000000000000, -0.00150000000000000, -0.00300000000000000 ) );
#4370 = DIRECTION( '', ( -0.00000000000000, 1.00000000000000, -0.00000000000000 ) );
#4371 = DIRECTION( '', ( -1.00000000000000, 0.00000000000000, 0.00000000000000 ) );
#4372 = SURFACE_STYLE_FILL_AREA( #5624 );
#4373 = ORIENTED_EDGE( '', *, *, #5625, .T. );
#4374 = ORIENTED_EDGE( '', *, *, #5042, .T. );
#4375 = ORIENTED_EDGE( '', *, *, #5375, .F. );
#4376 = ORIENTED_EDGE( '', *, *, #5626, .F. );
#4377 = ORIENTED_EDGE( '', *, *, #4979, .F. );
#4378 = SURFACE_STYLE_FILL_AREA( #5627 );
#4379 = ORIENTED_EDGE( '', *, *, #5181, .F. );
#4380 = ORIENTED_EDGE( '', *, *, #4972, .F. );
#4381 = ORIENTED_EDGE( '', *, *, #5628, .F. );
#4382 = ORIENTED_EDGE( '', *, *, #5191, .F. );
#4383 = CARTESIAN_POINT( '', ( 0.00900000000000000, 0.0115000000000000, -0.00300000000000000 ) );
#4384 = DIRECTION( '', ( 0.00000000000000, -1.00000000000000, -0.00000000000000 ) );
#4385 = DIRECTION( '', ( 1.00000000000000, 0.00000000000000, 0.00000000000000 ) );
#4386 = SURFACE_STYLE_FILL_AREA( #5629 );
#4387 = ORIENTED_EDGE( '', *, *, #5630, .T. );
#4388 = ORIENTED_EDGE( '', *, *, #5360, .F. );
#4389 = ORIENTED_EDGE( '', *, *, #5543, .F. );
#4390 = ORIENTED_EDGE( '', *, *, #4899, .T. );
#4391 = ORIENTED_EDGE( '', *, *, #5171, .F. );
#4392 = ORIENTED_EDGE( '', *, *, #5534, .F. );
#4393 = CARTESIAN_POINT( '', ( 0.00000000000000, 0.00642878237724300, 0.00000000000000 ) );
#4394 = DIRECTION( '', ( 0.00000000000000, 1.00000000000000, -0.00000000000000 ) );
#4395 = DIRECTION( '', ( -0.707106781186547, 0.00000000000000, -0.707106781186547 ) );
#4396 = SURFACE_STYLE_FILL_AREA( #5631 );
#4397 = ORIENTED_EDGE( '', *, *, #5632, .F. );
#4398 = ORIENTED_EDGE( '', *, *, #5584, .F. );
#4399 = ORIENTED_EDGE( '', *, *, #5564, .T. );
#4400 = ORIENTED_EDGE( '', *, *, #5111, .T. );
#4401 = CARTESIAN_POINT( '', ( 0.00912771867673100, -0.00150000000000000, 0.00800000000000000 ) );
#4402 = DIRECTION( '', ( 0.00000000000000, 0.00000000000000, 1.00000000000000 ) );
#4403 = DIRECTION( '', ( 1.00000000000000, 0.00000000000000, 0.00000000000000 ) );
#4404 = SURFACE_STYLE_FILL_AREA( #5633 );
#4405 = ORIENTED_EDGE( '', *, *, #5039, .F. );
#4406 = ORIENTED_EDGE( '', *, *, #5508, .F. );
#4407 = ORIENTED_EDGE( '', *, *, #5538, .T. );
#4408 = ORIENTED_EDGE( '', *, *, #5634, .F. );
#4409 = CARTESIAN_POINT( '', ( 0.00000000000000, -0.000336367400981800, 0.00000000000000 ) );
#4410 = DIRECTION( '', ( -0.00000000000000, -1.00000000000000, -0.00000000000000 ) );
#4411 = DIRECTION( '', ( -0.707106781186547, 0.00000000000000, -0.707106781186547 ) );
#4412 = SURFACE_STYLE_FILL_AREA( #5635 );
#4413 = ORIENTED_EDGE( '', *, *, #5500, .F. );
#4414 = ORIENTED_EDGE( '', *, *, #5636, .F. );
#4415 = ORIENTED_EDGE( '', *, *, #5274, .T. );
#4416 = ORIENTED_EDGE( '', *, *, #5578, .F. );
#4417 = ORIENTED_EDGE( '', *, *, #5314, .F. );
#4418 = CARTESIAN_POINT( '', ( -0.00425323406362700, -0.00150000000000000, 0.00200000000000000 ) );
#4419 = DIRECTION( '', ( 0.00000000000000, 0.00000000000000, 1.00000000000000 ) );
#4420 = DIRECTION( '', ( 1.00000000000000, 0.00000000000000, 0.00000000000000 ) );
#4421 = SURFACE_STYLE_FILL_AREA( #5637 );
#4422 = ORIENTED_EDGE( '', *, *, #5338, .T. );
#4423 = ORIENTED_EDGE( '', *, *, #5400, .T. );
#4424 = ORIENTED_EDGE( '', *, *, #5638, .T. );
#4425 = ORIENTED_EDGE( '', *, *, #5201, .T. );
#4426 = ORIENTED_EDGE( '', *, *, #5622, .T. );
#4427 = ORIENTED_EDGE( '', *, *, #5639, .T. );
#4428 = CARTESIAN_POINT( '', ( 0.00000000000000, 0.00346708316181600, 0.00000000000000 ) );
#4429 = DIRECTION( '', ( -0.00000000000000, -1.00000000000000, 0.00000000000000 ) );
#4430 = DIRECTION( '', ( -1.00000000000000, 0.00000000000000, 0.00000000000000 ) );
#4431 = SURFACE_STYLE_FILL_AREA( #5640 );
#4432 = ORIENTED_EDGE( '', *, *, #5572, .F. );
#4433 = ORIENTED_EDGE( '', *, *, #5641, .F. );
#4434 = ORIENTED_EDGE( '', *, *, #5493, .F. );
#4435 = ORIENTED_EDGE( '', *, *, #5642, .F. );
#4436 = ORIENTED_EDGE( '', *, *, #4955, .T. );
#4437 = CARTESIAN_POINT( '', ( 0.00425323406362700, -0.00150000000000000, -0.00200000000000000 ) );
#4438 = DIRECTION( '', ( 0.00000000000000, 0.00000000000000, -1.00000000000000 ) );
#4439 = DIRECTION( '', ( 0.00000000000000, -1.00000000000000, 0.00000000000000 ) );
#4440 = SURFACE_STYLE_FILL_AREA( #5643 );
#4441 = ORIENTED_EDGE( '', *, *, #5571, .F. );
#4442 = ORIENTED_EDGE( '', *, *, #5520, .F. );
#4443 = ORIENTED_EDGE( '', *, *, #5494, .F. );
#4444 = ORIENTED_EDGE( '', *, *, #5641, .T. );
#4445 = CARTESIAN_POINT( '', ( 0.00250000000000000, 0.0173425406033700, -0.00250000000000000 ) );
#4446 = DIRECTION( '', ( -0.00000000000000, 1.00000000000000, -0.00000000000000 ) );
#4447 = DIRECTION( '', ( 0.00000000000000, 0.00000000000000, 1.00000000000000 ) );
#4448 = SURFACE_STYLE_FILL_AREA( #5644 );
#4449 = ORIENTED_EDGE( '', *, *, #5295, .F. );
#4450 = ORIENTED_EDGE( '', *, *, #5645, .F. );
#4451 = ORIENTED_EDGE( '', *, *, #5074, .T. );
#4452 = ORIENTED_EDGE( '', *, *, #5207, .T. );
#4453 = ORIENTED_EDGE( '', *, *, #5646, .T. );
#4454 = ORIENTED_EDGE( '', *, *, #5647, .F. );
#4455 = ORIENTED_EDGE( '', *, *, #5403, .T. );
#4456 = ORIENTED_EDGE( '', *, *, #5512, .T. );
#4457 = CARTESIAN_POINT( '', ( -0.00900000000000000, 0.0115000000000000, -0.00300000000000000 ) );
#4458 = DIRECTION( '', ( 0.00000000000000, -1.00000000000000, -0.00000000000000 ) );
#4459 = DIRECTION( '', ( 1.00000000000000, 0.00000000000000, 0.00000000000000 ) );
#4460 = SURFACE_STYLE_FILL_AREA( #5648 );
#4461 = ORIENTED_EDGE( '', *, *, #5397, .F. );
#4462 = ORIENTED_EDGE( '', *, *, #5510, .F. );
#4463 = ORIENTED_EDGE( '', *, *, #4960, .F. );
#4464 = ORIENTED_EDGE( '', *, *, #5602, .F. );
#4465 = ORIENTED_EDGE( '', *, *, #5204, .F. );
#4466 = ORIENTED_EDGE( '', *, *, #5523, .T. );
#4467 = CARTESIAN_POINT( '', ( 0.00000000000000, 0.00642878237724300, 0.00000000000000 ) );
#4468 = DIRECTION( '', ( 0.00000000000000, 1.00000000000000, -0.00000000000000 ) );
#4469 = DIRECTION( '', ( -0.707106781186547, 0.00000000000000, -0.707106781186547 ) );
#4470 = SURFACE_STYLE_FILL_AREA( #5649 );
#4471 = ORIENTED_EDGE( '', *, *, #5303, .F. );
#4472 = ORIENTED_EDGE( '', *, *, #5650, .T. );
#4473 = CARTESIAN_POINT( '', ( -0.0120000000000000, -0.000700000000000000, 0.00600000000000000 ) );
#4474 = DIRECTION( '', ( 0.00000000000000, -1.00000000000000, -0.00000000000000 ) );
#4475 = DIRECTION( '', ( 1.00000000000000, 0.00000000000000, 0.00000000000000 ) );
#4476 = SURFACE_STYLE_FILL_AREA( #5651 );
#4477 = ORIENTED_EDGE( '', *, *, #5557, .F. );
#4478 = ORIENTED_EDGE( '', *, *, #5620, .F. );
#4479 = ORIENTED_EDGE( '', *, *, #5652, .F. );
#4480 = ORIENTED_EDGE( '', *, *, #5388, .T. );
#4481 = CARTESIAN_POINT( '', ( 0.00827755413069000, 0.0173425406033700, 0.000763804130690400 ) );
#4482 = DIRECTION( '', ( -0.00000000000000, 1.00000000000000, -0.00000000000000 ) );
#4483 = DIRECTION( '', ( 0.979591018239374, 0.00000000000000, -0.201001087023794 ) );
#4484 = SURFACE_STYLE_FILL_AREA( #5653 );
#4485 = ORIENTED_EDGE( '', *, *, #5654, .T. );
#4486 = ORIENTED_EDGE( '', *, *, #4962, .T. );
#4487 = ORIENTED_EDGE( '', *, *, #5411, .T. );
#4488 = ORIENTED_EDGE( '', *, *, #5009, .T. );
#4489 = ORIENTED_EDGE( '', *, *, #5404, .T. );
#4490 = ORIENTED_EDGE( '', *, *, #5647, .T. );
#4491 = CARTESIAN_POINT( '', ( 0.00000000000000, 0.00411367400981800, 0.00000000000000 ) );
#4492 = DIRECTION( '', ( -0.00000000000000, -1.00000000000000, 0.00000000000000 ) );
#4493 = DIRECTION( '', ( -1.00000000000000, 0.00000000000000, 0.00000000000000 ) );
#4494 = SURFACE_STYLE_FILL_AREA( #5655 );
#4495 = ORIENTED_EDGE( '', *, *, #5195, .F. );
#4496 = ORIENTED_EDGE( '', *, *, #5555, .F. );
#4497 = ORIENTED_EDGE( '', *, *, #5251, .T. );
#4498 = ORIENTED_EDGE( '', *, *, #5028, .F. );
#4499 = CARTESIAN_POINT( '', ( -0.00768466063387600, -0.0121629345071000, -0.00105259599673700 ) );
#4500 = DIRECTION( '', ( 0.00000000000000, -1.00000000000000, -0.00000000000000 ) );
#4501 = DIRECTION( '', ( 1.00000000000000, 0.00000000000000, 0.00000000000000 ) );
#4502 = SURFACE_STYLE_FILL_AREA( #5656 );
#4503 = ORIENTED_EDGE( '', *, *, #5657, .F. );
#4504 = ORIENTED_EDGE( '', *, *, #5374, .T. );
#4505 = ORIENTED_EDGE( '', *, *, #5658, .T. );
#4506 = ORIENTED_EDGE( '', *, *, #5381, .T. );
#4507 = CARTESIAN_POINT( '', ( 0.00000000000000, 0.00522734801963600, 0.00000000000000 ) );
#4508 = DIRECTION( '', ( 0.00000000000000, 1.00000000000000, 0.00000000000000 ) );
#4509 = DIRECTION( '', ( -0.00108773057764402, 0.00000000000000, 0.999999408420920 ) );
#4510 = SURFACE_STYLE_FILL_AREA( #5659 );
#4511 = ORIENTED_EDGE( '', *, *, #5660, .F. );
#4512 = ORIENTED_EDGE( '', *, *, #5616, .T. );
#4513 = ORIENTED_EDGE( '', *, *, #5661, .F. );
#4514 = ORIENTED_EDGE( '', *, *, #5084, .T. );
#4515 = CARTESIAN_POINT( '', ( 0.0120000000000000, -0.00150000000000000, 0.00000000000000 ) );
#4516 = DIRECTION( '', ( -0.00000000000000, 1.00000000000000, -0.00000000000000 ) );
#4517 = DIRECTION( '', ( 1.00000000000000, 0.00000000000000, 0.00000000000000 ) );
#4518 = SURFACE_STYLE_FILL_AREA( #5662 );
#4519 = ORIENTED_EDGE( '', *, *, #5663, .T. );
#4520 = ORIENTED_EDGE( '', *, *, #5609, .T. );
#4521 = ORIENTED_EDGE( '', *, *, #5139, .T. );
#4522 = ORIENTED_EDGE( '', *, *, #5518, .T. );
#4523 = ORIENTED_EDGE( '', *, *, #5226, .T. );
#4524 = ORIENTED_EDGE( '', *, *, #5590, .F. );
#4525 = ORIENTED_EDGE( '', *, *, #4950, .T. );
#4526 = ORIENTED_EDGE( '', *, *, #5254, .T. );
#4527 = ORIENTED_EDGE( '', *, *, #5343, .F. );
#4528 = CARTESIAN_POINT( '', ( -0.0150000000000000, 0.00150000000000000, -0.00250000000000000 ) );
#4529 = DIRECTION( '', ( 0.00000000000000, 0.00000000000000, -1.00000000000000 ) );
#4530 = DIRECTION( '', ( 0.00000000000000, -1.00000000000000, 0.00000000000000 ) );
#4531 = SURFACE_STYLE_FILL_AREA( #5664 );
#4532 = ORIENTED_EDGE( '', *, *, #5294, .F. );
#4533 = ORIENTED_EDGE( '', *, *, #5665, .F. );
#4534 = ORIENTED_EDGE( '', *, *, #5075, .F. );
#4535 = ORIENTED_EDGE( '', *, *, #5645, .T. );
#4536 = CARTESIAN_POINT( '', ( -0.00952061518347600, 0.0174525188980300, -0.00106894851680900 ) );
#4537 = DIRECTION( '', ( -0.00000000000000, 1.00000000000000, -0.00000000000000 ) );
#4538 = DIRECTION( '', ( -0.918290672786822, 0.00000000000000, 0.395906858077409 ) );
#4539 = SURFACE_STYLE_FILL_AREA( #5666 );
#4540 = ORIENTED_EDGE( '', *, *, #5002, .F. );
#4541 = ORIENTED_EDGE( '', *, *, #5136, .F. );
#4542 = ORIENTED_EDGE( '', *, *, #5269, .F. );
#4543 = ORIENTED_EDGE( '', *, *, #5166, .F. );
#4544 = ORIENTED_EDGE( '', *, *, #5667, .F. );
#4545 = ORIENTED_EDGE( '', *, *, #5179, .T. );
#4546 = CARTESIAN_POINT( '', ( 0.00000000000000, 0.00300000000000000, 0.00000000000000 ) );
#4547 = DIRECTION( '', ( -0.00000000000000, 1.00000000000000, 0.00000000000000 ) );
#4548 = DIRECTION( '', ( 0.00148595956320297, 0.00000000000000, 0.999998895961479 ) );
#4549 = SURFACE_STYLE_FILL_AREA( #5668 );
#4550 = ORIENTED_EDGE( '', *, *, #5669, .F. );
#4551 = ORIENTED_EDGE( '', *, *, #5551, .T. );
#4552 = CARTESIAN_POINT( '', ( -0.0120000000000000, -0.00150000000000000, 0.00600000000000000 ) );
#4553 = DIRECTION( '', ( -0.00000000000000, 1.00000000000000, -0.00000000000000 ) );
#4554 = DIRECTION( '', ( 1.00000000000000, 0.00000000000000, 0.00000000000000 ) );
#4555 = SURFACE_STYLE_FILL_AREA( #5670 );
#4556 = ORIENTED_EDGE( '', *, *, #5301, .F. );
#4557 = ORIENTED_EDGE( '', *, *, #5104, .F. );
#4558 = ORIENTED_EDGE( '', *, *, #5541, .T. );
#4559 = ORIENTED_EDGE( '', *, *, #5151, .T. );
#4560 = CARTESIAN_POINT( '', ( -0.00952061518347600, 0.0174525188980300, 0.00493105148319100 ) );
#4561 = DIRECTION( '', ( -0.00000000000000, 1.00000000000000, -0.00000000000000 ) );
#4562 = DIRECTION( '', ( -0.918290672786858, 0.00000000000000, 0.395906858077325 ) );
#4563 = SURFACE_STYLE_FILL_AREA( #5671 );
#4564 = ORIENTED_EDGE( '', *, *, #5603, .F. );
#4565 = ORIENTED_EDGE( '', *, *, #5654, .F. );
#4566 = ORIENTED_EDGE( '', *, *, #5646, .F. );
#4567 = ORIENTED_EDGE( '', *, *, #5206, .T. );
#4568 = SURFACE_STYLE_FILL_AREA( #5672 );
#4569 = ORIENTED_EDGE( '', *, *, #5669, .T. );
#4570 = ORIENTED_EDGE( '', *, *, #5650, .F. );
#4571 = CARTESIAN_POINT( '', ( 0.00000000000000, -0.000700000000000000, 0.00000000000000 ) );
#4572 = DIRECTION( '', ( -0.00000000000000, 1.00000000000000, 0.00000000000000 ) );
#4573 = DIRECTION( '', ( 1.00000000000000, 0.00000000000000, 0.00000000000000 ) );
#4574 = SURFACE_STYLE_FILL_AREA( #5673 );
#4575 = ORIENTED_EDGE( '', *, *, #5569, .T. );
#4576 = ORIENTED_EDGE( '', *, *, #5393, .F. );
#4577 = ORIENTED_EDGE( '', *, *, #5407, .T. );
#4578 = ORIENTED_EDGE( '', *, *, #5476, .T. );
#4579 = CARTESIAN_POINT( '', ( 0.00000000000000, -0.00150000000000000, 0.00000000000000 ) );
#4580 = DIRECTION( '', ( 0.00000000000000, -1.00000000000000, -0.00000000000000 ) );
#4581 = DIRECTION( '', ( 1.00000000000000, 0.00000000000000, 0.00000000000000 ) );
#4582 = SURFACE_STYLE_FILL_AREA( #5674 );
#4583 = ORIENTED_EDGE( '', *, *, #5419, .F. );
#4584 = ORIENTED_EDGE( '', *, *, #5361, .T. );
#4585 = ORIENTED_EDGE( '', *, *, #5630, .F. );
#4586 = ORIENTED_EDGE( '', *, *, #5533, .F. );
#4587 = CARTESIAN_POINT( '', ( 0.00000000000000, -0.000336367400981800, 0.00000000000000 ) );
#4588 = DIRECTION( '', ( -0.00000000000000, -1.00000000000000, -0.00000000000000 ) );
#4589 = DIRECTION( '', ( -0.707106781186547, 0.00000000000000, -0.707106781186547 ) );
#4590 = SURFACE_STYLE_FILL_AREA( #5675 );
#4591 = ORIENTED_EDGE( '', *, *, #5612, .T. );
#4592 = ORIENTED_EDGE( '', *, *, #5592, .T. );
#4593 = ORIENTED_EDGE( '', *, *, #4905, .T. );
#4594 = ORIENTED_EDGE( '', *, *, #5220, .T. );
#4595 = ORIENTED_EDGE( '', *, *, #5189, .T. );
#4596 = ORIENTED_EDGE( '', *, *, #5628, .T. );
#4597 = ORIENTED_EDGE( '', *, *, #4971, .T. );
#4598 = ORIENTED_EDGE( '', *, *, #5676, .T. );
#4599 = ORIENTED_EDGE( '', *, *, #5164, .T. );
#4600 = ORIENTED_EDGE( '', *, *, #5268, .T. );
#4601 = ORIENTED_EDGE( '', *, *, #5085, .T. );
#4602 = ORIENTED_EDGE( '', *, *, #5661, .T. );
#4603 = ORIENTED_EDGE( '', *, *, #5615, .T. );
#4604 = ORIENTED_EDGE( '', *, *, #4975, .T. );
#4605 = ORIENTED_EDGE( '', *, *, #5127, .T. );
#4606 = ORIENTED_EDGE( '', *, *, #5357, .T. );
#4607 = ORIENTED_EDGE( '', *, *, #5596, .T. );
#4608 = ORIENTED_EDGE( '', *, *, #5232, .T. );
#4609 = ORIENTED_EDGE( '', *, *, #5677, .T. );
#4610 = ORIENTED_EDGE( '', *, *, #5678, .T. );
#4611 = ORIENTED_EDGE( '', *, *, #5197, .T. );
#4612 = CARTESIAN_POINT( '', ( 0.00000000000000, 0.000700000000000000, 0.00000000000000 ) );
#4613 = DIRECTION( '', ( -0.00000000000000, 1.00000000000000, 0.00000000000000 ) );
#4614 = DIRECTION( '', ( 1.00000000000000, 0.00000000000000, 0.00000000000000 ) );
#4615 = SURFACE_STYLE_FILL_AREA( #5679 );
#4616 = ORIENTED_EDGE( '', *, *, #5230, .T. );
#4617 = ORIENTED_EDGE( '', *, *, #4927, .T. );
#4618 = ORIENTED_EDGE( '', *, *, #5454, .F. );
#4619 = ORIENTED_EDGE( '', *, *, #5137, .F. );
#4620 = ORIENTED_EDGE( '', *, *, #5000, .F. );
#4621 = SURFACE_STYLE_FILL_AREA( #5680 );
#4622 = ORIENTED_EDGE( '', *, *, #5676, .F. );
#4623 = ORIENTED_EDGE( '', *, *, #4970, .T. );
#4624 = ORIENTED_EDGE( '', *, *, #5180, .F. );
#4625 = ORIENTED_EDGE( '', *, *, #5667, .T. );
#4626 = ORIENTED_EDGE( '', *, *, #5165, .T. );
#4627 = CARTESIAN_POINT( '', ( 0.0120000000000000, -0.00150000000000000, -0.00600000000000000 ) );
#4628 = DIRECTION( '', ( -0.00000000000000, 1.00000000000000, -0.00000000000000 ) );
#4629 = DIRECTION( '', ( 1.00000000000000, 0.00000000000000, 0.00000000000000 ) );
#4630 = SURFACE_STYLE_FILL_AREA( #5681 );
#4631 = ORIENTED_EDGE( '', *, *, #5575, .T. );
#4632 = ORIENTED_EDGE( '', *, *, #5682, .T. );
#4633 = ORIENTED_EDGE( '', *, *, #5449, .T. );
#4634 = ORIENTED_EDGE( '', *, *, #5539, .F. );
#4635 = ORIENTED_EDGE( '', *, *, #4984, .F. );
#4636 = ORIENTED_EDGE( '', *, *, #5587, .F. );
#4637 = CARTESIAN_POINT( '', ( 0.00000000000000, -0.00150000000000000, 0.00000000000000 ) );
#4638 = DIRECTION( '', ( -0.00000000000000, 1.00000000000000, -0.00000000000000 ) );
#4639 = DIRECTION( '', ( 1.00000000000000, 0.00000000000000, 0.00000000000000 ) );
#4640 = SURFACE_STYLE_FILL_AREA( #5683 );
#4641 = ORIENTED_EDGE( '', *, *, #5373, .F. );
#4642 = ORIENTED_EDGE( '', *, *, #5040, .F. );
#4643 = ORIENTED_EDGE( '', *, *, #5634, .T. );
#4644 = ORIENTED_EDGE( '', *, *, #5537, .F. );
#4645 = ORIENTED_EDGE( '', *, *, #5382, .F. );
#4646 = ORIENTED_EDGE( '', *, *, #5658, .F. );
#4647 = CARTESIAN_POINT( '', ( 0.00000000000000, 0.00642878237724300, 0.00000000000000 ) );
#4648 = DIRECTION( '', ( 0.00000000000000, 1.00000000000000, -0.00000000000000 ) );
#4649 = DIRECTION( '', ( -0.707106781186547, 0.00000000000000, -0.707106781186547 ) );
#4650 = SURFACE_STYLE_FILL_AREA( #5684 );
#4651 = ORIENTED_EDGE( '', *, *, #5302, .F. );
#4652 = ORIENTED_EDGE( '', *, *, #5553, .T. );
#4653 = CARTESIAN_POINT( '', ( -0.00900000000000000, -0.00150000000000000, -0.00300000000000000 ) );
#4654 = DIRECTION( '', ( -0.00000000000000, 1.00000000000000, -0.00000000000000 ) );
#4655 = DIRECTION( '', ( 1.00000000000000, 0.00000000000000, 0.00000000000000 ) );
#4656 = SURFACE_STYLE_FILL_AREA( #5685 );
#4657 = ORIENTED_EDGE( '', *, *, #5293, .F. );
#4658 = ORIENTED_EDGE( '', *, *, #5686, .T. );
#4659 = ORIENTED_EDGE( '', *, *, #5076, .F. );
#4660 = ORIENTED_EDGE( '', *, *, #5665, .T. );
#4661 = CARTESIAN_POINT( '', ( -0.0120000000000000, -0.00150000000000000, 0.00000000000000 ) );
#4662 = DIRECTION( '', ( -0.00000000000000, 1.00000000000000, -0.00000000000000 ) );
#4663 = DIRECTION( '', ( 1.00000000000000, 0.00000000000000, 0.00000000000000 ) );
#4664 = SURFACE_STYLE_FILL_AREA( #5687 );
#4665 = ORIENTED_EDGE( '', *, *, #5409, .F. );
#4666 = ORIENTED_EDGE( '', *, *, #5048, .T. );
#4667 = ORIENTED_EDGE( '', *, *, #5570, .F. );
#4668 = ORIENTED_EDGE( '', *, *, #5348, .F. );
#4669 = CARTESIAN_POINT( '', ( 0.0120000000000000, -0.00150000000000000, -0.00600000000000000 ) );
#4670 = DIRECTION( '', ( 0.00000000000000, -1.00000000000000, -0.00000000000000 ) );
#4671 = DIRECTION( '', ( 1.00000000000000, 0.00000000000000, 0.00000000000000 ) );
#4672 = SURFACE_STYLE_FILL_AREA( #5688 );
#4673 = ORIENTED_EDGE( '', *, *, #5415, .F. );
#4674 = ORIENTED_EDGE( '', *, *, #5559, .F. );
#4675 = ORIENTED_EDGE( '', *, *, #5689, .T. );
#4676 = ORIENTED_EDGE( '', *, *, #5467, .F. );
#4677 = CARTESIAN_POINT( '', ( -0.00860147090640700, -0.0121629345071000, -0.00770000000000000 ) );
#4678 = DIRECTION( '', ( -0.00000000000000, -1.00000000000000, -0.00000000000000 ) );
#4679 = DIRECTION( '', ( 0.00000000000000, 0.00000000000000, -1.00000000000000 ) );
#4680 = SURFACE_STYLE_FILL_AREA( #5690 );
#4681 = ORIENTED_EDGE( '', *, *, #5568, .F. );
#4682 = ORIENTED_EDGE( '', *, *, #5050, .F. );
#4683 = ORIENTED_EDGE( '', *, *, #5408, .T. );
#4684 = ORIENTED_EDGE( '', *, *, #5391, .T. );
#4685 = CARTESIAN_POINT( '', ( 0.00912771867673100, -0.00150000000000000, -0.00800000000000000 ) );
#4686 = DIRECTION( '', ( 0.00000000000000, 0.00000000000000, 1.00000000000000 ) );
#4687 = DIRECTION( '', ( 1.00000000000000, 0.00000000000000, 0.00000000000000 ) );
#4688 = SURFACE_STYLE_FILL_AREA( #5691 );
#4689 = ORIENTED_EDGE( '', *, *, #5275, .T. );
#4690 = ORIENTED_EDGE( '', *, *, #5636, .T. );
#4691 = ORIENTED_EDGE( '', *, *, #5499, .F. );
#4692 = ORIENTED_EDGE( '', *, *, #5692, .T. );
#4693 = ORIENTED_EDGE( '', *, *, #5017, .T. );
#4694 = ORIENTED_EDGE( '', *, *, #5082, .T. );
#4695 = CARTESIAN_POINT( '', ( 0.00000000000000, 0.000449887669563800, 0.00000000000000 ) );
#4696 = DIRECTION( '', ( 0.00000000000000, 1.00000000000000, 0.00000000000000 ) );
#4697 = DIRECTION( '', ( 0.00000000000000, 0.00000000000000, -1.00000000000000 ) );
#4698 = SURFACE_STYLE_FILL_AREA( #5693 );
#4699 = ORIENTED_EDGE( '', *, *, #4980, .T. );
#4700 = ORIENTED_EDGE( '', *, *, #5626, .T. );
#4701 = ORIENTED_EDGE( '', *, *, #5657, .T. );
#4702 = ORIENTED_EDGE( '', *, *, #5486, .T. );
#4703 = ORIENTED_EDGE( '', *, *, #5324, .T. );
#4704 = ORIENTED_EDGE( '', *, *, #5478, .T. );
#4705 = CARTESIAN_POINT( '', ( 0.00000000000000, 0.00411367400981800, 0.00000000000000 ) );
#4706 = DIRECTION( '', ( -0.00000000000000, -1.00000000000000, 0.00000000000000 ) );
#4707 = DIRECTION( '', ( -1.00000000000000, 0.00000000000000, 0.00000000000000 ) );
#4708 = SURFACE_STYLE_FILL_AREA( #5694 );
#4709 = ORIENTED_EDGE( '', *, *, #5695, .F. );
#4710 = ORIENTED_EDGE( '', *, *, #5308, .F. );
#4711 = ORIENTED_EDGE( '', *, *, #5567, .F. );
#4712 = ORIENTED_EDGE( '', *, *, #5598, .T. );
#4713 = CARTESIAN_POINT( '', ( 0.00900000000000000, -0.00150000000000000, 0.00300000000000000 ) );
#4714 = DIRECTION( '', ( -0.00000000000000, 1.00000000000000, -0.00000000000000 ) );
#4715 = DIRECTION( '', ( 1.00000000000000, 0.00000000000000, 0.00000000000000 ) );
#4716 = SURFACE_STYLE_FILL_AREA( #5696 );
#4717 = ORIENTED_EDGE( '', *, *, #5697, .T. );
#4718 = ORIENTED_EDGE( '', *, *, #4977, .F. );
#4719 = ORIENTED_EDGE( '', *, *, #5617, .T. );
#4720 = ORIENTED_EDGE( '', *, *, #5660, .T. );
#4721 = ORIENTED_EDGE( '', *, *, #5087, .T. );
#4722 = ORIENTED_EDGE( '', *, *, #5267, .F. );
#4723 = ORIENTED_EDGE( '', *, *, #5608, .T. );
#4724 = ORIENTED_EDGE( '', *, *, #5663, .F. );
#4725 = ORIENTED_EDGE( '', *, *, #5342, .F. );
#4726 = ORIENTED_EDGE( '', *, *, #4957, .T. );
#4727 = ORIENTED_EDGE( '', *, *, #5698, .T. );
#4728 = ORIENTED_EDGE( '', *, *, #5526, .T. );
#4729 = ORIENTED_EDGE( '', *, *, #5283, .T. );
#4730 = ORIENTED_EDGE( '', *, *, #5044, .T. );
#4731 = CARTESIAN_POINT( '', ( 0.00000000000000, 0.00150000000000000, 0.00000000000000 ) );
#4732 = DIRECTION( '', ( -0.00000000000000, 1.00000000000000, 0.00000000000000 ) );
#4733 = DIRECTION( '', ( 1.00000000000000, 0.00000000000000, 0.00000000000000 ) );
#4734 = SURFACE_STYLE_FILL_AREA( #5699 );
#4735 = ORIENTED_EDGE( '', *, *, #5581, .F. );
#4736 = ORIENTED_EDGE( '', *, *, #5018, .T. );
#4737 = ORIENTED_EDGE( '', *, *, #5692, .F. );
#4738 = ORIENTED_EDGE( '', *, *, #5498, .F. );
#4739 = ORIENTED_EDGE( '', *, *, #5371, .F. );
#4740 = CARTESIAN_POINT( '', ( -0.00425323406362700, -0.00150000000000000, -0.00200000000000000 ) );
#4741 = DIRECTION( '', ( 0.00000000000000, 0.00000000000000, 1.00000000000000 ) );
#4742 = DIRECTION( '', ( 1.00000000000000, 0.00000000000000, 0.00000000000000 ) );
#4743 = SURFACE_STYLE_FILL_AREA( #5700 );
#4744 = ORIENTED_EDGE( '', *, *, #5573, .F. );
#4745 = ORIENTED_EDGE( '', *, *, #5132, .T. );
#4746 = ORIENTED_EDGE( '', *, *, #5502, .F. );
#4747 = ORIENTED_EDGE( '', *, *, #5483, .F. );
#4748 = ORIENTED_EDGE( '', *, *, #5451, .F. );
#4749 = ORIENTED_EDGE( '', *, *, #5701, .F. );
#4750 = CARTESIAN_POINT( '', ( 0.00200000000000000, -0.00150000000000000, 0.00764264352171400 ) );
#4751 = DIRECTION( '', ( -1.00000000000000, 0.00000000000000, 0.00000000000000 ) );
#4752 = DIRECTION( '', ( 0.00000000000000, 0.00000000000000, 1.00000000000000 ) );
#4753 = SURFACE_STYLE_FILL_AREA( #5702 );
#4754 = ORIENTED_EDGE( '', *, *, #5247, .T. );
#4755 = ORIENTED_EDGE( '', *, *, #5585, .T. );
#4756 = ORIENTED_EDGE( '', *, *, #5632, .T. );
#4757 = ORIENTED_EDGE( '', *, *, #5114, .T. );
#4758 = ORIENTED_EDGE( '', *, *, #5288, .T. );
#4759 = ORIENTED_EDGE( '', *, *, #5309, .T. );
#4760 = ORIENTED_EDGE( '', *, *, #5695, .T. );
#4761 = ORIENTED_EDGE( '', *, *, #5599, .T. );
#4762 = CARTESIAN_POINT( '', ( 0.00000000000000, 0.000500000000000000, 0.00000000000000 ) );
#4763 = DIRECTION( '', ( 0.00000000000000, -1.00000000000000, 0.00000000000000 ) );
#4764 = DIRECTION( '', ( 0.00000000000000, 0.00000000000000, -1.00000000000000 ) );
#4765 = SURFACE_STYLE_FILL_AREA( #5703 );
#4766 = ORIENTED_EDGE( '', *, *, #5677, .F. );
#4767 = ORIENTED_EDGE( '', *, *, #5169, .T. );
#4768 = CARTESIAN_POINT( '', ( 0.0120000000000000, -0.000700000000000000, -0.00600000000000000 ) );
#4769 = DIRECTION( '', ( 0.00000000000000, -1.00000000000000, -0.00000000000000 ) );
#4770 = DIRECTION( '', ( 1.00000000000000, 0.00000000000000, 0.00000000000000 ) );
#4771 = SURFACE_STYLE_FILL_AREA( #5704 );
#4772 = ORIENTED_EDGE( '', *, *, #5473, .F. );
#4773 = ORIENTED_EDGE( '', *, *, #5560, .F. );
#4774 = ORIENTED_EDGE( '', *, *, #5417, .T. );
#4775 = ORIENTED_EDGE( '', *, *, #5470, .F. );
#4776 = CARTESIAN_POINT( '', ( -0.00827755413069000, -0.0121629345071000, -0.00523619586931000 ) );
#4777 = DIRECTION( '', ( -0.00000000000000, -1.00000000000000, -0.00000000000000 ) );
#4778 = DIRECTION( '', ( -0.979591018239374, 0.00000000000000, -0.201001087023794 ) );
#4779 = SURFACE_STYLE_FILL_AREA( #5705 );
#4780 = ORIENTED_EDGE( '', *, *, #5678, .F. );
#4781 = ORIENTED_EDGE( '', *, *, #5235, .T. );
#4782 = CARTESIAN_POINT( '', ( 0.0120000000000000, -0.000700000000000000, 0.00000000000000 ) );
#4783 = DIRECTION( '', ( 0.00000000000000, -1.00000000000000, -0.00000000000000 ) );
#4784 = DIRECTION( '', ( 1.00000000000000, 0.00000000000000, 0.00000000000000 ) );
#4785 = SURFACE_STYLE_FILL_AREA( #5706 );
#4786 = ORIENTED_EDGE( '', *, *, #5623, .F. );
#4787 = ORIENTED_EDGE( '', *, *, #5579, .F. );
#4788 = ORIENTED_EDGE( '', *, *, #5339, .T. );
#4789 = ORIENTED_EDGE( '', *, *, #5639, .F. );
#4790 = CARTESIAN_POINT( '', ( -0.00598788303198200, -0.0121629345071000, -0.00434801757072200 ) );
#4791 = DIRECTION( '', ( -0.00000000000000, -1.00000000000000, -0.00000000000000 ) );
#4792 = DIRECTION( '', ( -0.809173382700188, 0.00000000000000, -0.587569941989492 ) );
#4793 = SURFACE_STYLE_FILL_AREA( #5707 );
#4794 = ORIENTED_EDGE( '', *, *, #5399, .F. );
#4795 = ORIENTED_EDGE( '', *, *, #5524, .T. );
#4796 = ORIENTED_EDGE( '', *, *, #5202, .F. );
#4797 = ORIENTED_EDGE( '', *, *, #5638, .F. );
#4798 = CARTESIAN_POINT( '', ( 0.00000000000000, 0.00386250000000000, 0.00000000000000 ) );
#4799 = DIRECTION( '', ( 0.00000000000000, 1.00000000000000, 0.00000000000000 ) );
#4800 = DIRECTION( '', ( 1.00000000000000, 0.00000000000000, 0.00000000000000 ) );
#4801 = SURFACE_STYLE_FILL_AREA( #5708 );
#4802 = ORIENTED_EDGE( '', *, *, #5004, .F. );
#4803 = ORIENTED_EDGE( '', *, *, #5178, .F. );
#4804 = ORIENTED_EDGE( '', *, *, #4933, .T. );
#4805 = ORIENTED_EDGE( '', *, *, #5548, .F. );
#4806 = CARTESIAN_POINT( '', ( 0.0120000000000000, 0.00541080000000000, -0.00600000000000000 ) );
#4807 = DIRECTION( '', ( -0.00000000000000, 1.00000000000000, -0.00000000000000 ) );
#4808 = DIRECTION( '', ( 0.00000000000000, 0.00000000000000, -1.00000000000000 ) );
#4809 = SURFACE_STYLE_FILL_AREA( #5709 );
#4810 = ORIENTED_EDGE( '', *, *, #5468, .F. );
#4811 = ORIENTED_EDGE( '', *, *, #5689, .F. );
#4812 = ORIENTED_EDGE( '', *, *, #5558, .T. );
#4813 = ORIENTED_EDGE( '', *, *, #5278, .T. );
#4814 = CARTESIAN_POINT( '', ( -0.00912771867673100, -0.00150000000000000, -0.00800000000000000 ) );
#4815 = DIRECTION( '', ( 0.00000000000000, 0.00000000000000, -1.00000000000000 ) );
#4816 = DIRECTION( '', ( 0.00000000000000, -1.00000000000000, 0.00000000000000 ) );
#4817 = SURFACE_STYLE_FILL_AREA( #5710 );
#4818 = ORIENTED_EDGE( '', *, *, #4956, .T. );
#4819 = ORIENTED_EDGE( '', *, *, #5642, .T. );
#4820 = ORIENTED_EDGE( '', *, *, #5492, .F. );
#4821 = ORIENTED_EDGE( '', *, *, #5439, .T. );
#4822 = ORIENTED_EDGE( '', *, *, #5527, .T. );
#4823 = ORIENTED_EDGE( '', *, *, #5698, .F. );
#4824 = CARTESIAN_POINT( '', ( 0.00000000000000, 0.000449931411397600, 0.00000000000000 ) );
#4825 = DIRECTION( '', ( 0.00000000000000, 1.00000000000000, 0.00000000000000 ) );
#4826 = DIRECTION( '', ( 0.00000000000000, 0.00000000000000, -1.00000000000000 ) );
#4827 = SURFACE_STYLE_FILL_AREA( #5711 );
#4828 = ORIENTED_EDGE( '', *, *, #5490, .F. );
#4829 = ORIENTED_EDGE( '', *, *, #5363, .F. );
#4830 = ORIENTED_EDGE( '', *, *, #5421, .F. );
#4831 = ORIENTED_EDGE( '', *, *, #5532, .F. );
#4832 = ORIENTED_EDGE( '', *, *, #5143, .F. );
#4833 = ORIENTED_EDGE( '', *, *, #4911, .T. );
#4834 = CARTESIAN_POINT( '', ( 0.00000000000000, 0.00346708316181600, 0.00000000000000 ) );
#4835 = DIRECTION( '', ( -0.00000000000000, -1.00000000000000, 0.00000000000000 ) );
#4836 = DIRECTION( '', ( 1.00000000000000, 0.00000000000000, 0.00000000000000 ) );
#4837 = SURFACE_STYLE_FILL_AREA( #5712 );
#4838 = ORIENTED_EDGE( '', *, *, #5697, .F. );
#4839 = ORIENTED_EDGE( '', *, *, #5043, .F. );
#4840 = ORIENTED_EDGE( '', *, *, #5625, .F. );
#4841 = ORIENTED_EDGE( '', *, *, #4978, .T. );
#4842 = CARTESIAN_POINT( '', ( 0.00690954550396300, 0.0174525188980300, 0.00280000000000000 ) );
#4843 = DIRECTION( '', ( -0.00000000000000, 1.00000000000000, -0.00000000000000 ) );
#4844 = DIRECTION( '', ( 0.00000000000000, 0.00000000000000, -1.00000000000000 ) );
#4845 = SURFACE_STYLE_FILL_AREA( #5713 );
#4846 = ORIENTED_EDGE( '', *, *, #5562, .F. );
#4847 = ORIENTED_EDGE( '', *, *, #5158, .F. );
#4848 = ORIENTED_EDGE( '', *, *, #5428, .F. );
#4849 = ORIENTED_EDGE( '', *, *, #5161, .T. );
#4850 = CARTESIAN_POINT( '', ( -0.00503487835007000, 0.0173425406033700, 0.00770000000000000 ) );
#4851 = DIRECTION( '', ( -0.00000000000000, 1.00000000000000, -0.00000000000000 ) );
#4852 = DIRECTION( '', ( 0.547269385877125, 0.00000000000000, -0.836956521739137 ) );
#4853 = SURFACE_STYLE_FILL_AREA( #5714 );
#4854 = ORIENTED_EDGE( '', *, *, #5450, .F. );
#4855 = ORIENTED_EDGE( '', *, *, #5682, .F. );
#4856 = ORIENTED_EDGE( '', *, *, #5574, .F. );
#4857 = ORIENTED_EDGE( '', *, *, #5701, .T. );
#4858 = CARTESIAN_POINT( '', ( 0.00250000000000000, -0.0121629345071000, 0.00696491205974600 ) );
#4859 = DIRECTION( '', ( -0.00000000000000, -1.00000000000000, -0.00000000000000 ) );
#4860 = DIRECTION( '', ( -1.00000000000000, 0.00000000000000, 0.00000000000000 ) );
#4861 = SURFACE_STYLE_FILL_AREA( #5715 );
#4862 = ORIENTED_EDGE( '', *, *, #5304, .F. );
#4863 = ORIENTED_EDGE( '', *, *, #4948, .T. );
#4864 = CARTESIAN_POINT( '', ( -0.0120000000000000, -0.000700000000000000, 0.00000000000000 ) );
#4865 = DIRECTION( '', ( 0.00000000000000, -1.00000000000000, -0.00000000000000 ) );
#4866 = DIRECTION( '', ( 1.00000000000000, 0.00000000000000, 0.00000000000000 ) );
#4867 = SURFACE_STYLE_FILL_AREA( #5716 );
#4868 = ORIENTED_EDGE( '', *, *, #5305, .F. );
#4869 = ORIENTED_EDGE( '', *, *, #5366, .T. );
#4870 = CARTESIAN_POINT( '', ( -0.0120000000000000, -0.000700000000000000, -0.00600000000000000 ) );
#4871 = DIRECTION( '', ( 0.00000000000000, -1.00000000000000, -0.00000000000000 ) );
#4872 = DIRECTION( '', ( 1.00000000000000, 0.00000000000000, 0.00000000000000 ) );
#4873 = SURFACE_STYLE_FILL_AREA( #5717 );
#4874 = ORIENTED_EDGE( '', *, *, #5458, .F. );
#4875 = ORIENTED_EDGE( '', *, *, #5546, .T. );
#4876 = ORIENTED_EDGE( '', *, *, #5385, .T. );
#4877 = ORIENTED_EDGE( '', *, *, #5652, .T. );
#4878 = ORIENTED_EDGE( '', *, *, #5619, .F. );
#4879 = ORIENTED_EDGE( '', *, *, #5515, .T. );
#4880 = ORIENTED_EDGE( '', *, *, #5432, .F. );
#4881 = ORIENTED_EDGE( '', *, *, #5425, .T. );
#4882 = CARTESIAN_POINT( '', ( 0.00000000000000, 0.000500000000000000, 0.00000000000000 ) );
#4883 = DIRECTION( '', ( -0.00000000000000, 1.00000000000000, 0.00000000000000 ) );
#4884 = DIRECTION( '', ( 1.00000000000000, 0.00000000000000, 0.00000000000000 ) );
#4885 = SURFACE_STYLE_FILL_AREA( #5718 );
#4886 = ORIENTED_EDGE( '', *, *, #5686, .F. );
#4887 = ORIENTED_EDGE( '', *, *, #5292, .F. );
#4888 = ORIENTED_EDGE( '', *, *, #5149, .T. );
#4889 = ORIENTED_EDGE( '', *, *, #5077, .F. );
#4890 = CARTESIAN_POINT( '', ( -0.00952061518347600, -0.0122251708784000, 0.00106894851680900 ) );
#4891 = DIRECTION( '', ( -0.00000000000000, -1.00000000000000, -0.00000000000000 ) );
#4892 = DIRECTION( '', ( -0.918290672786822, 0.00000000000000, -0.395906858077409 ) );
#4893 = FILL_AREA_STYLE( '', ( #5719 ) );
#4894 = EDGE_CURVE( '', #5720, #5721, #5722, .T. );
#4895 = EDGE_CURVE( '', #5720, #5723, #5724, .T. );
#4896 = EDGE_CURVE( '', #5725, #5723, #5726, .T. );
#4897 = EDGE_CURVE( '', #5721, #5725, #5727, .T. );
#4898 = FILL_AREA_STYLE( '', ( #5728 ) );
#4899 = EDGE_CURVE( '', #5729, #5730, #5731, .T. );
#4900 = EDGE_CURVE( '', #5729, #5732, #5733, .T. );
#4901 = EDGE_CURVE( '', #5734, #5732, #5735, .T. );
#4902 = EDGE_CURVE( '', #5734, #5730, #5736, .T. );
#4903 = FILL_AREA_STYLE( '', ( #5737 ) );
#4904 = EDGE_CURVE( '', #5738, #5739, #5740, .T. );
#4905 = EDGE_CURVE( '', #5741, #5738, #5742, .T. );
#4906 = EDGE_CURVE( '', #5741, #5743, #5744, .T. );
#4907 = EDGE_CURVE( '', #5739, #5743, #5745, .T. );
#4908 = FILL_AREA_STYLE( '', ( #5746 ) );
#4909 = EDGE_CURVE( '', #5747, #5748, #5749, .T. );
#4910 = EDGE_CURVE( '', #5750, #5747, #5751, .T. );
#4911 = EDGE_CURVE( '', #5752, #5750, #5753, .T. );
#4912 = EDGE_CURVE( '', #5752, #5748, #5754, .T. );
#4913 = FILL_AREA_STYLE( '', ( #5755 ) );
#4914 = EDGE_CURVE( '', #5756, #5756, #5757, .T. );
#4915 = EDGE_CURVE( '', #5758, #5758, #5759, .T. );
#4916 = FILL_AREA_STYLE( '', ( #5760 ) );
#4917 = EDGE_CURVE( '', #5761, #5762, #5763, .T. );
#4918 = EDGE_CURVE( '', #5761, #5764, #5765, .T. );
#4919 = EDGE_CURVE( '', #5766, #5764, #5767, .T. );
#4920 = EDGE_CURVE( '', #5762, #5766, #5768, .T. );
#4921 = FILL_AREA_STYLE( '', ( #5769 ) );
#4922 = EDGE_CURVE( '', #5770, #5771, #5772, .T. );
#4923 = EDGE_CURVE( '', #5771, #5773, #5774, .T. );
#4924 = EDGE_CURVE( '', #5773, #5775, #5776, .T. );
#4925 = EDGE_CURVE( '', #5775, #5777, #5778, .T. );
#4926 = EDGE_CURVE( '', #5779, #5777, #5780, .T. );
#4927 = EDGE_CURVE( '', #5781, #5779, #5782, .T. );
#4928 = EDGE_CURVE( '', #5781, #5783, #5784, .T. );
#4929 = EDGE_CURVE( '', #5783, #5785, #5786, .T. );
#4930 = EDGE_CURVE( '', #5785, #5770, #5787, .T. );
#4931 = FILL_AREA_STYLE( '', ( #5788 ) );
#4932 = EDGE_CURVE( '', #5789, #5790, #5791, .T. );
#4933 = EDGE_CURVE( '', #5792, #5790, #5793, .T. );
#4934 = EDGE_CURVE( '', #5794, #5792, #5795, .T. );
#4935 = EDGE_CURVE( '', #5794, #5789, #5796, .T. );
#4936 = FILL_AREA_STYLE( '', ( #5797 ) );
#4937 = EDGE_CURVE( '', #5798, #5799, #5800, .T. );
#4938 = EDGE_CURVE( '', #5801, #5798, #5802, .T. );
#4939 = EDGE_CURVE( '', #5801, #5803, #5804, .T. );
#4940 = EDGE_CURVE( '', #5799, #5803, #5805, .T. );
#4941 = FILL_AREA_STYLE( '', ( #5806 ) );
#4942 = EDGE_CURVE( '', #5732, #5807, #5808, .T. );
#4943 = EDGE_CURVE( '', #5732, #5809, #5810, .T. );
#4944 = EDGE_CURVE( '', #5809, #5725, #5811, .T. );
#4945 = EDGE_CURVE( '', #5807, #5723, #5812, .T. );
#4946 = FILL_AREA_STYLE( '', ( #5813 ) );
#4947 = EDGE_CURVE( '', #5814, #5814, #5815, .T. );
#4948 = EDGE_CURVE( '', #5816, #5816, #5817, .T. );
#4949 = FILL_AREA_STYLE( '', ( #5818 ) );
#4950 = EDGE_CURVE( '', #5819, #5820, #5821, .T. );
#4951 = EDGE_CURVE( '', #5819, #5773, #5822, .T. );
#4952 = EDGE_CURVE( '', #5771, #5820, #5823, .T. );
#4953 = FILL_AREA_STYLE( '', ( #5824 ) );
#4954 = EDGE_CURVE( '', #5825, #5826, #5827, .T. );
#4955 = EDGE_CURVE( '', #5828, #5825, #5829, .T. );
#4956 = EDGE_CURVE( '', #5830, #5828, #5831, .T. );
#4957 = EDGE_CURVE( '', #5832, #5830, #5833, .T. );
#4958 = EDGE_CURVE( '', #5832, #5826, #5834, .T. );
#4959 = FILL_AREA_STYLE( '', ( #5835 ) );
#4960 = EDGE_CURVE( '', #5836, #5837, #5838, .T. );
#4961 = EDGE_CURVE( '', #5837, #5839, #5840, .T. );
#4962 = EDGE_CURVE( '', #5841, #5839, #5842, .T. );
#4963 = EDGE_CURVE( '', #5841, #5836, #5843, .T. );
#4964 = FILL_AREA_STYLE( '', ( #5844 ) );
#4965 = EDGE_CURVE( '', #5845, #5846, #5847, .T. );
#4966 = EDGE_CURVE( '', #5848, #5845, #5849, .T. );
#4967 = EDGE_CURVE( '', #5850, #5848, #5851, .T. );
#4968 = EDGE_CURVE( '', #5850, #5846, #5852, .T. );
#4969 = FILL_AREA_STYLE( '', ( #5853 ) );
#4970 = EDGE_CURVE( '', #5854, #5855, #5856, .T. );
#4971 = EDGE_CURVE( '', #5857, #5854, #5858, .T. );
#4972 = EDGE_CURVE( '', #5857, #5859, #5860, .T. );
#4973 = EDGE_CURVE( '', #5855, #5859, #5861, .T. );
#4974 = FILL_AREA_STYLE( '', ( #5862 ) );
#4975 = EDGE_CURVE( '', #5863, #5864, #5865, .T. );
#4976 = EDGE_CURVE( '', #5866, #5863, #5867, .T. );
#4977 = EDGE_CURVE( '', #5866, #5868, #5869, .T. );
#4978 = EDGE_CURVE( '', #5870, #5868, #5871, .T. );
#4979 = EDGE_CURVE( '', #5870, #5872, #5873, .T. );
#4980 = EDGE_CURVE( '', #5874, #5872, #5875, .T. );
#4981 = EDGE_CURVE( '', #5874, #5876, #5877, .T. );
#4982 = EDGE_CURVE( '', #5876, #5864, #5878, .T. );
#4983 = FILL_AREA_STYLE( '', ( #5879 ) );
#4984 = EDGE_CURVE( '', #5880, #5881, #5882, .T. );
#4985 = EDGE_CURVE( '', #5881, #5883, #5884, .T. );
#4986 = EDGE_CURVE( '', #5883, #5885, #5886, .T. );
#4987 = EDGE_CURVE( '', #5885, #5887, #5888, .T. );
#4988 = EDGE_CURVE( '', #5887, #5889, #5890, .T. );
#4989 = EDGE_CURVE( '', #5889, #5880, #5891, .T. );
#4990 = FILL_AREA_STYLE( '', ( #5892 ) );
#4991 = EDGE_CURVE( '', #5893, #5894, #5895, .T. );
#4992 = EDGE_CURVE( '', #5896, #5894, #5897, .T. );
#4993 = EDGE_CURVE( '', #5896, #5898, #5899, .T. );
#4994 = EDGE_CURVE( '', #5898, #5893, #5900, .T. );
#4995 = FILL_AREA_STYLE( '', ( #5901 ) );
#4996 = EDGE_CURVE( '', #5902, #5903, #5904, .T. );
#4997 = EDGE_CURVE( '', #5905, #5903, #5906, .T. );
#4998 = EDGE_CURVE( '', #5905, #5907, #5908, .T. );
#4999 = EDGE_CURVE( '', #5909, #5907, #5910, .T. );
#5000 = EDGE_CURVE( '', #5909, #5911, #5912, .T. );
#5001 = EDGE_CURVE( '', #5913, #5911, #5914, .T. );
#5002 = EDGE_CURVE( '', #5913, #5915, #5916, .T. );
#5003 = EDGE_CURVE( '', #5917, #5915, #5918, .T. );
#5004 = EDGE_CURVE( '', #5917, #5919, #5920, .T. );
#5005 = EDGE_CURVE( '', #5919, #5921, #5922, .T. );
#5006 = EDGE_CURVE( '', #5923, #5921, #5924, .T. );
#5007 = EDGE_CURVE( '', #5925, #5923, #5926, .T. );
#5008 = EDGE_CURVE( '', #5925, #5927, #5928, .T. );
#5009 = EDGE_CURVE( '', #5902, #5927, #5929, .T. );
#5010 = FILL_AREA_STYLE( '', ( #5930 ) );
#5011 = EDGE_CURVE( '', #5931, #5932, #5933, .T. );
#5012 = EDGE_CURVE( '', #5931, #5934, #5935, .T. );
#5013 = EDGE_CURVE( '', #5936, #5934, #5937, .T. );
#5014 = EDGE_CURVE( '', #5932, #5936, #5938, .T. );
#5015 = FILL_AREA_STYLE( '', ( #5939 ) );
#5016 = EDGE_CURVE( '', #5940, #5941, #5942, .T. );
#5017 = EDGE_CURVE( '', #5943, #5940, #5944, .T. );
#5018 = EDGE_CURVE( '', #5945, #5943, #5946, .T. );
#5019 = EDGE_CURVE( '', #5947, #5945, #5948, .T. );
#5020 = EDGE_CURVE( '', #5947, #5941, #5949, .T. );
#5021 = FILL_AREA_STYLE( '', ( #5950 ) );
#5022 = EDGE_CURVE( '', #5951, #5952, #5953, .T. );
#5023 = EDGE_CURVE( '', #5952, #5954, #5955, .T. );
#5024 = EDGE_CURVE( '', #5954, #5956, #5957, .T. );
#5025 = EDGE_CURVE( '', #5956, #5766, #5958, .T. );
#5026 = EDGE_CURVE( '', #5764, #5959, #5960, .T. );
#5027 = EDGE_CURVE( '', #5959, #5961, #5962, .T. );
#5028 = EDGE_CURVE( '', #5961, #5951, #5963, .T. );
#5029 = FILL_AREA_STYLE( '', ( #5964 ) );
#5030 = EDGE_CURVE( '', #5965, #5966, #5967, .T. );
#5031 = EDGE_CURVE( '', #5968, #5965, #5969, .T. );
#5032 = EDGE_CURVE( '', #5968, #5970, #5971, .T. );
#5033 = EDGE_CURVE( '', #5966, #5970, #5972, .T. );
#5034 = FILL_AREA_STYLE( '', ( #5973 ) );
#5035 = EDGE_CURVE( '', #5974, #5974, #5975, .T. );
#5036 = EDGE_CURVE( '', #5976, #5976, #5977, .T. );
#5037 = FILL_AREA_STYLE( '', ( #5978 ) );
#5038 = EDGE_CURVE( '', #5885, #5979, #5980, .T. );
#5039 = EDGE_CURVE( '', #5979, #5981, #5982, .T. );
#5040 = EDGE_CURVE( '', #5981, #5983, #5984, .T. );
#5041 = EDGE_CURVE( '', #5985, #5983, #5986, .T. );
#5042 = EDGE_CURVE( '', #5987, #5985, #5988, .T. );
#5043 = EDGE_CURVE( '', #5987, #5989, #5990, .T. );
#5044 = EDGE_CURVE( '', #5991, #5989, #5992, .T. );
#5045 = EDGE_CURVE( '', #5887, #5991, #5993, .T. );
#5046 = FILL_AREA_STYLE( '', ( #5994 ) );
#5047 = EDGE_CURVE( '', #5995, #5996, #5997, .T. );
#5048 = EDGE_CURVE( '', #5998, #5995, #5999, .T. );
#5049 = EDGE_CURVE( '', #6000, #5998, #6001, .T. );
#5050 = EDGE_CURVE( '', #6000, #5996, #6002, .T. );
#5051 = FILL_AREA_STYLE( '', ( #6003 ) );
#5052 = EDGE_CURVE( '', #6004, #6004, #6005, .T. );
#5053 = EDGE_CURVE( '', #6006, #6006, #6007, .T. );
#5054 = FILL_AREA_STYLE( '', ( #6008 ) );
#5055 = EDGE_CURVE( '', #6009, #6010, #6011, .T. );
#5056 = EDGE_CURVE( '', #6012, #6010, #6013, .T. );
#5057 = EDGE_CURVE( '', #6012, #6014, #6015, .T. );
#5058 = EDGE_CURVE( '', #6014, #5785, #6016, .T. );
#5059 = EDGE_CURVE( '', #5783, #5907, #6017, .T. );
#5060 = EDGE_CURVE( '', #5905, #6018, #6019, .T. );
#5061 = EDGE_CURVE( '', #6018, #6020, #6021, .T. );
#5062 = EDGE_CURVE( '', #6022, #6020, #6023, .T. );
#5063 = EDGE_CURVE( '', #6022, #6024, #6025, .T. );
#5064 = EDGE_CURVE( '', #6024, #6009, #6026, .T. );
#5065 = FILL_AREA_STYLE( '', ( #6027 ) );
#5066 = EDGE_CURVE( '', #6028, #6029, #6030, .T. );
#5067 = EDGE_CURVE( '', #6029, #6031, #6032, .T. );
#5068 = EDGE_CURVE( '', #5734, #6031, #6033, .T. );
#5069 = EDGE_CURVE( '', #6034, #5734, #6035, .T. );
#5070 = EDGE_CURVE( '', #6028, #6034, #6036, .T. );
#5071 = FILL_AREA_STYLE( '', ( #6037 ) );
#5072 = EDGE_CURVE( '', #5941, #6038, #6039, .T. );
#5073 = EDGE_CURVE( '', #6040, #6038, #6041, .T. );
#5074 = EDGE_CURVE( '', #6042, #6040, #6043, .T. );
#5075 = EDGE_CURVE( '', #6042, #6044, #6045, .T. );
#5076 = EDGE_CURVE( '', #6044, #6046, #6047, .T. );
#5077 = EDGE_CURVE( '', #6046, #6048, #6049, .T. );
#5078 = EDGE_CURVE( '', #5720, #6048, #6050, .T. );
#5079 = EDGE_CURVE( '', #5721, #6051, #6052, .T. );
#5080 = EDGE_CURVE( '', #6053, #6051, #6054, .T. );
#5081 = EDGE_CURVE( '', #6053, #6055, #6056, .T. );
#5082 = EDGE_CURVE( '', #5940, #6055, #6057, .T. );
#5083 = FILL_AREA_STYLE( '', ( #6058 ) );
#5084 = EDGE_CURVE( '', #6059, #6060, #6061, .T. );
#5085 = EDGE_CURVE( '', #6062, #6059, #6063, .T. );
#5086 = EDGE_CURVE( '', #6062, #6064, #6065, .T. );
#5087 = EDGE_CURVE( '', #6060, #6064, #6066, .T. );
#5088 = FILL_AREA_STYLE( '', ( #6067 ) );
#5089 = EDGE_CURVE( '', #6068, #5794, #6069, .T. );
#5090 = EDGE_CURVE( '', #6068, #6070, #6071, .T. );
#5091 = EDGE_CURVE( '', #5789, #6070, #6072, .T. );
#5092 = FILL_AREA_STYLE( '', ( #6073 ) );
#5093 = EDGE_CURVE( '', #6074, #6075, #6076, .T. );
#5094 = EDGE_CURVE( '', #6014, #6074, #6077, .T. );
#5095 = EDGE_CURVE( '', #6012, #6075, #6078, .T. );
#5096 = FILL_AREA_STYLE( '', ( #6079 ) );
#5097 = EDGE_CURVE( '', #6080, #5894, #6081, .T. );
#5098 = EDGE_CURVE( '', #6082, #6080, #6083, .T. );
#5099 = EDGE_CURVE( '', #5896, #6082, #6084, .T. );
#5100 = FILL_AREA_STYLE( '', ( #6085 ) );
#5101 = EDGE_CURVE( '', #5965, #6086, #6087, .T. );
#5102 = EDGE_CURVE( '', #6088, #5966, #6089, .T. );
#5103 = EDGE_CURVE( '', #6088, #6090, #6091, .T. );
#5104 = EDGE_CURVE( '', #6090, #6086, #6092, .T. );
#5105 = FILL_AREA_STYLE( '', ( #6093 ) );
#5106 = EDGE_CURVE( '', #6094, #6095, #6096, .T. );
#5107 = EDGE_CURVE( '', #6094, #6097, #6098, .T. );
#5108 = EDGE_CURVE( '', #6099, #6097, #6100, .T. );
#5109 = EDGE_CURVE( '', #6099, #6095, #6101, .T. );
#5110 = FILL_AREA_STYLE( '', ( #6102 ) );
#5111 = EDGE_CURVE( '', #6103, #6104, #6105, .T. );
#5112 = EDGE_CURVE( '', #6106, #6103, #6107, .T. );
#5113 = EDGE_CURVE( '', #6106, #6108, #6109, .T. );
#5114 = EDGE_CURVE( '', #6104, #6108, #6110, .T. );
#5115 = FILL_AREA_STYLE( '', ( #6111 ) );
#5116 = EDGE_CURVE( '', #6112, #5952, #6113, .T. );
#5117 = EDGE_CURVE( '', #6114, #6112, #6115, .T. );
#5118 = EDGE_CURVE( '', #6114, #5954, #6116, .T. );
#5119 = FILL_AREA_STYLE( '', ( #6117 ) );
#5120 = EDGE_CURVE( '', #6118, #6118, #6119, .T. );
#5121 = EDGE_CURVE( '', #6120, #6120, #6121, .T. );
#5122 = FILL_AREA_STYLE( '', ( #6122 ) );
#5123 = EDGE_CURVE( '', #6123, #6099, #6124, .T. );
#5124 = EDGE_CURVE( '', #6123, #6125, #6126, .T. );
#5125 = EDGE_CURVE( '', #6095, #6125, #6127, .T. );
#5126 = FILL_AREA_STYLE( '', ( #6128 ) );
#5127 = EDGE_CURVE( '', #5864, #6129, #6130, .T. );
#5128 = EDGE_CURVE( '', #5876, #6131, #6132, .T. );
#5129 = EDGE_CURVE( '', #6129, #6131, #6133, .T. );
#5130 = FILL_AREA_STYLE( '', ( #6134 ) );
#5131 = EDGE_CURVE( '', #6135, #6136, #6137, .T. );
#5132 = EDGE_CURVE( '', #6138, #6135, #6139, .T. );
#5133 = EDGE_CURVE( '', #6140, #6138, #6141, .T. );
#5134 = EDGE_CURVE( '', #6140, #6136, #6142, .T. );
#5135 = FILL_AREA_STYLE( '', ( #6143 ) );
#5136 = EDGE_CURVE( '', #6144, #5913, #6145, .T. );
#5137 = EDGE_CURVE( '', #5911, #6146, #6147, .T. );
#5138 = EDGE_CURVE( '', #6146, #6148, #6149, .T. );
#5139 = EDGE_CURVE( '', #6150, #6148, #6151, .T. );
#5140 = EDGE_CURVE( '', #6150, #6152, #6153, .T. );
#5141 = EDGE_CURVE( '', #6152, #6144, #6154, .T. );
#5142 = FILL_AREA_STYLE( '', ( #6155 ) );
#5143 = EDGE_CURVE( '', #5752, #6156, #6157, .T. );
#5144 = EDGE_CURVE( '', #6158, #6156, #6159, .T. );
#5145 = EDGE_CURVE( '', #6160, #6158, #6161, .T. );
#5146 = EDGE_CURVE( '', #6160, #6162, #6163, .T. );
#5147 = EDGE_CURVE( '', #5748, #6162, #6164, .T. );
#5148 = FILL_AREA_STYLE( '', ( #6165 ) );
#5149 = EDGE_CURVE( '', #6166, #6048, #6167, .T. );
#5150 = EDGE_CURVE( '', #6168, #6166, #6169, .T. );
#5151 = EDGE_CURVE( '', #6170, #6168, #6171, .T. );
#5152 = EDGE_CURVE( '', #6170, #6172, #6173, .T. );
#5153 = EDGE_CURVE( '', #5807, #6172, #6174, .T. );
#5154 = FILL_AREA_STYLE( '', ( #6175 ) );
#5155 = EDGE_CURVE( '', #6176, #6177, #6178, .T. );
#5156 = EDGE_CURVE( '', #6179, #6176, #6180, .T. );
#5157 = EDGE_CURVE( '', #6179, #6181, #6182, .T. );
#5158 = EDGE_CURVE( '', #6181, #6177, #6183, .T. );
#5159 = FILL_AREA_STYLE( '', ( #6184 ) );
#5160 = EDGE_CURVE( '', #6080, #6185, #6186, .T. );
#5161 = EDGE_CURVE( '', #6187, #6185, #6188, .T. );
#5162 = EDGE_CURVE( '', #6187, #6082, #6189, .T. );
#5163 = FILL_AREA_STYLE( '', ( #6190 ) );
#5164 = EDGE_CURVE( '', #6191, #6192, #6193, .T. );
#5165 = EDGE_CURVE( '', #6194, #6191, #6195, .T. );
#5166 = EDGE_CURVE( '', #6194, #6196, #6197, .T. );
#5167 = EDGE_CURVE( '', #6196, #6192, #6198, .T. );
#5168 = FILL_AREA_STYLE( '', ( #6199 ) );
#5169 = EDGE_CURVE( '', #6200, #6200, #6201, .T. );
#5170 = FILL_AREA_STYLE( '', ( #6202 ) );
#5171 = EDGE_CURVE( '', #6203, #5730, #6204, .T. );
#5172 = EDGE_CURVE( '', #6031, #6203, #6205, .T. );
#5173 = FILL_AREA_STYLE( '', ( #6206 ) );
#5174 = EDGE_CURVE( '', #6207, #6114, #6208, .T. );
#5175 = EDGE_CURVE( '', #6207, #5956, #6209, .T. );
#5176 = FILL_AREA_STYLE( '', ( #6210 ) );
#5177 = EDGE_CURVE( '', #6211, #6068, #6212, .T. );
#5178 = EDGE_CURVE( '', #5792, #5917, #6213, .T. );
#5179 = EDGE_CURVE( '', #6214, #5915, #6215, .T. );
#5180 = EDGE_CURVE( '', #6214, #5855, #6216, .T. );
#5181 = EDGE_CURVE( '', #5859, #6217, #6218, .T. );
#5182 = EDGE_CURVE( '', #6217, #6219, #6220, .T. );
#5183 = EDGE_CURVE( '', #6219, #5739, #6221, .T. );
#5184 = EDGE_CURVE( '', #5743, #6222, #6223, .T. );
#5185 = EDGE_CURVE( '', #6222, #6224, #6225, .T. );
#5186 = EDGE_CURVE( '', #6224, #6226, #6227, .T. );
#5187 = EDGE_CURVE( '', #6211, #6226, #6228, .T. );
#5188 = FILL_AREA_STYLE( '', ( #6229 ) );
#5189 = EDGE_CURVE( '', #6230, #6231, #6232, .T. );
#5190 = EDGE_CURVE( '', #6219, #6230, #6233, .T. );
#5191 = EDGE_CURVE( '', #6217, #6231, #6234, .T. );
#5192 = FILL_AREA_STYLE( '', ( #6235 ) );
#5193 = EDGE_CURVE( '', #6236, #5959, #6237, .T. );
#5194 = EDGE_CURVE( '', #6238, #6236, #6239, .T. );
#5195 = EDGE_CURVE( '', #6238, #5961, #6240, .T. );
#5196 = FILL_AREA_STYLE( '', ( #6241 ) );
#5197 = EDGE_CURVE( '', #6242, #6242, #6243, .T. );
#5198 = EDGE_CURVE( '', #6244, #6244, #6245, .T. );
#5199 = FILL_AREA_STYLE( '', ( #6246 ) );
#5200 = EDGE_CURVE( '', #6247, #6038, #6248, .T. );
#5201 = EDGE_CURVE( '', #6249, #6247, #6250, .T. );
#5202 = EDGE_CURVE( '', #6249, #6251, #6252, .T. );
#5203 = EDGE_CURVE( '', #6251, #6253, #6254, .T. );
#5204 = EDGE_CURVE( '', #6253, #6255, #6256, .T. );
#5205 = EDGE_CURVE( '', #6257, #6255, #6258, .T. );
#5206 = EDGE_CURVE( '', #6259, #6257, #6260, .T. );
#5207 = EDGE_CURVE( '', #6040, #6259, #6261, .T. );
#5208 = FILL_AREA_STYLE( '', ( #6262 ) );
#5209 = EDGE_CURVE( '', #5970, #6263, #6264, .T. );
#5210 = EDGE_CURVE( '', #6263, #6094, #6265, .T. );
#5211 = EDGE_CURVE( '', #6125, #5850, #6266, .T. );
#5212 = EDGE_CURVE( '', #5848, #6267, #6268, .T. );
#5213 = EDGE_CURVE( '', #5925, #6267, #6269, .T. );
#5214 = EDGE_CURVE( '', #5923, #6270, #6271, .T. );
#5215 = EDGE_CURVE( '', #6270, #6272, #6273, .T. );
#5216 = EDGE_CURVE( '', #6272, #6274, #6275, .T. );
#5217 = EDGE_CURVE( '', #6274, #6276, #6277, .T. );
#5218 = EDGE_CURVE( '', #6088, #6276, #6278, .T. );
#5219 = FILL_AREA_STYLE( '', ( #6279 ) );
#5220 = EDGE_CURVE( '', #5738, #6230, #6280, .T. );
#5221 = FILL_AREA_STYLE( '', ( #6281 ) );
#5222 = EDGE_CURVE( '', #6282, #6282, #6283, .T. );
#5223 = EDGE_CURVE( '', #6284, #6284, #6285, .T. );
#5224 = FILL_AREA_STYLE( '', ( #6286 ) );
#5225 = EDGE_CURVE( '', #6287, #5775, #6288, .T. );
#5226 = EDGE_CURVE( '', #6289, #6287, #6290, .T. );
#5227 = EDGE_CURVE( '', #6289, #6291, #6292, .T. );
#5228 = EDGE_CURVE( '', #5777, #6291, #6293, .T. );
#5229 = FILL_AREA_STYLE( '', ( #6294 ) );
#5230 = EDGE_CURVE( '', #5909, #5781, #6295, .T. );
#5231 = FILL_AREA_STYLE( '', ( #6296 ) );
#5232 = EDGE_CURVE( '', #6297, #6297, #6298, .T. );
#5233 = EDGE_CURVE( '', #6299, #6299, #6300, .T. );
#5234 = FILL_AREA_STYLE( '', ( #6301 ) );
#5235 = EDGE_CURVE( '', #6302, #6302, #6303, .T. );
#5236 = FILL_AREA_STYLE( '', ( #6304 ) );
#5237 = EDGE_CURVE( '', #6305, #6306, #6307, .T. );
#5238 = EDGE_CURVE( '', #6308, #6306, #6309, .T. );
#5239 = EDGE_CURVE( '', #6308, #6310, #6311, .T. );
#5240 = EDGE_CURVE( '', #6310, #6305, #6312, .T. );
#5241 = FILL_AREA_STYLE( '', ( #6313 ) );
#5242 = EDGE_CURVE( '', #6314, #6034, #6315, .T. );
#5243 = EDGE_CURVE( '', #6172, #6314, #6316, .T. );
#5244 = FILL_AREA_STYLE( '', ( #6317 ) );
#5245 = EDGE_CURVE( '', #6318, #6319, #6320, .T. );
#5246 = EDGE_CURVE( '', #6318, #6321, #6322, .T. );
#5247 = EDGE_CURVE( '', #6323, #6321, #6324, .T. );
#5248 = EDGE_CURVE( '', #6319, #6323, #6325, .T. );
#5249 = FILL_AREA_STYLE( '', ( #6326 ) );
#5250 = EDGE_CURVE( '', #6327, #6112, #6328, .T. );
#5251 = EDGE_CURVE( '', #6327, #5951, #6329, .T. );
#5252 = FILL_AREA_STYLE( '', ( #6330 ) );
#5253 = EDGE_CURVE( '', #6331, #6332, #6333, .T. );
#5254 = EDGE_CURVE( '', #5820, #6331, #6334, .T. );
#5255 = EDGE_CURVE( '', #6335, #5770, #6336, .T. );
#5256 = EDGE_CURVE( '', #6335, #6332, #6337, .T. );
#5257 = FILL_AREA_STYLE( '', ( #6338 ) );
#5258 = FILL_AREA_STYLE( '', ( #6339 ) );
#5259 = EDGE_CURVE( '', #6340, #6074, #6341, .T. );
#5260 = EDGE_CURVE( '', #6335, #6340, #6342, .T. );
#5261 = FILL_AREA_STYLE( '', ( #6343 ) );
#5262 = EDGE_CURVE( '', #6162, #6344, #6345, .T. );
#5263 = EDGE_CURVE( '', #6346, #6160, #6347, .T. );
#5264 = EDGE_CURVE( '', #6346, #6344, #6348, .T. );
#5265 = FILL_AREA_STYLE( '', ( #6349 ) );
#5266 = EDGE_CURVE( '', #6350, #6152, #6351, .T. );
#5267 = EDGE_CURVE( '', #6350, #6064, #6352, .T. );
#5268 = EDGE_CURVE( '', #6192, #6062, #6353, .T. );
#5269 = EDGE_CURVE( '', #6196, #6144, #6354, .T. );
#5270 = FILL_AREA_STYLE( '', ( #6355 ) );
#5271 = EDGE_CURVE( '', #5762, #6207, #6356, .T. );
#5272 = FILL_AREA_STYLE( '', ( #6357 ) );
#5273 = EDGE_CURVE( '', #6358, #6359, #6360, .T. );
#5274 = EDGE_CURVE( '', #6361, #6358, #6362, .T. );
#5275 = EDGE_CURVE( '', #6055, #6361, #6363, .T. );
#5276 = EDGE_CURVE( '', #6053, #6359, #6364, .T. );
#5277 = FILL_AREA_STYLE( '', ( #6365 ) );
#5278 = EDGE_CURVE( '', #6366, #6367, #6368, .T. );
#5279 = EDGE_CURVE( '', #6369, #6366, #6370, .T. );
#5280 = EDGE_CURVE( '', #6369, #6371, #6372, .T. );
#5281 = EDGE_CURVE( '', #6367, #6371, #6373, .T. );
#5282 = FILL_AREA_STYLE( '', ( #6374 ) );
#5283 = EDGE_CURVE( '', #6375, #5991, #6376, .T. );
#5284 = EDGE_CURVE( '', #6377, #6375, #6378, .T. );
#5285 = EDGE_CURVE( '', #6379, #6377, #6380, .T. );
#5286 = EDGE_CURVE( '', #6379, #5889, #6381, .T. );
#5287 = FILL_AREA_STYLE( '', ( #6382 ) );
#5288 = EDGE_CURVE( '', #6108, #6383, #6384, .T. );
#5289 = EDGE_CURVE( '', #6385, #6106, #6386, .T. );
#5290 = EDGE_CURVE( '', #6385, #6383, #6387, .T. );
#5291 = FILL_AREA_STYLE( '', ( #6388 ) );
#5292 = EDGE_CURVE( '', #6166, #6389, #6390, .T. );
#5293 = EDGE_CURVE( '', #6389, #6391, #6392, .T. );
#5294 = EDGE_CURVE( '', #6391, #6393, #6394, .T. );
#5295 = EDGE_CURVE( '', #6393, #6395, #6396, .T. );
#5296 = EDGE_CURVE( '', #6395, #6397, #6398, .T. );
#5297 = EDGE_CURVE( '', #6397, #5845, #6399, .T. );
#5298 = EDGE_CURVE( '', #5846, #6123, #6400, .T. );
#5299 = EDGE_CURVE( '', #6097, #6401, #6402, .T. );
#5300 = EDGE_CURVE( '', #6401, #5968, #6403, .T. );
#5301 = EDGE_CURVE( '', #6086, #6168, #6404, .T. );
#5302 = EDGE_CURVE( '', #6405, #6405, #6406, .T. );
#5303 = EDGE_CURVE( '', #6407, #6407, #6408, .T. );
#5304 = EDGE_CURVE( '', #6409, #6409, #6410, .T. );
#5305 = EDGE_CURVE( '', #6411, #6411, #6412, .T. );
#5306 = FILL_AREA_STYLE( '', ( #6413 ) );
#5307 = EDGE_CURVE( '', #6414, #6385, #6415, .T. );
#5308 = EDGE_CURVE( '', #6414, #6416, #6417, .T. );
#5309 = EDGE_CURVE( '', #6383, #6416, #6418, .T. );
#5310 = FILL_AREA_STYLE( '', ( #6419 ) );
#5311 = EDGE_CURVE( '', #6420, #6421, #6422, .T. );
#5312 = EDGE_CURVE( '', #6423, #6420, #6424, .T. );
#5313 = EDGE_CURVE( '', #6425, #6423, #6426, .T. );
#5314 = EDGE_CURVE( '', #6425, #6421, #6427, .T. );
#5315 = FILL_AREA_STYLE( '', ( #6428 ) );
#5316 = EDGE_CURVE( '', #6429, #6430, #6431, .T. );
#5317 = EDGE_CURVE( '', #6432, #6430, #6433, .T. );
#5318 = EDGE_CURVE( '', #6432, #6434, #6435, .T. );
#5319 = EDGE_CURVE( '', #6028, #6434, #6436, .T. );
#5320 = EDGE_CURVE( '', #6314, #6276, #6437, .T. );
#5321 = EDGE_CURVE( '', #6274, #6438, #6439, .T. );
#5322 = EDGE_CURVE( '', #6438, #6070, #6440, .T. );
#5323 = EDGE_CURVE( '', #6211, #6441, #6442, .T. );
#5324 = EDGE_CURVE( '', #6429, #6441, #6443, .T. );
#5325 = FILL_AREA_STYLE( '', ( #6444 ) );
#5326 = EDGE_CURVE( '', #6432, #6445, #6446, .T. );
#5327 = EDGE_CURVE( '', #6447, #6430, #6448, .T. );
#5328 = EDGE_CURVE( '', #6445, #6447, #6449, .T. );
#5329 = FILL_AREA_STYLE( '', ( #6450 ) );
#5330 = CARTESIAN_POINT( '', ( 2.91619019046964E-19, -0.000900000000000000, 0.00000000000000 ) );
#5331 = EDGE_CURVE( '', #6451, #6451, #6452, .T. );
#5332 = FILL_AREA_STYLE( '', ( #6453 ) );
#5333 = EDGE_CURVE( '', #6236, #5761, #6454, .T. );
#5334 = FILL_AREA_STYLE( '', ( #6455 ) );
#5335 = EDGE_CURVE( '', #6456, #6457, #6458, .T. );
#5336 = EDGE_CURVE( '', #6457, #6022, #6459, .T. );
#5337 = EDGE_CURVE( '', #6460, #6020, #6461, .T. );
#5338 = EDGE_CURVE( '', #6462, #6460, #6463, .T. );
#5339 = EDGE_CURVE( '', #6456, #6462, #6464, .T. );
#5340 = FILL_AREA_STYLE( '', ( #6465 ) );
#5341 = EDGE_CURVE( '', #6466, #5826, #6467, .T. );
#5342 = EDGE_CURVE( '', #5832, #6468, #6469, .T. );
#5343 = EDGE_CURVE( '', #6468, #6331, #6470, .T. );
#5344 = EDGE_CURVE( '', #6332, #6466, #6471, .T. );
#5345 = FILL_AREA_STYLE( '', ( #6472 ) );
#5346 = EDGE_CURVE( '', #6305, #6473, #6474, .T. );
#5347 = EDGE_CURVE( '', #6475, #6310, #6476, .T. );
#5348 = EDGE_CURVE( '', #6475, #6473, #6477, .T. );
#5349 = FILL_AREA_STYLE( '', ( #6478 ) );
#5350 = EDGE_CURVE( '', #6479, #6267, #6480, .T. );
#5351 = EDGE_CURVE( '', #6397, #6479, #6481, .T. );
#5352 = FILL_AREA_STYLE( '', ( #6482 ) );
#5353 = EDGE_CURVE( '', #6263, #6401, #6483, .T. );
#5354 = FILL_AREA_STYLE( '', ( #6484 ) );
#5355 = EDGE_CURVE( '', #6131, #6226, #6485, .T. );
#5356 = EDGE_CURVE( '', #6224, #6486, #6487, .T. );
#5357 = EDGE_CURVE( '', #6129, #6486, #6488, .T. );
#5358 = FILL_AREA_STYLE( '', ( #6489 ) );
#5359 = EDGE_CURVE( '', #6490, #5809, #6491, .T. );
#5360 = EDGE_CURVE( '', #6490, #6492, #6493, .T. );
#5361 = EDGE_CURVE( '', #6494, #6492, #6495, .T. );
#5362 = EDGE_CURVE( '', #6494, #6496, #6497, .T. );
#5363 = EDGE_CURVE( '', #6496, #6498, #6499, .T. );
#5364 = EDGE_CURVE( '', #6051, #6498, #6500, .T. );
#5365 = FILL_AREA_STYLE( '', ( #6501 ) );
#5366 = EDGE_CURVE( '', #6502, #6502, #6503, .T. );
#5367 = FILL_AREA_STYLE( '', ( #6504 ) );
#5368 = EDGE_CURVE( '', #6505, #6506, #6507, .T. );
#5369 = EDGE_CURVE( '', #6508, #6505, #6509, .T. );
#5370 = EDGE_CURVE( '', #6510, #6508, #6511, .T. );
#5371 = EDGE_CURVE( '', #6510, #6506, #6512, .T. );
#5372 = FILL_AREA_STYLE( '', ( #6513 ) );
#5373 = EDGE_CURVE( '', #5983, #6514, #6515, .T. );
#5374 = EDGE_CURVE( '', #6516, #6514, #6517, .T. );
#5375 = EDGE_CURVE( '', #6516, #5985, #6518, .T. );
#5376 = FILL_AREA_STYLE( '', ( #6519 ) );
#5377 = EDGE_CURVE( '', #6520, #5903, #6521, .T. );
#5378 = EDGE_CURVE( '', #6018, #6520, #6522, .T. );
#5379 = FILL_AREA_STYLE( '', ( #6523 ) );
#5380 = EDGE_CURVE( '', #6524, #6525, #6526, .T. );
#5381 = EDGE_CURVE( '', #6527, #6524, #6528, .T. );
#5382 = EDGE_CURVE( '', #6527, #6529, #6530, .T. );
#5383 = EDGE_CURVE( '', #6529, #6525, #6531, .T. );
#5384 = FILL_AREA_STYLE( '', ( #6532 ) );
#5385 = EDGE_CURVE( '', #6533, #6534, #6535, .T. );
#5386 = EDGE_CURVE( '', #6533, #6536, #6537, .T. );
#5387 = EDGE_CURVE( '', #6538, #6536, #6539, .T. );
#5388 = EDGE_CURVE( '', #6534, #6538, #6540, .T. );
#5389 = FILL_AREA_STYLE( '', ( #6541 ) );
#5390 = EDGE_CURVE( '', #6542, #6543, #6544, .T. );
#5391 = EDGE_CURVE( '', #6545, #6542, #6546, .T. );
#5392 = EDGE_CURVE( '', #6547, #6545, #6548, .T. );
#5393 = EDGE_CURVE( '', #6547, #6543, #6549, .T. );
#5394 = FILL_AREA_STYLE( '', ( #6550 ) );
#5395 = EDGE_CURVE( '', #6551, #6520, #6552, .T. );
#5396 = EDGE_CURVE( '', #6553, #6551, #6554, .T. );
#5397 = EDGE_CURVE( '', #6553, #6555, #6556, .T. );
#5398 = EDGE_CURVE( '', #6557, #6555, #6558, .T. );
#5399 = EDGE_CURVE( '', #6557, #6559, #6560, .T. );
#5400 = EDGE_CURVE( '', #6460, #6559, #6561, .T. );
#5401 = FILL_AREA_STYLE( '', ( #6562 ) );
#5402 = EDGE_CURVE( '', #6563, #6479, #6564, .T. );
#5403 = EDGE_CURVE( '', #6565, #6563, #6566, .T. );
#5404 = EDGE_CURVE( '', #5927, #6565, #6567, .T. );
#5405 = FILL_AREA_STYLE( '', ( #6568 ) );
#5406 = EDGE_CURVE( '', #6308, #6569, #6570, .T. );
#5407 = EDGE_CURVE( '', #6547, #6569, #6571, .T. );
#5408 = EDGE_CURVE( '', #6000, #6545, #6572, .T. );
#5409 = EDGE_CURVE( '', #5998, #6475, #6573, .T. );
#5410 = FILL_AREA_STYLE( '', ( #6574 ) );
#5411 = EDGE_CURVE( '', #5839, #5902, #6575, .T. );
#5412 = EDGE_CURVE( '', #5839, #6551, #6576, .T. );
#5413 = FILL_AREA_STYLE( '', ( #6577 ) );
#5414 = EDGE_CURVE( '', #6578, #6579, #6580, .T. );
#5415 = EDGE_CURVE( '', #6578, #6581, #6582, .T. );
#5416 = EDGE_CURVE( '', #6583, #6581, #6584, .T. );
#5417 = EDGE_CURVE( '', #6579, #6583, #6585, .T. );
#5418 = FILL_AREA_STYLE( '', ( #6586 ) );
#5419 = EDGE_CURVE( '', #6494, #6587, #6588, .T. );
#5420 = EDGE_CURVE( '', #6589, #6587, #6590, .T. );
#5421 = EDGE_CURVE( '', #6589, #6496, #6591, .T. );
#5422 = FILL_AREA_STYLE( '', ( #6592 ) );
#5423 = EDGE_CURVE( '', #6593, #6594, #6595, .T. );
#5424 = EDGE_CURVE( '', #6596, #6593, #6597, .T. );
#5425 = EDGE_CURVE( '', #6598, #6596, #6599, .T. );
#5426 = EDGE_CURVE( '', #6598, #6594, #6600, .T. );
#5427 = FILL_AREA_STYLE( '', ( #6601 ) );
#5428 = EDGE_CURVE( '', #6187, #6181, #6602, .T. );
#5429 = EDGE_CURVE( '', #6179, #5931, #6603, .T. );
#5430 = EDGE_CURVE( '', #5932, #5898, #6604, .T. );
#5431 = FILL_AREA_STYLE( '', ( #6605 ) );
#5432 = EDGE_CURVE( '', #6598, #6606, #6607, .T. );
#5433 = EDGE_CURVE( '', #6606, #6608, #6609, .T. );
#5434 = EDGE_CURVE( '', #6594, #6608, #6610, .T. );
#5435 = FILL_AREA_STYLE( '', ( #6611 ) );
#5436 = EDGE_CURVE( '', #6612, #6457, #6613, .T. );
#5437 = EDGE_CURVE( '', #6612, #6024, #6614, .T. );
#5438 = FILL_AREA_STYLE( '', ( #6615 ) );
#5439 = EDGE_CURVE( '', #6616, #6617, #6618, .T. );
#5440 = EDGE_CURVE( '', #6136, #6616, #6619, .T. );
#5441 = EDGE_CURVE( '', #6620, #6140, #6621, .T. );
#5442 = EDGE_CURVE( '', #6620, #6617, #6622, .T. );
#5443 = FILL_AREA_STYLE( '', ( #6623 ) );
#5444 = EDGE_CURVE( '', #6624, #6625, #6626, .T. );
#5445 = EDGE_CURVE( '', #6346, #6625, #6627, .T. );
#5446 = EDGE_CURVE( '', #6158, #6628, #6629, .T. );
#5447 = EDGE_CURVE( '', #6628, #6434, #6630, .T. );
#5448 = EDGE_CURVE( '', #6631, #6445, #6632, .T. );
#5449 = EDGE_CURVE( '', #6633, #6631, #6634, .T. );
#5450 = EDGE_CURVE( '', #6633, #6635, #6636, .T. );
#5451 = EDGE_CURVE( '', #6635, #6624, #6637, .T. );
#5452 = FILL_AREA_STYLE( '', ( #6638 ) );
#5453 = EDGE_CURVE( '', #6146, #6291, #6639, .T. );
#5454 = EDGE_CURVE( '', #6146, #5779, #6640, .T. );
#5455 = FILL_AREA_STYLE( '', ( #6641 ) );
#5456 = EDGE_CURVE( '', #6593, #6642, #6643, .T. );
#5457 = EDGE_CURVE( '', #6644, #6642, #6645, .T. );
#5458 = EDGE_CURVE( '', #6644, #6596, #6646, .T. );
#5459 = FILL_AREA_STYLE( '', ( #6647 ) );
#5460 = EDGE_CURVE( '', #6648, #6649, #6650, .T. );
#5461 = EDGE_CURVE( '', #6272, #6649, #6651, .T. );
#5462 = EDGE_CURVE( '', #6270, #6648, #6652, .T. );
#5463 = FILL_AREA_STYLE( '', ( #6653 ) );
#5464 = EDGE_CURVE( '', #6371, #5799, #6654, .T. );
#5465 = EDGE_CURVE( '', #5798, #6369, #6655, .T. );
#5466 = FILL_AREA_STYLE( '', ( #6656 ) );
#5467 = EDGE_CURVE( '', #6581, #6657, #6658, .T. );
#5468 = EDGE_CURVE( '', #6657, #6367, #6659, .T. );
#5469 = EDGE_CURVE( '', #5803, #6660, #6661, .T. );
#5470 = EDGE_CURVE( '', #6660, #6583, #6662, .T. );
#5471 = FILL_AREA_STYLE( '', ( #6663 ) );
#5472 = EDGE_CURVE( '', #6664, #5801, #6665, .T. );
#5473 = EDGE_CURVE( '', #6664, #6660, #6666, .T. );
#5474 = FILL_AREA_STYLE( '', ( #6667 ) );
#5475 = EDGE_CURVE( '', #6668, #6306, #6669, .T. );
#5476 = EDGE_CURVE( '', #6569, #6668, #6670, .T. );
#5477 = FILL_AREA_STYLE( '', ( #6671 ) );
#5478 = EDGE_CURVE( '', #6441, #5874, #6672, .T. );
#5479 = FILL_AREA_STYLE( '', ( #6673 ) );
#5480 = EDGE_CURVE( '', #6466, #6340, #6674, .T. );
#5481 = FILL_AREA_STYLE( '', ( #6675 ) );
#5482 = EDGE_CURVE( '', #6676, #6625, #6677, .T. );
#5483 = EDGE_CURVE( '', #6624, #6678, #6679, .T. );
#5484 = EDGE_CURVE( '', #6676, #6678, #6680, .T. );
#5485 = FILL_AREA_STYLE( '', ( #6681 ) );
#5486 = EDGE_CURVE( '', #6524, #6429, #6682, .T. );
#5487 = EDGE_CURVE( '', #6525, #6447, #6683, .T. );
#5488 = FILL_AREA_STYLE( '', ( #6684 ) );
#5489 = EDGE_CURVE( '', #5747, #6359, #6685, .T. );
#5490 = EDGE_CURVE( '', #6498, #5750, #6686, .T. );
#5491 = FILL_AREA_STYLE( '', ( #6687 ) );
#5492 = EDGE_CURVE( '', #6616, #6688, #6689, .T. );
#5493 = EDGE_CURVE( '', #6688, #6690, #6691, .T. );
#5494 = EDGE_CURVE( '', #6690, #6692, #6693, .T. );
#5495 = EDGE_CURVE( '', #6692, #6694, #6695, .T. );
#5496 = EDGE_CURVE( '', #6694, #6696, #6697, .T. );
#5497 = EDGE_CURVE( '', #6696, #6505, #6698, .T. );
#5498 = EDGE_CURVE( '', #6506, #6699, #6700, .T. );
#5499 = EDGE_CURVE( '', #6699, #6701, #6702, .T. );
#5500 = EDGE_CURVE( '', #6701, #6425, #6703, .T. );
#5501 = EDGE_CURVE( '', #6423, #6676, #6704, .T. );
#5502 = EDGE_CURVE( '', #6678, #6135, #6705, .T. );
#5503 = FILL_AREA_STYLE( '', ( #6706 ) );
#5504 = EDGE_CURVE( '', #6694, #6010, #6707, .T. );
#5505 = EDGE_CURVE( '', #6009, #6696, #6708, .T. );
#5506 = FILL_AREA_STYLE( '', ( #6709 ) );
#5507 = EDGE_CURVE( '', #6710, #5883, #6711, .T. );
#5508 = EDGE_CURVE( '', #6710, #5979, #6712, .T. );
#5509 = FILL_AREA_STYLE( '', ( #6713 ) );
#5510 = EDGE_CURVE( '', #5837, #6553, #6714, .T. );
#5511 = FILL_AREA_STYLE( '', ( #6715 ) );
#5512 = EDGE_CURVE( '', #6563, #6395, #6716, .T. );
#5513 = FILL_AREA_STYLE( '', ( #6717 ) );
#5514 = EDGE_CURVE( '', #6608, #6718, #6719, .T. );
#5515 = EDGE_CURVE( '', #6720, #6606, #6721, .T. );
#5516 = EDGE_CURVE( '', #6720, #6718, #6722, .T. );
#5517 = FILL_AREA_STYLE( '', ( #6723 ) );
#5518 = EDGE_CURVE( '', #6148, #6289, #6724, .T. );
#5519 = FILL_AREA_STYLE( '', ( #6725 ) );
#5520 = EDGE_CURVE( '', #6692, #6726, #6727, .T. );
#5521 = EDGE_CURVE( '', #6075, #6726, #6728, .T. );
#5522 = FILL_AREA_STYLE( '', ( #6729 ) );
#5523 = EDGE_CURVE( '', #6253, #6555, #6730, .T. );
#5524 = EDGE_CURVE( '', #6557, #6251, #6731, .T. );
#5525 = FILL_AREA_STYLE( '', ( #6732 ) );
#5526 = EDGE_CURVE( '', #6733, #6375, #6734, .T. );
#5527 = EDGE_CURVE( '', #6617, #6733, #6735, .T. );
#5528 = EDGE_CURVE( '', #6377, #6620, #6736, .T. );
#5529 = FILL_AREA_STYLE( '', ( #6737 ) );
#5530 = FILL_AREA_STYLE( '', ( #6738 ) );
#5531 = FILL_AREA_STYLE( '', ( #6739 ) );
#5532 = EDGE_CURVE( '', #6156, #6589, #6740, .T. );
#5533 = EDGE_CURVE( '', #6587, #6741, #6742, .T. );
#5534 = EDGE_CURVE( '', #6741, #6203, #6743, .T. );
#5535 = EDGE_CURVE( '', #6029, #6628, #6744, .T. );
#5536 = FILL_AREA_STYLE( '', ( #6745 ) );
#5537 = EDGE_CURVE( '', #6529, #6746, #6747, .T. );
#5538 = EDGE_CURVE( '', #6710, #6746, #6748, .T. );
#5539 = EDGE_CURVE( '', #5881, #6631, #6749, .T. );
#5540 = FILL_AREA_STYLE( '', ( #6750 ) );
#5541 = EDGE_CURVE( '', #6090, #6170, #6751, .T. );
#5542 = FILL_AREA_STYLE( '', ( #6752 ) );
#5543 = EDGE_CURVE( '', #5729, #6490, #6753, .T. );
#5544 = FILL_AREA_STYLE( '', ( #6754 ) );
#5545 = EDGE_CURVE( '', #6536, #6642, #6755, .T. );
#5546 = EDGE_CURVE( '', #6644, #6533, #6756, .T. );
#5547 = FILL_AREA_STYLE( '', ( #6757 ) );
#5548 = EDGE_CURVE( '', #5919, #5790, #6758, .T. );
#5549 = EDGE_CURVE( '', #6438, #6649, #6759, .T. );
#5550 = EDGE_CURVE( '', #6648, #5921, #6760, .T. );
#5551 = EDGE_CURVE( '', #6761, #6761, #6762, .T. );
#5552 = EDGE_CURVE( '', #6763, #6763, #6764, .T. );
#5553 = EDGE_CURVE( '', #6765, #6765, #6766, .T. );
#5554 = EDGE_CURVE( '', #6767, #6767, #6768, .T. );
#5555 = EDGE_CURVE( '', #6327, #6238, #6769, .T. );
#5556 = EDGE_CURVE( '', #6770, #6718, #6771, .T. );
#5557 = EDGE_CURVE( '', #6770, #6538, #6772, .T. );
#5558 = EDGE_CURVE( '', #6773, #6366, #6774, .T. );
#5559 = EDGE_CURVE( '', #6773, #6578, #6775, .T. );
#5560 = EDGE_CURVE( '', #6579, #6664, #6776, .T. );
#5561 = EDGE_CURVE( '', #5934, #6176, #6777, .T. );
#5562 = EDGE_CURVE( '', #6177, #6185, #6778, .T. );
#5563 = EDGE_CURVE( '', #5893, #5936, #6779, .T. );
#5564 = EDGE_CURVE( '', #6780, #6103, #6781, .T. );
#5565 = EDGE_CURVE( '', #6780, #6318, #6782, .T. );
#5566 = EDGE_CURVE( '', #6319, #6783, #6784, .T. );
#5567 = EDGE_CURVE( '', #6783, #6414, #6785, .T. );
#5568 = EDGE_CURVE( '', #5996, #6542, #6786, .T. );
#5569 = EDGE_CURVE( '', #6668, #6543, #6787, .T. );
#5570 = EDGE_CURVE( '', #6473, #5995, #6788, .T. );
#5571 = EDGE_CURVE( '', #6726, #6789, #6790, .T. );
#5572 = EDGE_CURVE( '', #6789, #5825, #6791, .T. );
#5573 = EDGE_CURVE( '', #6138, #6792, #6793, .T. );
#5574 = EDGE_CURVE( '', #6792, #6794, #6795, .T. );
#5575 = EDGE_CURVE( '', #6796, #6794, #6797, .T. );
#5576 = EDGE_CURVE( '', #6796, #6379, #6798, .T. );
#5577 = EDGE_CURVE( '', #6344, #6420, #6799, .T. );
#5578 = EDGE_CURVE( '', #6421, #6358, #6800, .T. );
#5579 = EDGE_CURVE( '', #6456, #6801, #6802, .T. );
#5580 = EDGE_CURVE( '', #6801, #5947, #6803, .T. );
#5581 = EDGE_CURVE( '', #5945, #6510, #6804, .T. );
#5582 = EDGE_CURVE( '', #6508, #6612, #6805, .T. );
#5583 = FILL_AREA_STYLE( '', ( #6806 ) );
#5584 = EDGE_CURVE( '', #6780, #6807, #6808, .T. );
#5585 = EDGE_CURVE( '', #6321, #6807, #6809, .T. );
#5586 = FILL_AREA_STYLE( '', ( #6810 ) );
#5587 = EDGE_CURVE( '', #6796, #5880, #6811, .T. );
#5588 = FILL_AREA_STYLE( '', ( #6812 ) );
#5589 = FILL_AREA_STYLE( '', ( #6813 ) );
#5590 = EDGE_CURVE( '', #5819, #6287, #6814, .T. );
#5591 = FILL_AREA_STYLE( '', ( #6815 ) );
#5592 = EDGE_CURVE( '', #6816, #5741, #6817, .T. );
#5593 = EDGE_CURVE( '', #6222, #6816, #6818, .T. );
#5594 = FILL_AREA_STYLE( '', ( #6819 ) );
#5595 = FILL_AREA_STYLE( '', ( #6820 ) );
#5596 = EDGE_CURVE( '', #6821, #6821, #6822, .T. );
#5597 = FILL_AREA_STYLE( '', ( #6823 ) );
#5598 = EDGE_CURVE( '', #6783, #6824, #6825, .T. );
#5599 = EDGE_CURVE( '', #6824, #6323, #6826, .T. );
#5600 = FILL_AREA_STYLE( '', ( #6827 ) );
#5601 = FILL_AREA_STYLE( '', ( #6828 ) );
#5602 = EDGE_CURVE( '', #6255, #5836, #6829, .T. );
#5603 = EDGE_CURVE( '', #5841, #6257, #6830, .T. );
#5604 = FILL_AREA_STYLE( '', ( #6831 ) );
#5605 = FILL_AREA_STYLE( '', ( #6832 ) );
#5606 = FILL_AREA_STYLE( '', ( #6833 ) );
#5607 = FILL_AREA_STYLE( '', ( #6834 ) );
#5608 = EDGE_CURVE( '', #6350, #6835, #6836, .T. );
#5609 = EDGE_CURVE( '', #6835, #6150, #6837, .T. );
#5610 = FILL_AREA_STYLE( '', ( #6838 ) );
#5611 = FILL_AREA_STYLE( '', ( #6839 ) );
#5612 = EDGE_CURVE( '', #6486, #6816, #6840, .T. );
#5613 = FILL_AREA_STYLE( '', ( #6841 ) );
#5614 = FILL_AREA_STYLE( '', ( #6842 ) );
#5615 = EDGE_CURVE( '', #6843, #5863, #6844, .T. );
#5616 = EDGE_CURVE( '', #6845, #6843, #6846, .T. );
#5617 = EDGE_CURVE( '', #5866, #6845, #6847, .T. );
#5618 = FILL_AREA_STYLE( '', ( #6848 ) );
#5619 = EDGE_CURVE( '', #6720, #6849, #6850, .T. );
#5620 = EDGE_CURVE( '', #6849, #6770, #6851, .T. );
#5621 = FILL_AREA_STYLE( '', ( #6852 ) );
#5622 = EDGE_CURVE( '', #6247, #6853, #6854, .T. );
#5623 = EDGE_CURVE( '', #6801, #6853, #6855, .T. );
#5624 = FILL_AREA_STYLE( '', ( #6856 ) );
#5625 = EDGE_CURVE( '', #5870, #5987, #6857, .T. );
#5626 = EDGE_CURVE( '', #5872, #6516, #6858, .T. );
#5627 = FILL_AREA_STYLE( '', ( #6859 ) );
#5628 = EDGE_CURVE( '', #6231, #5857, #6860, .T. );
#5629 = FILL_AREA_STYLE( '', ( #6861 ) );
#5630 = EDGE_CURVE( '', #6741, #6492, #6862, .T. );
#5631 = FILL_AREA_STYLE( '', ( #6863 ) );
#5632 = EDGE_CURVE( '', #6807, #6104, #6864, .T. );
#5633 = FILL_AREA_STYLE( '', ( #6865 ) );
#5634 = EDGE_CURVE( '', #5981, #6746, #6866, .T. );
#5635 = FILL_AREA_STYLE( '', ( #6867 ) );
#5636 = EDGE_CURVE( '', #6361, #6701, #6868, .T. );
#5637 = FILL_AREA_STYLE( '', ( #6869 ) );
#5638 = EDGE_CURVE( '', #6559, #6249, #6870, .T. );
#5639 = EDGE_CURVE( '', #6853, #6462, #6871, .T. );
#5640 = FILL_AREA_STYLE( '', ( #6872 ) );
#5641 = EDGE_CURVE( '', #6690, #6789, #6873, .T. );
#5642 = EDGE_CURVE( '', #5828, #6688, #6874, .T. );
#5643 = FILL_AREA_STYLE( '', ( #6875 ) );
#5644 = FILL_AREA_STYLE( '', ( #6876 ) );
#5645 = EDGE_CURVE( '', #6042, #6393, #6877, .T. );
#5646 = EDGE_CURVE( '', #6259, #6878, #6879, .T. );
#5647 = EDGE_CURVE( '', #6565, #6878, #6880, .T. );
#5648 = FILL_AREA_STYLE( '', ( #6881 ) );
#5649 = FILL_AREA_STYLE( '', ( #6882 ) );
#5650 = EDGE_CURVE( '', #6883, #6883, #6884, .T. );
#5651 = FILL_AREA_STYLE( '', ( #6885 ) );
#5652 = EDGE_CURVE( '', #6534, #6849, #6886, .T. );
#5653 = FILL_AREA_STYLE( '', ( #6887 ) );
#5654 = EDGE_CURVE( '', #6878, #5841, #6888, .T. );
#5655 = FILL_AREA_STYLE( '', ( #6889 ) );
#5656 = FILL_AREA_STYLE( '', ( #6890 ) );
#5657 = EDGE_CURVE( '', #6516, #6524, #6891, .T. );
#5658 = EDGE_CURVE( '', #6514, #6527, #6892, .T. );
#5659 = FILL_AREA_STYLE( '', ( #6893 ) );
#5660 = EDGE_CURVE( '', #6845, #6060, #6894, .T. );
#5661 = EDGE_CURVE( '', #6059, #6843, #6895, .T. );
#5662 = FILL_AREA_STYLE( '', ( #6896 ) );
#5663 = EDGE_CURVE( '', #6468, #6835, #6897, .T. );
#5664 = FILL_AREA_STYLE( '', ( #6898 ) );
#5665 = EDGE_CURVE( '', #6044, #6391, #6899, .T. );
#5666 = FILL_AREA_STYLE( '', ( #6900 ) );
#5667 = EDGE_CURVE( '', #6214, #6194, #6901, .T. );
#5668 = FILL_AREA_STYLE( '', ( #6902 ) );
#5669 = EDGE_CURVE( '', #6903, #6903, #6904, .T. );
#5670 = FILL_AREA_STYLE( '', ( #6905 ) );
#5671 = FILL_AREA_STYLE( '', ( #6906 ) );
#5672 = FILL_AREA_STYLE( '', ( #6907 ) );
#5673 = FILL_AREA_STYLE( '', ( #6908 ) );
#5674 = FILL_AREA_STYLE( '', ( #6909 ) );
#5675 = FILL_AREA_STYLE( '', ( #6910 ) );
#5676 = EDGE_CURVE( '', #5854, #6191, #6911, .T. );
#5677 = EDGE_CURVE( '', #6912, #6912, #6913, .T. );
#5678 = EDGE_CURVE( '', #6914, #6914, #6915, .T. );
#5679 = FILL_AREA_STYLE( '', ( #6916 ) );
#5680 = FILL_AREA_STYLE( '', ( #6917 ) );
#5681 = FILL_AREA_STYLE( '', ( #6918 ) );
#5682 = EDGE_CURVE( '', #6794, #6633, #6919, .T. );
#5683 = FILL_AREA_STYLE( '', ( #6920 ) );
#5684 = FILL_AREA_STYLE( '', ( #6921 ) );
#5685 = FILL_AREA_STYLE( '', ( #6922 ) );
#5686 = EDGE_CURVE( '', #6389, #6046, #6923, .T. );
#5687 = FILL_AREA_STYLE( '', ( #6924 ) );
#5688 = FILL_AREA_STYLE( '', ( #6925 ) );
#5689 = EDGE_CURVE( '', #6773, #6657, #6926, .T. );
#5690 = FILL_AREA_STYLE( '', ( #6927 ) );
#5691 = FILL_AREA_STYLE( '', ( #6928 ) );
#5692 = EDGE_CURVE( '', #6699, #5943, #6929, .T. );
#5693 = FILL_AREA_STYLE( '', ( #6930 ) );
#5694 = FILL_AREA_STYLE( '', ( #6931 ) );
#5695 = EDGE_CURVE( '', #6416, #6824, #6932, .T. );
#5696 = FILL_AREA_STYLE( '', ( #6933 ) );
#5697 = EDGE_CURVE( '', #5989, #5868, #6934, .T. );
#5698 = EDGE_CURVE( '', #5830, #6733, #6935, .T. );
#5699 = FILL_AREA_STYLE( '', ( #6936 ) );
#5700 = FILL_AREA_STYLE( '', ( #6937 ) );
#5701 = EDGE_CURVE( '', #6792, #6635, #6938, .T. );
#5702 = FILL_AREA_STYLE( '', ( #6939 ) );
#5703 = FILL_AREA_STYLE( '', ( #6940 ) );
#5704 = FILL_AREA_STYLE( '', ( #6941 ) );
#5705 = FILL_AREA_STYLE( '', ( #6942 ) );
#5706 = FILL_AREA_STYLE( '', ( #6943 ) );
#5707 = FILL_AREA_STYLE( '', ( #6944 ) );
#5708 = FILL_AREA_STYLE( '', ( #6945 ) );
#5709 = FILL_AREA_STYLE( '', ( #6946 ) );
#5710 = FILL_AREA_STYLE( '', ( #6947 ) );
#5711 = FILL_AREA_STYLE( '', ( #6948 ) );
#5712 = FILL_AREA_STYLE( '', ( #6949 ) );
#5713 = FILL_AREA_STYLE( '', ( #6950 ) );
#5714 = FILL_AREA_STYLE( '', ( #6951 ) );
#5715 = FILL_AREA_STYLE( '', ( #6952 ) );
#5716 = FILL_AREA_STYLE( '', ( #6953 ) );
#5717 = FILL_AREA_STYLE( '', ( #6954 ) );
#5718 = FILL_AREA_STYLE( '', ( #6955 ) );
#5719 = FILL_AREA_STYLE_COLOUR( '', #6956 );
#5720 = VERTEX_POINT( '', #6957 );
#5721 = VERTEX_POINT( '', #6958 );
#5722 = CIRCLE( '', #6959, 0.000300000000000000 );
#5723 = VERTEX_POINT( '', #6960 );
#5724 = LINE( '', #6961, #6962 );
#5725 = VERTEX_POINT( '', #6963 );
#5726 = B_SPLINE_CURVE_WITH_KNOTS( '', 3, ( #6964, #6965, #6966, #6967, #6968, #6969, #6970, #6971, #6972, #6973 ), .UNSPECIFIED., .F., .F., ( 4, 1, 1, 1, 1, 1, 1, 4 ), ( 0.00000000000000, 0.0852468108308088, 0.273065463734820, 0.530092107879940, 0.654354450304529, 0.770392507910427, 0.885980614671242, 1.00000000000000 ), .UNSPECIFIED. );
#5727 = LINE( '', #6974, #6975 );
#5728 = FILL_AREA_STYLE_COLOUR( '', #6976 );
#5729 = VERTEX_POINT( '', #6977 );
#5730 = VERTEX_POINT( '', #6978 );
#5731 = CIRCLE( '', #6979, 0.00493916930000000 );
#5732 = VERTEX_POINT( '', #6980 );
#5733 = B_SPLINE_CURVE_WITH_KNOTS( '', 3, ( #6981, #6982, #6983, #6984, #6985, #6986, #6987, #6988, #6989 ), .UNSPECIFIED., .F., .F., ( 4, 1, 1, 1, 1, 1, 4 ), ( 0.00000000000000, 0.169122249817012, 0.337296962479290, 0.504480763010827, 0.670652014633398, 0.835814391464534, 1.00000000000000 ), .UNSPECIFIED. );
#5734 = VERTEX_POINT( '', #6990 );
#5735 = CIRCLE( '', #6991, 0.00557699180000000 );
#5736 = B_SPLINE_CURVE_WITH_KNOTS( '', 3, ( #6992, #6993, #6994, #6995, #6996, #6997, #6998, #6999, #7000, #7001 ), .UNSPECIFIED., .F., .F., ( 4, 1, 1, 1, 1, 1, 1, 4 ), ( 0.00000000000000, 0.140685564536610, 0.282079481888755, 0.424205965369531, 0.567073467868174, 0.710676033469299, 0.854994858300953, 1.00000000000000 ), .UNSPECIFIED. );
#5737 = FILL_AREA_STYLE_COLOUR( '', #7002 );
#5738 = VERTEX_POINT( '', #7003 );
#5739 = VERTEX_POINT( '', #7004 );
#5740 = LINE( '', #7005, #7006 );
#5741 = VERTEX_POINT( '', #7007 );
#5742 = CIRCLE( '', #7008, 0.000200000000000000 );
#5743 = VERTEX_POINT( '', #7009 );
#5744 = LINE( '', #7010, #7011 );
#5745 = CIRCLE( '', #7012, 0.000200000000000000 );
#5746 = FILL_AREA_STYLE_COLOUR( '', #7013 );
#5747 = VERTEX_POINT( '', #7014 );
#5748 = VERTEX_POINT( '', #7015 );
#5749 = CIRCLE( '', #7016, 0.000500000000000000 );
#5750 = VERTEX_POINT( '', #7017 );
#5751 = LINE( '', #7018, #7019 );
#5752 = VERTEX_POINT( '', #7020 );
#5753 = B_SPLINE_CURVE_WITH_KNOTS( '', 3, ( #7021, #7022, #7023, #7024, #7025, #7026, #7027, #7028, #7029 ), .UNSPECIFIED., .F., .F., ( 4, 1, 1, 1, 1, 1, 4 ), ( 0.00000000000000, 0.107238227191905, 0.214347834381634, 0.324075334866845, 0.438993166311184, 0.707800110669377, 1.00000000000000 ), .UNSPECIFIED. );
#5754 = LINE( '', #7030, #7031 );
#5755 = FILL_AREA_STYLE_COLOUR( '', #7032 );
#5756 = VERTEX_POINT( '', #7033 );
#5757 = CIRCLE( '', #7034, 0.00250000000000000 );
#5758 = VERTEX_POINT( '', #7035 );
#5759 = CIRCLE( '', #7036, 0.00250000000000000 );
#5760 = FILL_AREA_STYLE_COLOUR( '', #7037 );
#5761 = VERTEX_POINT( '', #7038 );
#5762 = VERTEX_POINT( '', #7039 );
#5763 = CIRCLE( '', #7040, 0.00350000000000000 );
#5764 = VERTEX_POINT( '', #7041 );
#5765 = LINE( '', #7042, #7043 );
#5766 = VERTEX_POINT( '', #7044 );
#5767 = CIRCLE( '', #7045, 0.00350000000000000 );
#5768 = LINE( '', #7046, #7047 );
#5769 = FILL_AREA_STYLE_COLOUR( '', #7048 );
#5770 = VERTEX_POINT( '', #7049 );
#5771 = VERTEX_POINT( '', #7050 );
#5772 = B_SPLINE_CURVE_WITH_KNOTS( '', 3, ( #7051, #7052, #7053, #7054, #7055, #7056, #7057 ), .UNSPECIFIED., .F., .F., ( 4, 1, 1, 1, 4 ), ( 0.00000000000000, 0.250000000000000, 0.500000000000000, 0.750000000000000, 1.00000000000000 ), .UNSPECIFIED. );
#5773 = VERTEX_POINT( '', #7058 );
#5774 = CIRCLE( '', #7059, 0.00411219600000000 );
#5775 = VERTEX_POINT( '', #7060 );
#5776 = LINE( '', #7061, #7062 );
#5777 = VERTEX_POINT( '', #7063 );
#5778 = B_SPLINE_CURVE_WITH_KNOTS( '', 3, ( #7064, #7065, #7066, #7067, #7068 ), .UNSPECIFIED., .F., .F., ( 4, 1, 4 ), ( 0.00000000000000, 0.500000000000000, 1.00000000000000 ), .UNSPECIFIED. );
#5779 = VERTEX_POINT( '', #7069 );
#5780 = B_SPLINE_CURVE_WITH_KNOTS( '', 3, ( #7070, #7071, #7072, #7073, #7074, #7075, #7076 ), .UNSPECIFIED., .F., .F., ( 4, 1, 1, 1, 4 ), ( 0.00000000000000, 0.250000000000000, 0.500000000000000, 0.750000000000000, 1.00000000000000 ), .UNSPECIFIED. );
#5781 = VERTEX_POINT( '', #7077 );
#5782 = B_SPLINE_CURVE_WITH_KNOTS( '', 3, ( #7078, #7079, #7080, #7081, #7082, #7083, #7084, #7085, #7086, #7087, #7088, #7089, #7090, #7091 ), .UNSPECIFIED., .F., .F., ( 4, 1, 1, 1, 1, 1, 1, 1, 1, 1, 1, 4 ), ( 0.00000000000000, 0.0909090909090900, 0.181818181818200, 0.272727272727300, 0.363636363636400, 0.454545454545500, 0.545454545454500, 0.636363636363600, 0.727272727272700, 0.818181818181800, 0.909090909090900, 1.00000000000000 ), .UNSPECIFIED. );
#5783 = VERTEX_POINT( '', #7092 );
#5784 = LINE( '', #7093, #7094 );
#5785 = VERTEX_POINT( '', #7095 );
#5786 = LINE( '', #7096, #7097 );
#5787 = LINE( '', #7098, #7099 );
#5788 = FILL_AREA_STYLE_COLOUR( '', #7100 );
#5789 = VERTEX_POINT( '', #7101 );
#5790 = VERTEX_POINT( '', #7102 );
#5791 = LINE( '', #7103, #7104 );
#5792 = VERTEX_POINT( '', #7105 );
#5793 = LINE( '', #7106, #7107 );
#5794 = VERTEX_POINT( '', #7108 );
#5795 = LINE( '', #7109, #7110 );
#5796 = LINE( '', #7111, #7112 );
#5797 = FILL_AREA_STYLE_COLOUR( '', #7113 );
#5798 = VERTEX_POINT( '', #7114 );
#5799 = VERTEX_POINT( '', #7115 );
#5800 = LINE( '', #7116, #7117 );
#5801 = VERTEX_POINT( '', #7118 );
#5802 = CIRCLE( '', #7119, 0.000300000000000000 );
#5803 = VERTEX_POINT( '', #7120 );
#5804 = LINE( '', #7121, #7122 );
#5805 = CIRCLE( '', #7123, 0.000300000000000000 );
#5806 = FILL_AREA_STYLE_COLOUR( '', #7124 );
#5807 = VERTEX_POINT( '', #7125 );
#5808 = B_SPLINE_CURVE_WITH_KNOTS( '', 3, ( #7126, #7127, #7128, #7129, #7130, #7131, #7132, #7133, #7134 ), .UNSPECIFIED., .F., .F., ( 4, 1, 1, 1, 1, 1, 4 ), ( 0.00000000000000, 0.166666666666700, 0.333333333333300, 0.500000000000000, 0.666666666666700, 0.833333333333300, 1.00000000000000 ), .UNSPECIFIED. );
#5809 = VERTEX_POINT( '', #7135 );
#5810 = CIRCLE( '', #7136, 0.000300000000000000 );
#5811 = B_SPLINE_CURVE_WITH_KNOTS( '', 3, ( #7137, #7138, #7139, #7140, #7141, #7142, #7143, #7144, #7145 ), .UNSPECIFIED., .F., .F., ( 4, 1, 1, 1, 1, 1, 4 ), ( 0.00000000000000, 0.166666666666700, 0.333333333333300, 0.500000000000000, 0.666666666666700, 0.833333333333300, 1.00000000000000 ), .UNSPECIFIED. );
#5812 = B_SPLINE_CURVE_WITH_KNOTS( '', 3, ( #7146, #7147, #7148, #7149, #7150 ), .UNSPECIFIED., .F., .F., ( 4, 1, 4 ), ( 0.00000000000000, 0.500000000000000, 1.00000000000000 ), .UNSPECIFIED. );
#5813 = FILL_AREA_STYLE_COLOUR( '', #7151 );
#5814 = VERTEX_POINT( '', #7152 );
#5815 = CIRCLE( '', #7153, 0.00250000000000000 );
#5816 = VERTEX_POINT( '', #7154 );
#5817 = CIRCLE( '', #7155, 0.00201000000000000 );
#5818 = FILL_AREA_STYLE_COLOUR( '', #7156 );
#5819 = VERTEX_POINT( '', #7157 );
#5820 = VERTEX_POINT( '', #7158 );
#5821 = CIRCLE( '', #7159, 0.00411219600000000 );
#5822 = CIRCLE( '', #7160, 0.00446369930000000 );
#5823 = CIRCLE( '', #7161, 0.00465319300000000 );
#5824 = FILL_AREA_STYLE_COLOUR( '', #7162 );
#5825 = VERTEX_POINT( '', #7163 );
#5826 = VERTEX_POINT( '', #7164 );
#5827 = CIRCLE( '', #7165, 0.000500000000000000 );
#5828 = VERTEX_POINT( '', #7166 );
#5829 = LINE( '', #7167, #7168 );
#5830 = VERTEX_POINT( '', #7169 );
#5831 = B_SPLINE_CURVE_WITH_KNOTS( '', 3, ( #7170, #7171, #7172, #7173, #7174, #7175, #7176, #7177, #7178, #7179, #7180, #7181 ), .UNSPECIFIED., .F., .F., ( 4, 1, 1, 1, 1, 1, 1, 1, 1, 4 ), ( 0.00000000000000, 0.0654281421626485, 0.132572818635695, 0.201995079805029, 0.317274174126814, 0.436164391378418, 0.569858944546425, 0.704880715540410, 0.854446103127435, 1.00000000000000 ), .UNSPECIFIED. );
#5832 = VERTEX_POINT( '', #7182 );
#5833 = CIRCLE( '', #7183, 0.000500000000000000 );
#5834 = LINE( '', #7184, #7185 );
#5835 = FILL_AREA_STYLE_COLOUR( '', #7186 );
#5836 = VERTEX_POINT( '', #7187 );
#5837 = VERTEX_POINT( '', #7188 );
#5838 = CIRCLE( '', #7189, 0.00493916930000000 );
#5839 = VERTEX_POINT( '', #7190 );
#5840 = B_SPLINE_CURVE_WITH_KNOTS( '', 3, ( #7191, #7192, #7193, #7194, #7195, #7196, #7197, #7198, #7199 ), .UNSPECIFIED., .F., .F., ( 4, 1, 1, 1, 1, 1, 4 ), ( 0.00000000000000, 0.169122251440140, 0.337296965089477, 0.504480765959420, 0.670652017262588, 0.835814393111215, 1.00000000000000 ), .UNSPECIFIED. );
#5841 = VERTEX_POINT( '', #7200 );
#5842 = CIRCLE( '', #7201, 0.00557699180000000 );
#5843 = B_SPLINE_CURVE_WITH_KNOTS( '', 3, ( #7202, #7203, #7204, #7205, #7206, #7207, #7208, #7209, #7210, #7211 ), .UNSPECIFIED., .F., .F., ( 4, 1, 1, 1, 1, 1, 1, 4 ), ( 0.00000000000000, 0.140685564531063, 0.282079481879517, 0.424205965358464, 0.567073467857139, 0.710676033460128, 0.854994858295472, 1.00000000000000 ), .UNSPECIFIED. );
#5844 = FILL_AREA_STYLE_COLOUR( '', #7212 );
#5845 = VERTEX_POINT( '', #7213 );
#5846 = VERTEX_POINT( '', #7214 );
#5847 = CIRCLE( '', #7215, 0.000200000000000000 );
#5848 = VERTEX_POINT( '', #7216 );
#5849 = LINE( '', #7217, #7218 );
#5850 = VERTEX_POINT( '', #7219 );
#5851 = CIRCLE( '', #7220, 0.000200000000000000 );
#5852 = LINE( '', #7221, #7222 );
#5853 = FILL_AREA_STYLE_COLOUR( '', #7223 );
#5854 = VERTEX_POINT( '', #7224 );
#5855 = VERTEX_POINT( '', #7225 );
#5856 = LINE( '', #7226, #7227 );
#5857 = VERTEX_POINT( '', #7228 );
#5858 = CIRCLE( '', #7229, 0.000200000000000000 );
#5859 = VERTEX_POINT( '', #7230 );
#5860 = LINE( '', #7231, #7232 );
#5861 = CIRCLE( '', #7233, 0.000200000000000000 );
#5862 = FILL_AREA_STYLE_COLOUR( '', #7234 );
#5863 = VERTEX_POINT( '', #7235 );
#5864 = VERTEX_POINT( '', #7236 );
#5865 = CIRCLE( '', #7237, 0.00180000000000000 );
#5866 = VERTEX_POINT( '', #7238 );
#5867 = LINE( '', #7239, #7240 );
#5868 = VERTEX_POINT( '', #7241 );
#5869 = CIRCLE( '', #7242, 0.00180000000000000 );
#5870 = VERTEX_POINT( '', #7243 );
#5871 = LINE( '', #7244, #7245 );
#5872 = VERTEX_POINT( '', #7246 );
#5873 = B_SPLINE_CURVE_WITH_KNOTS( '', 3, ( #7247, #7248, #7249, #7250, #7251 ), .UNSPECIFIED., .F., .F., ( 4, 1, 4 ), ( 0.00000000000000, 0.500000000000000, 1.00000000000000 ), .UNSPECIFIED. );
#5874 = VERTEX_POINT( '', #7252 );
#5875 = B_SPLINE_CURVE_WITH_KNOTS( '', 3, ( #7253, #7254, #7255, #7256, #7257, #7258, #7259, #7260, #7261, #7262, #7263, #7264, #7265, #7266, #7267, #7268, #7269 ), .UNSPECIFIED., .F., .F., ( 4, 1, 1, 1, 1, 1, 1, 1, 1, 1, 1, 1, 1, 1, 4 ), ( 0.00000000000000, 0.0486715913450394, 0.0967574232558181, 0.144369001461528, 0.191613730975971, 0.238594246933449, 0.285407823340615, 0.332145876908137, 0.474746154157983, 0.609096958038247, 0.722467758504660, 0.827558445562660, 0.887718911031668, 0.944819196881453, 1.00000000000000 ), .UNSPECIFIED. );
#5876 = VERTEX_POINT( '', #7270 );
#5877 = B_SPLINE_CURVE_WITH_KNOTS( '', 3, ( #7271, #7272, #7273, #7274, #7275, #7276, #7277, #7278, #7279, #7280, #7281 ), .UNSPECIFIED., .F., .F., ( 4, 1, 1, 1, 1, 1, 1, 1, 4 ), ( 0.00000000000000, 0.120056114795535, 0.240240665072662, 0.361220951457601, 0.483651227393087, 0.608162853281984, 0.735356159954166, 0.865794416646487, 1.00000000000000 ), .UNSPECIFIED. );
#5878 = LINE( '', #7282, #7283 );
#5879 = FILL_AREA_STYLE_COLOUR( '', #7284 );
#5880 = VERTEX_POINT( '', #7285 );
#5881 = VERTEX_POINT( '', #7286 );
#5882 = CIRCLE( '', #7287, 0.00790000000000000 );
#5883 = VERTEX_POINT( '', #7288 );
#5884 = B_SPLINE_CURVE_WITH_KNOTS( '', 3, ( #7289, #7290, #7291, #7292, #7293, #7294, #7295 ), .UNSPECIFIED., .F., .F., ( 4, 1, 1, 1, 4 ), ( 0.00000000000000, 0.250000000000000, 0.500000000000000, 0.750000000000000, 1.00000000000000 ), .UNSPECIFIED. );
#5885 = VERTEX_POINT( '', #7296 );
#5886 = CIRCLE( '', #7297, 0.00465319300000000 );
#5887 = VERTEX_POINT( '', #7298 );
#5888 = B_SPLINE_CURVE_WITH_KNOTS( '', 3, ( #7299, #7300, #7301, #7302, #7303, #7304 ), .UNSPECIFIED., .F., .F., ( 4, 1, 1, 4 ), ( 0.00000000000000, 0.333333333333300, 0.666666666666700, 1.00000000000000 ), .UNSPECIFIED. );
#5889 = VERTEX_POINT( '', #7305 );
#5890 = B_SPLINE_CURVE_WITH_KNOTS( '', 3, ( #7306, #7307, #7308, #7309, #7310, #7311, #7312, #7313, #7314, #7315, #7316, #7317 ), .UNSPECIFIED., .F., .F., ( 4, 1, 1, 1, 1, 1, 1, 1, 1, 4 ), ( 0.00000000000000, 0.111111111111100, 0.222222222222200, 0.333333333333300, 0.444444444444400, 0.555555555555600, 0.666666666666700, 0.777777777777800, 0.888888888888900, 1.00000000000000 ), .UNSPECIFIED. );
#5891 = B_SPLINE_CURVE_WITH_KNOTS( '', 3, ( #7318, #7319, #7320, #7321, #7322, #7323, #7324, #7325, #7326 ), .UNSPECIFIED., .F., .F., ( 4, 1, 1, 1, 1, 1, 4 ), ( 0.00000000000000, 0.150445688806181, 0.292768914188571, 0.429225614193366, 0.562364246640851, 0.786357923875303, 1.00000000000000 ), .UNSPECIFIED. );
#5892 = FILL_AREA_STYLE_COLOUR( '', #7327 );
#5893 = VERTEX_POINT( '', #7328 );
#5894 = VERTEX_POINT( '', #7329 );
#5895 = CIRCLE( '', #7330, 0.00205000000000000 );
#5896 = VERTEX_POINT( '', #7331 );
#5897 = LINE( '', #7332, #7333 );
#5898 = VERTEX_POINT( '', #7334 );
#5899 = CIRCLE( '', #7335, 0.00205000000000000 );
#5900 = LINE( '', #7336, #7337 );
#5901 = FILL_AREA_STYLE_COLOUR( '', #7338 );
#5902 = VERTEX_POINT( '', #7339 );
#5903 = VERTEX_POINT( '', #7340 );
#5904 = B_SPLINE_CURVE_WITH_KNOTS( '', 3, ( #7341, #7342, #7343, #7344, #7345 ), .UNSPECIFIED., .F., .F., ( 4, 1, 4 ), ( 0.00000000000000, 0.500000000000000, 1.00000000000000 ), .UNSPECIFIED. );
#5905 = VERTEX_POINT( '', #7346 );
#5906 = LINE( '', #7347, #7348 );
#5907 = VERTEX_POINT( '', #7349 );
#5908 = LINE( '', #7350, #7351 );
#5909 = VERTEX_POINT( '', #7352 );
#5910 = LINE( '', #7353, #7354 );
#5911 = VERTEX_POINT( '', #7355 );
#5912 = B_SPLINE_CURVE_WITH_KNOTS( '', 3, ( #7356, #7357, #7358, #7359, #7360 ), .UNSPECIFIED., .F., .F., ( 4, 1, 4 ), ( 0.00000000000000, 0.500000000000000, 1.00000000000000 ), .UNSPECIFIED. );
#5913 = VERTEX_POINT( '', #7361 );
#5914 = B_SPLINE_CURVE_WITH_KNOTS( '', 3, ( #7362, #7363, #7364, #7365, #7366 ), .UNSPECIFIED., .F., .F., ( 4, 1, 4 ), ( 0.00000000000000, 0.500000000000000, 1.00000000000000 ), .UNSPECIFIED. );
#5915 = VERTEX_POINT( '', #7367 );
#5916 = B_SPLINE_CURVE_WITH_KNOTS( '', 2, ( #7368, #7369, #7370, #7371, #7372 ), .UNSPECIFIED., .F., .F., ( 3, 2, 3 ), ( 0.00000000000000, 0.500000000000000, 1.00000000000000 ), .UNSPECIFIED. );
#5917 = VERTEX_POINT( '', #7373 );
#5918 = LINE( '', #7374, #7375 );
#5919 = VERTEX_POINT( '', #7376 );
#5920 = LINE( '', #7377, #7378 );
#5921 = VERTEX_POINT( '', #7379 );
#5922 = LINE( '', #7380, #7381 );
#5923 = VERTEX_POINT( '', #7382 );
#5924 = LINE( '', #7383, #7384 );
#5925 = VERTEX_POINT( '', #7385 );
#5926 = LINE( '', #7386, #7387 );
#5927 = VERTEX_POINT( '', #7388 );
#5928 = B_SPLINE_CURVE_WITH_KNOTS( '', 2, ( #7389, #7390, #7391, #7392, #7393 ), .UNSPECIFIED., .F., .F., ( 3, 2, 3 ), ( 0.00000000000000, 0.500000000000000, 1.00000000000000 ), .UNSPECIFIED. );
#5929 = B_SPLINE_CURVE_WITH_KNOTS( '', 3, ( #7394, #7395, #7396, #7397, #7398 ), .UNSPECIFIED., .F., .F., ( 4, 1, 4 ), ( 0.00000000000000, 0.500000000000000, 1.00000000000000 ), .UNSPECIFIED. );
#5930 = FILL_AREA_STYLE_COLOUR( '', #7399 );
#5931 = VERTEX_POINT( '', #7400 );
#5932 = VERTEX_POINT( '', #7401 );
#5933 = CIRCLE( '', #7402, 0.00350000000000000 );
#5934 = VERTEX_POINT( '', #7403 );
#5935 = LINE( '', #7404, #7405 );
#5936 = VERTEX_POINT( '', #7406 );
#5937 = CIRCLE( '', #7407, 0.00350000000000000 );
#5938 = LINE( '', #7408, #7409 );
#5939 = FILL_AREA_STYLE_COLOUR( '', #7410 );
#5940 = VERTEX_POINT( '', #7411 );
#5941 = VERTEX_POINT( '', #7412 );
#5942 = CIRCLE( '', #7413, 0.000500000000000000 );
#5943 = VERTEX_POINT( '', #7414 );
#5944 = B_SPLINE_CURVE_WITH_KNOTS( '', 3, ( #7415, #7416, #7417, #7418, #7419, #7420, #7421, #7422, #7423, #7424, #7425, #7426 ), .UNSPECIFIED., .F., .F., ( 4, 1, 1, 1, 1, 1, 1, 1, 1, 4 ), ( 0.00000000000000, 0.0966942168995807, 0.194839861001729, 0.295232864223544, 0.430148484871717, 0.563942155766515, 0.682784999837623, 0.798104400623668, 0.901284886538482, 1.00000000000000 ), .UNSPECIFIED. );
#5945 = VERTEX_POINT( '', #7427 );
#5946 = LINE( '', #7428, #7429 );
#5947 = VERTEX_POINT( '', #7430 );
#5948 = CIRCLE( '', #7431, 0.000500000000000000 );
#5949 = LINE( '', #7432, #7433 );
#5950 = FILL_AREA_STYLE_COLOUR( '', #7434 );
#5951 = VERTEX_POINT( '', #7435 );
#5952 = VERTEX_POINT( '', #7436 );
#5953 = LINE( '', #7437, #7438 );
#5954 = VERTEX_POINT( '', #7439 );
#5955 = CIRCLE( '', #7440, 0.000300000000000000 );
#5956 = VERTEX_POINT( '', #7441 );
#5957 = CIRCLE( '', #7442, 0.00205000000000000 );
#5958 = CIRCLE( '', #7443, 0.000300000000000000 );
#5959 = VERTEX_POINT( '', #7444 );
#5960 = CIRCLE( '', #7445, 0.000300000000000000 );
#5961 = VERTEX_POINT( '', #7446 );
#5962 = CIRCLE( '', #7447, 0.00205000000000000 );
#5963 = CIRCLE( '', #7448, 0.000300000000000000 );
#5964 = FILL_AREA_STYLE_COLOUR( '', #7449 );
#5965 = VERTEX_POINT( '', #7450 );
#5966 = VERTEX_POINT( '', #7451 );
#5967 = LINE( '', #7452, #7453 );
#5968 = VERTEX_POINT( '', #7454 );
#5969 = CIRCLE( '', #7455, 0.000200000000000000 );
#5970 = VERTEX_POINT( '', #7456 );
#5971 = LINE( '', #7457, #7458 );
#5972 = CIRCLE( '', #7459, 0.000200000000000000 );
#5973 = FILL_AREA_STYLE_COLOUR( '', #7460 );
#5974 = VERTEX_POINT( '', #7461 );
#5975 = CIRCLE( '', #7462, 0.00250000000000000 );
#5976 = VERTEX_POINT( '', #7463 );
#5977 = CIRCLE( '', #7464, 0.00250000000000000 );
#5978 = FILL_AREA_STYLE_COLOUR( '', #7465 );
#5979 = VERTEX_POINT( '', #7466 );
#5980 = CIRCLE( '', #7467, 0.00411219600000000 );
#5981 = VERTEX_POINT( '', #7468 );
#5982 = LINE( '', #7469, #7470 );
#5983 = VERTEX_POINT( '', #7471 );
#5984 = B_SPLINE_CURVE_WITH_KNOTS( '', 3, ( #7472, #7473, #7474, #7475, #7476 ), .UNSPECIFIED., .F., .F., ( 4, 1, 4 ), ( 0.00000000000000, 0.500000000000000, 1.00000000000000 ), .UNSPECIFIED. );
#5985 = VERTEX_POINT( '', #7477 );
#5986 = B_SPLINE_CURVE_WITH_KNOTS( '', 3, ( #7478, #7479, #7480, #7481, #7482, #7483, #7484 ), .UNSPECIFIED., .F., .F., ( 4, 1, 1, 1, 4 ), ( 0.00000000000000, 0.250000000000000, 0.500000000000000, 0.750000000000000, 1.00000000000000 ), .UNSPECIFIED. );
#5987 = VERTEX_POINT( '', #7485 );
#5988 = B_SPLINE_CURVE_WITH_KNOTS( '', 3, ( #7486, #7487, #7488, #7489, #7490, #7491, #7492, #7493, #7494, #7495 ), .UNSPECIFIED., .F., .F., ( 4, 1, 1, 1, 1, 1, 1, 4 ), ( 0.00000000000000, 0.142857142857100, 0.285714285714300, 0.428571428571400, 0.571428571428600, 0.714285714285700, 0.857142857142900, 1.00000000000000 ), .UNSPECIFIED. );
#5989 = VERTEX_POINT( '', #7496 );
#5990 = LINE( '', #7497, #7498 );
#5991 = VERTEX_POINT( '', #7499 );
#5992 = LINE( '', #7500, #7501 );
#5993 = LINE( '', #7502, #7503 );
#5994 = FILL_AREA_STYLE_COLOUR( '', #7504 );
#5995 = VERTEX_POINT( '', #7505 );
#5996 = VERTEX_POINT( '', #7506 );
#5997 = CIRCLE( '', #7507, 0.000300000000000000 );
#5998 = VERTEX_POINT( '', #7508 );
#5999 = LINE( '', #7509, #7510 );
#6000 = VERTEX_POINT( '', #7511 );
#6001 = CIRCLE( '', #7512, 0.000300000000000000 );
#6002 = LINE( '', #7513, #7514 );
#6003 = FILL_AREA_STYLE_COLOUR( '', #7515 );
#6004 = VERTEX_POINT( '', #7516 );
#6005 = CIRCLE( '', #7517, 0.00250000000000000 );
#6006 = VERTEX_POINT( '', #7518 );
#6007 = CIRCLE( '', #7519, 0.00250000000000000 );
#6008 = FILL_AREA_STYLE_COLOUR( '', #7520 );
#6009 = VERTEX_POINT( '', #7521 );
#6010 = VERTEX_POINT( '', #7522 );
#6011 = CIRCLE( '', #7523, 0.00666249550000000 );
#6012 = VERTEX_POINT( '', #7524 );
#6013 = LINE( '', #7525, #7526 );
#6014 = VERTEX_POINT( '', #7527 );
#6015 = CIRCLE( '', #7528, 0.000500000000000000 );
#6016 = CIRCLE( '', #7529, 0.00790000000000000 );
#6017 = CIRCLE( '', #7530, 0.000300000000000000 );
#6018 = VERTEX_POINT( '', #7531 );
#6019 = CIRCLE( '', #7532, 0.000300000000000000 );
#6020 = VERTEX_POINT( '', #7533 );
#6021 = LINE( '', #7534, #7535 );
#6022 = VERTEX_POINT( '', #7536 );
#6023 = CIRCLE( '', #7537, 0.00790000000000000 );
#6024 = VERTEX_POINT( '', #7538 );
#6025 = CIRCLE( '', #7539, 0.000500000000000000 );
#6026 = LINE( '', #7540, #7541 );
#6027 = FILL_AREA_STYLE_COLOUR( '', #7542 );
#6028 = VERTEX_POINT( '', #7543 );
#6029 = VERTEX_POINT( '', #7544 );
#6030 = B_SPLINE_CURVE_WITH_KNOTS( '', 3, ( #7545, #7546, #7547, #7548, #7549, #7550, #7551, #7552, #7553, #7554, #7555 ), .UNSPECIFIED., .F., .F., ( 4, 1, 1, 1, 1, 1, 1, 1, 4 ), ( 0.00000000000000, 0.108583944943059, 0.224023221746912, 0.345258758366250, 0.470748554799119, 0.585652667242859, 0.728862331647825, 0.906576732675661, 1.00000000000000 ), .UNSPECIFIED. );
#6031 = VERTEX_POINT( '', #7556 );
#6032 = B_SPLINE_CURVE_WITH_KNOTS( '', 3, ( #7557, #7558, #7559, #7560, #7561, #7562, #7563, #7564, #7565, #7566, #7567, #7568, #7569, #7570, #7571, #7572, #7573, #7574 ), .UNSPECIFIED., .F., .F., ( 4, 1, 1, 1, 1, 1, 1, 1, 1, 1, 1, 1, 1, 1, 1, 4 ), ( 0.00000000000000, 0.0666666666666700, 0.133333333333300, 0.200000000000000, 0.266666666666700, 0.333333333333300, 0.400000000000000, 0.466666666666700, 0.533333333333300, 0.600000000000000, 0.666666666666700, 0.733333333333300, 0.800000000000000, 0.866666666666700, 0.933333333333300, 1.00000000000000 ), .UNSPECIFIED. );
#6033 = CIRCLE( '', #7575, 0.000300000000000000 );
#6034 = VERTEX_POINT( '', #7576 );
#6035 = B_SPLINE_CURVE_WITH_KNOTS( '', 3, ( #7577, #7578, #7579, #7580, #7581, #7582, #7583, #7584, #7585, #7586, #7587, #7588, #7589, #7590, #7591, #7592, #7593, #7594 ), .UNSPECIFIED., .F., .F., ( 4, 1, 1, 1, 1, 1, 1, 1, 1, 1, 1, 1, 1, 1, 1, 4 ), ( 0.00000000000000, 0.0666666666666700, 0.133333333333300, 0.200000000000000, 0.266666666666700, 0.333333333333300, 0.400000000000000, 0.466666666666700, 0.533333333333300, 0.600000000000000, 0.666666666666700, 0.733333333333300, 0.800000000000000, 0.866666666666700, 0.933333333333300, 1.00000000000000 ), .UNSPECIFIED. );
#6036 = B_SPLINE_CURVE_WITH_KNOTS( '', 3, ( #7595, #7596, #7597, #7598, #7599 ), .UNSPECIFIED., .F., .F., ( 4, 1, 4 ), ( 0.00000000000000, 0.500000000000000, 1.00000000000000 ), .UNSPECIFIED. );
#6037 = FILL_AREA_STYLE_COLOUR( '', #7600 );
#6038 = VERTEX_POINT( '', #7601 );
#6039 = CIRCLE( '', #7602, 0.00280000000000000 );
#6040 = VERTEX_POINT( '', #7603 );
#6041 = LINE( '', #7604, #7605 );
#6042 = VERTEX_POINT( '', #7606 );
#6043 = CIRCLE( '', #7607, 0.00180000000000000 );
#6044 = VERTEX_POINT( '', #7608 );
#6045 = CIRCLE( '', #7609, 0.000200000000000000 );
#6046 = VERTEX_POINT( '', #7610 );
#6047 = CIRCLE( '', #7611, 0.00250000000000000 );
#6048 = VERTEX_POINT( '', #7612 );
#6049 = CIRCLE( '', #7613, 0.000200000000000000 );
#6050 = CIRCLE( '', #7614, 0.00180000000000000 );
#6051 = VERTEX_POINT( '', #7615 );
#6052 = LINE( '', #7616, #7617 );
#6053 = VERTEX_POINT( '', #7618 );
#6054 = CIRCLE( '', #7619, 0.00280000000000000 );
#6055 = VERTEX_POINT( '', #7620 );
#6056 = CIRCLE( '', #7621, 0.000500000000000000 );
#6057 = CIRCLE( '', #7622, 0.00666250160000000 );
#6058 = FILL_AREA_STYLE_COLOUR( '', #7623 );
#6059 = VERTEX_POINT( '', #7624 );
#6060 = VERTEX_POINT( '', #7625 );
#6061 = LINE( '', #7626, #7627 );
#6062 = VERTEX_POINT( '', #7628 );
#6063 = CIRCLE( '', #7629, 0.000200000000000000 );
#6064 = VERTEX_POINT( '', #7630 );
#6065 = LINE( '', #7631, #7632 );
#6066 = CIRCLE( '', #7633, 0.000200000000000000 );
#6067 = FILL_AREA_STYLE_COLOUR( '', #7634 );
#6068 = VERTEX_POINT( '', #7635 );
#6069 = CIRCLE( '', #7636, 0.00300000000000000 );
#6070 = VERTEX_POINT( '', #7637 );
#6071 = LINE( '', #7638, #7639 );
#6072 = CIRCLE( '', #7640, 0.00300000000000000 );
#6073 = FILL_AREA_STYLE_COLOUR( '', #7641 );
#6074 = VERTEX_POINT( '', #7642 );
#6075 = VERTEX_POINT( '', #7643 );
#6076 = CIRCLE( '', #7644, 0.000500000000000000 );
#6077 = LINE( '', #7645, #7646 );
#6078 = LINE( '', #7647, #7648 );
#6079 = FILL_AREA_STYLE_COLOUR( '', #7649 );
#6080 = VERTEX_POINT( '', #7650 );
#6081 = CIRCLE( '', #7651, 0.000300000000000000 );
#6082 = VERTEX_POINT( '', #7652 );
#6083 = LINE( '', #7653, #7654 );
#6084 = CIRCLE( '', #7655, 0.000300000000000000 );
#6085 = FILL_AREA_STYLE_COLOUR( '', #7656 );
#6086 = VERTEX_POINT( '', #7657 );
#6087 = CIRCLE( '', #7658, 0.00250000000000000 );
#6088 = VERTEX_POINT( '', #7659 );
#6089 = CIRCLE( '', #7660, 0.00250000000000000 );
#6090 = VERTEX_POINT( '', #7661 );
#6091 = B_SPLINE_CURVE_WITH_KNOTS( '', 3, ( #7662, #7663, #7664, #7665, #7666 ), .UNSPECIFIED., .F., .F., ( 4, 1, 4 ), ( 0.00000000000000, 0.500000000000000, 1.00000000000000 ), .UNSPECIFIED. );
#6092 = LINE( '', #7667, #7668 );
#6093 = FILL_AREA_STYLE_COLOUR( '', #7669 );
#6094 = VERTEX_POINT( '', #7670 );
#6095 = VERTEX_POINT( '', #7671 );
#6096 = CIRCLE( '', #7672, 0.00250000000000000 );
#6097 = VERTEX_POINT( '', #7673 );
#6098 = LINE( '', #7674, #7675 );
#6099 = VERTEX_POINT( '', #7676 );
#6100 = CIRCLE( '', #7677, 0.00250000000000000 );
#6101 = LINE( '', #7678, #7679 );
#6102 = FILL_AREA_STYLE_COLOUR( '', #7680 );
#6103 = VERTEX_POINT( '', #7681 );
#6104 = VERTEX_POINT( '', #7682 );
#6105 = LINE( '', #7683, #7684 );
#6106 = VERTEX_POINT( '', #7685 );
#6107 = CIRCLE( '', #7686, 0.000300000000000000 );
#6108 = VERTEX_POINT( '', #7687 );
#6109 = LINE( '', #7688, #7689 );
#6110 = CIRCLE( '', #7690, 0.000300000000000000 );
#6111 = FILL_AREA_STYLE_COLOUR( '', #7691 );
#6112 = VERTEX_POINT( '', #7692 );
#6113 = LINE( '', #7693, #7694 );
#6114 = VERTEX_POINT( '', #7695 );
#6115 = CIRCLE( '', #7696, 0.000300000000000000 );
#6116 = LINE( '', #7697, #7698 );
#6117 = FILL_AREA_STYLE_COLOUR( '', #7699 );
#6118 = VERTEX_POINT( '', #7700 );
#6119 = CIRCLE( '', #7701, 0.00105000000000000 );
#6120 = VERTEX_POINT( '', #7702 );
#6121 = CIRCLE( '', #7703, 0.00105000000000000 );
#6122 = FILL_AREA_STYLE_COLOUR( '', #7704 );
#6123 = VERTEX_POINT( '', #7705 );
#6124 = CIRCLE( '', #7706, 0.000200000000000000 );
#6125 = VERTEX_POINT( '', #7707 );
#6126 = LINE( '', #7708, #7709 );
#6127 = CIRCLE( '', #7710, 0.000200000000000000 );
#6128 = FILL_AREA_STYLE_COLOUR( '', #7711 );
#6129 = VERTEX_POINT( '', #7712 );
#6130 = CIRCLE( '', #7713, 0.000200000000000000 );
#6131 = VERTEX_POINT( '', #7714 );
#6132 = B_SPLINE_CURVE_WITH_KNOTS( '', 3, ( #7715, #7716, #7717, #7718, #7719, #7720, #7721, #7722, #7723, #7724 ), .UNSPECIFIED., .F., .F., ( 4, 1, 1, 1, 1, 1, 1, 4 ), ( 0.00000000000000, 0.0846213381411938, 0.169324000126733, 0.254109739609522, 0.372709034202349, 0.507246855008044, 0.726309761938372, 1.00000000000000 ), .UNSPECIFIED. );
#6133 = LINE( '', #7725, #7726 );
#6134 = FILL_AREA_STYLE_COLOUR( '', #7727 );
#6135 = VERTEX_POINT( '', #7728 );
#6136 = VERTEX_POINT( '', #7729 );
#6137 = CIRCLE( '', #7730, 0.000500000000000000 );
#6138 = VERTEX_POINT( '', #7731 );
#6139 = LINE( '', #7732, #7733 );
#6140 = VERTEX_POINT( '', #7734 );
#6141 = CIRCLE( '', #7735, 0.000500000000000000 );
#6142 = LINE( '', #7736, #7737 );
#6143 = FILL_AREA_STYLE_COLOUR( '', #7738 );
#6144 = VERTEX_POINT( '', #7739 );
#6145 = CIRCLE( '', #7740, 0.00992566020000000 );
#6146 = VERTEX_POINT( '', #7741 );
#6147 = B_SPLINE_CURVE_WITH_KNOTS( '', 3, ( #7742, #7743, #7744, #7745, #7746, #7747, #7748, #7749, #7750, #7751, #7752, #7753, #7754, #7755 ), .UNSPECIFIED., .F., .F., ( 4, 1, 1, 1, 1, 1, 1, 1, 1, 1, 1, 4 ), ( 0.00000000000000, 0.0909090909090900, 0.181818181818200, 0.272727272727300, 0.363636363636400, 0.454545454545500, 0.545454545454500, 0.636363636363600, 0.727272727272700, 0.818181818181800, 0.909090909090900, 1.00000000000000 ), .UNSPECIFIED. );
#6148 = VERTEX_POINT( '', #7756 );
#6149 = CIRCLE( '', #7757, 0.00557699180000000 );
#6150 = VERTEX_POINT( '', #7758 );
#6151 = B_SPLINE_CURVE_WITH_KNOTS( '', 3, ( #7759, #7760, #7761, #7762, #7763, #7764, #7765 ), .UNSPECIFIED., .F., .F., ( 4, 1, 1, 1, 4 ), ( 0.00000000000000, 0.250000000000000, 0.500000000000000, 0.750000000000000, 1.00000000000000 ), .UNSPECIFIED. );
#6152 = VERTEX_POINT( '', #7766 );
#6153 = B_SPLINE_CURVE_WITH_KNOTS( '', 3, ( #7767, #7768, #7769, #7770, #7771, #7772, #7773, #7774, #7775, #7776, #7777 ), .UNSPECIFIED., .F., .F., ( 4, 1, 1, 1, 1, 1, 1, 1, 4 ), ( 0.00000000000000, 0.0793167074742855, 0.159577361739757, 0.309695776445164, 0.578012862439894, 0.695091395164165, 0.806072854604925, 0.905891068704650, 1.00000000000000 ), .UNSPECIFIED. );
#6154 = B_SPLINE_CURVE_WITH_KNOTS( '', 3, ( #7778, #7779, #7780, #7781, #7782, #7783, #7784, #7785, #7786, #7787, #7788, #7789, #7790, #7791, #7792, #7793 ), .UNSPECIFIED., .F., .F., ( 4, 1, 1, 1, 1, 1, 1, 1, 1, 1, 1, 1, 1, 4 ), ( 0.00000000000000, 0.0327247741312730, 0.0659107838816598, 0.0998474886081547, 0.134802022565511, 0.171015806574320, 0.275454069524041, 0.388335440479065, 0.522599041829270, 0.665427642831201, 0.747797933364256, 0.830640070410540, 0.914506385518503, 1.00000000000000 ), .UNSPECIFIED. );
#6155 = FILL_AREA_STYLE_COLOUR( '', #7794 );
#6156 = VERTEX_POINT( '', #7795 );
#6157 = CIRCLE( '', #7796, 0.00790000000000000 );
#6158 = VERTEX_POINT( '', #7797 );
#6159 = LINE( '', #7798, #7799 );
#6160 = VERTEX_POINT( '', #7800 );
#6161 = CIRCLE( '', #7801, 0.00790000000000000 );
#6162 = VERTEX_POINT( '', #7802 );
#6163 = LINE( '', #7803, #7804 );
#6164 = CIRCLE( '', #7805, 0.00790000000000000 );
#6165 = FILL_AREA_STYLE_COLOUR( '', #7806 );
#6166 = VERTEX_POINT( '', #7807 );
#6167 = LINE( '', #7808, #7809 );
#6168 = VERTEX_POINT( '', #7810 );
#6169 = CIRCLE( '', #7811, 0.00180000000000000 );
#6170 = VERTEX_POINT( '', #7812 );
#6171 = LINE( '', #7813, #7814 );
#6172 = VERTEX_POINT( '', #7815 );
#6173 = B_SPLINE_CURVE_WITH_KNOTS( '', 3, ( #7816, #7817, #7818, #7819, #7820, #7821, #7822, #7823, #7824, #7825, #7826 ), .UNSPECIFIED., .F., .F., ( 4, 1, 1, 1, 1, 1, 1, 1, 4 ), ( 0.00000000000000, 0.134205583355176, 0.264643840048689, 0.391837146721577, 0.516348772610696, 0.638779048545923, 0.759759334930130, 0.879943885206074, 1.00000000000000 ), .UNSPECIFIED. );
#6174 = B_SPLINE_CURVE_WITH_KNOTS( '', 3, ( #7827, #7828, #7829, #7830, #7831, #7832, #7833, #7834, #7835, #7836, #7837, #7838, #7839, #7840, #7841 ), .UNSPECIFIED., .F., .F., ( 4, 1, 1, 1, 1, 1, 1, 1, 1, 1, 1, 1, 4 ), ( 0.00000000000000, 0.0329793185768708, 0.0664725424063899, 0.100747918338109, 0.136052514229835, 0.172609650051712, 0.277722026169433, 0.391140638686053, 0.525502916060521, 0.668170524942402, 0.777241455591702, 0.887418188291133, 1.00000000000000 ), .UNSPECIFIED. );
#6175 = FILL_AREA_STYLE_COLOUR( '', #7842 );
#6176 = VERTEX_POINT( '', #7843 );
#6177 = VERTEX_POINT( '', #7844 );
#6178 = LINE( '', #7845, #7846 );
#6179 = VERTEX_POINT( '', #7847 );
#6180 = LINE( '', #7848, #7849 );
#6181 = VERTEX_POINT( '', #7850 );
#6182 = LINE( '', #7851, #7852 );
#6183 = LINE( '', #7853, #7854 );
#6184 = FILL_AREA_STYLE_COLOUR( '', #7855 );
#6185 = VERTEX_POINT( '', #7856 );
#6186 = CIRCLE( '', #7857, 0.00890000000000000 );
#6187 = VERTEX_POINT( '', #7858 );
#6188 = LINE( '', #7859, #7860 );
#6189 = CIRCLE( '', #7861, 0.00890000000000000 );
#6190 = FILL_AREA_STYLE_COLOUR( '', #7862 );
#6191 = VERTEX_POINT( '', #7863 );
#6192 = VERTEX_POINT( '', #7864 );
#6193 = CIRCLE( '', #7865, 0.000200000000000000 );
#6194 = VERTEX_POINT( '', #7866 );
#6195 = LINE( '', #7867, #7868 );
#6196 = VERTEX_POINT( '', #7869 );
#6197 = B_SPLINE_CURVE_WITH_KNOTS( '', 3, ( #7870, #7871, #7872, #7873, #7874, #7875, #7876, #7877, #7878, #7879, #7880, #7881, #7882 ), .UNSPECIFIED., .F., .F., ( 4, 1, 1, 1, 1, 1, 1, 1, 1, 1, 4 ), ( 0.00000000000000, 0.0989778409790242, 0.191555920308171, 0.277749122138943, 0.357577430435985, 0.431067563547658, 0.498255358435740, 0.619357413589499, 0.748967257808173, 0.874328569749775, 1.00000000000000 ), .UNSPECIFIED. );
#6198 = LINE( '', #7883, #7884 );
#6199 = FILL_AREA_STYLE_COLOUR( '', #7885 );
#6200 = VERTEX_POINT( '', #7886 );
#6201 = CIRCLE( '', #7887, 0.00201000000000000 );
#6202 = FILL_AREA_STYLE_COLOUR( '', #7888 );
#6203 = VERTEX_POINT( '', #7889 );
#6204 = B_SPLINE_CURVE_WITH_KNOTS( '', 3, ( #7890, #7891, #7892, #7893, #7894, #7895, #7896, #7897, #7898, #7899 ), .UNSPECIFIED., .F., .F., ( 4, 1, 1, 1, 1, 1, 1, 4 ), ( 0.00000000000000, 0.110084960467257, 0.213010387003325, 0.307524518233560, 0.564916986622205, 0.780412081250206, 0.885346735539706, 1.00000000000000 ), .UNSPECIFIED. );
#6205 = B_SPLINE_CURVE_WITH_KNOTS( '', 3, ( #7900, #7901, #7902, #7903, #7904, #7905, #7906 ), .UNSPECIFIED., .F., .F., ( 4, 1, 1, 1, 4 ), ( 0.00000000000000, 0.250000000000000, 0.500000000000000, 0.750000000000000, 1.00000000000000 ), .UNSPECIFIED. );
#6206 = FILL_AREA_STYLE_COLOUR( '', #7907 );
#6207 = VERTEX_POINT( '', #7908 );
#6208 = CIRCLE( '', #7909, 0.00205000000000000 );
#6209 = LINE( '', #7910, #7911 );
#6210 = FILL_AREA_STYLE_COLOUR( '', #7912 );
#6211 = VERTEX_POINT( '', #7913 );
#6212 = LINE( '', #7914, #7915 );
#6213 = CIRCLE( '', #7916, 0.00300000000000000 );
#6214 = VERTEX_POINT( '', #7917 );
#6215 = CIRCLE( '', #7918, 0.0109863203000000 );
#6216 = CIRCLE( '', #7919, 0.00250000000000000 );
#6217 = VERTEX_POINT( '', #7920 );
#6218 = CIRCLE( '', #7921, 0.00180000000000000 );
#6219 = VERTEX_POINT( '', #7922 );
#6220 = CIRCLE( '', #7923, 0.000200000000000000 );
#6221 = CIRCLE( '', #7924, 0.00250000000000000 );
#6222 = VERTEX_POINT( '', #7925 );
#6223 = CIRCLE( '', #7926, 0.00180000000000000 );
#6224 = VERTEX_POINT( '', #7927 );
#6225 = CIRCLE( '', #7928, 0.000200000000000000 );
#6226 = VERTEX_POINT( '', #7929 );
#6227 = CIRCLE( '', #7930, 0.00250000000000000 );
#6228 = CIRCLE( '', #7931, 0.0109863203000000 );
#6229 = FILL_AREA_STYLE_COLOUR( '', #7932 );
#6230 = VERTEX_POINT( '', #7933 );
#6231 = VERTEX_POINT( '', #7934 );
#6232 = CIRCLE( '', #7935, 0.000200000000000000 );
#6233 = LINE( '', #7936, #7937 );
#6234 = LINE( '', #7938, #7939 );
#6235 = FILL_AREA_STYLE_COLOUR( '', #7940 );
#6236 = VERTEX_POINT( '', #7941 );
#6237 = LINE( '', #7942, #7943 );
#6238 = VERTEX_POINT( '', #7944 );
#6239 = CIRCLE( '', #7945, 0.00205000000000000 );
#6240 = LINE( '', #7946, #7947 );
#6241 = FILL_AREA_STYLE_COLOUR( '', #7948 );
#6242 = VERTEX_POINT( '', #7949 );
#6243 = CIRCLE( '', #7950, 0.00201000000000000 );
#6244 = VERTEX_POINT( '', #7951 );
#6245 = CIRCLE( '', #7952, 0.00201000000000000 );
#6246 = FILL_AREA_STYLE_COLOUR( '', #7953 );
#6247 = VERTEX_POINT( '', #7954 );
#6248 = LINE( '', #7955, #7956 );
#6249 = VERTEX_POINT( '', #7957 );
#6250 = B_SPLINE_CURVE_WITH_KNOTS( '', 3, ( #7958, #7959, #7960, #7961, #7962, #7963 ), .UNSPECIFIED., .F., .F., ( 4, 1, 1, 4 ), ( 0.00000000000000, 0.333333333333300, 0.666666666666700, 1.00000000000000 ), .UNSPECIFIED. );
#6251 = VERTEX_POINT( '', #7964 );
#6252 = CIRCLE( '', #7965, 0.00411219600000000 );
#6253 = VERTEX_POINT( '', #7966 );
#6254 = LINE( '', #7967, #7968 );
#6255 = VERTEX_POINT( '', #7969 );
#6256 = B_SPLINE_CURVE_WITH_KNOTS( '', 3, ( #7970, #7971, #7972, #7973, #7974 ), .UNSPECIFIED., .F., .F., ( 4, 1, 4 ), ( 0.00000000000000, 0.500000000000000, 1.00000000000000 ), .UNSPECIFIED. );
#6257 = VERTEX_POINT( '', #7975 );
#6258 = B_SPLINE_CURVE_WITH_KNOTS( '', 3, ( #7976, #7977, #7978, #7979, #7980, #7981, #7982 ), .UNSPECIFIED., .F., .F., ( 4, 1, 1, 1, 4 ), ( 0.00000000000000, 0.250000000000000, 0.500000000000000, 0.750000000000000, 1.00000000000000 ), .UNSPECIFIED. );
#6259 = VERTEX_POINT( '', #7983 );
#6260 = B_SPLINE_CURVE_WITH_KNOTS( '', 3, ( #7984, #7985, #7986, #7987, #7988, #7989, #7990, #7991, #7992, #7993 ), .UNSPECIFIED., .F., .F., ( 4, 1, 1, 1, 1, 1, 1, 4 ), ( 0.00000000000000, 0.142857142857100, 0.285714285714300, 0.428571428571400, 0.571428571428600, 0.714285714285700, 0.857142857142900, 1.00000000000000 ), .UNSPECIFIED. );
#6261 = LINE( '', #7994, #7995 );
#6262 = FILL_AREA_STYLE_COLOUR( '', #7996 );
#6263 = VERTEX_POINT( '', #7997 );
#6264 = CIRCLE( '', #7998, 0.00180000000000000 );
#6265 = CIRCLE( '', #7999, 0.000200000000000000 );
#6266 = CIRCLE( '', #8000, 0.00180000000000000 );
#6267 = VERTEX_POINT( '', #8001 );
#6268 = CIRCLE( '', #8002, 0.00250000000000000 );
#6269 = CIRCLE( '', #8003, 0.0109863203000000 );
#6270 = VERTEX_POINT( '', #8004 );
#6271 = CIRCLE( '', #8005, 0.00300000000000000 );
#6272 = VERTEX_POINT( '', #8006 );
#6273 = LINE( '', #8007, #8008 );
#6274 = VERTEX_POINT( '', #8009 );
#6275 = CIRCLE( '', #8010, 0.00300000000000000 );
#6276 = VERTEX_POINT( '', #8011 );
#6277 = LINE( '', #8012, #8013 );
#6278 = CIRCLE( '', #8014, 0.0109863203000000 );
#6279 = FILL_AREA_STYLE_COLOUR( '', #8015 );
#6280 = CIRCLE( '', #8016, 0.00250000000000000 );
#6281 = FILL_AREA_STYLE_COLOUR( '', #8017 );
#6282 = VERTEX_POINT( '', #8018 );
#6283 = CIRCLE( '', #8019, 0.00250000000000000 );
#6284 = VERTEX_POINT( '', #8020 );
#6285 = CIRCLE( '', #8021, 0.00250000000000000 );
#6286 = FILL_AREA_STYLE_COLOUR( '', #8022 );
#6287 = VERTEX_POINT( '', #8023 );
#6288 = CIRCLE( '', #8024, 0.00446369930000000 );
#6289 = VERTEX_POINT( '', #8025 );
#6290 = B_SPLINE_CURVE_WITH_KNOTS( '', 3, ( #8026, #8027, #8028, #8029, #8030, #8031 ), .UNSPECIFIED., .F., .F., ( 4, 1, 1, 4 ), ( 0.00000000000000, 0.333333333333300, 0.666666666666700, 1.00000000000000 ), .UNSPECIFIED. );
#6291 = VERTEX_POINT( '', #8032 );
#6292 = CIRCLE( '', #8033, 0.00493916930000000 );
#6293 = B_SPLINE_CURVE_WITH_KNOTS( '', 3, ( #8034, #8035, #8036, #8037, #8038, #8039, #8040, #8041, #8042, #8043 ), .UNSPECIFIED., .F., .F., ( 4, 1, 1, 1, 1, 1, 1, 4 ), ( 0.00000000000000, 0.110084960466561, 0.213010387002496, 0.307524518233474, 0.564916986622101, 0.780412081250047, 0.885346735541620, 1.00000000000000 ), .UNSPECIFIED. );
#6294 = FILL_AREA_STYLE_COLOUR( '', #8044 );
#6295 = B_SPLINE_CURVE_WITH_KNOTS( '', 3, ( #8045, #8046, #8047, #8048, #8049, #8050, #8051, #8052, #8053, #8054, #8055 ), .UNSPECIFIED., .F., .F., ( 4, 1, 1, 1, 1, 1, 1, 1, 4 ), ( 0.00000000000000, 0.108583944295434, 0.224023218344614, 0.345258750230273, 0.470748540262422, 0.585652803366718, 0.728862315755158, 0.906577666057237, 1.00000000000000 ), .UNSPECIFIED. );
#6296 = FILL_AREA_STYLE_COLOUR( '', #8056 );
#6297 = VERTEX_POINT( '', #8057 );
#6298 = CIRCLE( '', #8058, 0.00105000000000000 );
#6299 = VERTEX_POINT( '', #8059 );
#6300 = CIRCLE( '', #8060, 0.00105000000000000 );
#6301 = FILL_AREA_STYLE_COLOUR( '', #8061 );
#6302 = VERTEX_POINT( '', #8062 );
#6303 = CIRCLE( '', #8063, 0.00201000000000000 );
#6304 = FILL_AREA_STYLE_COLOUR( '', #8064 );
#6305 = VERTEX_POINT( '', #8065 );
#6306 = VERTEX_POINT( '', #8066 );
#6307 = CIRCLE( '', #8067, 0.00205000000000000 );
#6308 = VERTEX_POINT( '', #8068 );
#6309 = LINE( '', #8069, #8070 );
#6310 = VERTEX_POINT( '', #8071 );
#6311 = CIRCLE( '', #8072, 0.00205000000000000 );
#6312 = LINE( '', #8073, #8074 );
#6313 = FILL_AREA_STYLE_COLOUR( '', #8075 );
#6314 = VERTEX_POINT( '', #8076 );
#6315 = B_SPLINE_CURVE_WITH_KNOTS( '', 3, ( #8077, #8078, #8079, #8080, #8081 ), .UNSPECIFIED., .F., .F., ( 4, 1, 4 ), ( 0.00000000000000, 0.500000000000000, 1.00000000000000 ), .UNSPECIFIED. );
#6316 = CIRCLE( '', #8082, 0.00992566020000000 );
#6317 = FILL_AREA_STYLE_COLOUR( '', #8083 );
#6318 = VERTEX_POINT( '', #8084 );
#6319 = VERTEX_POINT( '', #8085 );
#6320 = CIRCLE( '', #8086, 0.00350000000000000 );
#6321 = VERTEX_POINT( '', #8087 );
#6322 = LINE( '', #8088, #8089 );
#6323 = VERTEX_POINT( '', #8090 );
#6324 = CIRCLE( '', #8091, 0.00350000000000000 );
#6325 = LINE( '', #8092, #8093 );
#6326 = FILL_AREA_STYLE_COLOUR( '', #8094 );
#6327 = VERTEX_POINT( '', #8095 );
#6328 = LINE( '', #8096, #8097 );
#6329 = LINE( '', #8098, #8099 );
#6330 = FILL_AREA_STYLE_COLOUR( '', #8100 );
#6331 = VERTEX_POINT( '', #8101 );
#6332 = VERTEX_POINT( '', #8102 );
#6333 = B_SPLINE_CURVE_WITH_KNOTS( '', 3, ( #8103, #8104, #8105, #8106, #8107, #8108, #8109, #8110, #8111, #8112, #8113, #8114 ), .UNSPECIFIED., .F., .F., ( 4, 1, 1, 1, 1, 1, 1, 1, 1, 4 ), ( 0.00000000000000, 0.111111111111100, 0.222222222222200, 0.333333333333300, 0.444444444444400, 0.555555555555600, 0.666666666666700, 0.777777777777800, 0.888888888888900, 1.00000000000000 ), .UNSPECIFIED. );
#6334 = B_SPLINE_CURVE_WITH_KNOTS( '', 3, ( #8115, #8116, #8117, #8118, #8119, #8120 ), .UNSPECIFIED., .F., .F., ( 4, 1, 1, 4 ), ( 0.00000000000000, 0.333333333333300, 0.666666666666700, 1.00000000000000 ), .UNSPECIFIED. );
#6335 = VERTEX_POINT( '', #8121 );
#6336 = CIRCLE( '', #8122, 0.00790000000000000 );
#6337 = B_SPLINE_CURVE_WITH_KNOTS( '', 3, ( #8123, #8124, #8125, #8126, #8127, #8128, #8129, #8130, #8131 ), .UNSPECIFIED., .F., .F., ( 4, 1, 1, 1, 1, 1, 4 ), ( 0.00000000000000, 0.107238227191905, 0.214347834381634, 0.324075334866845, 0.438993166311184, 0.707800110669377, 1.00000000000000 ), .UNSPECIFIED. );
#6338 = FILL_AREA_STYLE_COLOUR( '', #8132 );
#6339 = FILL_AREA_STYLE_COLOUR( '', #8133 );
#6340 = VERTEX_POINT( '', #8134 );
#6341 = CIRCLE( '', #8135, 0.00790000000000000 );
#6342 = LINE( '', #8136, #8137 );
#6343 = FILL_AREA_STYLE_COLOUR( '', #8138 );
#6344 = VERTEX_POINT( '', #8139 );
#6345 = CIRCLE( '', #8140, 0.000500000000000000 );
#6346 = VERTEX_POINT( '', #8141 );
#6347 = CIRCLE( '', #8142, 0.000500000000000000 );
#6348 = LINE( '', #8143, #8144 );
#6349 = FILL_AREA_STYLE_COLOUR( '', #8145 );
#6350 = VERTEX_POINT( '', #8146 );
#6351 = LINE( '', #8147, #8148 );
#6352 = CIRCLE( '', #8149, 0.00180000000000000 );
#6353 = CIRCLE( '', #8150, 0.00180000000000000 );
#6354 = B_SPLINE_CURVE_WITH_KNOTS( '', 3, ( #8151, #8152, #8153, #8154, #8155, #8156, #8157, #8158, #8159, #8160, #8161 ), .UNSPECIFIED., .F., .F., ( 4, 1, 1, 1, 1, 1, 1, 1, 4 ), ( 0.00000000000000, 0.134205583353717, 0.264643840046180, 0.391837146718444, 0.516348772607361, 0.638779048542813, 0.759759334927662, 0.879943885204649, 1.00000000000000 ), .UNSPECIFIED. );
#6355 = FILL_AREA_STYLE_COLOUR( '', #8162 );
#6356 = CIRCLE( '', #8163, 0.000300000000000000 );
#6357 = FILL_AREA_STYLE_COLOUR( '', #8164 );
#6358 = VERTEX_POINT( '', #8165 );
#6359 = VERTEX_POINT( '', #8166 );
#6360 = CIRCLE( '', #8167, 0.000500000000000000 );
#6361 = VERTEX_POINT( '', #8168 );
#6362 = LINE( '', #8169, #8170 );
#6363 = B_SPLINE_CURVE_WITH_KNOTS( '', 3, ( #8171, #8172, #8173, #8174, #8175, #8176, #8177, #8178, #8179, #8180, #8181, #8182 ), .UNSPECIFIED., .F., .F., ( 4, 1, 1, 1, 1, 1, 1, 1, 1, 4 ), ( 0.00000000000000, 0.0654279737408053, 0.132572492845582, 0.201994621546092, 0.317273567678980, 0.436163704395713, 0.569858338873332, 0.704880286241973, 0.854445894280211, 1.00000000000000 ), .UNSPECIFIED. );
#6364 = LINE( '', #8183, #8184 );
#6365 = FILL_AREA_STYLE_COLOUR( '', #8185 );
#6366 = VERTEX_POINT( '', #8186 );
#6367 = VERTEX_POINT( '', #8187 );
#6368 = LINE( '', #8188, #8189 );
#6369 = VERTEX_POINT( '', #8190 );
#6370 = CIRCLE( '', #8191, 0.000300000000000000 );
#6371 = VERTEX_POINT( '', #8192 );
#6372 = LINE( '', #8193, #8194 );
#6373 = CIRCLE( '', #8195, 0.000300000000000000 );
#6374 = FILL_AREA_STYLE_COLOUR( '', #8196 );
#6375 = VERTEX_POINT( '', #8197 );
#6376 = CIRCLE( '', #8198, 0.00280000000000000 );
#6377 = VERTEX_POINT( '', #8199 );
#6378 = LINE( '', #8200, #8201 );
#6379 = VERTEX_POINT( '', #8202 );
#6380 = CIRCLE( '', #8203, 0.00280000000000000 );
#6381 = LINE( '', #8204, #8205 );
#6382 = FILL_AREA_STYLE_COLOUR( '', #8206 );
#6383 = VERTEX_POINT( '', #8207 );
#6384 = CIRCLE( '', #8208, 0.00890000000000000 );
#6385 = VERTEX_POINT( '', #8209 );
#6386 = CIRCLE( '', #8210, 0.00890000000000000 );
#6387 = LINE( '', #8211, #8212 );
#6388 = FILL_AREA_STYLE_COLOUR( '', #8213 );
#6389 = VERTEX_POINT( '', #8214 );
#6390 = CIRCLE( '', #8215, 0.000200000000000000 );
#6391 = VERTEX_POINT( '', #8216 );
#6392 = CIRCLE( '', #8217, 0.00250000000000000 );
#6393 = VERTEX_POINT( '', #8218 );
#6394 = CIRCLE( '', #8219, 0.000200000000000000 );
#6395 = VERTEX_POINT( '', #8220 );
#6396 = CIRCLE( '', #8221, 0.00180000000000000 );
#6397 = VERTEX_POINT( '', #8222 );
#6398 = CIRCLE( '', #8223, 0.000200000000000000 );
#6399 = CIRCLE( '', #8224, 0.00250000000000000 );
#6400 = CIRCLE( '', #8225, 0.00180000000000000 );
#6401 = VERTEX_POINT( '', #8226 );
#6402 = CIRCLE( '', #8227, 0.000200000000000000 );
#6403 = CIRCLE( '', #8228, 0.00180000000000000 );
#6404 = CIRCLE( '', #8229, 0.000200000000000000 );
#6405 = VERTEX_POINT( '', #8230 );
#6406 = CIRCLE( '', #8231, 0.00105000000000000 );
#6407 = VERTEX_POINT( '', #8232 );
#6408 = CIRCLE( '', #8233, 0.00201000000000000 );
#6409 = VERTEX_POINT( '', #8234 );
#6410 = CIRCLE( '', #8235, 0.00201000000000000 );
#6411 = VERTEX_POINT( '', #8236 );
#6412 = CIRCLE( '', #8237, 0.00201000000000000 );
#6413 = FILL_AREA_STYLE_COLOUR( '', #8238 );
#6414 = VERTEX_POINT( '', #8239 );
#6415 = CIRCLE( '', #8240, 0.000300000000000000 );
#6416 = VERTEX_POINT( '', #8241 );
#6417 = LINE( '', #8242, #8243 );
#6418 = CIRCLE( '', #8244, 0.000300000000000000 );
#6419 = FILL_AREA_STYLE_COLOUR( '', #8245 );
#6420 = VERTEX_POINT( '', #8246 );
#6421 = VERTEX_POINT( '', #8247 );
#6422 = CIRCLE( '', #8248, 0.000500000000000000 );
#6423 = VERTEX_POINT( '', #8249 );
#6424 = LINE( '', #8250, #8251 );
#6425 = VERTEX_POINT( '', #8252 );
#6426 = CIRCLE( '', #8253, 0.000500000000000000 );
#6427 = LINE( '', #8254, #8255 );
#6428 = FILL_AREA_STYLE_COLOUR( '', #8256 );
#6429 = VERTEX_POINT( '', #8257 );
#6430 = VERTEX_POINT( '', #8258 );
#6431 = B_SPLINE_CURVE_WITH_KNOTS( '', 3, ( #8259, #8260, #8261, #8262, #8263 ), .UNSPECIFIED., .F., .F., ( 4, 1, 4 ), ( 0.00000000000000, 0.500000000000000, 1.00000000000000 ), .UNSPECIFIED. );
#6432 = VERTEX_POINT( '', #8264 );
#6433 = LINE( '', #8265, #8266 );
#6434 = VERTEX_POINT( '', #8267 );
#6435 = LINE( '', #8268, #8269 );
#6436 = LINE( '', #8270, #8271 );
#6437 = B_SPLINE_CURVE_WITH_KNOTS( '', 2, ( #8272, #8273, #8274, #8275, #8276 ), .UNSPECIFIED., .F., .F., ( 3, 2, 3 ), ( 0.00000000000000, 0.500000000000000, 1.00000000000000 ), .UNSPECIFIED. );
#6438 = VERTEX_POINT( '', #8277 );
#6439 = LINE( '', #8278, #8279 );
#6440 = LINE( '', #8280, #8281 );
#6441 = VERTEX_POINT( '', #8282 );
#6442 = B_SPLINE_CURVE_WITH_KNOTS( '', 2, ( #8283, #8284, #8285, #8286, #8287 ), .UNSPECIFIED., .F., .F., ( 3, 2, 3 ), ( 0.00000000000000, 0.500000000000000, 1.00000000000000 ), .UNSPECIFIED. );
#6443 = B_SPLINE_CURVE_WITH_KNOTS( '', 3, ( #8288, #8289, #8290, #8291, #8292 ), .UNSPECIFIED., .F., .F., ( 4, 1, 4 ), ( 0.00000000000000, 0.500000000000000, 1.00000000000000 ), .UNSPECIFIED. );
#6444 = FILL_AREA_STYLE_COLOUR( '', #8293 );
#6445 = VERTEX_POINT( '', #8294 );
#6446 = CIRCLE( '', #8295, 0.000300000000000000 );
#6447 = VERTEX_POINT( '', #8296 );
#6448 = B_SPLINE_CURVE_WITH_KNOTS( '', 3, ( #8297, #8298, #8299, #8300, #8301, #8302, #8303, #8304, #8305 ), .UNSPECIFIED., .F., .F., ( 4, 1, 1, 1, 1, 1, 4 ), ( 0.00000000000000, 0.0936728387670120, 0.271781949440321, 0.415289168050010, 0.530508881230458, 0.776519404678395, 1.00000000000000 ), .UNSPECIFIED. );
#6449 = LINE( '', #8306, #8307 );
#6450 = FILL_AREA_STYLE_COLOUR( '', #8308 );
#6451 = VERTEX_POINT( '', #8309 );
#6452 = CIRCLE( '', #8310, 0.00166358050000000 );
#6453 = FILL_AREA_STYLE_COLOUR( '', #8311 );
#6454 = CIRCLE( '', #8312, 0.000300000000000000 );
#6455 = FILL_AREA_STYLE_COLOUR( '', #8313 );
#6456 = VERTEX_POINT( '', #8314 );
#6457 = VERTEX_POINT( '', #8315 );
#6458 = CIRCLE( '', #8316, 0.00790000000000000 );
#6459 = LINE( '', #8317, #8318 );
#6460 = VERTEX_POINT( '', #8319 );
#6461 = LINE( '', #8320, #8321 );
#6462 = VERTEX_POINT( '', #8322 );
#6463 = CIRCLE( '', #8323, 0.00790000000000000 );
#6464 = LINE( '', #8324, #8325 );
#6465 = FILL_AREA_STYLE_COLOUR( '', #8326 );
#6466 = VERTEX_POINT( '', #8327 );
#6467 = CIRCLE( '', #8328, 0.00280000000000000 );
#6468 = VERTEX_POINT( '', #8329 );
#6469 = CIRCLE( '', #8330, 0.00280000000000000 );
#6470 = LINE( '', #8331, #8332 );
#6471 = LINE( '', #8333, #8334 );
#6472 = FILL_AREA_STYLE_COLOUR( '', #8335 );
#6473 = VERTEX_POINT( '', #8336 );
#6474 = CIRCLE( '', #8337, 0.000300000000000000 );
#6475 = VERTEX_POINT( '', #8338 );
#6476 = CIRCLE( '', #8339, 0.000300000000000000 );
#6477 = LINE( '', #8340, #8341 );
#6478 = FILL_AREA_STYLE_COLOUR( '', #8342 );
#6479 = VERTEX_POINT( '', #8343 );
#6480 = B_SPLINE_CURVE_WITH_KNOTS( '', 3, ( #8344, #8345, #8346, #8347, #8348 ), .UNSPECIFIED., .F., .F., ( 4, 1, 4 ), ( 0.00000000000000, 0.500000000000000, 1.00000000000000 ), .UNSPECIFIED. );
#6481 = LINE( '', #8349, #8350 );
#6482 = FILL_AREA_STYLE_COLOUR( '', #8351 );
#6483 = LINE( '', #8352, #8353 );
#6484 = FILL_AREA_STYLE_COLOUR( '', #8354 );
#6485 = B_SPLINE_CURVE_WITH_KNOTS( '', 3, ( #8355, #8356, #8357, #8358, #8359 ), .UNSPECIFIED., .F., .F., ( 4, 1, 4 ), ( 0.00000000000000, 0.500000000000000, 1.00000000000000 ), .UNSPECIFIED. );
#6486 = VERTEX_POINT( '', #8360 );
#6487 = LINE( '', #8361, #8362 );
#6488 = CIRCLE( '', #8363, 0.00250000000000000 );
#6489 = FILL_AREA_STYLE_COLOUR( '', #8364 );
#6490 = VERTEX_POINT( '', #8365 );
#6491 = B_SPLINE_CURVE_WITH_KNOTS( '', 3, ( #8366, #8367, #8368, #8369, #8370, #8371, #8372 ), .UNSPECIFIED., .F., .F., ( 4, 1, 1, 1, 4 ), ( 0.00000000000000, 0.250000000000000, 0.500000000000000, 0.750000000000000, 1.00000000000000 ), .UNSPECIFIED. );
#6492 = VERTEX_POINT( '', #8373 );
#6493 = B_SPLINE_CURVE_WITH_KNOTS( '', 3, ( #8374, #8375, #8376, #8377, #8378 ), .UNSPECIFIED., .F., .F., ( 4, 1, 4 ), ( 0.00000000000000, 0.500000000000000, 1.00000000000000 ), .UNSPECIFIED. );
#6494 = VERTEX_POINT( '', #8379 );
#6495 = LINE( '', #8380, #8381 );
#6496 = VERTEX_POINT( '', #8382 );
#6497 = CIRCLE( '', #8383, 0.00411219600000000 );
#6498 = VERTEX_POINT( '', #8384 );
#6499 = B_SPLINE_CURVE_WITH_KNOTS( '', 3, ( #8385, #8386, #8387, #8388, #8389, #8390 ), .UNSPECIFIED., .F., .F., ( 4, 1, 1, 4 ), ( 0.00000000000000, 0.333333333333300, 0.666666666666700, 1.00000000000000 ), .UNSPECIFIED. );
#6500 = LINE( '', #8391, #8392 );
#6501 = FILL_AREA_STYLE_COLOUR( '', #8393 );
#6502 = VERTEX_POINT( '', #8394 );
#6503 = CIRCLE( '', #8395, 0.00201000000000000 );
#6504 = FILL_AREA_STYLE_COLOUR( '', #8396 );
#6505 = VERTEX_POINT( '', #8397 );
#6506 = VERTEX_POINT( '', #8398 );
#6507 = CIRCLE( '', #8399, 0.000500000000000000 );
#6508 = VERTEX_POINT( '', #8400 );
#6509 = LINE( '', #8401, #8402 );
#6510 = VERTEX_POINT( '', #8403 );
#6511 = CIRCLE( '', #8404, 0.000500000000000000 );
#6512 = LINE( '', #8405, #8406 );
#6513 = FILL_AREA_STYLE_COLOUR( '', #8407 );
#6514 = VERTEX_POINT( '', #8408 );
#6515 = B_SPLINE_CURVE_WITH_KNOTS( '', 3, ( #8409, #8410, #8411, #8412, #8413, #8414, #8415, #8416, #8417, #8418 ), .UNSPECIFIED., .F., .F., ( 4, 1, 1, 1, 1, 1, 1, 4 ), ( 0.00000000000000, 0.110084960474561, 0.213010387010808, 0.307524518233185, 0.564916986622192, 0.780412081250026, 0.885346735546842, 1.00000000000000 ), .UNSPECIFIED. );
#6516 = VERTEX_POINT( '', #8419 );
#6517 = B_SPLINE_CURVE_WITH_KNOTS( '', 3, ( #8420, #8421, #8422, #8423, #8424, #8425, #8426, #8427, #8428, #8429 ), .UNSPECIFIED., .F., .F., ( 4, 1, 1, 1, 1, 1, 1, 4 ), ( 0.00000000000000, 0.140685564535349, 0.282079481886659, 0.424205965367028, 0.567073467865686, 0.710676033467235, 0.854994858299722, 1.00000000000000 ), .UNSPECIFIED. );
#6518 = CIRCLE( '', #8430, 0.000300000000000000 );
#6519 = FILL_AREA_STYLE_COLOUR( '', #8431 );
#6520 = VERTEX_POINT( '', #8432 );
#6521 = B_SPLINE_CURVE_WITH_KNOTS( '', 3, ( #8433, #8434, #8435, #8436, #8437, #8438, #8439, #8440, #8441 ), .UNSPECIFIED., .F., .F., ( 4, 1, 1, 1, 1, 1, 4 ), ( 0.00000000000000, 0.0936809918619074, 0.271781814252278, 0.415290351645185, 0.530508736587783, 0.776519372827158, 1.00000000000000 ), .UNSPECIFIED. );
#6522 = LINE( '', #8442, #8443 );
#6523 = FILL_AREA_STYLE_COLOUR( '', #8444 );
#6524 = VERTEX_POINT( '', #8445 );
#6525 = VERTEX_POINT( '', #8446 );
#6526 = CIRCLE( '', #8447, 0.000300000000000000 );
#6527 = VERTEX_POINT( '', #8448 );
#6528 = B_SPLINE_CURVE_WITH_KNOTS( '', 3, ( #8449, #8450, #8451, #8452, #8453, #8454, #8455, #8456, #8457 ), .UNSPECIFIED., .F., .F., ( 4, 1, 1, 1, 1, 1, 4 ), ( 0.00000000000000, 0.169122251439771, 0.337296965088887, 0.504480765958754, 0.670652017261994, 0.835814393110843, 1.00000000000000 ), .UNSPECIFIED. );
#6529 = VERTEX_POINT( '', #8458 );
#6530 = B_SPLINE_CURVE_WITH_KNOTS( '', 3, ( #8459, #8460, #8461, #8462, #8463, #8464, #8465, #8466, #8467, #8468, #8469 ), .UNSPECIFIED., .F., .F., ( 4, 1, 1, 1, 1, 1, 1, 1, 4 ), ( 0.00000000000000, 0.0908813250295128, 0.176844608185977, 0.257636380967509, 0.333157474051557, 0.582067006743107, 0.792420584343030, 0.891455958545868, 1.00000000000000 ), .UNSPECIFIED. );
#6531 = B_SPLINE_CURVE_WITH_KNOTS( '', 3, ( #8470, #8471, #8472, #8473, #8474, #8475, #8476 ), .UNSPECIFIED., .F., .F., ( 4, 1, 1, 1, 4 ), ( 0.00000000000000, 0.250000000000000, 0.500000000000000, 0.750000000000000, 1.00000000000000 ), .UNSPECIFIED. );
#6532 = FILL_AREA_STYLE_COLOUR( '', #8477 );
#6533 = VERTEX_POINT( '', #8478 );
#6534 = VERTEX_POINT( '', #8479 );
#6535 = CIRCLE( '', #8480, 0.00350000000000000 );
#6536 = VERTEX_POINT( '', #8481 );
#6537 = LINE( '', #8482, #8483 );
#6538 = VERTEX_POINT( '', #8484 );
#6539 = CIRCLE( '', #8485, 0.00350000000000000 );
#6540 = LINE( '', #8486, #8487 );
#6541 = FILL_AREA_STYLE_COLOUR( '', #8488 );
#6542 = VERTEX_POINT( '', #8489 );
#6543 = VERTEX_POINT( '', #8490 );
#6544 = CIRCLE( '', #8491, 0.000300000000000000 );
#6545 = VERTEX_POINT( '', #8492 );
#6546 = LINE( '', #8493, #8494 );
#6547 = VERTEX_POINT( '', #8495 );
#6548 = CIRCLE( '', #8496, 0.000300000000000000 );
#6549 = LINE( '', #8497, #8498 );
#6550 = FILL_AREA_STYLE_COLOUR( '', #8499 );
#6551 = VERTEX_POINT( '', #8500 );
#6552 = B_SPLINE_CURVE_WITH_KNOTS( '', 3, ( #8501, #8502, #8503, #8504, #8505, #8506, #8507, #8508, #8509, #8510, #8511, #8512, #8513, #8514 ), .UNSPECIFIED., .F., .F., ( 4, 1, 1, 1, 1, 1, 1, 1, 1, 1, 1, 4 ), ( 0.00000000000000, 0.0909090909090900, 0.181818181818200, 0.272727272727300, 0.363636363636400, 0.454545454545500, 0.545454545454500, 0.636363636363600, 0.727272727272700, 0.818181818181800, 0.909090909090900, 1.00000000000000 ), .UNSPECIFIED. );
#6553 = VERTEX_POINT( '', #8515 );
#6554 = B_SPLINE_CURVE_WITH_KNOTS( '', 3, ( #8516, #8517, #8518, #8519, #8520, #8521, #8522 ), .UNSPECIFIED., .F., .F., ( 4, 1, 1, 1, 4 ), ( 0.00000000000000, 0.250000000000000, 0.500000000000000, 0.750000000000000, 1.00000000000000 ), .UNSPECIFIED. );
#6555 = VERTEX_POINT( '', #8523 );
#6556 = B_SPLINE_CURVE_WITH_KNOTS( '', 3, ( #8524, #8525, #8526, #8527, #8528 ), .UNSPECIFIED., .F., .F., ( 4, 1, 4 ), ( 0.00000000000000, 0.500000000000000, 1.00000000000000 ), .UNSPECIFIED. );
#6557 = VERTEX_POINT( '', #8529 );
#6558 = LINE( '', #8530, #8531 );
#6559 = VERTEX_POINT( '', #8532 );
#6560 = CIRCLE( '', #8533, 0.00411219600000000 );
#6561 = B_SPLINE_CURVE_WITH_KNOTS( '', 3, ( #8534, #8535, #8536, #8537, #8538, #8539, #8540 ), .UNSPECIFIED., .F., .F., ( 4, 1, 1, 1, 4 ), ( 0.00000000000000, 0.250000000000000, 0.500000000000000, 0.750000000000000, 1.00000000000000 ), .UNSPECIFIED. );
#6562 = FILL_AREA_STYLE_COLOUR( '', #8541 );
#6563 = VERTEX_POINT( '', #8542 );
#6564 = B_SPLINE_CURVE_WITH_KNOTS( '', 3, ( #8543, #8544, #8545, #8546, #8547, #8548, #8549, #8550, #8551, #8552 ), .UNSPECIFIED., .F., .F., ( 4, 1, 1, 1, 1, 1, 1, 4 ), ( 0.00000000000000, 0.0846213381411938, 0.169324000126733, 0.254109739609522, 0.372709034202349, 0.507246855008044, 0.726309761938372, 1.00000000000000 ), .UNSPECIFIED. );
#6565 = VERTEX_POINT( '', #8553 );
#6566 = B_SPLINE_CURVE_WITH_KNOTS( '', 3, ( #8554, #8555, #8556, #8557, #8558, #8559, #8560, #8561, #8562, #8563, #8564 ), .UNSPECIFIED., .F., .F., ( 4, 1, 1, 1, 1, 1, 1, 1, 4 ), ( 0.00000000000000, 0.120056114794737, 0.240240665071297, 0.361220951455903, 0.483651227391292, 0.608162853280319, 0.735356159952852, 0.865794416645732, 1.00000000000000 ), .UNSPECIFIED. );
#6567 = CIRCLE( '', #8565, 0.00992566020000000 );
#6568 = FILL_AREA_STYLE_COLOUR( '', #8566 );
#6569 = VERTEX_POINT( '', #8567 );
#6570 = CIRCLE( '', #8568, 0.000300000000000000 );
#6571 = CIRCLE( '', #8569, 0.00890000000000000 );
#6572 = LINE( '', #8570, #8571 );
#6573 = CIRCLE( '', #8572, 0.00350000000000000 );
#6574 = FILL_AREA_STYLE_COLOUR( '', #8573 );
#6575 = B_SPLINE_CURVE_WITH_KNOTS( '', 3, ( #8574, #8575, #8576, #8577, #8578, #8579, #8580, #8581, #8582, #8583, #8584, #8585, #8586, #8587 ), .UNSPECIFIED., .F., .F., ( 4, 1, 1, 1, 1, 1, 1, 1, 1, 1, 1, 4 ), ( 0.00000000000000, 0.0909090909090900, 0.181818181818200, 0.272727272727300, 0.363636363636400, 0.454545454545500, 0.545454545454500, 0.636363636363600, 0.727272727272700, 0.818181818181800, 0.909090909090900, 1.00000000000000 ), .UNSPECIFIED. );
#6576 = CIRCLE( '', #8588, 0.000300000000000000 );
#6577 = FILL_AREA_STYLE_COLOUR( '', #8589 );
#6578 = VERTEX_POINT( '', #8590 );
#6579 = VERTEX_POINT( '', #8591 );
#6580 = CIRCLE( '', #8592, 0.00350000000000000 );
#6581 = VERTEX_POINT( '', #8593 );
#6582 = LINE( '', #8594, #8595 );
#6583 = VERTEX_POINT( '', #8596 );
#6584 = CIRCLE( '', #8597, 0.00350000000000000 );
#6585 = LINE( '', #8598, #8599 );
#6586 = FILL_AREA_STYLE_COLOUR( '', #8600 );
#6587 = VERTEX_POINT( '', #8601 );
#6588 = CIRCLE( '', #8602, 0.00446369930000000 );
#6589 = VERTEX_POINT( '', #8603 );
#6590 = CIRCLE( '', #8604, 0.00411219600000000 );
#6591 = CIRCLE( '', #8605, 0.00465319300000000 );
#6592 = FILL_AREA_STYLE_COLOUR( '', #8606 );
#6593 = VERTEX_POINT( '', #8607 );
#6594 = VERTEX_POINT( '', #8608 );
#6595 = CIRCLE( '', #8609, 0.000300000000000000 );
#6596 = VERTEX_POINT( '', #8610 );
#6597 = LINE( '', #8611, #8612 );
#6598 = VERTEX_POINT( '', #8613 );
#6599 = CIRCLE( '', #8614, 0.000300000000000000 );
#6600 = LINE( '', #8615, #8616 );
#6601 = FILL_AREA_STYLE_COLOUR( '', #8617 );
#6602 = CIRCLE( '', #8618, 0.000300000000000000 );
#6603 = CIRCLE( '', #8619, 0.000300000000000000 );
#6604 = CIRCLE( '', #8620, 0.000300000000000000 );
#6605 = FILL_AREA_STYLE_COLOUR( '', #8621 );
#6606 = VERTEX_POINT( '', #8622 );
#6607 = LINE( '', #8623, #8624 );
#6608 = VERTEX_POINT( '', #8625 );
#6609 = LINE( '', #8626, #8627 );
#6610 = LINE( '', #8628, #8629 );
#6611 = FILL_AREA_STYLE_COLOUR( '', #8630 );
#6612 = VERTEX_POINT( '', #8631 );
#6613 = CIRCLE( '', #8632, 0.000500000000000000 );
#6614 = LINE( '', #8633, #8634 );
#6615 = FILL_AREA_STYLE_COLOUR( '', #8635 );
#6616 = VERTEX_POINT( '', #8636 );
#6617 = VERTEX_POINT( '', #8637 );
#6618 = B_SPLINE_CURVE_WITH_KNOTS( '', 3, ( #8638, #8639, #8640, #8641, #8642, #8643 ), .UNSPECIFIED., .F., .F., ( 4, 1, 1, 4 ), ( 0.00000000000000, 0.300849211850406, 0.634161931841440, 1.00000000000000 ), .UNSPECIFIED. );
#6619 = B_SPLINE_CURVE_WITH_KNOTS( '', 1, ( #8644, #8645 ), .UNSPECIFIED., .F., .F., ( 2, 2 ), ( 0.00000000000000, 1.00000000000000 ), .UNSPECIFIED. );
#6620 = VERTEX_POINT( '', #8646 );
#6621 = LINE( '', #8647, #8648 );
#6622 = LINE( '', #8649, #8650 );
#6623 = FILL_AREA_STYLE_COLOUR( '', #8651 );
#6624 = VERTEX_POINT( '', #8652 );
#6625 = VERTEX_POINT( '', #8653 );
#6626 = CIRCLE( '', #8654, 0.00666250160000000 );
#6627 = LINE( '', #8655, #8656 );
#6628 = VERTEX_POINT( '', #8657 );
#6629 = LINE( '', #8658, #8659 );
#6630 = CIRCLE( '', #8660, 0.000300000000000000 );
#6631 = VERTEX_POINT( '', #8661 );
#6632 = LINE( '', #8662, #8663 );
#6633 = VERTEX_POINT( '', #8664 );
#6634 = CIRCLE( '', #8665, 0.00790000000000000 );
#6635 = VERTEX_POINT( '', #8666 );
#6636 = CIRCLE( '', #8667, 0.000500000000000000 );
#6637 = LINE( '', #8668, #8669 );
#6638 = FILL_AREA_STYLE_COLOUR( '', #8670 );
#6639 = B_SPLINE_CURVE_WITH_KNOTS( '', 3, ( #8671, #8672, #8673, #8674, #8675, #8676, #8677, #8678, #8679, #8680 ), .UNSPECIFIED., .F., .F., ( 4, 1, 1, 1, 1, 1, 1, 4 ), ( 0.00000000000000, 0.140685564530308, 0.282079481878289, 0.424205965357022, 0.567073467855729, 0.710676033458981, 0.854994858294797, 1.00000000000000 ), .UNSPECIFIED. );
#6640 = CIRCLE( '', #8681, 0.000300000000000000 );
#6641 = FILL_AREA_STYLE_COLOUR( '', #8682 );
#6642 = VERTEX_POINT( '', #8683 );
#6643 = CIRCLE( '', #8684, 0.00205000000000000 );
#6644 = VERTEX_POINT( '', #8685 );
#6645 = LINE( '', #8686, #8687 );
#6646 = CIRCLE( '', #8688, 0.00205000000000000 );
#6647 = FILL_AREA_STYLE_COLOUR( '', #8689 );
#6648 = VERTEX_POINT( '', #8690 );
#6649 = VERTEX_POINT( '', #8691 );
#6650 = LINE( '', #8692, #8693 );
#6651 = LINE( '', #8694, #8695 );
#6652 = LINE( '', #8696, #8697 );
#6653 = FILL_AREA_STYLE_COLOUR( '', #8698 );
#6654 = CIRCLE( '', #8699, 0.00890000000000000 );
#6655 = CIRCLE( '', #8700, 0.00890000000000000 );
#6656 = FILL_AREA_STYLE_COLOUR( '', #8701 );
#6657 = VERTEX_POINT( '', #8702 );
#6658 = CIRCLE( '', #8703, 0.000300000000000000 );
#6659 = LINE( '', #8704, #8705 );
#6660 = VERTEX_POINT( '', #8706 );
#6661 = CIRCLE( '', #8707, 0.00205000000000000 );
#6662 = CIRCLE( '', #8708, 0.000300000000000000 );
#6663 = FILL_AREA_STYLE_COLOUR( '', #8709 );
#6664 = VERTEX_POINT( '', #8710 );
#6665 = CIRCLE( '', #8711, 0.00205000000000000 );
#6666 = LINE( '', #8712, #8713 );
#6667 = FILL_AREA_STYLE_COLOUR( '', #8714 );
#6668 = VERTEX_POINT( '', #8715 );
#6669 = CIRCLE( '', #8716, 0.000300000000000000 );
#6670 = LINE( '', #8717, #8718 );
#6671 = FILL_AREA_STYLE_COLOUR( '', #8719 );
#6672 = CIRCLE( '', #8720, 0.00992566020000000 );
#6673 = FILL_AREA_STYLE_COLOUR( '', #8721 );
#6674 = CIRCLE( '', #8722, 0.000500000000000000 );
#6675 = FILL_AREA_STYLE_COLOUR( '', #8723 );
#6676 = VERTEX_POINT( '', #8724 );
#6677 = B_SPLINE_CURVE_WITH_KNOTS( '', 3, ( #8725, #8726, #8727, #8728, #8729, #8730, #8731 ), .UNSPECIFIED., .F., .F., ( 4, 1, 1, 1, 4 ), ( 0.00000000000000, 0.222540054693563, 0.468426565957080, 0.721724780935075, 1.00000000000000 ), .UNSPECIFIED. );
#6678 = VERTEX_POINT( '', #8732 );
#6679 = B_SPLINE_CURVE_WITH_KNOTS( '', 3, ( #8733, #8734, #8735, #8736, #8737, #8738, #8739 ), .UNSPECIFIED., .F., .F., ( 4, 1, 1, 1, 4 ), ( 0.00000000000000, 0.277345907467415, 0.529896000393147, 0.776697033386923, 1.00000000000000 ), .UNSPECIFIED. );
#6680 = CIRCLE( '', #8740, 0.00456250160000000 );
#6681 = FILL_AREA_STYLE_COLOUR( '', #8741 );
#6682 = B_SPLINE_CURVE_WITH_KNOTS( '', 3, ( #8742, #8743, #8744, #8745, #8746, #8747, #8748, #8749, #8750, #8751, #8752, #8753, #8754, #8755, #8756, #8757, #8758, #8759 ), .UNSPECIFIED., .F., .F., ( 4, 1, 1, 1, 1, 1, 1, 1, 1, 1, 1, 1, 1, 1, 1, 4 ), ( 0.00000000000000, 0.0666666666666700, 0.133333333333300, 0.200000000000000, 0.266666666666700, 0.333333333333300, 0.400000000000000, 0.466666666666700, 0.533333333333300, 0.600000000000000, 0.666666666666700, 0.733333333333300, 0.800000000000000, 0.866666666666700, 0.933333333333300, 1.00000000000000 ), .UNSPECIFIED. );
#6683 = B_SPLINE_CURVE_WITH_KNOTS( '', 3, ( #8760, #8761, #8762, #8763, #8764, #8765, #8766, #8767, #8768, #8769, #8770, #8771, #8772, #8773, #8774, #8775, #8776, #8777 ), .UNSPECIFIED., .F., .F., ( 4, 1, 1, 1, 1, 1, 1, 1, 1, 1, 1, 1, 1, 1, 1, 4 ), ( 0.00000000000000, 0.0666666666666700, 0.133333333333300, 0.200000000000000, 0.266666666666700, 0.333333333333300, 0.400000000000000, 0.466666666666700, 0.533333333333300, 0.600000000000000, 0.666666666666700, 0.733333333333300, 0.800000000000000, 0.866666666666700, 0.933333333333300, 1.00000000000000 ), .UNSPECIFIED. );
#6684 = FILL_AREA_STYLE_COLOUR( '', #8778 );
#6685 = CIRCLE( '', #8779, 0.00280000000000000 );
#6686 = B_SPLINE_CURVE_WITH_KNOTS( '', 3, ( #8780, #8781, #8782, #8783, #8784, #8785, #8786, #8787, #8788, #8789, #8790, #8791 ), .UNSPECIFIED., .F., .F., ( 4, 1, 1, 1, 1, 1, 1, 1, 1, 4 ), ( 0.00000000000000, 0.111111111111100, 0.222222222222200, 0.333333333333300, 0.444444444444400, 0.555555555555600, 0.666666666666700, 0.777777777777800, 0.888888888888900, 1.00000000000000 ), .UNSPECIFIED. );
#6687 = FILL_AREA_STYLE_COLOUR( '', #8792 );
#6688 = VERTEX_POINT( '', #8793 );
#6689 = CIRCLE( '', #8794, 0.00456250790000000 );
#6690 = VERTEX_POINT( '', #8795 );
#6691 = B_SPLINE_CURVE_WITH_KNOTS( '', 1, ( #8796, #8797 ), .UNSPECIFIED., .F., .F., ( 2, 2 ), ( 0.00000000000000, 1.00000000000000 ), .UNSPECIFIED. );
#6692 = VERTEX_POINT( '', #8798 );
#6693 = CIRCLE( '', #8799, 0.000500000000000000 );
#6694 = VERTEX_POINT( '', #8800 );
#6695 = B_SPLINE_CURVE_WITH_KNOTS( '', 1, ( #8801, #8802 ), .UNSPECIFIED., .F., .F., ( 2, 2 ), ( 0.00000000000000, 1.00000000000000 ), .UNSPECIFIED. );
#6696 = VERTEX_POINT( '', #8803 );
#6697 = CIRCLE( '', #8804, 0.00456249560000000 );
#6698 = B_SPLINE_CURVE_WITH_KNOTS( '', 1, ( #8805, #8806 ), .UNSPECIFIED., .F., .F., ( 2, 2 ), ( 0.00000000000000, 1.00000000000000 ), .UNSPECIFIED. );
#6699 = VERTEX_POINT( '', #8807 );
#6700 = B_SPLINE_CURVE_WITH_KNOTS( '', 1, ( #8808, #8809 ), .UNSPECIFIED., .F., .F., ( 2, 2 ), ( 0.00000000000000, 1.00000000000000 ), .UNSPECIFIED. );
#6701 = VERTEX_POINT( '', #8810 );
#6702 = CIRCLE( '', #8811, 0.00456250520000000 );
#6703 = B_SPLINE_CURVE_WITH_KNOTS( '', 1, ( #8812, #8813 ), .UNSPECIFIED., .F., .F., ( 2, 2 ), ( 0.00000000000000, 1.00000000000000 ), .UNSPECIFIED. );
#6704 = B_SPLINE_CURVE_WITH_KNOTS( '', 1, ( #8814, #8815 ), .UNSPECIFIED., .F., .F., ( 2, 2 ), ( 0.00000000000000, 1.00000000000000 ), .UNSPECIFIED. );
#6705 = B_SPLINE_CURVE_WITH_KNOTS( '', 1, ( #8816, #8817 ), .UNSPECIFIED., .F., .F., ( 2, 2 ), ( 0.00000000000000, 1.00000000000000 ), .UNSPECIFIED. );
#6706 = FILL_AREA_STYLE_COLOUR( '', #8818 );
#6707 = B_SPLINE_CURVE_WITH_KNOTS( '', 3, ( #8819, #8820, #8821, #8822, #8823, #8824 ), .UNSPECIFIED., .F., .F., ( 4, 1, 1, 4 ), ( 0.00000000000000, 0.333333333333300, 0.666666666666700, 1.00000000000000 ), .UNSPECIFIED. );
#6708 = B_SPLINE_CURVE_WITH_KNOTS( '', 3, ( #8825, #8826, #8827, #8828, #8829, #8830, #8831 ), .UNSPECIFIED., .F., .F., ( 4, 1, 1, 1, 4 ), ( 0.00000000000000, 0.277340665664802, 0.529887100184219, 0.776716961187668, 1.00000000000000 ), .UNSPECIFIED. );
#6709 = FILL_AREA_STYLE_COLOUR( '', #8832 );
#6710 = VERTEX_POINT( '', #8833 );
#6711 = CIRCLE( '', #8834, 0.00411219600000000 );
#6712 = CIRCLE( '', #8835, 0.00446369930000000 );
#6713 = FILL_AREA_STYLE_COLOUR( '', #8836 );
#6714 = B_SPLINE_CURVE_WITH_KNOTS( '', 3, ( #8837, #8838, #8839, #8840, #8841, #8842, #8843, #8844, #8845, #8846, #8847 ), .UNSPECIFIED., .F., .F., ( 4, 1, 1, 1, 1, 1, 1, 1, 4 ), ( 0.00000000000000, 0.0908813250970360, 0.176844608336314, 0.257636381217218, 0.333157474417264, 0.582067006558816, 0.792420584377169, 0.891455958571095, 1.00000000000000 ), .UNSPECIFIED. );
#6715 = FILL_AREA_STYLE_COLOUR( '', #8848 );
#6716 = LINE( '', #8849, #8850 );
#6717 = FILL_AREA_STYLE_COLOUR( '', #8851 );
#6718 = VERTEX_POINT( '', #8852 );
#6719 = CIRCLE( '', #8853, 0.000300000000000000 );
#6720 = VERTEX_POINT( '', #8854 );
#6721 = CIRCLE( '', #8855, 0.000300000000000000 );
#6722 = LINE( '', #8856, #8857 );
#6723 = FILL_AREA_STYLE_COLOUR( '', #8858 );
#6724 = B_SPLINE_CURVE_WITH_KNOTS( '', 2, ( #8859, #8860, #8861, #8862, #8863 ), .UNSPECIFIED., .F., .F., ( 3, 2, 3 ), ( 0.00000000000000, 0.500000000000000, 1.00000000000000 ), .UNSPECIFIED. );
#6725 = FILL_AREA_STYLE_COLOUR( '', #8864 );
#6726 = VERTEX_POINT( '', #8865 );
#6727 = LINE( '', #8866, #8867 );
#6728 = LINE( '', #8868, #8869 );
#6729 = FILL_AREA_STYLE_COLOUR( '', #8870 );
#6730 = CIRCLE( '', #8871, 0.00446369930000000 );
#6731 = CIRCLE( '', #8872, 0.00446369930000000 );
#6732 = FILL_AREA_STYLE_COLOUR( '', #8873 );
#6733 = VERTEX_POINT( '', #8874 );
#6734 = CIRCLE( '', #8875, 0.000500000000000000 );
#6735 = B_SPLINE_CURVE_WITH_KNOTS( '', 3, ( #8876, #8877, #8878, #8879, #8880, #8881, #8882, #8883, #8884, #8885, #8886, #8887 ), .UNSPECIFIED., .F., .F., ( 4, 1, 1, 1, 1, 1, 1, 1, 1, 4 ), ( 0.00000000000000, 0.0966939953558029, 0.194839423559793, 0.295232193942289, 0.430147594922372, 0.563941173658958, 0.682784136052127, 0.798103753854072, 0.901284532835196, 1.00000000000000 ), .UNSPECIFIED. );
#6736 = CIRCLE( '', #8888, 0.000500000000000000 );
#6737 = FILL_AREA_STYLE_COLOUR( '', #8889 );
#6738 = FILL_AREA_STYLE_COLOUR( '', #8890 );
#6739 = FILL_AREA_STYLE_COLOUR( '', #8891 );
#6740 = B_SPLINE_CURVE_WITH_KNOTS( '', 3, ( #8892, #8893, #8894, #8895, #8896, #8897, #8898 ), .UNSPECIFIED., .F., .F., ( 4, 1, 1, 1, 4 ), ( 0.00000000000000, 0.250000000000000, 0.500000000000000, 0.750000000000000, 1.00000000000000 ), .UNSPECIFIED. );
#6741 = VERTEX_POINT( '', #8899 );
#6742 = LINE( '', #8900, #8901 );
#6743 = B_SPLINE_CURVE_WITH_KNOTS( '', 3, ( #8902, #8903, #8904, #8905, #8906 ), .UNSPECIFIED., .F., .F., ( 4, 1, 4 ), ( 0.00000000000000, 0.500000000000000, 1.00000000000000 ), .UNSPECIFIED. );
#6744 = LINE( '', #8907, #8908 );
#6745 = FILL_AREA_STYLE_COLOUR( '', #8909 );
#6746 = VERTEX_POINT( '', #8910 );
#6747 = B_SPLINE_CURVE_WITH_KNOTS( '', 3, ( #8911, #8912, #8913, #8914, #8915 ), .UNSPECIFIED., .F., .F., ( 4, 1, 4 ), ( 0.00000000000000, 0.500000000000000, 1.00000000000000 ), .UNSPECIFIED. );
#6748 = LINE( '', #8916, #8917 );
#6749 = LINE( '', #8918, #8919 );
#6750 = FILL_AREA_STYLE_COLOUR( '', #8920 );
#6751 = B_SPLINE_CURVE_WITH_KNOTS( '', 3, ( #8921, #8922, #8923, #8924, #8925, #8926, #8927, #8928, #8929, #8930, #8931, #8932, #8933 ), .UNSPECIFIED., .F., .F., ( 4, 1, 1, 1, 1, 1, 1, 1, 1, 1, 4 ), ( 0.00000000000000, 0.0989778409790704, 0.191555920308242, 0.277749122139024, 0.357577430436051, 0.431067563547691, 0.498255358435721, 0.619357413589574, 0.748967257808163, 0.874328569749770, 1.00000000000000 ), .UNSPECIFIED. );
#6752 = FILL_AREA_STYLE_COLOUR( '', #8934 );
#6753 = B_SPLINE_CURVE_WITH_KNOTS( '', 3, ( #8935, #8936, #8937, #8938, #8939, #8940, #8941, #8942, #8943, #8944, #8945 ), .UNSPECIFIED., .F., .F., ( 4, 1, 1, 1, 1, 1, 1, 1, 4 ), ( 0.00000000000000, 0.0908813250050911, 0.176844608178813, 0.257636381027368, 0.333157474234033, 0.582067006320232, 0.792420584238703, 0.891455958515163, 1.00000000000000 ), .UNSPECIFIED. );
#6754 = FILL_AREA_STYLE_COLOUR( '', #8946 );
#6755 = CIRCLE( '', #8947, 0.000300000000000000 );
#6756 = CIRCLE( '', #8948, 0.000300000000000000 );
#6757 = FILL_AREA_STYLE_COLOUR( '', #8949 );
#6758 = CIRCLE( '', #8950, 0.00300000000000000 );
#6759 = CIRCLE( '', #8951, 0.00300000000000000 );
#6760 = CIRCLE( '', #8952, 0.00300000000000000 );
#6761 = VERTEX_POINT( '', #8953 );
#6762 = CIRCLE( '', #8954, 0.00250000000000000 );
#6763 = VERTEX_POINT( '', #8955 );
#6764 = CIRCLE( '', #8956, 0.00250000000000000 );
#6765 = VERTEX_POINT( '', #8957 );
#6766 = CIRCLE( '', #8958, 0.00105000000000000 );
#6767 = VERTEX_POINT( '', #8959 );
#6768 = CIRCLE( '', #8960, 0.00105000000000000 );
#6769 = CIRCLE( '', #8961, 0.000300000000000000 );
#6770 = VERTEX_POINT( '', #8962 );
#6771 = CIRCLE( '', #8963, 0.00205000000000000 );
#6772 = CIRCLE( '', #8964, 0.000300000000000000 );
#6773 = VERTEX_POINT( '', #8965 );
#6774 = LINE( '', #8966, #8967 );
#6775 = CIRCLE( '', #8968, 0.000300000000000000 );
#6776 = CIRCLE( '', #8969, 0.000300000000000000 );
#6777 = CIRCLE( '', #8970, 0.000300000000000000 );
#6778 = CIRCLE( '', #8971, 0.000300000000000000 );
#6779 = CIRCLE( '', #8972, 0.000300000000000000 );
#6780 = VERTEX_POINT( '', #8973 );
#6781 = LINE( '', #8974, #8975 );
#6782 = CIRCLE( '', #8976, 0.000300000000000000 );
#6783 = VERTEX_POINT( '', #8977 );
#6784 = CIRCLE( '', #8978, 0.000300000000000000 );
#6785 = CIRCLE( '', #8979, 0.00205000000000000 );
#6786 = LINE( '', #8980, #8981 );
#6787 = CIRCLE( '', #8982, 0.00890000000000000 );
#6788 = CIRCLE( '', #8983, 0.00350000000000000 );
#6789 = VERTEX_POINT( '', #8984 );
#6790 = CIRCLE( '', #8985, 0.000500000000000000 );
#6791 = LINE( '', #8986, #8987 );
#6792 = VERTEX_POINT( '', #8988 );
#6793 = LINE( '', #8989, #8990 );
#6794 = VERTEX_POINT( '', #8991 );
#6795 = CIRCLE( '', #8992, 0.000500000000000000 );
#6796 = VERTEX_POINT( '', #8993 );
#6797 = CIRCLE( '', #8994, 0.00790000000000000 );
#6798 = CIRCLE( '', #8995, 0.000500000000000000 );
#6799 = LINE( '', #8996, #8997 );
#6800 = LINE( '', #8998, #8999 );
#6801 = VERTEX_POINT( '', #9000 );
#6802 = CIRCLE( '', #9001, 0.000500000000000000 );
#6803 = CIRCLE( '', #9002, 0.00280000000000000 );
#6804 = LINE( '', #9003, #9004 );
#6805 = LINE( '', #9005, #9006 );
#6806 = FILL_AREA_STYLE_COLOUR( '', #9007 );
#6807 = VERTEX_POINT( '', #9008 );
#6808 = LINE( '', #9009, #9010 );
#6809 = CIRCLE( '', #9011, 0.000300000000000000 );
#6810 = FILL_AREA_STYLE_COLOUR( '', #9012 );
#6811 = LINE( '', #9013, #9014 );
#6812 = FILL_AREA_STYLE_COLOUR( '', #9015 );
#6813 = FILL_AREA_STYLE_COLOUR( '', #9016 );
#6814 = LINE( '', #9017, #9018 );
#6815 = FILL_AREA_STYLE_COLOUR( '', #9019 );
#6816 = VERTEX_POINT( '', #9020 );
#6817 = CIRCLE( '', #9021, 0.00180000000000000 );
#6818 = LINE( '', #9022, #9023 );
#6819 = FILL_AREA_STYLE_COLOUR( '', #9024 );
#6820 = FILL_AREA_STYLE_COLOUR( '', #9025 );
#6821 = VERTEX_POINT( '', #9026 );
#6822 = CIRCLE( '', #9027, 0.00105000000000000 );
#6823 = FILL_AREA_STYLE_COLOUR( '', #9028 );
#6824 = VERTEX_POINT( '', #9029 );
#6825 = LINE( '', #9030, #9031 );
#6826 = CIRCLE( '', #9032, 0.000300000000000000 );
#6827 = FILL_AREA_STYLE_COLOUR( '', #9033 );
#6828 = FILL_AREA_STYLE_COLOUR( '', #9034 );
#6829 = B_SPLINE_CURVE_WITH_KNOTS( '', 3, ( #9035, #9036, #9037, #9038, #9039, #9040, #9041, #9042, #9043, #9044 ), .UNSPECIFIED., .F., .F., ( 4, 1, 1, 1, 1, 1, 1, 4 ), ( 0.00000000000000, 0.110084960473721, 0.213010387009939, 0.307524518233180, 0.564916986622189, 0.780412081250040, 0.885346735549787, 1.00000000000000 ), .UNSPECIFIED. );
#6830 = CIRCLE( '', #9045, 0.000300000000000000 );
#6831 = FILL_AREA_STYLE_COLOUR( '', #9046 );
#6832 = FILL_AREA_STYLE_COLOUR( '', #9047 );
#6833 = FILL_AREA_STYLE_COLOUR( '', #9048 );
#6834 = FILL_AREA_STYLE_COLOUR( '', #9049 );
#6835 = VERTEX_POINT( '', #9050 );
#6836 = CIRCLE( '', #9051, 0.000300000000000000 );
#6837 = LINE( '', #9052, #9053 );
#6838 = FILL_AREA_STYLE_COLOUR( '', #9054 );
#6839 = FILL_AREA_STYLE_COLOUR( '', #9055 );
#6840 = CIRCLE( '', #9056, 0.000200000000000000 );
#6841 = FILL_AREA_STYLE_COLOUR( '', #9057 );
#6842 = FILL_AREA_STYLE_COLOUR( '', #9058 );
#6843 = VERTEX_POINT( '', #9059 );
#6844 = CIRCLE( '', #9060, 0.000200000000000000 );
#6845 = VERTEX_POINT( '', #9061 );
#6846 = LINE( '', #9062, #9063 );
#6847 = CIRCLE( '', #9064, 0.000200000000000000 );
#6848 = FILL_AREA_STYLE_COLOUR( '', #9065 );
#6849 = VERTEX_POINT( '', #9066 );
#6850 = CIRCLE( '', #9067, 0.00205000000000000 );
#6851 = LINE( '', #9068, #9069 );
#6852 = FILL_AREA_STYLE_COLOUR( '', #9070 );
#6853 = VERTEX_POINT( '', #9071 );
#6854 = B_SPLINE_CURVE_WITH_KNOTS( '', 3, ( #9072, #9073, #9074, #9075, #9076, #9077, #9078, #9079, #9080, #9081, #9082, #9083 ), .UNSPECIFIED., .F., .F., ( 4, 1, 1, 1, 1, 1, 1, 1, 1, 4 ), ( 0.00000000000000, 0.111111111111100, 0.222222222222200, 0.333333333333300, 0.444444444444400, 0.555555555555600, 0.666666666666700, 0.777777777777800, 0.888888888888900, 1.00000000000000 ), .UNSPECIFIED. );
#6855 = LINE( '', #9084, #9085 );
#6856 = FILL_AREA_STYLE_COLOUR( '', #9086 );
#6857 = B_SPLINE_CURVE_WITH_KNOTS( '', 3, ( #9087, #9088, #9089, #9090, #9091, #9092, #9093, #9094, #9095, #9096, #9097 ), .UNSPECIFIED., .F., .F., ( 4, 1, 1, 1, 1, 1, 1, 1, 4 ), ( 0.00000000000000, 0.0757981269706742, 0.152565109817916, 0.229798753951709, 0.345761947633529, 0.470039650063360, 0.727002596196922, 0.914821852964770, 1.00000000000000 ), .UNSPECIFIED. );
#6858 = B_SPLINE_CURVE_WITH_KNOTS( '', 3, ( #9098, #9099, #9100, #9101, #9102, #9103, #9104, #9105, #9106, #9107 ), .UNSPECIFIED., .F., .F., ( 4, 1, 1, 1, 1, 1, 1, 4 ), ( 0.00000000000000, 0.142857142857100, 0.285714285714300, 0.428571428571400, 0.571428571428600, 0.714285714285700, 0.857142857142900, 1.00000000000000 ), .UNSPECIFIED. );
#6859 = FILL_AREA_STYLE_COLOUR( '', #9108 );
#6860 = CIRCLE( '', #9109, 0.00180000000000000 );
#6861 = FILL_AREA_STYLE_COLOUR( '', #9110 );
#6862 = CIRCLE( '', #9111, 0.00446369930000000 );
#6863 = FILL_AREA_STYLE_COLOUR( '', #9112 );
#6864 = LINE( '', #9113, #9114 );
#6865 = FILL_AREA_STYLE_COLOUR( '', #9115 );
#6866 = CIRCLE( '', #9116, 0.00446369930000000 );
#6867 = FILL_AREA_STYLE_COLOUR( '', #9117 );
#6868 = B_SPLINE_CURVE_WITH_KNOTS( '', 3, ( #9118, #9119, #9120, #9121, #9122, #9123 ), .UNSPECIFIED., .F., .F., ( 4, 1, 1, 4 ), ( 0.00000000000000, 0.333333333333300, 0.666666666666700, 1.00000000000000 ), .UNSPECIFIED. );
#6869 = FILL_AREA_STYLE_COLOUR( '', #9124 );
#6870 = CIRCLE( '', #9125, 0.00465319300000000 );
#6871 = B_SPLINE_CURVE_WITH_KNOTS( '', 3, ( #9126, #9127, #9128, #9129, #9130, #9131, #9132, #9133, #9134 ), .UNSPECIFIED., .F., .F., ( 4, 1, 1, 1, 1, 1, 4 ), ( 0.00000000000000, 0.150445688806181, 0.292768914188571, 0.429225614193366, 0.562364246640851, 0.786357923875303, 1.00000000000000 ), .UNSPECIFIED. );
#6872 = FILL_AREA_STYLE_COLOUR( '', #9135 );
#6873 = LINE( '', #9136, #9137 );
#6874 = B_SPLINE_CURVE_WITH_KNOTS( '', 3, ( #9138, #9139, #9140, #9141, #9142 ), .UNSPECIFIED., .F., .F., ( 4, 1, 4 ), ( 0.00000000000000, 0.536553240013628, 1.00000000000000 ), .UNSPECIFIED. );
#6875 = FILL_AREA_STYLE_COLOUR( '', #9143 );
#6876 = FILL_AREA_STYLE_COLOUR( '', #9144 );
#6877 = LINE( '', #9145, #9146 );
#6878 = VERTEX_POINT( '', #9147 );
#6879 = B_SPLINE_CURVE_WITH_KNOTS( '', 3, ( #9148, #9149, #9150, #9151, #9152, #9153, #9154, #9155, #9156, #9157, #9158, #9159 ), .UNSPECIFIED., .F., .F., ( 4, 1, 1, 1, 1, 1, 1, 1, 1, 4 ), ( 0.00000000000000, 0.106977166042405, 0.213522547007034, 0.321268136265817, 0.459700750338091, 0.590517212242988, 0.706346788036615, 0.812013997771561, 0.906815216696390, 1.00000000000000 ), .UNSPECIFIED. );
#6880 = B_SPLINE_CURVE_WITH_KNOTS( '', 3, ( #9160, #9161, #9162, #9163, #9164, #9165, #9166, #9167, #9168, #9169, #9170, #9171, #9172, #9173, #9174, #9175, #9176 ), .UNSPECIFIED., .F., .F., ( 4, 1, 1, 1, 1, 1, 1, 1, 1, 1, 1, 1, 1, 1, 4 ), ( 0.00000000000000, 0.0486715868213718, 0.0967574142824519, 0.144368988095048, 0.191613713256382, 0.238594224885112, 0.285407796973318, 0.332145846218248, 0.474746112623497, 0.609096904730699, 0.722467703401373, 0.827558375936495, 0.887718890826291, 0.944819198603651, 1.00000000000000 ), .UNSPECIFIED. );
#6881 = FILL_AREA_STYLE_COLOUR( '', #9177 );
#6882 = FILL_AREA_STYLE_COLOUR( '', #9178 );
#6883 = VERTEX_POINT( '', #9179 );
#6884 = CIRCLE( '', #9180, 0.00201000000000000 );
#6885 = FILL_AREA_STYLE_COLOUR( '', #9181 );
#6886 = CIRCLE( '', #9182, 0.000300000000000000 );
#6887 = FILL_AREA_STYLE_COLOUR( '', #9183 );
#6888 = B_SPLINE_CURVE_WITH_KNOTS( '', 3, ( #9184, #9185, #9186, #9187, #9188, #9189, #9190, #9191, #9192 ), .UNSPECIFIED., .F., .F., ( 4, 1, 1, 1, 1, 1, 4 ), ( 0.00000000000000, 0.166666666666700, 0.333333333333300, 0.500000000000000, 0.666666666666700, 0.833333333333300, 1.00000000000000 ), .UNSPECIFIED. );
#6889 = FILL_AREA_STYLE_COLOUR( '', #9193 );
#6890 = FILL_AREA_STYLE_COLOUR( '', #9194 );
#6891 = CIRCLE( '', #9195, 0.00557699180000000 );
#6892 = CIRCLE( '', #9196, 0.00493916930000000 );
#6893 = FILL_AREA_STYLE_COLOUR( '', #9197 );
#6894 = CIRCLE( '', #9198, 0.00250000000000000 );
#6895 = CIRCLE( '', #9199, 0.00250000000000000 );
#6896 = FILL_AREA_STYLE_COLOUR( '', #9200 );
#6897 = LINE( '', #9201, #9202 );
#6898 = FILL_AREA_STYLE_COLOUR( '', #9203 );
#6899 = LINE( '', #9204, #9205 );
#6900 = FILL_AREA_STYLE_COLOUR( '', #9206 );
#6901 = B_SPLINE_CURVE_WITH_KNOTS( '', 3, ( #9207, #9208, #9209, #9210, #9211 ), .UNSPECIFIED., .F., .F., ( 4, 1, 4 ), ( 0.00000000000000, 0.500000000000000, 1.00000000000000 ), .UNSPECIFIED. );
#6902 = FILL_AREA_STYLE_COLOUR( '', #9212 );
#6903 = VERTEX_POINT( '', #9213 );
#6904 = CIRCLE( '', #9214, 0.00250000000000000 );
#6905 = FILL_AREA_STYLE_COLOUR( '', #9215 );
#6906 = FILL_AREA_STYLE_COLOUR( '', #9216 );
#6907 = FILL_AREA_STYLE_COLOUR( '', #9217 );
#6908 = FILL_AREA_STYLE_COLOUR( '', #9218 );
#6909 = FILL_AREA_STYLE_COLOUR( '', #9219 );
#6910 = FILL_AREA_STYLE_COLOUR( '', #9220 );
#6911 = CIRCLE( '', #9221, 0.00250000000000000 );
#6912 = VERTEX_POINT( '', #9222 );
#6913 = CIRCLE( '', #9223, 0.00201000000000000 );
#6914 = VERTEX_POINT( '', #9224 );
#6915 = CIRCLE( '', #9225, 0.00201000000000000 );
#6916 = FILL_AREA_STYLE_COLOUR( '', #9226 );
#6917 = FILL_AREA_STYLE_COLOUR( '', #9227 );
#6918 = FILL_AREA_STYLE_COLOUR( '', #9228 );
#6919 = LINE( '', #9229, #9230 );
#6920 = FILL_AREA_STYLE_COLOUR( '', #9231 );
#6921 = FILL_AREA_STYLE_COLOUR( '', #9232 );
#6922 = FILL_AREA_STYLE_COLOUR( '', #9233 );
#6923 = LINE( '', #9234, #9235 );
#6924 = FILL_AREA_STYLE_COLOUR( '', #9236 );
#6925 = FILL_AREA_STYLE_COLOUR( '', #9237 );
#6926 = LINE( '', #9238, #9239 );
#6927 = FILL_AREA_STYLE_COLOUR( '', #9240 );
#6928 = FILL_AREA_STYLE_COLOUR( '', #9241 );
#6929 = B_SPLINE_CURVE_WITH_KNOTS( '', 3, ( #9242, #9243, #9244, #9245, #9246, #9247 ), .UNSPECIFIED., .F., .F., ( 4, 1, 1, 4 ), ( 0.00000000000000, 0.300836296158336, 0.634148921458812, 1.00000000000000 ), .UNSPECIFIED. );
#6930 = FILL_AREA_STYLE_COLOUR( '', #9248 );
#6931 = FILL_AREA_STYLE_COLOUR( '', #9249 );
#6932 = CIRCLE( '', #9250, 0.00205000000000000 );
#6933 = FILL_AREA_STYLE_COLOUR( '', #9251 );
#6934 = CIRCLE( '', #9252, 0.000300000000000000 );
#6935 = CIRCLE( '', #9253, 0.00666249970000000 );
#6936 = FILL_AREA_STYLE_COLOUR( '', #9254 );
#6937 = FILL_AREA_STYLE_COLOUR( '', #9255 );
#6938 = LINE( '', #9256, #9257 );
#6939 = FILL_AREA_STYLE_COLOUR( '', #9258 );
#6940 = FILL_AREA_STYLE_COLOUR( '', #9259 );
#6941 = FILL_AREA_STYLE_COLOUR( '', #9260 );
#6942 = FILL_AREA_STYLE_COLOUR( '', #9261 );
#6943 = FILL_AREA_STYLE_COLOUR( '', #9262 );
#6944 = FILL_AREA_STYLE_COLOUR( '', #9263 );
#6945 = FILL_AREA_STYLE_COLOUR( '', #9264 );
#6946 = FILL_AREA_STYLE_COLOUR( '', #9265 );
#6947 = FILL_AREA_STYLE_COLOUR( '', #9266 );
#6948 = FILL_AREA_STYLE_COLOUR( '', #9267 );
#6949 = FILL_AREA_STYLE_COLOUR( '', #9268 );
#6950 = FILL_AREA_STYLE_COLOUR( '', #9269 );
#6951 = FILL_AREA_STYLE_COLOUR( '', #9270 );
#6952 = FILL_AREA_STYLE_COLOUR( '', #9271 );
#6953 = FILL_AREA_STYLE_COLOUR( '', #9272 );
#6954 = FILL_AREA_STYLE_COLOUR( '', #9273 );
#6955 = FILL_AREA_STYLE_COLOUR( '', #9274 );
#6956 = COLOUR_RGB( '', 0.564705908300000, 0.811764717100000, 0.945098042500000 );
#6957 = CARTESIAN_POINT( '', ( -0.00720818186054000, 0.00150000000000000, 0.00282857142857100 ) );
#6958 = CARTESIAN_POINT( '', ( -0.00690954550396300, 0.00150000000000000, 0.00250000000000000 ) );
#6959 = AXIS2_PLACEMENT_3D( '', #9275, #9276, #9277 );
#6960 = CARTESIAN_POINT( '', ( -0.00720818186054000, 0.00411572540624900, 0.00282857142857100 ) );
#6961 = CARTESIAN_POINT( '', ( -0.00720818186055000, 0.00150000000001000, 0.00282857142858100 ) );
#6962 = VECTOR( '', #9278, 1.00000000000000 );
#6963 = CARTESIAN_POINT( '', ( -0.00690954550396300, 0.00398541440426200, 0.00250000000000000 ) );
#6964 = CARTESIAN_POINT( '', ( -0.00690954550397299, 0.00398541440427200, 0.00249999999999970 ) );
#6965 = CARTESIAN_POINT( '', ( -0.00692313422798863, 0.00399121771171353, 0.00250055390595448 ) );
#6966 = CARTESIAN_POINT( '', ( -0.00696666208772590, 0.00400980706212174, 0.00250232819621749 ) );
#6967 = CARTESIAN_POINT( '', ( -0.00704869636527023, 0.00404645322007589, 0.00252715333064807 ) );
#6968 = CARTESIAN_POINT( '', ( -0.00712579204767660, 0.00407970409725682, 0.00258435237053058 ) );
#6969 = CARTESIAN_POINT( '', ( -0.00717376559573866, 0.00410078430174204, 0.00265359063352002 ) );
#6970 = CARTESIAN_POINT( '', ( -0.00719766459532089, 0.00411111598491295, 0.00270987961734656 ) );
#6971 = CARTESIAN_POINT( '', ( -0.00721042080984416, 0.00411674659756970, 0.00276885494217940 ) );
#6972 = CARTESIAN_POINT( '', ( -0.00720892476989940, 0.00411606424937826, 0.00280875680544968 ) );
#6973 = CARTESIAN_POINT( '', ( -0.00720818186053971, 0.00411572540624792, 0.00282857142857955 ) );
#6974 = CARTESIAN_POINT( '', ( -0.00690954550397300, 0.00150000000001000, 0.00250000000001000 ) );
#6975 = VECTOR( '', #9279, 1.00000000000000 );
#6976 = COLOUR_RGB( '', 0.564705908300000, 0.811764717100000, 0.945098042500000 );
#6977 = CARTESIAN_POINT( '', ( -0.00403483255905600, 0.00666651753281400, 0.00284877547382900 ) );
#6978 = CARTESIAN_POINT( '', ( -0.00284877389936600, 0.00666651765929400, 0.00403483382552400 ) );
#6979 = AXIS2_PLACEMENT_3D( '', #9280, #9281, #9282 );
#6980 = CARTESIAN_POINT( '', ( -0.00475716056486700, 0.00628800819139000, 0.00291071485951100 ) );
#6981 = CARTESIAN_POINT( '', ( -0.00403483250092846, 0.00666651729059671, 0.00284877543279126 ) );
#6982 = CARTESIAN_POINT( '', ( -0.00407950409777753, 0.00665406936037085, 0.00285291365195522 ) );
#6983 = CARTESIAN_POINT( '', ( -0.00416859701099617, 0.00662924324163794, 0.00286116690518232 ) );
#6984 = CARTESIAN_POINT( '', ( -0.00429788325729856, 0.00657947603471907, 0.00287266925969162 ) );
#6985 = CARTESIAN_POINT( '', ( -0.00442249869571069, 0.00652087186821424, 0.00288343518612144 ) );
#6986 = CARTESIAN_POINT( '', ( -0.00454117244317746, 0.00645255109802297, 0.00289336789981266 ) );
#6987 = CARTESIAN_POINT( '', ( -0.00465382579139081, 0.00637586728950325, 0.00290254420973292 ) );
#6988 = CARTESIAN_POINT( '', ( -0.00472278381143895, 0.00631723659583260, 0.00290799669985335 ) );
#6989 = CARTESIAN_POINT( '', ( -0.00475716056486710, 0.00628800819138841, 0.00291071485951497 ) );
#6990 = CARTESIAN_POINT( '', ( -0.00291071485951100, 0.00628800819138700, 0.00475716056487000 ) );
#6991 = AXIS2_PLACEMENT_3D( '', #9283, #9284, #9285 );
#6992 = CARTESIAN_POINT( '', ( -0.00291071485951504, 0.00628800819138563, 0.00475716056487032 ) );
#6993 = CARTESIAN_POINT( '', ( -0.00290839536626747, 0.00631315531202861, 0.00472779552903370 ) );
#6994 = CARTESIAN_POINT( '', ( -0.00290374470110736, 0.00636357616924540, 0.00466891760419670 ) );
#6995 = CARTESIAN_POINT( '', ( -0.00289603561453439, 0.00643099401122148, 0.00457374515282873 ) );
#6996 = CARTESIAN_POINT( '', ( -0.00288776702021014, 0.00649229659599866, 0.00447396066360747 ) );
#6997 = CARTESIAN_POINT( '', ( -0.00287889314450228, 0.00654672759528472, 0.00436958703287100 ) );
#6998 = CARTESIAN_POINT( '', ( -0.00286942695881921, 0.00659409903022092, 0.00426125938854842 ) );
#6999 = CARTESIAN_POINT( '', ( -0.00285942339230553, 0.00663489797784664, 0.00414964273251441 ) );
#7000 = CARTESIAN_POINT( '', ( -0.00285232929536580, 0.00665596084888462, 0.00407316387118037 ) );
#7001 = CARTESIAN_POINT( '', ( -0.00284877383280144, 0.00666651726643992, 0.00403483373124173 ) );
#7002 = COLOUR_RGB( '', 0.564705908300000, 0.811764717100000, 0.945098042500000 );
#7003 = CARTESIAN_POINT( '', ( 0.0110102328548100, 0.000700000000000000, 0.00229572668196700 ) );
#7004 = CARTESIAN_POINT( '', ( 0.0110102328548100, 0.00150000000000000, 0.00229572668196700 ) );
#7005 = CARTESIAN_POINT( '', ( 0.0110102328548200, 0.000700000000010000, 0.00229572668197700 ) );
#7006 = VECTOR( '', #9286, 1.00000000000000 );
#7007 = CARTESIAN_POINT( '', ( 0.0107379463348700, 0.000700000000000000, 0.00253144633487200 ) );
#7008 = AXIS2_PLACEMENT_3D( '', #9287, #9288, #9289 );
#7009 = CARTESIAN_POINT( '', ( 0.0107379463348700, 0.00150000000000000, 0.00253144633487200 ) );
#7010 = CARTESIAN_POINT( '', ( 0.0107379463348800, 0.000700000000010000, 0.00253144633488200 ) );
#7011 = VECTOR( '', #9290, 1.00000000000000 );
#7012 = AXIS2_PLACEMENT_3D( '', #9291, #9292, #9293 );
#7013 = COLOUR_RGB( '', 0.564705908300000, 0.811764717100000, 0.945098042500000 );
#7014 = CARTESIAN_POINT( '', ( -0.00644426439077200, -0.00150000000000000, 0.00414377248424900 ) );
#7015 = CARTESIAN_POINT( '', ( -0.00639246972333200, -0.00150000000000000, 0.00464180254171700 ) );
#7016 = AXIS2_PLACEMENT_3D( '', #9294, #9295, #9296 );
#7017 = CARTESIAN_POINT( '', ( -0.00644426439077200, 0.00208212668466000, 0.00414377248424900 ) );
#7018 = CARTESIAN_POINT( '', ( -0.00644426439078200, 0.00208212668467000, 0.00414377248425900 ) );
#7019 = VECTOR( '', #9297, 1.00000000000000 );
#7020 = CARTESIAN_POINT( '', ( -0.00639246972333200, 0.00184367965644000, 0.00464180254171700 ) );
#7021 = CARTESIAN_POINT( '', ( -0.00639246972333234, 0.00184367965643807, 0.00464180254171999 ) );
#7022 = CARTESIAN_POINT( '', ( -0.00640422636149767, 0.00184436200475883, 0.00462436736370306 ) );
#7023 = CARTESIAN_POINT( '', ( -0.00642772553708398, 0.00184572588300149, 0.00458951791917336 ) );
#7024 = CARTESIAN_POINT( '', ( -0.00645418404736727, 0.00185705548839610, 0.00453249156873691 ) );
#7025 = CARTESIAN_POINT( '', ( -0.00647356794985207, 0.00187518044047648, 0.00447295930346920 ) );
#7026 = CARTESIAN_POINT( '', ( -0.00649002737096702, 0.00191148000405666, 0.00438473989579146 ) );
#7027 = CARTESIAN_POINT( '', ( -0.00648951364932124, 0.00197732669946585, 0.00426686449915612 ) );
#7028 = CARTESIAN_POINT( '', ( -0.00645976102011609, 0.00204623556560257, 0.00418592812152309 ) );
#7029 = CARTESIAN_POINT( '', ( -0.00644426439077224, 0.00208212668465838, 0.00414377248425270 ) );
#7030 = CARTESIAN_POINT( '', ( -0.00639246972334200, 0.00184367965645000, 0.00464180254172700 ) );
#7031 = VECTOR( '', #9298, 1.00000000000000 );
#7032 = COLOUR_RGB( '', 0.564705908300000, 0.811764717100000, 0.945098042500000 );
#7033 = CARTESIAN_POINT( '', ( 0.00950000000000000, -0.000700000000010000, 0.00000000000000 ) );
#7034 = AXIS2_PLACEMENT_3D( '', #9299, #9300, #9301 );
#7035 = CARTESIAN_POINT( '', ( 0.00950000000000000, -0.00150000000001000, 0.00000000000000 ) );
#7036 = AXIS2_PLACEMENT_3D( '', #9302, #9303, #9304 );
#7037 = COLOUR_RGB( '', 0.564705908300000, 0.811764717100000, 0.945098042500000 );
#7038 = CARTESIAN_POINT( '', ( -0.00857143143616200, -0.00150000000000000, -0.000703503804583200 ) );
#7039 = CARTESIAN_POINT( '', ( -0.00857143143616200, -0.00150000000000000, 0.000703503804583200 ) );
#7040 = AXIS2_PLACEMENT_3D( '', #9305, #9306, #9307 );
#7041 = CARTESIAN_POINT( '', ( -0.00857143143616200, 0.000500000000000000, -0.000703503804583200 ) );
#7042 = CARTESIAN_POINT( '', ( -0.00857143143617200, -0.00150000000001000, -0.000703503804593200 ) );
#7043 = VECTOR( '', #9308, 1.00000000000000 );
#7044 = CARTESIAN_POINT( '', ( -0.00857143143616200, 0.000500000000000000, 0.000703503804583200 ) );
#7045 = AXIS2_PLACEMENT_3D( '', #9309, #9310, #9311 );
#7046 = CARTESIAN_POINT( '', ( -0.00857143143617200, -0.00150000000001000, 0.000703503804593200 ) );
#7047 = VECTOR( '', #9312, 1.00000000000000 );
#7048 = COLOUR_RGB( '', 0.564705908300000, 0.811764717100000, 0.945098042500000 );
#7049 = CARTESIAN_POINT( '', ( 0.00250000000000000, 0.00184367965644000, -0.00749399759807800 ) );
#7050 = CARTESIAN_POINT( '', ( 0.00250000000000000, 0.00509048666719100, -0.00392456430641700 ) );
#7051 = CARTESIAN_POINT( '', ( 0.00250000000001000, 0.00184367965645000, -0.00749399759808800 ) );
#7052 = CARTESIAN_POINT( '', ( 0.00250000000001000, 0.00218243837893500, -0.00713688594004400 ) );
#7053 = CARTESIAN_POINT( '', ( 0.00250000000001000, 0.00282576386356000, -0.00645358901317000 ) );
#7054 = CARTESIAN_POINT( '', ( 0.00250000000001000, 0.00368452981238900, -0.00552336188111600 ) );
#7055 = CARTESIAN_POINT( '', ( 0.00250000000001000, 0.00444392727501800, -0.00467815906227900 ) );
#7056 = CARTESIAN_POINT( '', ( 0.00250000000001000, 0.00488601333642900, -0.00416699984702500 ) );
#7057 = CARTESIAN_POINT( '', ( 0.00250000000001000, 0.00509048666720100, -0.00392456430642700 ) );
#7058 = CARTESIAN_POINT( '', ( 0.00250000000000000, 0.00566126201251900, -0.00369791988451900 ) );
#7059 = AXIS2_PLACEMENT_3D( '', #9313, #9314, #9315 );
#7060 = CARTESIAN_POINT( '', ( 0.00250000000000000, 0.00619104732316400, -0.00369791988451900 ) );
#7061 = CARTESIAN_POINT( '', ( 0.00250000000001000, 0.00566126201252900, -0.00369791988452900 ) );
#7062 = VECTOR( '', #9316, 1.00000000000000 );
#7063 = CARTESIAN_POINT( '', ( 0.00250000000000000, 0.00638649894609400, -0.00393162655341500 ) );
#7064 = CARTESIAN_POINT( '', ( 0.00250000000001000, 0.00619104732317400, -0.00369791988452900 ) );
#7065 = CARTESIAN_POINT( '', ( 0.00250000000001000, 0.00622281805684300, -0.00373626982346200 ) );
#7066 = CARTESIAN_POINT( '', ( 0.00250000000001000, 0.00628716617835000, -0.00381356912782000 ) );
#7067 = CARTESIAN_POINT( '', ( 0.00250000000001000, 0.00635312124662400, -0.00389207250694000 ) );
#7068 = CARTESIAN_POINT( '', ( 0.00250000000001000, 0.00638649894610400, -0.00393162655342500 ) );
#7069 = CARTESIAN_POINT( '', ( 0.00250000000000000, 0.00607587615706000, -0.00457621245104900 ) );
#7070 = CARTESIAN_POINT( '', ( 0.00250000000001000, 0.00607587615707000, -0.00457621245105900 ) );
#7071 = CARTESIAN_POINT( '', ( 0.00250000000001000, 0.00611108243446700, -0.00453493750924800 ) );
#7072 = CARTESIAN_POINT( '', ( 0.00250000000001000, 0.00617727101142200, -0.00444651631991200 ) );
#7073 = CARTESIAN_POINT( '', ( 0.00250000000001000, 0.00626147748776500, -0.00430077001526500 ) );
#7074 = CARTESIAN_POINT( '', ( 0.00250000000001000, 0.00633556963158800, -0.00412648775084200 ) );
#7075 = CARTESIAN_POINT( '', ( 0.00250000000001000, 0.00637180376702500, -0.00399899169163700 ) );
#7076 = CARTESIAN_POINT( '', ( 0.00250000000001000, 0.00638649894610400, -0.00393162655342500 ) );
#7077 = CARTESIAN_POINT( '', ( 0.00250000000000000, 0.00230126111049000, -0.00870000000000000 ) );
#7078 = CARTESIAN_POINT( '', ( 0.00250000000001000, 0.00230126111050000, -0.00870000000001000 ) );
#7079 = CARTESIAN_POINT( '', ( 0.00250000000001000, 0.00242613212642200, -0.00856882123345400 ) );
#7080 = CARTESIAN_POINT( '', ( 0.00250000000001000, 0.00267013751079400, -0.00831192573097600 ) );
#7081 = CARTESIAN_POINT( '', ( 0.00250000000001000, 0.00301286838494300, -0.00794944404364700 ) );
#7082 = CARTESIAN_POINT( '', ( 0.00250000000001000, 0.00335060798520200, -0.00759047760003700 ) );
#7083 = CARTESIAN_POINT( '', ( 0.00250000000001000, 0.00369089130097500, -0.00722675324714400 ) );
#7084 = CARTESIAN_POINT( '', ( 0.00250000000001000, 0.00403525352219800, -0.00685621821618100 ) );
#7085 = CARTESIAN_POINT( '', ( 0.00250000000001000, 0.00437506252751600, -0.00648773257885100 ) );
#7086 = CARTESIAN_POINT( '', ( 0.00250000000001000, 0.00470321939557900, -0.00612873245732800 ) );
#7087 = CARTESIAN_POINT( '', ( 0.00250000000001000, 0.00503109374759900, -0.00576650328442300 ) );
#7088 = CARTESIAN_POINT( '', ( 0.00250000000001000, 0.00538576927061300, -0.00536977126659100 ) );
#7089 = CARTESIAN_POINT( '', ( 0.00250000000001000, 0.00574366872509400, -0.00496279850022600 ) );
#7090 = CARTESIAN_POINT( '', ( 0.00250000000001000, 0.00596679174152700, -0.00470409601057400 ) );
#7091 = CARTESIAN_POINT( '', ( 0.00250000000001000, 0.00607587615707000, -0.00457621245105900 ) );
#7092 = CARTESIAN_POINT( '', ( 0.00250000000000000, 0.00150000000000000, -0.00870000000000000 ) );
#7093 = CARTESIAN_POINT( '', ( 0.00250000000001000, 0.00230126111050000, -0.00870000000001000 ) );
#7094 = VECTOR( '', #9317, 1.00000000000000 );
#7095 = CARTESIAN_POINT( '', ( 0.00250000000000000, 0.00150000000000000, -0.00749399759807800 ) );
#7096 = CARTESIAN_POINT( '', ( 0.00250000000001000, 0.00150000000001000, -0.00870000000001000 ) );
#7097 = VECTOR( '', #9318, 1.00000000000000 );
#7098 = CARTESIAN_POINT( '', ( 0.00250000000001000, 0.00150000000001000, -0.00749399759808800 ) );
#7099 = VECTOR( '', #9319, 1.00000000000000 );
#7100 = COLOUR_RGB( '', 0.564705908300000, 0.811764717100000, 0.945098042500000 );
#7101 = CARTESIAN_POINT( '', ( 0.0150000000000000, -0.00150000000000000, 0.00600000000000000 ) );
#7102 = CARTESIAN_POINT( '', ( 0.0150000000000000, -0.00150000000000000, -0.00600000000000000 ) );
#7103 = CARTESIAN_POINT( '', ( 0.0150000000000100, -0.00150000000001000, 0.00600000000001000 ) );
#7104 = VECTOR( '', #9320, 1.00000000000000 );
#7105 = CARTESIAN_POINT( '', ( 0.0150000000000000, 0.00150000000000000, -0.00600000000000000 ) );
#7106 = CARTESIAN_POINT( '', ( 0.0150000000000100, 0.00150000000001000, -0.00600000000001000 ) );
#7107 = VECTOR( '', #9321, 1.00000000000000 );
#7108 = CARTESIAN_POINT( '', ( 0.0150000000000000, 0.00150000000000000, 0.00600000000000000 ) );
#7109 = CARTESIAN_POINT( '', ( 0.0150000000000100, 0.00150000000001000, 0.00600000000001000 ) );
#7110 = VECTOR( '', #9322, 1.00000000000000 );
#7111 = CARTESIAN_POINT( '', ( 0.0150000000000100, 0.00150000000001000, 0.00600000000001000 ) );
#7112 = VECTOR( '', #9323, 1.00000000000000 );
#7113 = COLOUR_RGB( '', 0.564705908300000, 0.811764717100000, 0.945098042500000 );
#7114 = CARTESIAN_POINT( '', ( -0.00748297820214100, -0.00150000000000000, -0.00481819854575200 ) );
#7115 = CARTESIAN_POINT( '', ( -0.00748297820214100, 0.000500000000000000, -0.00481819854575200 ) );
#7116 = CARTESIAN_POINT( '', ( -0.00748297820215100, -0.00150000000001000, -0.00481819854576200 ) );
#7117 = VECTOR( '', #9324, 1.00000000000000 );
#7118 = CARTESIAN_POINT( '', ( -0.00789667553872200, -0.00150000000000000, -0.00472776593702600 ) );
#7119 = AXIS2_PLACEMENT_3D( '', #9325, #9326, #9327 );
#7120 = CARTESIAN_POINT( '', ( -0.00789667553872200, 0.000500000000000000, -0.00472776593702600 ) );
#7121 = CARTESIAN_POINT( '', ( -0.00789667553873200, -0.00150000000001000, -0.00472776593703600 ) );
#7122 = VECTOR( '', #9328, 1.00000000000000 );
#7123 = AXIS2_PLACEMENT_3D( '', #9329, #9330, #9331 );
#7124 = COLOUR_RGB( '', 0.564705908300000, 0.811764717100000, 0.945098042500000 );
#7125 = CARTESIAN_POINT( '', ( -0.00720409078415600, 0.00410704128082600, 0.00287871520681700 ) );
#7126 = CARTESIAN_POINT( '', ( -0.00475716056487700, 0.00628800819140000, 0.00291071485952100 ) );
#7127 = CARTESIAN_POINT( '', ( -0.00490626646775900, 0.00616217632036500, 0.00290811822755500 ) );
#7128 = CARTESIAN_POINT( '', ( -0.00519691945906100, 0.00591330276299100, 0.00290334829549400 ) );
#7129 = CARTESIAN_POINT( '', ( -0.00560480076247600, 0.00555655811738800, 0.00289732224226700 ) );
#7130 = CARTESIAN_POINT( '', ( -0.00600182705512900, 0.00520350483158700, 0.00289200663469500 ) );
#7131 = CARTESIAN_POINT( '', ( -0.00638793171548000, 0.00485546924693300, 0.00288730616942200 ) );
#7132 = CARTESIAN_POINT( '', ( -0.00677691332331400, 0.00450094172260400, 0.00288297598022400 ) );
#7133 = CARTESIAN_POINT( '', ( -0.00705905033455300, 0.00424120713686200, 0.00288011483035300 ) );
#7134 = CARTESIAN_POINT( '', ( -0.00720409078416600, 0.00410704128083600, 0.00287871520682700 ) );
#7135 = CARTESIAN_POINT( '', ( -0.00457621245104900, 0.00607587615706000, 0.00250000000000000 ) );
#7136 = AXIS2_PLACEMENT_3D( '', #9332, #9333, #9334 );
#7137 = CARTESIAN_POINT( '', ( -0.00457621245105900, 0.00607587615707000, 0.00250000000001000 ) );
#7138 = CARTESIAN_POINT( '', ( -0.00471843406952500, 0.00595456124604000, 0.00250000000001000 ) );
#7139 = CARTESIAN_POINT( '', ( -0.00499559851640700, 0.00571507591150800, 0.00250000000001000 ) );
#7140 = CARTESIAN_POINT( '', ( -0.00538670937946200, 0.00537062491238300, 0.00250000000001000 ) );
#7141 = CARTESIAN_POINT( '', ( -0.00576669962826600, 0.00503091188351000, 0.00250000000001000 ) );
#7142 = CARTESIAN_POINT( '', ( -0.00613850432568900, 0.00469436478700800, 0.00250000000001000 ) );
#7143 = CARTESIAN_POINT( '', ( -0.00650817950344600, 0.00435632867832500, 0.00250000000001000 ) );
#7144 = CARTESIAN_POINT( '', ( -0.00677371862028300, 0.00411129780592100, 0.00250000000001000 ) );
#7145 = CARTESIAN_POINT( '', ( -0.00690954550397300, 0.00398541440427200, 0.00250000000001000 ) );
#7146 = CARTESIAN_POINT( '', ( -0.00720409078416600, 0.00410704128083600, 0.00287871520682700 ) );
#7147 = CARTESIAN_POINT( '', ( -0.00720463958794700, 0.00410954707595600, 0.00287058883224300 ) );
#7148 = CARTESIAN_POINT( '', ( -0.00720586285164200, 0.00411352418464000, 0.00285411398871000 ) );
#7149 = CARTESIAN_POINT( '', ( -0.00720735988430600, 0.00411536696540800, 0.00283716294825700 ) );
#7150 = CARTESIAN_POINT( '', ( -0.00720818186055000, 0.00411572540625900, 0.00282857142858100 ) );
#7151 = COLOUR_RGB( '', 0.564705908300000, 0.811764717100000, 0.945098042500000 );
#7152 = CARTESIAN_POINT( '', ( -0.0145000000000200, -0.000700000000010000, 0.00000000000000 ) );
#7153 = AXIS2_PLACEMENT_3D( '', #9335, #9336, #9337 );
#7154 = CARTESIAN_POINT( '', ( -0.0140100000000200, -0.000700000000010000, 0.00000000000000 ) );
#7155 = AXIS2_PLACEMENT_3D( '', #9338, #9339, #9340 );
#7156 = COLOUR_RGB( '', 0.564705908300000, 0.811764717100000, 0.945098042500000 );
#7157 = CARTESIAN_POINT( '', ( 0.00369791988451900, 0.00566126201251900, -0.00250000000000000 ) );
#7158 = CARTESIAN_POINT( '', ( 0.00392456430641700, 0.00509048666719100, -0.00250000000000000 ) );
#7159 = AXIS2_PLACEMENT_3D( '', #9341, #9342, #9343 );
#7160 = AXIS2_PLACEMENT_3D( '', #9344, #9345, #9346 );
#7161 = AXIS2_PLACEMENT_3D( '', #9347, #9348, #9349 );
#7162 = COLOUR_RGB( '', 0.564705908300000, 0.811764717100000, 0.945098042500000 );
#7163 = CARTESIAN_POINT( '', ( 0.00573809871394000, -0.00150000000000000, -0.00200000000000000 ) );
#7164 = CARTESIAN_POINT( '', ( 0.00623232618152500, -0.00150000000000000, -0.00257575757575800 ) );
#7165 = AXIS2_PLACEMENT_3D( '', #9350, #9351, #9352 );
#7166 = CARTESIAN_POINT( '', ( 0.00573809871394000, 0.000914161243905500, -0.00200000000000000 ) );
#7167 = CARTESIAN_POINT( '', ( 0.00573809871395000, 0.000914161243915500, -0.00200000000001000 ) );
#7168 = VECTOR( '', #9353, 1.00000000000000 );
#7169 = CARTESIAN_POINT( '', ( 0.00622325338098700, 0.00150000000000000, -0.00237906634445700 ) );
#7170 = CARTESIAN_POINT( '', ( 0.00622325338099524, 0.00150000000001187, -0.00237906634446635 ) );
#7171 = CARTESIAN_POINT( '', ( 0.00621876390564101, 0.00149011028314864, -0.00236304526864352 ) );
#7172 = CARTESIAN_POINT( '', ( 0.00620966717169393, 0.00147007138861901, -0.00233058279746210 ) );
#7173 = CARTESIAN_POINT( '', ( 0.00619043004153720, 0.00143621064979227, -0.00228513427427950 ) );
#7174 = CARTESIAN_POINT( '', ( 0.00616223798216037, 0.00139163918401418, -0.00223251098837808 ) );
#7175 = CARTESIAN_POINT( '', ( 0.00612171949576737, 0.00133442360244497, -0.00217600983003724 ) );
#7176 = CARTESIAN_POINT( '', ( 0.00606469191001564, 0.00126152999790344, -0.00211847149429525 ) );
#7177 = CARTESIAN_POINT( '', ( 0.00599754938408029, 0.00118209117389192, -0.00206961109139804 ) );
#7178 = CARTESIAN_POINT( '', ( 0.00591850840040414, 0.00109484890207319, -0.00203115413075474 ) );
#7179 = CARTESIAN_POINT( '', ( 0.00583203837922639, 0.00100455057359412, -0.00200498561539497 ) );
#7180 = CARTESIAN_POINT( '', ( 0.00576912688841277, 0.000944016746197536, -0.00200164674362448 ) );
#7181 = CARTESIAN_POINT( '', ( 0.00573809871394849, 0.000914161243917099, -0.00200000000000946 ) );
#7182 = CARTESIAN_POINT( '', ( 0.00623232618152500, 0.00150000000000000, -0.00257575757575800 ) );
#7183 = AXIS2_PLACEMENT_3D( '', #9354, #9355, #9356 );
#7184 = CARTESIAN_POINT( '', ( 0.00623232618153500, 0.00150000000001000, -0.00257575757576800 ) );
#7185 = VECTOR( '', #9357, 1.00000000000000 );
#7186 = COLOUR_RGB( '', 0.564705908300000, 0.811764717100000, 0.945098042500000 );
#7187 = CARTESIAN_POINT( '', ( -0.00403483382552300, 0.00666651765929400, -0.00284877389936800 ) );
#7188 = CARTESIAN_POINT( '', ( -0.00284877547478600, 0.00666651753281400, -0.00403483255838000 ) );
#7189 = AXIS2_PLACEMENT_3D( '', #9358, #9359, #9360 );
#7190 = CARTESIAN_POINT( '', ( -0.00291071485951100, 0.00628800819138900, -0.00475716056486800 ) );
#7191 = CARTESIAN_POINT( '', ( -0.00284877543374826, 0.00666651729059678, -0.00403483250025249 ) );
#7192 = CARTESIAN_POINT( '', ( -0.00285291365293564, 0.00665406936023831, -0.00407950409755944 ) );
#7193 = CARTESIAN_POINT( '', ( -0.00286116690619413, 0.00662924324128705, -0.00416859701152568 ) );
#7194 = CARTESIAN_POINT( '', ( -0.00287266926057174, 0.00657947603395373, -0.00429788325865133 ) );
#7195 = CARTESIAN_POINT( '', ( -0.00288343518677445, 0.00652087186718712, -0.00442249869736465 ) );
#7196 = CARTESIAN_POINT( '', ( -0.00289336790019398, 0.00645255109698659, -0.00454117244464280 ) );
#7197 = CARTESIAN_POINT( '', ( -0.00290254420984956, 0.00637586728880720, -0.00465382579222716 ) );
#7198 = CARTESIAN_POINT( '', ( -0.00290799669989588, 0.00631723659556051, -0.00472278381176485 ) );
#7199 = CARTESIAN_POINT( '', ( -0.00291071485951499, 0.00628800819138748, -0.00475716056486818 ) );
#7200 = CARTESIAN_POINT( '', ( -0.00475716056486600, 0.00628800819139000, -0.00291071485951100 ) );
#7201 = AXIS2_PLACEMENT_3D( '', #9361, #9362, #9363 );
#7202 = CARTESIAN_POINT( '', ( -0.00475716056486648, 0.00628800819138884, -0.00291071485951517 ) );
#7203 = CARTESIAN_POINT( '', ( -0.00472779552903116, 0.00631315531203066, -0.00290839536626755 ) );
#7204 = CARTESIAN_POINT( '', ( -0.00466891760419638, 0.00636357616924549, -0.00290374470110733 ) );
#7205 = CARTESIAN_POINT( '', ( -0.00457374515283144, 0.00643099401121955, -0.00289603561453473 ) );
#7206 = CARTESIAN_POINT( '', ( -0.00447396066361209, 0.00649229659599584, -0.00288776702021101 ) );
#7207 = CARTESIAN_POINT( '', ( -0.00436958703287623, 0.00654672759528190, -0.00287889314450377 ) );
#7208 = CARTESIAN_POINT( '', ( -0.00426125938855290, 0.00659409903021877, -0.00286942695882115 ) );
#7209 = CARTESIAN_POINT( '', ( -0.00414964273251666, 0.00663489797784557, -0.00285942339230770 ) );
#7210 = CARTESIAN_POINT( '', ( -0.00407316387118060, 0.00665596084888417, -0.00285232929536785 ) );
#7211 = CARTESIAN_POINT( '', ( -0.00403483373124072, 0.00666651726643983, -0.00284877383280341 ) );
#7212 = COLOUR_RGB( '', 0.564705908300000, 0.811764717100000, 0.945098042500000 );
#7213 = CARTESIAN_POINT( '', ( -0.0110102328548100, 0.000700000000000000, -0.00370427331803300 ) );
#7214 = CARTESIAN_POINT( '', ( -0.0107379463348700, 0.000700000000000000, -0.00346855366512800 ) );
#7215 = AXIS2_PLACEMENT_3D( '', #9364, #9365, #9366 );
#7216 = CARTESIAN_POINT( '', ( -0.0110102328548100, 0.00150000000000000, -0.00370427331803300 ) );
#7217 = CARTESIAN_POINT( '', ( -0.0110102328548200, 0.00150000000001000, -0.00370427331804300 ) );
#7218 = VECTOR( '', #9367, 1.00000000000000 );
#7219 = CARTESIAN_POINT( '', ( -0.0107379463348700, 0.00150000000000000, -0.00346855366512800 ) );
#7220 = AXIS2_PLACEMENT_3D( '', #9368, #9369, #9370 );
#7221 = CARTESIAN_POINT( '', ( -0.0107379463348800, 0.00150000000001000, -0.00346855366513800 ) );
#7222 = VECTOR( '', #9371, 1.00000000000000 );
#7223 = COLOUR_RGB( '', 0.564705908300000, 0.811764717100000, 0.945098042500000 );
#7224 = CARTESIAN_POINT( '', ( 0.0110102328548100, 0.000700000000000000, -0.00370427331803300 ) );
#7225 = CARTESIAN_POINT( '', ( 0.0110102328548100, 0.00150000000000000, -0.00370427331803300 ) );
#7226 = CARTESIAN_POINT( '', ( 0.0110102328548200, 0.000700000000010000, -0.00370427331804300 ) );
#7227 = VECTOR( '', #9372, 1.00000000000000 );
#7228 = CARTESIAN_POINT( '', ( 0.0107379463348700, 0.000700000000000000, -0.00346855366512800 ) );
#7229 = AXIS2_PLACEMENT_3D( '', #9373, #9374, #9375 );
#7230 = CARTESIAN_POINT( '', ( 0.0107379463348700, 0.00150000000000000, -0.00346855366512800 ) );
#7231 = CARTESIAN_POINT( '', ( 0.0107379463348800, 0.000700000000010000, -0.00346855366513800 ) );
#7232 = VECTOR( '', #9376, 1.00000000000000 );
#7233 = AXIS2_PLACEMENT_3D( '', #9377, #9378, #9379 );
#7234 = COLOUR_RGB( '', 0.564705908300000, 0.811764717100000, 0.945098042500000 );
#7235 = CARTESIAN_POINT( '', ( 0.00946855366512800, 0.000700000000000000, 0.00126205366512800 ) );
#7236 = CARTESIAN_POINT( '', ( 0.00946855366512800, 0.000700000000000000, 0.00473794633487200 ) );
#7237 = AXIS2_PLACEMENT_3D( '', #9380, #9381, #9382 );
#7238 = CARTESIAN_POINT( '', ( 0.00946855366512800, 0.00150000000000000, 0.00126205366512800 ) );
#7239 = CARTESIAN_POINT( '', ( 0.00946855366513800, 0.00150000000001000, 0.00126205366513800 ) );
#7240 = VECTOR( '', #9383, 1.00000000000000 );
#7241 = CARTESIAN_POINT( '', ( 0.00720818186054000, 0.00150000000000000, 0.00282857142857100 ) );
#7242 = AXIS2_PLACEMENT_3D( '', #9384, #9385, #9386 );
#7243 = CARTESIAN_POINT( '', ( 0.00720818186054000, 0.00411572546699000, 0.00282857142857100 ) );
#7244 = CARTESIAN_POINT( '', ( 0.00720818186055000, 0.00411572546700000, 0.00282857142858100 ) );
#7245 = VECTOR( '', #9387, 1.00000000000000 );
#7246 = CARTESIAN_POINT( '', ( 0.00720409078626200, 0.00410704128662000, 0.00287871524252400 ) );
#7247 = CARTESIAN_POINT( '', ( 0.00720818186055000, 0.00411572546700000, 0.00282857142858100 ) );
#7248 = CARTESIAN_POINT( '', ( 0.00720735988557300, 0.00411536702744600, 0.00283716293500800 ) );
#7249 = CARTESIAN_POINT( '', ( 0.00720586284623500, 0.00411352425616000, 0.00285411403185200 ) );
#7250 = CARTESIAN_POINT( '', ( 0.00720463959360300, 0.00410954710369500, 0.00287058880700800 ) );
#7251 = CARTESIAN_POINT( '', ( 0.00720409078627200, 0.00410704128663000, 0.00287871524253400 ) );
#7252 = CARTESIAN_POINT( '', ( 0.00870156675150900, 0.00193933982822000, 0.00477508805308200 ) );
#7253 = CARTESIAN_POINT( '', ( 0.00870156675150852, 0.00193933982821805, 0.00477508805308626 ) );
#7254 = CARTESIAN_POINT( '', ( 0.00866168100019314, 0.00197789067837537, 0.00476760584039638 ) );
#7255 = CARTESIAN_POINT( '', ( 0.00858238951998367, 0.00205452842171729, 0.00475273146295938 ) );
#7256 = CARTESIAN_POINT( '', ( 0.00846756862646659, 0.00217027715558151, 0.00472102555421863 ) );
#7257 = CARTESIAN_POINT( '', ( 0.00835675340089966, 0.00228558967872472, 0.00468293497106851 ) );
#7258 = CARTESIAN_POINT( '', ( 0.00825008317236956, 0.00240058051877404, 0.00463803696824401 ) );
#7259 = CARTESIAN_POINT( '', ( 0.00814739213505589, 0.00251521554912517, 0.00458677091495378 ) );
#7260 = CARTESIAN_POINT( '', ( 0.00804858967236068, 0.00262950867413504, 0.00452929575690106 ) );
#7261 = CARTESIAN_POINT( '', ( 0.00788852498329615, 0.00282126088773942, 0.00442272311078803 ) );
#7262 = CARTESIAN_POINT( '', ( 0.00768661601765457, 0.00308273395730273, 0.00424824223016764 ) );
#7263 = CARTESIAN_POINT( '', ( 0.00748295599731668, 0.00338709473693032, 0.00398605757585479 ) );
#7264 = CARTESIAN_POINT( '', ( 0.00733581569280733, 0.00364581521163485, 0.00370851522639093 ) );
#7265 = CARTESIAN_POINT( '', ( 0.00725342239115005, 0.00383037070800834, 0.00345776827944197 ) );
#7266 = CARTESIAN_POINT( '', ( 0.00721306845438661, 0.00395821918037661, 0.00323970024230816 ) );
#7267 = CARTESIAN_POINT( '', ( 0.00719700860102758, 0.00404480456317988, 0.00306109651227687 ) );
#7268 = CARTESIAN_POINT( '', ( 0.00720175707475658, 0.00408653345669311, 0.00293881215165828 ) );
#7269 = CARTESIAN_POINT( '', ( 0.00720409072324861, 0.00410704121876121, 0.00287871521735018 ) );
#7270 = CARTESIAN_POINT( '', ( 0.00946855366512800, 0.00155390642681800, 0.00473794633487200 ) );
#7271 = CARTESIAN_POINT( '', ( 0.00870156675152032, 0.00193933982823000, 0.00477508805308409 ) );
#7272 = CARTESIAN_POINT( '', ( 0.00872726308560277, 0.00191582186383248, 0.00477909108283095 ) );
#7273 = CARTESIAN_POINT( '', ( 0.00877868324358815, 0.00186876077562686, 0.00478710142474756 ) );
#7274 = CARTESIAN_POINT( '', ( 0.00886297793980346, 0.00180566942925339, 0.00479544315731897 ) );
#7275 = CARTESIAN_POINT( '', ( 0.00895221994778521, 0.00174823357628550, 0.00480015692134245 ) );
#7276 = CARTESIAN_POINT( '', ( 0.00904675406168228, 0.00169698712067324, 0.00480025503445430 ) );
#7277 = CARTESIAN_POINT( '', ( 0.00914616956886046, 0.00165174939099618, 0.00479504324218760 ) );
#7278 = CARTESIAN_POINT( '', ( 0.00925013636439276, 0.00161270252024135, 0.00478352120585100 ) );
#7279 = CARTESIAN_POINT( '', ( 0.00935824392466861, 0.00157926411608106, 0.00476550525072810 ) );
#7280 = CARTESIAN_POINT( '', ( 0.00943143644194150, 0.00156243882847898, 0.00474721940927451 ) );
#7281 = CARTESIAN_POINT( '', ( 0.00946855366513482, 0.00155390642682800, 0.00473794633487019 ) );
#7282 = CARTESIAN_POINT( '', ( 0.00946855366513800, 0.00155390642682800, 0.00473794633488200 ) );
#7283 = VECTOR( '', #9388, 1.00000000000000 );
#7284 = COLOUR_RGB( '', 0.564705908300000, 0.811764717100000, 0.945098042500000 );
#7285 = CARTESIAN_POINT( '', ( 0.00639246972333200, 0.00184367965644000, 0.00464180254171700 ) );
#7286 = CARTESIAN_POINT( '', ( 0.00250000000000000, 0.00184367965644000, 0.00749399759807800 ) );
#7287 = AXIS2_PLACEMENT_3D( '', #9389, #9390, #9391 );
#7288 = CARTESIAN_POINT( '', ( 0.00250000000000000, 0.00509048666719100, 0.00392456430641700 ) );
#7289 = CARTESIAN_POINT( '', ( 0.00250000000001000, 0.00184367965645000, 0.00749399759808800 ) );
#7290 = CARTESIAN_POINT( '', ( 0.00250000000001000, 0.00218243837893500, 0.00713688594004400 ) );
#7291 = CARTESIAN_POINT( '', ( 0.00250000000001000, 0.00282576386356000, 0.00645358901317000 ) );
#7292 = CARTESIAN_POINT( '', ( 0.00250000000001000, 0.00368452981238900, 0.00552336188111600 ) );
#7293 = CARTESIAN_POINT( '', ( 0.00250000000001000, 0.00444392727501800, 0.00467815906227900 ) );
#7294 = CARTESIAN_POINT( '', ( 0.00250000000001000, 0.00488601333642900, 0.00416699984702500 ) );
#7295 = CARTESIAN_POINT( '', ( 0.00250000000001000, 0.00509048666720100, 0.00392456430642700 ) );
#7296 = CARTESIAN_POINT( '', ( 0.00392456430641700, 0.00509048666719100, 0.00250000000000000 ) );
#7297 = AXIS2_PLACEMENT_3D( '', #9392, #9393, #9394 );
#7298 = CARTESIAN_POINT( '', ( 0.00624500453720900, 0.00301686156244100, 0.00250000000000000 ) );
#7299 = CARTESIAN_POINT( '', ( 0.00392456430642700, 0.00509048666720100, 0.00250000000001000 ) );
#7300 = CARTESIAN_POINT( '', ( 0.00414747961455400, 0.00490247695781400, 0.00250000000001000 ) );
#7301 = CARTESIAN_POINT( '', ( 0.00461623315599800, 0.00449784180478000, 0.00250000000001000 ) );
#7302 = CARTESIAN_POINT( '', ( 0.00538672752131300, 0.00380831703956800, 0.00250000000001000 ) );
#7303 = CARTESIAN_POINT( '', ( 0.00595069093182100, 0.00329009472787700, 0.00250000000001000 ) );
#7304 = CARTESIAN_POINT( '', ( 0.00624500453721900, 0.00301686156245100, 0.00250000000001000 ) );
#7305 = CARTESIAN_POINT( '', ( 0.00644426439077200, 0.00208212668466000, 0.00414377248424900 ) );
#7306 = CARTESIAN_POINT( '', ( 0.00624500453721900, 0.00301686156245100, 0.00250000000001000 ) );
#7307 = CARTESIAN_POINT( '', ( 0.00623286844926800, 0.00300327647502800, 0.00256686973449200 ) );
#7308 = CARTESIAN_POINT( '', ( 0.00621387507552400, 0.00296977510661400, 0.00269914672417200 ) );
#7309 = CARTESIAN_POINT( '', ( 0.00619988638580100, 0.00290278466923800, 0.00289301176489600 ) );
#7310 = CARTESIAN_POINT( '', ( 0.00619910810635300, 0.00282218219783300, 0.00308010891262900 ) );
#7311 = CARTESIAN_POINT( '', ( 0.00621048402586300, 0.00272800313946000, 0.00326459970074400 ) );
#7312 = CARTESIAN_POINT( '', ( 0.00623410007062500, 0.00261975152346500, 0.00344869143943700 ) );
#7313 = CARTESIAN_POINT( '', ( 0.00626993126611500, 0.00249868021350000, 0.00363098662022600 ) );
#7314 = CARTESIAN_POINT( '', ( 0.00631728754793900, 0.00236734394826000, 0.00380883375119000 ) );
#7315 = CARTESIAN_POINT( '', ( 0.00637535097112800, 0.00222784056348100, 0.00398079255949900 ) );
#7316 = CARTESIAN_POINT( '', ( 0.00642029121605700, 0.00213126309880900, 0.00409020492851200 ) );
#7317 = CARTESIAN_POINT( '', ( 0.00644426439078200, 0.00208212668467000, 0.00414377248425900 ) );
#7318 = CARTESIAN_POINT( '', ( 0.00644426439077223, 0.00208212668465838, 0.00414377248425272 ) );
#7319 = CARTESIAN_POINT( '', ( 0.00645282904065209, 0.00206346754305386, 0.00416492164595597 ) );
#7320 = CARTESIAN_POINT( '', ( 0.00646949594061865, 0.00202715665458244, 0.00420607814008347 ) );
#7321 = CARTESIAN_POINT( '', ( 0.00648408398739000, 0.00197822547118012, 0.00427314476924864 ) );
#7322 = CARTESIAN_POINT( '', ( 0.00648963506948837, 0.00193566643841889, 0.00434175575640148 ) );
#7323 = CARTESIAN_POINT( '', ( 0.00648428019385757, 0.00189201397380976, 0.00442774896423678 ) );
#7324 = CARTESIAN_POINT( '', ( 0.00646031315627897, 0.00185224638954959, 0.00453274445588677 ) );
#7325 = CARTESIAN_POINT( '', ( 0.00641472475983133, 0.00184648984675117, 0.00460602764685821 ) );
#7326 = CARTESIAN_POINT( '', ( 0.00639246972333234, 0.00184367965643806, 0.00464180254171999 ) );
#7327 = COLOUR_RGB( '', 0.564705908300000, 0.811764717100000, 0.945098042500000 );
#7328 = CARTESIAN_POINT( '', ( -0.00836978126294300, -0.00150000000000000, 0.00495072405620600 ) );
#7329 = CARTESIAN_POINT( '', ( -0.00789667553872200, -0.00150000000000000, 0.00472776593702600 ) );
#7330 = AXIS2_PLACEMENT_3D( '', #9395, #9396, #9397 );
#7331 = CARTESIAN_POINT( '', ( -0.00789667553872200, 0.000500000000000000, 0.00472776593702600 ) );
#7332 = CARTESIAN_POINT( '', ( -0.00789667553873200, 0.000500000000010000, 0.00472776593703600 ) );
#7333 = VECTOR( '', #9398, 1.00000000000000 );
#7334 = CARTESIAN_POINT( '', ( -0.00836978126294300, 0.000500000000000000, 0.00495072405620600 ) );
#7335 = AXIS2_PLACEMENT_3D( '', #9399, #9400, #9401 );
#7336 = CARTESIAN_POINT( '', ( -0.00836978126295300, 0.000500000000010000, 0.00495072405621600 ) );
#7337 = VECTOR( '', #9402, 1.00000000000000 );
#7338 = COLOUR_RGB( '', 0.564705908300000, 0.811764717100000, 0.945098042500000 );
#7339 = CARTESIAN_POINT( '', ( -0.00286433366226600, 0.00242019159335400, -0.00900000001896300 ) );
#7340 = CARTESIAN_POINT( '', ( -0.00280000000000000, 0.00242983212159000, -0.00900000000000000 ) );
#7341 = CARTESIAN_POINT( '', ( -0.00286433366227600, 0.00242019159336400, -0.00900000001897300 ) );
#7342 = CARTESIAN_POINT( '', ( -0.00285366187663000, 0.00242342803456300, -0.00900000001897300 ) );
#7343 = CARTESIAN_POINT( '', ( -0.00283225672064600, 0.00242823572115400, -0.00899999999052800 ) );
#7344 = CARTESIAN_POINT( '', ( -0.00281076823179100, 0.00242983212160000, -0.00900000000001000 ) );
#7345 = CARTESIAN_POINT( '', ( -0.00280000000001000, 0.00242983212160000, -0.00900000000001000 ) );
#7346 = CARTESIAN_POINT( '', ( -0.00280000000000000, 0.00150000000000000, -0.00900000000000000 ) );
#7347 = CARTESIAN_POINT( '', ( -0.00280000000001000, 0.00150000000001000, -0.00900000000001000 ) );
#7348 = VECTOR( '', #9403, 1.00000000000000 );
#7349 = CARTESIAN_POINT( '', ( 0.00280000000000000, 0.00150000000000000, -0.00900000000000000 ) );
#7350 = CARTESIAN_POINT( '', ( -0.00280000000001000, 0.00150000000001000, -0.00900000000001000 ) );
#7351 = VECTOR( '', #9404, 1.00000000000000 );
#7352 = CARTESIAN_POINT( '', ( 0.00280000000000000, 0.00242983193965200, -0.00900000000000000 ) );
#7353 = CARTESIAN_POINT( '', ( 0.00280000000001000, 0.00242983193966200, -0.00900000000001000 ) );
#7354 = VECTOR( '', #9405, 1.00000000000000 );
#7355 = CARTESIAN_POINT( '', ( 0.00286433347752500, 0.00242019158796700, -0.00900000000421200 ) );
#7356 = CARTESIAN_POINT( '', ( 0.00280000000001000, 0.00242983193966200, -0.00900000000001000 ) );
#7357 = CARTESIAN_POINT( '', ( 0.00281076831182900, 0.00242983193966200, -0.00900000000001000 ) );
#7358 = CARTESIAN_POINT( '', ( 0.00283225657498600, 0.00242823550358700, -0.00899999999790400 ) );
#7359 = CARTESIAN_POINT( '', ( 0.00285366198568800, 0.00242342793981500, -0.00900000000422200 ) );
#7360 = CARTESIAN_POINT( '', ( 0.00286433347753500, 0.00242019158797700, -0.00900000000422200 ) );
#7361 = CARTESIAN_POINT( '', ( 0.00418553817873600, 0.00193933982822000, -0.00900000000000000 ) );
#7362 = CARTESIAN_POINT( '', ( 0.00418553817874600, 0.00193933982823000, -0.00900000000001000 ) );
#7363 = CARTESIAN_POINT( '', ( 0.00395798684760200, 0.00203529564050300, -0.00900000000001000 ) );
#7364 = CARTESIAN_POINT( '', ( 0.00351016728768300, 0.00221125009971800, -0.00899999999790400 ) );
#7365 = CARTESIAN_POINT( '', ( 0.00307711293178300, 0.00235566181929700, -0.00900000000422200 ) );
#7366 = CARTESIAN_POINT( '', ( 0.00286433347753500, 0.00242019158797700, -0.00900000000422200 ) );
#7367 = CARTESIAN_POINT( '', ( 0.00630073286938200, 0.00150000000000000, -0.00900000000000000 ) );
#7368 = CARTESIAN_POINT( '', ( 0.00418553817874600, 0.00193933982823000, -0.00900000000000000 ) );
#7369 = CARTESIAN_POINT( '', ( 0.00468270526152024, 0.00172969011524996, -0.00900000000000000 ) );
#7370 = CARTESIAN_POINT( '', ( 0.00523945076168109, 0.00161399321060606, -0.00900000000000000 ) );
#7371 = CARTESIAN_POINT( '', ( 0.00578799790945125, 0.00150000000001000, -0.00900000000000000 ) );
#7372 = CARTESIAN_POINT( '', ( 0.00630073286939200, 0.00150000000001000, -0.00900000000000000 ) );
#7373 = CARTESIAN_POINT( '', ( 0.0120000000000000, 0.00150000000000000, -0.00900000000000000 ) );
#7374 = CARTESIAN_POINT( '', ( 0.0120000000000100, 0.00150000000001000, -0.00900000000001000 ) );
#7375 = VECTOR( '', #9406, 1.00000000000000 );
#7376 = CARTESIAN_POINT( '', ( 0.0120000000000000, -0.00150000000000000, -0.00900000000000000 ) );
#7377 = CARTESIAN_POINT( '', ( 0.0120000000000100, 0.00150000000001000, -0.00900000000001000 ) );
#7378 = VECTOR( '', #9407, 1.00000000000000 );
#7379 = CARTESIAN_POINT( '', ( -0.0120000000000000, -0.00150000000000000, -0.00900000000000000 ) );
#7380 = CARTESIAN_POINT( '', ( 0.0120000000000100, -0.00150000000001000, -0.00900000000001000 ) );
#7381 = VECTOR( '', #9408, 1.00000000000000 );
#7382 = CARTESIAN_POINT( '', ( -0.0120000000000000, 0.00150000000000000, -0.00900000000000000 ) );
#7383 = CARTESIAN_POINT( '', ( -0.0120000000000100, 0.00150000000001000, -0.00900000000001000 ) );
#7384 = VECTOR( '', #9409, 1.00000000000000 );
#7385 = CARTESIAN_POINT( '', ( -0.00630073286938200, 0.00150000000000000, -0.00900000000000000 ) );
#7386 = CARTESIAN_POINT( '', ( -0.00630073286939200, 0.00150000000001000, -0.00900000000001000 ) );
#7387 = VECTOR( '', #9410, 1.00000000000000 );
#7388 = CARTESIAN_POINT( '', ( -0.00418553817873600, 0.00193933982822000, -0.00900000000000000 ) );
#7389 = CARTESIAN_POINT( '', ( -0.00630073286939200, 0.00150000000001000, -0.00900000000000000 ) );
#7390 = CARTESIAN_POINT( '', ( -0.00578851031387940, 0.00150000000001000, -0.00900000000000000 ) );
#7391 = CARTESIAN_POINT( '', ( -0.00523945076168110, 0.00161399321060606, -0.00900000000000000 ) );
#7392 = CARTESIAN_POINT( '', ( -0.00468320963558060, 0.00172947742643638, -0.00900000000000000 ) );
#7393 = CARTESIAN_POINT( '', ( -0.00418553817874600, 0.00193933982823000, -0.00900000000000000 ) );
#7394 = CARTESIAN_POINT( '', ( -0.00286433366227600, 0.00242019159336400, -0.00900000001897300 ) );
#7395 = CARTESIAN_POINT( '', ( -0.00307710930708600, 0.00235566298025700, -0.00900000001897300 ) );
#7396 = CARTESIAN_POINT( '', ( -0.00351016044321200, 0.00221125256659800, -0.00899999999052800 ) );
#7397 = CARTESIAN_POINT( '', ( -0.00395798336281700, 0.00203529710999700, -0.00900000000001000 ) );
#7398 = CARTESIAN_POINT( '', ( -0.00418553817874600, 0.00193933982823000, -0.00900000000001000 ) );
#7399 = COLOUR_RGB( '', 0.564705908300000, 0.811764717100000, 0.945098042500000 );
#7400 = CARTESIAN_POINT( '', ( -0.00886977583484800, 0.000500000000000000, 0.00756578947368400 ) );
#7401 = CARTESIAN_POINT( '', ( -0.00857143143616200, 0.000500000000000000, 0.00529649619541700 ) );
#7402 = AXIS2_PLACEMENT_3D( '', #9411, #9412, #9413 );
#7403 = CARTESIAN_POINT( '', ( -0.00886977583484800, -0.00150000000000000, 0.00756578947368400 ) );
#7404 = CARTESIAN_POINT( '', ( -0.00886977583485800, 0.000500000000010000, 0.00756578947369400 ) );
#7405 = VECTOR( '', #9414, 1.00000000000000 );
#7406 = CARTESIAN_POINT( '', ( -0.00857143143616200, -0.00150000000000000, 0.00529649619541700 ) );
#7407 = AXIS2_PLACEMENT_3D( '', #9415, #9416, #9417 );
#7408 = CARTESIAN_POINT( '', ( -0.00857143143617200, 0.000500000000010000, 0.00529649619542700 ) );
#7409 = VECTOR( '', #9418, 1.00000000000000 );
#7410 = COLOUR_RGB( '', 0.564705908300000, 0.811764717100000, 0.945098042500000 );
#7411 = CARTESIAN_POINT( '', ( -0.00622325412422600, 0.00150000000000000, -0.00237906932618200 ) );
#7412 = CARTESIAN_POINT( '', ( -0.00623232618152500, 0.00150000000000000, -0.00257575757575800 ) );
#7413 = AXIS2_PLACEMENT_3D( '', #9419, #9420, #9421 );
#7414 = CARTESIAN_POINT( '', ( -0.00573809871394000, 0.000914160627087000, -0.00200000000000000 ) );
#7415 = CARTESIAN_POINT( '', ( -0.00573809871394844, 0.000914160627098649, -0.00200000000000945 ) );
#7416 = CARTESIAN_POINT( '', ( -0.00575876458785377, 0.000933920517725556, -0.00200072593543553 ) );
#7417 = CARTESIAN_POINT( '', ( -0.00580040654047825, 0.000973736904543748, -0.00200218870293132 ) );
#7418 = CARTESIAN_POINT( '', ( -0.00586138037698280, 0.00103528318025277, -0.00201412427003977 ) );
#7419 = CARTESIAN_POINT( '', ( -0.00592780091667578, 0.00110503474270167, -0.00203546947642024 ) );
#7420 = CARTESIAN_POINT( '', ( -0.00599753409611589, 0.00118208812275826, -0.00206964856218829 ) );
#7421 = CARTESIAN_POINT( '', ( -0.00606465358011261, 0.00126148590984110, -0.00211844812869128 ) );
#7422 = CARTESIAN_POINT( '', ( -0.00612176783846779, 0.00133445269073461, -0.00217597749366854 ) );
#7423 = CARTESIAN_POINT( '', ( -0.00616655559507660, 0.00139786814860527, -0.00223888691265451 ) );
#7424 = CARTESIAN_POINT( '', ( -0.00620160215395212, 0.00145387979886473, -0.00230607042441545 ) );
#7425 = CARTESIAN_POINT( '', ( -0.00621614400935225, 0.00148485496128001, -0.00235509780899778 ) );
#7426 = CARTESIAN_POINT( '', ( -0.00622325412423440, 0.00150000000001171, -0.00237906932619140 ) );
#7427 = CARTESIAN_POINT( '', ( -0.00573809871394000, -0.00150000000000000, -0.00200000000000000 ) );
#7428 = CARTESIAN_POINT( '', ( -0.00573809871395000, -0.00150000000001000, -0.00200000000001000 ) );
#7429 = VECTOR( '', #9422, 1.00000000000000 );
#7430 = CARTESIAN_POINT( '', ( -0.00623232618152500, -0.00150000000000000, -0.00257575757575800 ) );
#7431 = AXIS2_PLACEMENT_3D( '', #9423, #9424, #9425 );
#7432 = CARTESIAN_POINT( '', ( -0.00623232618153500, -0.00150000000001000, -0.00257575757576800 ) );
#7433 = VECTOR( '', #9426, 1.00000000000000 );
#7434 = COLOUR_RGB( '', 0.564705908300000, 0.811764717100000, 0.945098042500000 );
#7435 = CARTESIAN_POINT( '', ( -0.00738466063387600, 0.000500000000000000, -0.00105259599673700 ) );
#7436 = CARTESIAN_POINT( '', ( -0.00738466063387600, 0.000500000000000000, 0.00105259599673700 ) );
#7437 = CARTESIAN_POINT( '', ( -0.00738466063388600, 0.000500000000010000, -0.00105259599674700 ) );
#7438 = VECTOR( '', #9427, 1.00000000000000 );
#7439 = CARTESIAN_POINT( '', ( -0.00785257629763600, 0.000500000000000000, 0.00130120076311100 ) );
#7440 = AXIS2_PLACEMENT_3D( '', #9428, #9429, #9430 );
#7441 = CARTESIAN_POINT( '', ( -0.00836978126294300, 0.000500000000000000, 0.00104927594379400 ) );
#7442 = AXIS2_PLACEMENT_3D( '', #9431, #9432, #9433 );
#7443 = AXIS2_PLACEMENT_3D( '', #9434, #9435, #9436 );
#7444 = CARTESIAN_POINT( '', ( -0.00836978126294300, 0.000500000000000000, -0.00104927594379400 ) );
#7445 = AXIS2_PLACEMENT_3D( '', #9437, #9438, #9439 );
#7446 = CARTESIAN_POINT( '', ( -0.00785257629763600, 0.000500000000000000, -0.00130120076311100 ) );
#7447 = AXIS2_PLACEMENT_3D( '', #9440, #9441, #9442 );
#7448 = AXIS2_PLACEMENT_3D( '', #9443, #9444, #9445 );
#7449 = COLOUR_RGB( '', 0.564705908300000, 0.811764717100000, 0.945098042500000 );
#7450 = CARTESIAN_POINT( '', ( -0.0110102328548100, 0.000700000000000000, 0.00370427331803300 ) );
#7451 = CARTESIAN_POINT( '', ( -0.0110102328548100, 0.00150000000000000, 0.00370427331803300 ) );
#7452 = CARTESIAN_POINT( '', ( -0.0110102328548200, 0.000700000000010000, 0.00370427331804300 ) );
#7453 = VECTOR( '', #9446, 1.00000000000000 );
#7454 = CARTESIAN_POINT( '', ( -0.0107379463348700, 0.000700000000000000, 0.00346855366512800 ) );
#7455 = AXIS2_PLACEMENT_3D( '', #9447, #9448, #9449 );
#7456 = CARTESIAN_POINT( '', ( -0.0107379463348700, 0.00150000000000000, 0.00346855366512800 ) );
#7457 = CARTESIAN_POINT( '', ( -0.0107379463348800, 0.000700000000010000, 0.00346855366513800 ) );
#7458 = VECTOR( '', #9450, 1.00000000000000 );
#7459 = AXIS2_PLACEMENT_3D( '', #9451, #9452, #9453 );
#7460 = COLOUR_RGB( '', 0.564705908300000, 0.811764717100000, 0.945098042500000 );
#7461 = CARTESIAN_POINT( '', ( 0.0145000000000200, -0.000700000000010000, 0.00600000000001000 ) );
#7462 = AXIS2_PLACEMENT_3D( '', #9454, #9455, #9456 );
#7463 = CARTESIAN_POINT( '', ( 0.00950000000000000, -0.00150000000001000, 0.00600000000001000 ) );
#7464 = AXIS2_PLACEMENT_3D( '', #9457, #9458, #9459 );
#7465 = COLOUR_RGB( '', 0.564705908300000, 0.811764717100000, 0.945098042500000 );
#7466 = CARTESIAN_POINT( '', ( 0.00369791988451900, 0.00566126201251900, 0.00250000000000000 ) );
#7467 = AXIS2_PLACEMENT_3D( '', #9460, #9461, #9462 );
#7468 = CARTESIAN_POINT( '', ( 0.00369791988451900, 0.00619104732316400, 0.00250000000000000 ) );
#7469 = CARTESIAN_POINT( '', ( 0.00369791988452900, 0.00566126201252900, 0.00250000000001000 ) );
#7470 = VECTOR( '', #9463, 1.00000000000000 );
#7471 = CARTESIAN_POINT( '', ( 0.00393162655341500, 0.00638649894609400, 0.00250000000000000 ) );
#7472 = CARTESIAN_POINT( '', ( 0.00369791988452900, 0.00619104732317400, 0.00250000000001000 ) );
#7473 = CARTESIAN_POINT( '', ( 0.00373626982346200, 0.00622281805684300, 0.00250000000001000 ) );
#7474 = CARTESIAN_POINT( '', ( 0.00381356912782000, 0.00628716617835000, 0.00250000000001000 ) );
#7475 = CARTESIAN_POINT( '', ( 0.00389207250694000, 0.00635312124662400, 0.00250000000001000 ) );
#7476 = CARTESIAN_POINT( '', ( 0.00393162655342500, 0.00638649894610400, 0.00250000000001000 ) );
#7477 = CARTESIAN_POINT( '', ( 0.00457621245104900, 0.00607587615706000, 0.00250000000000000 ) );
#7478 = CARTESIAN_POINT( '', ( 0.00457621245105900, 0.00607587615707000, 0.00250000000001000 ) );
#7479 = CARTESIAN_POINT( '', ( 0.00453493750924800, 0.00611108243446700, 0.00250000000001000 ) );
#7480 = CARTESIAN_POINT( '', ( 0.00444651631991200, 0.00617727101142200, 0.00250000000001000 ) );
#7481 = CARTESIAN_POINT( '', ( 0.00430077001526500, 0.00626147748776500, 0.00250000000001000 ) );
#7482 = CARTESIAN_POINT( '', ( 0.00412648775084200, 0.00633556963158800, 0.00250000000001000 ) );
#7483 = CARTESIAN_POINT( '', ( 0.00399899169163700, 0.00637180376702500, 0.00250000000001000 ) );
#7484 = CARTESIAN_POINT( '', ( 0.00393162655342500, 0.00638649894610400, 0.00250000000001000 ) );
#7485 = CARTESIAN_POINT( '', ( 0.00690954550396300, 0.00398541440426200, 0.00250000000000000 ) );
#7486 = CARTESIAN_POINT( '', ( 0.00690954550397300, 0.00398541440427200, 0.00250000000001000 ) );
#7487 = CARTESIAN_POINT( '', ( 0.00677377064596200, 0.00411124934328000, 0.00250000000001000 ) );
#7488 = CARTESIAN_POINT( '', ( 0.00650512971210400, 0.00435920435708900, 0.00250000000001000 ) );
#7489 = CARTESIAN_POINT( '', ( 0.00609970089118700, 0.00472975278167000, 0.00250000000001000 ) );
#7490 = CARTESIAN_POINT( '', ( 0.00572455204221700, 0.00506873600710000, 0.00250000000001000 ) );
#7491 = CARTESIAN_POINT( '', ( 0.00538912388716000, 0.00536821790131100, 0.00250000000001000 ) );
#7492 = CARTESIAN_POINT( '', ( 0.00508677954353900, 0.00563479366237900, 0.00250000000001000 ) );
#7493 = CARTESIAN_POINT( '', ( 0.00481559547074300, 0.00587078291564400, 0.00250000000001000 ) );
#7494 = CARTESIAN_POINT( '', ( 0.00465280616687600, 0.00601054190576300, 0.00250000000001000 ) );
#7495 = CARTESIAN_POINT( '', ( 0.00457621245105900, 0.00607587615707000, 0.00250000000001000 ) );
#7496 = CARTESIAN_POINT( '', ( 0.00690954550396300, 0.00150000000000000, 0.00250000000000000 ) );
#7497 = CARTESIAN_POINT( '', ( 0.00690954550397300, 0.00398541440427200, 0.00250000000001000 ) );
#7498 = VECTOR( '', #9464, 1.00000000000000 );
#7499 = CARTESIAN_POINT( '', ( 0.00624500453720900, 0.00150000000000000, 0.00250000000000000 ) );
#7500 = CARTESIAN_POINT( '', ( 0.00624500453721900, 0.00150000000001000, 0.00250000000001000 ) );
#7501 = VECTOR( '', #9465, 1.00000000000000 );
#7502 = CARTESIAN_POINT( '', ( 0.00624500453721900, 0.00301686156245100, 0.00250000000001000 ) );
#7503 = VECTOR( '', #9466, 1.00000000000000 );
#7504 = COLOUR_RGB( '', 0.564705908300000, 0.811764717100000, 0.945098042500000 );
#7505 = CARTESIAN_POINT( '', ( 0.00886977583484800, -0.00150000000000000, -0.00756578947368400 ) );
#7506 = CARTESIAN_POINT( '', ( 0.00860147090640700, -0.00150000000000000, -0.00800000000000000 ) );
#7507 = AXIS2_PLACEMENT_3D( '', #9467, #9468, #9469 );
#7508 = CARTESIAN_POINT( '', ( 0.00886977583484800, 0.000500000000000000, -0.00756578947368400 ) );
#7509 = CARTESIAN_POINT( '', ( 0.00886977583485800, 0.000500000000010000, -0.00756578947369400 ) );
#7510 = VECTOR( '', #9470, 1.00000000000000 );
#7511 = CARTESIAN_POINT( '', ( 0.00860147090640700, 0.000500000000000000, -0.00800000000000000 ) );
#7512 = AXIS2_PLACEMENT_3D( '', #9471, #9472, #9473 );
#7513 = CARTESIAN_POINT( '', ( 0.00860147090641700, 0.000500000000010000, -0.00800000000001000 ) );
#7514 = VECTOR( '', #9474, 1.00000000000000 );
#7515 = COLOUR_RGB( '', 0.564705908300000, 0.811764717100000, 0.945098042500000 );
#7516 = CARTESIAN_POINT( '', ( 0.00950000000000000, -0.000700000000010000, -0.00600000000001000 ) );
#7517 = AXIS2_PLACEMENT_3D( '', #9475, #9476, #9477 );
#7518 = CARTESIAN_POINT( '', ( 0.00950000000000000, -0.00150000000001000, -0.00600000000001000 ) );
#7519 = AXIS2_PLACEMENT_3D( '', #9478, #9479, #9480 );
#7520 = COLOUR_RGB( '', 0.564705908300000, 0.811764717100000, 0.945098042500000 );
#7521 = CARTESIAN_POINT( '', ( -0.00199999975049800, 0.00150000000000000, -0.00635522589471800 ) );
#7522 = CARTESIAN_POINT( '', ( 0.00199999998599300, 0.00150000000000000, -0.00635522664302900 ) );
#7523 = AXIS2_PLACEMENT_3D( '', #9481, #9482, #9483 );
#7524 = CARTESIAN_POINT( '', ( 0.00200000000000000, 0.00150000000000000, -0.00696491205974600 ) );
#7525 = CARTESIAN_POINT( '', ( 0.00200000000001000, 0.00150000000001000, -0.00696491205975600 ) );
#7526 = VECTOR( '', #9484, 1.00000000000000 );
#7527 = CARTESIAN_POINT( '', ( 0.00266891891891900, 0.00150000000000000, -0.00743551422594500 ) );
#7528 = AXIS2_PLACEMENT_3D( '', #9485, #9486, #9487 );
#7529 = AXIS2_PLACEMENT_3D( '', #9488, #9489, #9490 );
#7530 = AXIS2_PLACEMENT_3D( '', #9491, #9492, #9493 );
#7531 = CARTESIAN_POINT( '', ( -0.00250000000000000, 0.00150000000000000, -0.00870000000000000 ) );
#7532 = AXIS2_PLACEMENT_3D( '', #9494, #9495, #9496 );
#7533 = CARTESIAN_POINT( '', ( -0.00250000000000000, 0.00150000000000000, -0.00749399759807800 ) );
#7534 = CARTESIAN_POINT( '', ( -0.00250000000001000, 0.00150000000001000, -0.00870000000001000 ) );
#7535 = VECTOR( '', #9497, 1.00000000000000 );
#7536 = CARTESIAN_POINT( '', ( -0.00266891891891900, 0.00150000000000000, -0.00743551422594500 ) );
#7537 = AXIS2_PLACEMENT_3D( '', #9498, #9499, #9500 );
#7538 = CARTESIAN_POINT( '', ( -0.00200000000000000, 0.00150000000000000, -0.00696491205974600 ) );
#7539 = AXIS2_PLACEMENT_3D( '', #9501, #9502, #9503 );
#7540 = CARTESIAN_POINT( '', ( -0.00200000000001000, 0.00150000000001000, -0.00696491205975600 ) );
#7541 = VECTOR( '', #9504, 1.00000000000000 );
#7542 = COLOUR_RGB( '', 0.564705908300000, 0.811764717100000, 0.945098042500000 );
#7543 = CARTESIAN_POINT( '', ( -0.00280000000000000, 0.00242983196029300, 0.00900000000000000 ) );
#7544 = CARTESIAN_POINT( '', ( -0.00250000000000000, 0.00230126111049000, 0.00870000000000000 ) );
#7545 = CARTESIAN_POINT( '', ( -0.00280000000001000, 0.00242983196029291, 0.00900000000000038 ) );
#7546 = CARTESIAN_POINT( '', ( -0.00278219253992669, 0.00242947685048668, 0.00899903309675581 ) );
#7547 = CARTESIAN_POINT( '', ( -0.00274545336470992, 0.00242874421139435, 0.00899703824585885 ) );
#7548 = CARTESIAN_POINT( '', ( -0.00269102389211614, 0.00242213581361958, 0.00898105297875097 ) );
#7549 = CARTESIAN_POINT( '', ( -0.00263856529390470, 0.00241079478875672, 0.00895506932241219 ) );
#7550 = CARTESIAN_POINT( '', ( -0.00259305211877892, 0.00239534457841104, 0.00891970764567074 ) );
#7551 = CARTESIAN_POINT( '', ( -0.00255347764393102, 0.00237615299922156, 0.00887439682787255 ) );
#7552 = CARTESIAN_POINT( '', ( -0.00252017692748598, 0.00235101261739450, 0.00881595929192346 ) );
#7553 = CARTESIAN_POINT( '', ( -0.00250230569677800, 0.00232449361356411, 0.00875501469423209 ) );
#7554 = CARTESIAN_POINT( '', ( -0.00250059086343422, 0.00230721472793941, 0.00871409819864321 ) );
#7555 = CARTESIAN_POINT( '', ( -0.00249999999999992, 0.00230126111050000, 0.00870000000001000 ) );
#7556 = CARTESIAN_POINT( '', ( -0.00250000000000000, 0.00607587615706000, 0.00457621245104900 ) );
#7557 = CARTESIAN_POINT( '', ( -0.00250000000001000, 0.00230126111050000, 0.00870000000001000 ) );
#7558 = CARTESIAN_POINT( '', ( -0.00250000000001000, 0.00243640476075800, 0.00855802969343000 ) );
#7559 = CARTESIAN_POINT( '', ( -0.00250000000001000, 0.00269323852717400, 0.00828756611671000 ) );
#7560 = CARTESIAN_POINT( '', ( -0.00250000000001000, 0.00303624693446700, 0.00792463264448200 ) );
#7561 = CARTESIAN_POINT( '', ( -0.00250000000001000, 0.00334334908710400, 0.00759812646302300 ) );
#7562 = CARTESIAN_POINT( '', ( -0.00250000000001000, 0.00362220872925100, 0.00730019782362400 ) );
#7563 = CARTESIAN_POINT( '', ( -0.00250000000001000, 0.00388239736051100, 0.00702081943972200 ) );
#7564 = CARTESIAN_POINT( '', ( -0.00250000000001000, 0.00413359557183000, 0.00674965730824600 ) );
#7565 = CARTESIAN_POINT( '', ( -0.00250000000001000, 0.00438430769751300, 0.00647743337857800 ) );
#7566 = CARTESIAN_POINT( '', ( -0.00250000000001000, 0.00463993754250100, 0.00619801634454600 ) );
#7567 = CARTESIAN_POINT( '', ( -0.00250000000001000, 0.00489807144129800, 0.00591365058790200 ) );
#7568 = CARTESIAN_POINT( '', ( -0.00250000000001000, 0.00514128847491800, 0.00564335162186400 ) );
#7569 = CARTESIAN_POINT( '', ( -0.00250000000001000, 0.00535715441324300, 0.00540125505490200 ) );
#7570 = CARTESIAN_POINT( '', ( -0.00250000000001000, 0.00554297066133100, 0.00519100749489500 ) );
#7571 = CARTESIAN_POINT( '', ( -0.00250000000001000, 0.00571023320683400, 0.00500014962633700 ) );
#7572 = CARTESIAN_POINT( '', ( -0.00250000000001000, 0.00588109135079100, 0.00480346980647400 ) );
#7573 = CARTESIAN_POINT( '', ( -0.00250000000001000, 0.00600930362897100, 0.00465425782741900 ) );
#7574 = CARTESIAN_POINT( '', ( -0.00250000000001000, 0.00607587615707000, 0.00457621245105900 ) );
#7575 = AXIS2_PLACEMENT_3D( '', #9505, #9506, #9507 );
#7576 = CARTESIAN_POINT( '', ( -0.00286433349752400, 0.00242019158862000, 0.00900000000583000 ) );
#7577 = CARTESIAN_POINT( '', ( -0.00286433349753400, 0.00242019158863000, 0.00900000000584000 ) );
#7578 = CARTESIAN_POINT( '', ( -0.00286531345350400, 0.00256082961634300, 0.00885209939978700 ) );
#7579 = CARTESIAN_POINT( '', ( -0.00286726412391900, 0.00282787434880300, 0.00857053301215300 ) );
#7580 = CARTESIAN_POINT( '', ( -0.00287010168142100, 0.00318434500823600, 0.00819274965497900 ) );
#7581 = CARTESIAN_POINT( '', ( -0.00287284232619400, 0.00350240049609900, 0.00785392331053000 ) );
#7582 = CARTESIAN_POINT( '', ( -0.00287550746434900, 0.00378970925242100, 0.00754623372303100 ) );
#7583 = CARTESIAN_POINT( '', ( -0.00287815663813600, 0.00405608628376900, 0.00725941257551900 ) );
#7584 = CARTESIAN_POINT( '', ( -0.00288087782251800, 0.00431175007274700, 0.00698254862310800 ) );
#7585 = CARTESIAN_POINT( '', ( -0.00288377461700800, 0.00456584384345500, 0.00670565309434000 ) );
#7586 = CARTESIAN_POINT( '', ( -0.00288694414903100, 0.00482460639750200, 0.00642165256265200 ) );
#7587 = CARTESIAN_POINT( '', ( -0.00289042154110200, 0.00508737589943600, 0.00613081889021300 ) );
#7588 = CARTESIAN_POINT( '', ( -0.00289398729261600, 0.00533614244690300, 0.00585283642751300 ) );
#7589 = CARTESIAN_POINT( '', ( -0.00289740658514100, 0.00555732764858000, 0.00560319368523800 ) );
#7590 = CARTESIAN_POINT( '', ( -0.00290054680836000, 0.00574724123950300, 0.00538674765383500 ) );
#7591 = CARTESIAN_POINT( '', ( -0.00290352895581900, 0.00591725669885200, 0.00519117464318300 ) );
#7592 = CARTESIAN_POINT( '', ( -0.00290674225747500, 0.00609034978804100, 0.00499014036264000 ) );
#7593 = CARTESIAN_POINT( '', ( -0.00290932199434200, 0.00622051389111800, 0.00483713881191200 ) );
#7594 = CARTESIAN_POINT( '', ( -0.00291071485952100, 0.00628800819139700, 0.00475716056488000 ) );
#7595 = CARTESIAN_POINT( '', ( -0.00280000000001000, 0.00242983196030300, 0.00900000000001000 ) );
#7596 = CARTESIAN_POINT( '', ( -0.00281076830316400, 0.00242983196030300, 0.00900000000001000 ) );
#7597 = CARTESIAN_POINT( '', ( -0.00283225659096900, 0.00242823552801800, 0.00899999999709500 ) );
#7598 = CARTESIAN_POINT( '', ( -0.00285366197374800, 0.00242342795040900, 0.00900000000584000 ) );
#7599 = CARTESIAN_POINT( '', ( -0.00286433349753400, 0.00242019158863000, 0.00900000000584000 ) );
#7600 = COLOUR_RGB( '', 0.564705908300000, 0.811764717100000, 0.945098042500000 );
#7601 = CARTESIAN_POINT( '', ( -0.00624500453720900, 0.00150000000000000, -0.00250000000000000 ) );
#7602 = AXIS2_PLACEMENT_3D( '', #9508, #9509, #9510 );
#7603 = CARTESIAN_POINT( '', ( -0.00727083835342100, 0.00150000000000000, -0.00250000000000000 ) );
#7604 = CARTESIAN_POINT( '', ( -0.00727083835343100, 0.00150000000001000, -0.00250000000001000 ) );
#7605 = VECTOR( '', #9511, 1.00000000000000 );
#7606 = CARTESIAN_POINT( '', ( -0.00946855366512800, 0.00150000000000000, -0.00126205366512800 ) );
#7607 = AXIS2_PLACEMENT_3D( '', #9512, #9513, #9514 );
#7608 = CARTESIAN_POINT( '', ( -0.00970427331803300, 0.00150000000000000, -0.000989767145193400 ) );
#7609 = AXIS2_PLACEMENT_3D( '', #9515, #9516, #9517 );
#7610 = CARTESIAN_POINT( '', ( -0.00970427331803300, 0.00150000000000000, 0.000989767145193400 ) );
#7611 = AXIS2_PLACEMENT_3D( '', #9518, #9519, #9520 );
#7612 = CARTESIAN_POINT( '', ( -0.00946855366512800, 0.00150000000000000, 0.00126205366512800 ) );
#7613 = AXIS2_PLACEMENT_3D( '', #9521, #9522, #9523 );
#7614 = AXIS2_PLACEMENT_3D( '', #9524, #9525, #9526 );
#7615 = CARTESIAN_POINT( '', ( -0.00624500453720900, 0.00150000000000000, 0.00250000000000000 ) );
#7616 = CARTESIAN_POINT( '', ( -0.00690954550397300, 0.00150000000001000, 0.00250000000001000 ) );
#7617 = VECTOR( '', #9527, 1.00000000000000 );
#7618 = CARTESIAN_POINT( '', ( -0.00623232618152500, 0.00150000000000000, 0.00257575757575800 ) );
#7619 = AXIS2_PLACEMENT_3D( '', #9528, #9529, #9530 );
#7620 = CARTESIAN_POINT( '', ( -0.00622325474007700, 0.00150000000000000, 0.00237907179691000 ) );
#7621 = AXIS2_PLACEMENT_3D( '', #9531, #9532, #9533 );
#7622 = AXIS2_PLACEMENT_3D( '', #9534, #9535, #9536 );
#7623 = COLOUR_RGB( '', 0.564705908300000, 0.811764717100000, 0.945098042500000 );
#7624 = CARTESIAN_POINT( '', ( 0.00970427331803300, 0.000700000000000000, -0.000989767145193400 ) );
#7625 = CARTESIAN_POINT( '', ( 0.00970427331803300, 0.00150000000000000, -0.000989767145193400 ) );
#7626 = CARTESIAN_POINT( '', ( 0.00970427331804300, 0.000700000000010000, -0.000989767145203400 ) );
#7627 = VECTOR( '', #9537, 1.00000000000000 );
#7628 = CARTESIAN_POINT( '', ( 0.00946855366512800, 0.000700000000000000, -0.00126205366512800 ) );
#7629 = AXIS2_PLACEMENT_3D( '', #9538, #9539, #9540 );
#7630 = CARTESIAN_POINT( '', ( 0.00946855366512800, 0.00150000000000000, -0.00126205366512800 ) );
#7631 = CARTESIAN_POINT( '', ( 0.00946855366513800, 0.000700000000010000, -0.00126205366513800 ) );
#7632 = VECTOR( '', #9541, 1.00000000000000 );
#7633 = AXIS2_PLACEMENT_3D( '', #9542, #9543, #9544 );
#7634 = COLOUR_RGB( '', 0.564705908300000, 0.811764717100000, 0.945098042500000 );
#7635 = CARTESIAN_POINT( '', ( 0.0120000000000000, 0.00150000000000000, 0.00900000000000000 ) );
#7636 = AXIS2_PLACEMENT_3D( '', #9545, #9546, #9547 );
#7637 = CARTESIAN_POINT( '', ( 0.0120000000000000, -0.00150000000000000, 0.00900000000000000 ) );
#7638 = CARTESIAN_POINT( '', ( 0.0120000000000100, 0.00150000000001000, 0.00900000000001000 ) );
#7639 = VECTOR( '', #9548, 1.00000000000000 );
#7640 = AXIS2_PLACEMENT_3D( '', #9549, #9550, #9551 );
#7641 = COLOUR_RGB( '', 0.564705908300000, 0.811764717100000, 0.945098042500000 );
#7642 = CARTESIAN_POINT( '', ( 0.00266891891891900, -0.00150000000000000, -0.00743551422594500 ) );
#7643 = CARTESIAN_POINT( '', ( 0.00200000000000000, -0.00150000000000000, -0.00696491205974600 ) );
#7644 = AXIS2_PLACEMENT_3D( '', #9552, #9553, #9554 );
#7645 = CARTESIAN_POINT( '', ( 0.00266891891892900, 0.00150000000001000, -0.00743551422595500 ) );
#7646 = VECTOR( '', #9555, 1.00000000000000 );
#7647 = CARTESIAN_POINT( '', ( 0.00200000000001000, 0.00150000000001000, -0.00696491205975600 ) );
#7648 = VECTOR( '', #9556, 1.00000000000000 );
#7649 = COLOUR_RGB( '', 0.564705908300000, 0.811764717100000, 0.945098042500000 );
#7650 = CARTESIAN_POINT( '', ( -0.00748297820214100, -0.00150000000000000, 0.00481819854575200 ) );
#7651 = AXIS2_PLACEMENT_3D( '', #9557, #9558, #9559 );
#7652 = CARTESIAN_POINT( '', ( -0.00748297820214100, 0.000500000000000000, 0.00481819854575200 ) );
#7653 = CARTESIAN_POINT( '', ( -0.00748297820215100, 0.000500000000010000, 0.00481819854576200 ) );
#7654 = VECTOR( '', #9560, 1.00000000000000 );
#7655 = AXIS2_PLACEMENT_3D( '', #9561, #9562, #9563 );
#7656 = COLOUR_RGB( '', 0.564705908300000, 0.811764717100000, 0.945098042500000 );
#7657 = CARTESIAN_POINT( '', ( -0.00970427331803300, 0.000700000000000000, 0.00501023285480700 ) );
#7658 = AXIS2_PLACEMENT_3D( '', #9564, #9565, #9566 );
#7659 = CARTESIAN_POINT( '', ( -0.00957745421721600, 0.00150000000000000, 0.00538252778984500 ) );
#7660 = AXIS2_PLACEMENT_3D( '', #9567, #9568, #9569 );
#7661 = CARTESIAN_POINT( '', ( -0.00970427331803300, 0.00150140876506100, 0.00501023285480700 ) );
#7662 = CARTESIAN_POINT( '', ( -0.00957745421722600, 0.00150000000001000, 0.00538252778985500 ) );
#7663 = CARTESIAN_POINT( '', ( -0.00959358721784200, 0.00150000000001000, 0.00531923274278300 ) );
#7664 = CARTESIAN_POINT( '', ( -0.00963089110438600, 0.00150055887088300, 0.00519361705966700 ) );
#7665 = CARTESIAN_POINT( '', ( -0.00967817584715500, 0.00150121011559300, 0.00507076493101300 ) );
#7666 = CARTESIAN_POINT( '', ( -0.00970427331804300, 0.00150140876507100, 0.00501023285481700 ) );
#7667 = CARTESIAN_POINT( '', ( -0.00970427331804300, 0.00150140876507100, 0.00501023285481700 ) );
#7668 = VECTOR( '', #9570, 1.00000000000000 );
#7669 = COLOUR_RGB( '', 0.564705908300000, 0.811764717100000, 0.945098042500000 );
#7670 = CARTESIAN_POINT( '', ( -0.0110102328548100, 0.00150000000000000, 0.00229572668196700 ) );
#7671 = CARTESIAN_POINT( '', ( -0.0110102328548100, 0.00150000000000000, -0.00229572668196700 ) );
#7672 = AXIS2_PLACEMENT_3D( '', #9571, #9572, #9573 );
#7673 = CARTESIAN_POINT( '', ( -0.0110102328548100, 0.000700000000000000, 0.00229572668196700 ) );
#7674 = CARTESIAN_POINT( '', ( -0.0110102328548200, 0.00150000000001000, 0.00229572668197700 ) );
#7675 = VECTOR( '', #9574, 1.00000000000000 );
#7676 = CARTESIAN_POINT( '', ( -0.0110102328548100, 0.000700000000000000, -0.00229572668196700 ) );
#7677 = AXIS2_PLACEMENT_3D( '', #9575, #9576, #9577 );
#7678 = CARTESIAN_POINT( '', ( -0.0110102328548200, 0.000700000000010000, -0.00229572668197700 ) );
#7679 = VECTOR( '', #9578, 1.00000000000000 );
#7680 = COLOUR_RGB( '', 0.564705908300000, 0.811764717100000, 0.945098042500000 );
#7681 = CARTESIAN_POINT( '', ( 0.00503487835007000, -0.00150000000000000, 0.00800000000000000 ) );
#7682 = CARTESIAN_POINT( '', ( 0.00503487835007000, 0.000500000000000000, 0.00800000000000000 ) );
#7683 = CARTESIAN_POINT( '', ( 0.00503487835008000, -0.00150000000001000, 0.00800000000001000 ) );
#7684 = VECTOR( '', #9579, 1.00000000000000 );
#7685 = CARTESIAN_POINT( '', ( 0.00487069753430700, -0.00150000000000000, 0.00744891304347800 ) );
#7686 = AXIS2_PLACEMENT_3D( '', #9580, #9581, #9582 );
#7687 = CARTESIAN_POINT( '', ( 0.00487069753430600, 0.000500000000000000, 0.00744891304347800 ) );
#7688 = CARTESIAN_POINT( '', ( 0.00487069753431700, -0.00150000000001000, 0.00744891304348800 ) );
#7689 = VECTOR( '', #9583, 1.00000000000000 );
#7690 = AXIS2_PLACEMENT_3D( '', #9584, #9585, #9586 );
#7691 = COLOUR_RGB( '', 0.564705908300000, 0.811764717100000, 0.945098042500000 );
#7692 = CARTESIAN_POINT( '', ( -0.00738466063387600, -0.00150000000000000, 0.00105259599673700 ) );
#7693 = CARTESIAN_POINT( '', ( -0.00738466063388600, -0.00150000000001000, 0.00105259599674700 ) );
#7694 = VECTOR( '', #9587, 1.00000000000000 );
#7695 = CARTESIAN_POINT( '', ( -0.00785257629763600, -0.00150000000000000, 0.00130120076311100 ) );
#7696 = AXIS2_PLACEMENT_3D( '', #9588, #9589, #9590 );
#7697 = CARTESIAN_POINT( '', ( -0.00785257629764600, -0.00150000000001000, 0.00130120076312100 ) );
#7698 = VECTOR( '', #9591, 1.00000000000000 );
#7699 = COLOUR_RGB( '', 0.564705908300000, 0.811764717100000, 0.945098042500000 );
#7700 = CARTESIAN_POINT( '', ( -0.0100500000000200, 0.000700000000010000, 0.00300000000001000 ) );
#7701 = AXIS2_PLACEMENT_3D( '', #9592, #9593, #9594 );
#7702 = CARTESIAN_POINT( '', ( -0.0100500000000200, -0.00150000000001000, 0.00300000000001000 ) );
#7703 = AXIS2_PLACEMENT_3D( '', #9595, #9596, #9597 );
#7704 = COLOUR_RGB( '', 0.564705908300000, 0.811764717100000, 0.945098042500000 );
#7705 = CARTESIAN_POINT( '', ( -0.0107379463348700, 0.000700000000000000, -0.00253144633487200 ) );
#7706 = AXIS2_PLACEMENT_3D( '', #9598, #9599, #9600 );
#7707 = CARTESIAN_POINT( '', ( -0.0107379463348700, 0.00150000000000000, -0.00253144633487200 ) );
#7708 = CARTESIAN_POINT( '', ( -0.0107379463348800, 0.000700000000010000, -0.00253144633488200 ) );
#7709 = VECTOR( '', #9601, 1.00000000000000 );
#7710 = AXIS2_PLACEMENT_3D( '', #9602, #9603, #9604 );
#7711 = COLOUR_RGB( '', 0.564705908300000, 0.811764717100000, 0.945098042500000 );
#7712 = CARTESIAN_POINT( '', ( 0.00970427331803300, 0.000700000000000000, 0.00501023285480700 ) );
#7713 = AXIS2_PLACEMENT_3D( '', #9605, #9606, #9607 );
#7714 = CARTESIAN_POINT( '', ( 0.00970427331803300, 0.00150140876506100, 0.00501023285480700 ) );
#7715 = CARTESIAN_POINT( '', ( 0.00946855366513481, 0.00155390642682800, 0.00473794633487017 ) );
#7716 = CARTESIAN_POINT( '', ( 0.00948071768640385, 0.00155132857975852, 0.00473536013031089 ) );
#7717 = CARTESIAN_POINT( '', ( 0.00950505741896000, 0.00154617040822511, 0.00473018523576605 ) );
#7718 = CARTESIAN_POINT( '', ( 0.00954258592901371, 0.00153829191528659, 0.00473117836295739 ) );
#7719 = CARTESIAN_POINT( '', ( 0.00958397641653176, 0.00152883014348039, 0.00473954446190666 ) );
#7720 = CARTESIAN_POINT( '', ( 0.00962988116000009, 0.00151931519934225, 0.00476037549281914 ) );
#7721 = CARTESIAN_POINT( '', ( 0.00968348910624458, 0.00150973450975570, 0.00480624270710175 ) );
#7722 = CARTESIAN_POINT( '', ( 0.00973071482015985, 0.00150270333529310, 0.00489467282062911 ) );
#7723 = CARTESIAN_POINT( '', ( 0.00971371534750575, 0.00150187104479069, 0.00496896737588956 ) );
#7724 = CARTESIAN_POINT( '', ( 0.00970427331803337, 0.00150140876507100, 0.00501023285480648 ) );
#7725 = CARTESIAN_POINT( '', ( 0.00970427331804300, 0.000700000000010000, 0.00501023285481700 ) );
#7726 = VECTOR( '', #9608, 1.00000000000000 );
#7727 = COLOUR_RGB( '', 0.564705908300000, 0.811764717100000, 0.945098042500000 );
#7728 = CARTESIAN_POINT( '', ( 0.00200000000000000, -0.000600000000000000, 0.00250000000000000 ) );
#7729 = CARTESIAN_POINT( '', ( 0.00250000000000000, -0.000600000000000000, 0.00200000000000000 ) );
#7730 = AXIS2_PLACEMENT_3D( '', #9609, #9610, #9611 );
#7731 = CARTESIAN_POINT( '', ( 0.00200000000000000, -0.00150000000000000, 0.00250000000000000 ) );
#7732 = CARTESIAN_POINT( '', ( 0.00200000000001000, -0.00150000000001000, 0.00250000000001000 ) );
#7733 = VECTOR( '', #9612, 1.00000000000000 );
#7734 = CARTESIAN_POINT( '', ( 0.00250000000000000, -0.00150000000000000, 0.00200000000000000 ) );
#7735 = AXIS2_PLACEMENT_3D( '', #9613, #9614, #9615 );
#7736 = CARTESIAN_POINT( '', ( 0.00250000000001000, -0.00150000000001000, 0.00200000000001000 ) );
#7737 = VECTOR( '', #9616, 1.00000000000000 );
#7738 = COLOUR_RGB( '', 0.564705908300000, 0.811764717100000, 0.945098042500000 );
#7739 = CARTESIAN_POINT( '', ( 0.00870156675150900, 0.00193933982822000, -0.00477508805308200 ) );
#7740 = AXIS2_PLACEMENT_3D( '', #9617, #9618, #9619 );
#7741 = CARTESIAN_POINT( '', ( 0.00291071485951100, 0.00628800819139000, -0.00475716056486700 ) );
#7742 = CARTESIAN_POINT( '', ( 0.00286433347753500, 0.00242019158797700, -0.00900000000422200 ) );
#7743 = CARTESIAN_POINT( '', ( 0.00286524212795200, 0.00255059597506300, -0.00886286149385700 ) );
#7744 = CARTESIAN_POINT( '', ( 0.00286708845947700, 0.00280437207191500, -0.00859534584748000 ) );
#7745 = CARTESIAN_POINT( '', ( 0.00286987739417800, 0.00315740196179800, -0.00822138545993000 ) );
#7746 = CARTESIAN_POINT( '', ( 0.00287283539813500, 0.00350277444375800, -0.00785361131532300 ) );
#7747 = CARTESIAN_POINT( '', ( 0.00287606777564200, 0.00384966002933900, -0.00748199496646300 ) );
#7748 = CARTESIAN_POINT( '', ( 0.00287965541953700, 0.00420167632115200, -0.00710220318314500 ) );
#7749 = CARTESIAN_POINT( '', ( 0.00288356402651700, 0.00455043958222800, -0.00672276042942300 ) );
#7750 = CARTESIAN_POINT( '', ( 0.00288771419030500, 0.00488656033324100, -0.00635355408080300 ) );
#7751 = CARTESIAN_POINT( '', ( 0.00289224730103200, 0.00522018154516600, -0.00598317828859200 ) );
#7752 = CARTESIAN_POINT( '', ( 0.00289771954025500, 0.00558206391953400, -0.00557598816658500 ) );
#7753 = CARTESIAN_POINT( '', ( 0.00290398656644300, 0.00594828549059200, -0.00515642579202100 ) );
#7754 = CARTESIAN_POINT( '', ( 0.00290841304996000, 0.00617646634161300, -0.00488933347321200 ) );
#7755 = CARTESIAN_POINT( '', ( 0.00291071485952100, 0.00628800819140000, -0.00475716056487700 ) );
#7756 = CARTESIAN_POINT( '', ( 0.00498526204256300, 0.00628800819141500, -0.00250000000000000 ) );
#7757 = AXIS2_PLACEMENT_3D( '', #9620, #9621, #9622 );
#7758 = CARTESIAN_POINT( '', ( 0.00690954550396300, 0.00451708743442500, -0.00250000000000000 ) );
#7759 = CARTESIAN_POINT( '', ( 0.00690954550397300, 0.00451708743443500, -0.00250000000001000 ) );
#7760 = CARTESIAN_POINT( '', ( 0.00673281924853200, 0.00468327042760700, -0.00250000000001000 ) );
#7761 = CARTESIAN_POINT( '', ( 0.00638769418163200, 0.00500632935633900, -0.00250000000001000 ) );
#7762 = CARTESIAN_POINT( '', ( 0.00589518017010300, 0.00546254362362100, -0.00250000000001000 ) );
#7763 = CARTESIAN_POINT( '', ( 0.00542670346775600, 0.00589114448370400, -0.00250000000001000 ) );
#7764 = CARTESIAN_POINT( '', ( 0.00512982767798100, 0.00615878125339200, -0.00250000000001000 ) );
#7765 = CARTESIAN_POINT( '', ( 0.00498526204257300, 0.00628800819142500, -0.00250000000001000 ) );
#7766 = CARTESIAN_POINT( '', ( 0.00720818186054000, 0.00412169953694500, -0.00282857142857100 ) );
#7767 = CARTESIAN_POINT( '', ( 0.00690954550396232, 0.00451708743442365, -0.00250000000000614 ) );
#7768 = CARTESIAN_POINT( '', ( 0.00692184975114975, 0.00450536870739140, -0.00250043057810258 ) );
#7769 = CARTESIAN_POINT( '', ( 0.00694660467816183, 0.00448179178895514, -0.00250129685859810 ) );
#7770 = CARTESIAN_POINT( '', ( 0.00699302066785374, 0.00443507972725366, -0.00251025456924677 ) );
#7771 = CARTESIAN_POINT( '', ( 0.00706393542950771, 0.00435935945908751, -0.00253681417479865 ) );
#7772 = CARTESIAN_POINT( '', ( 0.00713050276185191, 0.00427892667917850, -0.00258945593046796 ) );
#7773 = CARTESIAN_POINT( '', ( 0.00717651913481966, 0.00421186482507189, -0.00265868537891227 ) );
#7774 = CARTESIAN_POINT( '', ( 0.00719833791241398, 0.00417245004675259, -0.00271290671914469 ) );
#7775 = CARTESIAN_POINT( '', ( 0.00721048645842726, 0.00414093453820129, -0.00276970757462159 ) );
#7776 = CARTESIAN_POINT( '', ( 0.00720893483303776, 0.00412798411571103, -0.00280933906556417 ) );
#7777 = CARTESIAN_POINT( '', ( 0.00720818186053936, 0.00412169953694358, -0.00282857142857684 ) );
#7778 = CARTESIAN_POINT( '', ( 0.00720818186053936, 0.00412169953694358, -0.00282857142857684 ) );
#7779 = CARTESIAN_POINT( '', ( 0.00720531692009054, 0.00411087647207882, -0.00286511539090229 ) );
#7780 = CARTESIAN_POINT( '', ( 0.00719954665961453, 0.00408907779788854, -0.00293871838028736 ) );
#7781 = CARTESIAN_POINT( '', ( 0.00719939549475661, 0.00404726527579731, -0.00304772767729610 ) );
#7782 = CARTESIAN_POINT( '', ( 0.00720545652213146, 0.00399869857878900, -0.00315645751179575 ) );
#7783 = CARTESIAN_POINT( '', ( 0.00721839583209010, 0.00394271248848597, -0.00326499705338354 ) );
#7784 = CARTESIAN_POINT( '', ( 0.00725011492306728, 0.00384078571253259, -0.00344012047987765 ) );
#7785 = CARTESIAN_POINT( '', ( 0.00732173609859935, 0.00367332743951238, -0.00367549802657243 ) );
#7786 = CARTESIAN_POINT( '', ( 0.00746635197966313, 0.00341375945070416, -0.00396059145532050 ) );
#7787 = CARTESIAN_POINT( '', ( 0.00766947880059160, 0.00310624649310981, -0.00423069524956116 ) );
#7788 = CARTESIAN_POINT( '', ( 0.00789513987386044, 0.00281185536327595, -0.00443015905724010 ) );
#7789 = CARTESIAN_POINT( '', ( 0.00810898006458688, 0.00255763033404985, -0.00456854591129389 ) );
#7790 = CARTESIAN_POINT( '', ( 0.00829342150414733, 0.00235200533480339, -0.00466006329802241 ) );
#7791 = CARTESIAN_POINT( '', ( 0.00849051655482380, 0.00214482814032616, -0.00473224562149174 ) );
#7792 = CARTESIAN_POINT( '', ( 0.00863076748435538, 0.00200827329586853, -0.00476071605624569 ) );
#7793 = CARTESIAN_POINT( '', ( 0.00870156675150854, 0.00193933982821805, -0.00477508805308624 ) );
#7794 = COLOUR_RGB( '', 0.564705908300000, 0.811764717100000, 0.945098042500000 );
#7795 = CARTESIAN_POINT( '', ( -0.00250000000000000, 0.00184367965644000, 0.00749399759807800 ) );
#7796 = AXIS2_PLACEMENT_3D( '', #9623, #9624, #9625 );
#7797 = CARTESIAN_POINT( '', ( -0.00250000000000000, 0.00150000000000000, 0.00749399759807800 ) );
#7798 = CARTESIAN_POINT( '', ( -0.00250000000001000, 0.00150000000001000, 0.00749399759808800 ) );
#7799 = VECTOR( '', #9626, 1.00000000000000 );
#7800 = CARTESIAN_POINT( '', ( -0.00266891891891900, 0.00150000000000000, 0.00743551422594500 ) );
#7801 = AXIS2_PLACEMENT_3D( '', #9627, #9628, #9629 );
#7802 = CARTESIAN_POINT( '', ( -0.00266891891891900, -0.00150000000000000, 0.00743551422594500 ) );
#7803 = CARTESIAN_POINT( '', ( -0.00266891891892900, 0.00150000000001000, 0.00743551422595500 ) );
#7804 = VECTOR( '', #9630, 1.00000000000000 );
#7805 = AXIS2_PLACEMENT_3D( '', #9631, #9632, #9633 );
#7806 = COLOUR_RGB( '', 0.564705908300000, 0.811764717100000, 0.945098042500000 );
#7807 = CARTESIAN_POINT( '', ( -0.00946855366512800, 0.000700000000000000, 0.00126205366512800 ) );
#7808 = CARTESIAN_POINT( '', ( -0.00946855366513800, 0.000700000000010000, 0.00126205366513800 ) );
#7809 = VECTOR( '', #9634, 1.00000000000000 );
#7810 = CARTESIAN_POINT( '', ( -0.00946855366512800, 0.000700000000000000, 0.00473794633487200 ) );
#7811 = AXIS2_PLACEMENT_3D( '', #9635, #9636, #9637 );
#7812 = CARTESIAN_POINT( '', ( -0.00946855366512800, 0.00155390642681800, 0.00473794633487200 ) );
#7813 = CARTESIAN_POINT( '', ( -0.00946855366513800, 0.00155390642682800, 0.00473794633488200 ) );
#7814 = VECTOR( '', #9638, 1.00000000000000 );
#7815 = CARTESIAN_POINT( '', ( -0.00870156675150900, 0.00193933982822000, 0.00477508805308200 ) );
#7816 = CARTESIAN_POINT( '', ( -0.00946855366513481, 0.00155390642682800, 0.00473794633487019 ) );
#7817 = CARTESIAN_POINT( '', ( -0.00943143644194104, 0.00156243882847915, 0.00474721940927461 ) );
#7818 = CARTESIAN_POINT( '', ( -0.00935824392466737, 0.00157926411608155, 0.00476550525072838 ) );
#7819 = CARTESIAN_POINT( '', ( -0.00925013636439052, 0.00161270252024219, 0.00478352120585133 ) );
#7820 = CARTESIAN_POINT( '', ( -0.00914616956885760, 0.00165174939099724, 0.00479504324218784 ) );
#7821 = CARTESIAN_POINT( '', ( -0.00904675406167921, 0.00169698712067435, 0.00480025503445438 ) );
#7822 = CARTESIAN_POINT( '', ( -0.00895221994778233, 0.00174823357628654, 0.00480015692134237 ) );
#7823 = CARTESIAN_POINT( '', ( -0.00886297793980117, 0.00180566942925419, 0.00479544315731878 ) );
#7824 = CARTESIAN_POINT( '', ( -0.00877868324358683, 0.00186876077562728, 0.00478710142474737 ) );
#7825 = CARTESIAN_POINT( '', ( -0.00872726308560230, 0.00191582186383264, 0.00477909108283089 ) );
#7826 = CARTESIAN_POINT( '', ( -0.00870156675152032, 0.00193933982823000, 0.00477508805308409 ) );
#7827 = CARTESIAN_POINT( '', ( -0.00720409073089264, 0.00410704122346686, 0.00287871518553927 ) );
#7828 = CARTESIAN_POINT( '', ( -0.00720227038720009, 0.00409523665196328, 0.00291472428721156 ) );
#7829 = CARTESIAN_POINT( '', ( -0.00719860133403228, 0.00407144356242349, 0.00298730360786514 ) );
#7830 = CARTESIAN_POINT( '', ( -0.00720129910482006, 0.00402715003599599, 0.00309450550470057 ) );
#7831 = CARTESIAN_POINT( '', ( -0.00720999556274723, 0.00397642038437637, 0.00320134131335486 ) );
#7832 = CARTESIAN_POINT( '', ( -0.00722534551896763, 0.00391862527340125, 0.00330784981536189 ) );
#7833 = CARTESIAN_POINT( '', ( -0.00726056008032404, 0.00381448673630152, 0.00347919880572572 ) );
#7834 = CARTESIAN_POINT( '', ( -0.00733589935338614, 0.00364561295956880, 0.00370882233669320 ) );
#7835 = CARTESIAN_POINT( '', ( -0.00748314606685809, 0.00338679100717933, 0.00398633825082354 ) );
#7836 = CARTESIAN_POINT( '', ( -0.00768691483467466, 0.00308233162271822, 0.00424853227569858 ) );
#7837 = CARTESIAN_POINT( '', ( -0.00792771879326700, 0.00277049909448630, 0.00445661537215093 ) );
#7838 = CARTESIAN_POINT( '', ( -0.00817967154144155, 0.00247600371566697, 0.00460932968168353 ) );
#7839 = CARTESIAN_POINT( '', ( -0.00842886457007327, 0.00220619082382376, 0.00471684449105998 ) );
#7840 = CARTESIAN_POINT( '', ( -0.00861001407947577, 0.00202892811663482, 0.00475553429042787 ) );
#7841 = CARTESIAN_POINT( '', ( -0.00870156675150852, 0.00193933982821805, 0.00477508805308626 ) );
#7842 = COLOUR_RGB( '', 0.564705908300000, 0.811764717100000, 0.945098042500000 );
#7843 = CARTESIAN_POINT( '', ( -0.00860147090640700, -0.00150000000000000, 0.00800000000000000 ) );
#7844 = CARTESIAN_POINT( '', ( -0.00503487835007000, -0.00150000000000000, 0.00800000000000000 ) );
#7845 = CARTESIAN_POINT( '', ( -0.00860147090641700, -0.00150000000001000, 0.00800000000001000 ) );
#7846 = VECTOR( '', #9639, 1.00000000000000 );
#7847 = CARTESIAN_POINT( '', ( -0.00860147090640700, 0.000500000000000000, 0.00800000000000000 ) );
#7848 = CARTESIAN_POINT( '', ( -0.00860147090641700, 0.000500000000010000, 0.00800000000001000 ) );
#7849 = VECTOR( '', #9640, 1.00000000000000 );
#7850 = CARTESIAN_POINT( '', ( -0.00503487835007000, 0.000500000000000000, 0.00800000000000000 ) );
#7851 = CARTESIAN_POINT( '', ( -0.00860147090641700, 0.000500000000010000, 0.00800000000001000 ) );
#7852 = VECTOR( '', #9641, 1.00000000000000 );
#7853 = CARTESIAN_POINT( '', ( -0.00503487835008000, 0.000500000000010000, 0.00800000000001000 ) );
#7854 = VECTOR( '', #9642, 1.00000000000000 );
#7855 = COLOUR_RGB( '', 0.564705908300000, 0.811764717100000, 0.945098042500000 );
#7856 = CARTESIAN_POINT( '', ( -0.00487069753430700, -0.00150000000000000, 0.00744891304347800 ) );
#7857 = AXIS2_PLACEMENT_3D( '', #9643, #9644, #9645 );
#7858 = CARTESIAN_POINT( '', ( -0.00487069753430700, 0.000500000000000000, 0.00744891304347800 ) );
#7859 = CARTESIAN_POINT( '', ( -0.00487069753431700, 0.000500000000010000, 0.00744891304348800 ) );
#7860 = VECTOR( '', #9646, 1.00000000000000 );
#7861 = AXIS2_PLACEMENT_3D( '', #9647, #9648, #9649 );
#7862 = COLOUR_RGB( '', 0.564705908300000, 0.811764717100000, 0.945098042500000 );
#7863 = CARTESIAN_POINT( '', ( 0.00970427331803300, 0.000700000000000000, -0.00501023285480700 ) );
#7864 = CARTESIAN_POINT( '', ( 0.00946855366512800, 0.000700000000000000, -0.00473794633487200 ) );
#7865 = AXIS2_PLACEMENT_3D( '', #9650, #9651, #9652 );
#7866 = CARTESIAN_POINT( '', ( 0.00970427331803300, 0.00150140876506100, -0.00501023285480700 ) );
#7867 = CARTESIAN_POINT( '', ( 0.00970427331804300, 0.00150140876507100, -0.00501023285481700 ) );
#7868 = VECTOR( '', #9653, 1.00000000000000 );
#7869 = CARTESIAN_POINT( '', ( 0.00946855366512800, 0.00155390642681800, -0.00473794633487200 ) );
#7870 = CARTESIAN_POINT( '', ( 0.00970427331803337, 0.00150140876507100, -0.00501023285480648 ) );
#7871 = CARTESIAN_POINT( '', ( 0.00970929808370695, 0.00150150311376774, -0.00499614210402643 ) );
#7872 = CARTESIAN_POINT( '', ( 0.00971902272109463, 0.00150168571071324, -0.00496887168969118 ) );
#7873 = CARTESIAN_POINT( '', ( 0.00972184239704960, 0.00150264666576079, -0.00492669477243304 ) );
#7874 = CARTESIAN_POINT( '', ( 0.00971712839279344, 0.00150411452890794, -0.00488790046692213 ) );
#7875 = CARTESIAN_POINT( '', ( 0.00970602224492502, 0.00150613316965989, -0.00485343832964266 ) );
#7876 = CARTESIAN_POINT( '', ( 0.00969055082024154, 0.00150868013228757, -0.00482401152028752 ) );
#7877 = CARTESIAN_POINT( '', ( 0.00966699521956843, 0.00151272513348041, -0.00479252922172331 ) );
#7878 = CARTESIAN_POINT( '', ( 0.00963078644482373, 0.00151950381742742, -0.00476093631145384 ) );
#7879 = CARTESIAN_POINT( '', ( 0.00957969812909790, 0.00152988368867772, -0.00473733511173139 ) );
#7880 = CARTESIAN_POINT( '', ( 0.00952333539817328, 0.00154162542646458, -0.00472781616647458 ) );
#7881 = CARTESIAN_POINT( '', ( 0.00948682927567000, 0.00154980938996597, -0.00473456683221509 ) );
#7882 = CARTESIAN_POINT( '', ( 0.00946855366513481, 0.00155390642682800, -0.00473794633487017 ) );
#7883 = CARTESIAN_POINT( '', ( 0.00946855366513800, 0.00155390642682800, -0.00473794633488200 ) );
#7884 = VECTOR( '', #9654, 1.00000000000000 );
#7885 = COLOUR_RGB( '', 0.564705908300000, 0.811764717100000, 0.945098042500000 );
#7886 = CARTESIAN_POINT( '', ( 0.00999000000000000, -0.000700000000010000, -0.00600000000001000 ) );
#7887 = AXIS2_PLACEMENT_3D( '', #9655, #9656, #9657 );
#7888 = COLOUR_RGB( '', 0.564705908300000, 0.811764717100000, 0.945098042500000 );
#7889 = CARTESIAN_POINT( '', ( -0.00250000000000000, 0.00638649894609400, 0.00393162655341500 ) );
#7890 = CARTESIAN_POINT( '', ( -0.00250000000000030, 0.00638649894611293, 0.00393162655342695 ) );
#7891 = CARTESIAN_POINT( '', ( -0.00250076098559627, 0.00640004540922483, 0.00394711550411437 ) );
#7892 = CARTESIAN_POINT( '', ( -0.00250223346499414, 0.00642625732171265, 0.00397708605927649 ) );
#7893 = CARTESIAN_POINT( '', ( -0.00251495054169846, 0.00646653882412097, 0.00401658804311541 ) );
#7894 = CARTESIAN_POINT( '', ( -0.00254569538927424, 0.00652647352719857, 0.00406845651953564 ) );
#7895 = CARTESIAN_POINT( '', ( -0.00261955432688076, 0.00660181015078349, 0.00411106527415517 ) );
#7896 = CARTESIAN_POINT( '', ( -0.00272200828365838, 0.00664767824443133, 0.00409913110125204 ) );
#7897 = CARTESIAN_POINT( '', ( -0.00279620790508960, 0.00666428663414979, 0.00406882560398629 ) );
#7898 = CARTESIAN_POINT( '', ( -0.00283074249442597, 0.00666575279712123, 0.00404649397866542 ) );
#7899 = CARTESIAN_POINT( '', ( -0.00284877401194639, 0.00666651832362134, 0.00403483398499036 ) );
#7900 = CARTESIAN_POINT( '', ( -0.00250000000001000, 0.00607587615707000, 0.00457621245105900 ) );
#7901 = CARTESIAN_POINT( '', ( -0.00250000000001000, 0.00611108243446700, 0.00453493750924800 ) );
#7902 = CARTESIAN_POINT( '', ( -0.00250000000001000, 0.00617727101142200, 0.00444651631991200 ) );
#7903 = CARTESIAN_POINT( '', ( -0.00250000000001000, 0.00626147748776500, 0.00430077001526500 ) );
#7904 = CARTESIAN_POINT( '', ( -0.00250000000001000, 0.00633556963158800, 0.00412648775084200 ) );
#7905 = CARTESIAN_POINT( '', ( -0.00250000000001000, 0.00637180376702500, 0.00399899169163700 ) );
#7906 = CARTESIAN_POINT( '', ( -0.00250000000001000, 0.00638649894610400, 0.00393162655342500 ) );
#7907 = COLOUR_RGB( '', 0.564705908300000, 0.811764717100000, 0.945098042500000 );
#7908 = CARTESIAN_POINT( '', ( -0.00836978126294300, -0.00150000000000000, 0.00104927594379400 ) );
#7909 = AXIS2_PLACEMENT_3D( '', #9658, #9659, #9660 );
#7910 = CARTESIAN_POINT( '', ( -0.00836978126295300, -0.00150000000001000, 0.00104927594380400 ) );
#7911 = VECTOR( '', #9661, 1.00000000000000 );
#7912 = COLOUR_RGB( '', 0.564705908300000, 0.811764717100000, 0.945098042500000 );
#7913 = CARTESIAN_POINT( '', ( 0.00630073286938200, 0.00150000000000000, 0.00900000000000000 ) );
#7914 = CARTESIAN_POINT( '', ( 0.00630073286939200, 0.00150000000001000, 0.00900000000001000 ) );
#7915 = VECTOR( '', #9662, 1.00000000000000 );
#7916 = AXIS2_PLACEMENT_3D( '', #9663, #9664, #9665 );
#7917 = CARTESIAN_POINT( '', ( 0.00957745421721600, 0.00150000000000000, -0.00538252778984500 ) );
#7918 = AXIS2_PLACEMENT_3D( '', #9666, #9667, #9668 );
#7919 = AXIS2_PLACEMENT_3D( '', #9669, #9670, #9671 );
#7920 = CARTESIAN_POINT( '', ( 0.0107379463348700, 0.00150000000000000, -0.00253144633487200 ) );
#7921 = AXIS2_PLACEMENT_3D( '', #9672, #9673, #9674 );
#7922 = CARTESIAN_POINT( '', ( 0.0110102328548100, 0.00150000000000000, -0.00229572668196700 ) );
#7923 = AXIS2_PLACEMENT_3D( '', #9675, #9676, #9677 );
#7924 = AXIS2_PLACEMENT_3D( '', #9678, #9679, #9680 );
#7925 = CARTESIAN_POINT( '', ( 0.0107379463348700, 0.00150000000000000, 0.00346855366512800 ) );
#7926 = AXIS2_PLACEMENT_3D( '', #9681, #9682, #9683 );
#7927 = CARTESIAN_POINT( '', ( 0.0110102328548100, 0.00150000000000000, 0.00370427331803300 ) );
#7928 = AXIS2_PLACEMENT_3D( '', #9684, #9685, #9686 );
#7929 = CARTESIAN_POINT( '', ( 0.00957745421721600, 0.00150000000000000, 0.00538252778984500 ) );
#7930 = AXIS2_PLACEMENT_3D( '', #9687, #9688, #9689 );
#7931 = AXIS2_PLACEMENT_3D( '', #9690, #9691, #9692 );
#7932 = COLOUR_RGB( '', 0.564705908300000, 0.811764717100000, 0.945098042500000 );
#7933 = CARTESIAN_POINT( '', ( 0.0110102328548100, 0.000700000000000000, -0.00229572668196700 ) );
#7934 = CARTESIAN_POINT( '', ( 0.0107379463348700, 0.000700000000000000, -0.00253144633487200 ) );
#7935 = AXIS2_PLACEMENT_3D( '', #9693, #9694, #9695 );
#7936 = CARTESIAN_POINT( '', ( 0.0110102328548200, 0.00150000000001000, -0.00229572668197700 ) );
#7937 = VECTOR( '', #9696, 1.00000000000000 );
#7938 = CARTESIAN_POINT( '', ( 0.0107379463348800, 0.00150000000001000, -0.00253144633488200 ) );
#7939 = VECTOR( '', #9697, 1.00000000000000 );
#7940 = COLOUR_RGB( '', 0.564705908300000, 0.811764717100000, 0.945098042500000 );
#7941 = CARTESIAN_POINT( '', ( -0.00836978126294300, -0.00150000000000000, -0.00104927594379400 ) );
#7942 = CARTESIAN_POINT( '', ( -0.00836978126295300, -0.00150000000001000, -0.00104927594380400 ) );
#7943 = VECTOR( '', #9698, 1.00000000000000 );
#7944 = CARTESIAN_POINT( '', ( -0.00785257629763600, -0.00150000000000000, -0.00130120076311100 ) );
#7945 = AXIS2_PLACEMENT_3D( '', #9699, #9700, #9701 );
#7946 = CARTESIAN_POINT( '', ( -0.00785257629764600, -0.00150000000001000, -0.00130120076312100 ) );
#7947 = VECTOR( '', #9702, 1.00000000000000 );
#7948 = COLOUR_RGB( '', 0.564705908300000, 0.811764717100000, 0.945098042500000 );
#7949 = CARTESIAN_POINT( '', ( 0.00999000000000000, 0.000700000000010000, 0.00600000000001000 ) );
#7950 = AXIS2_PLACEMENT_3D( '', #9703, #9704, #9705 );
#7951 = CARTESIAN_POINT( '', ( 0.00999000000000000, -0.000700000000010000, 0.00600000000001000 ) );
#7952 = AXIS2_PLACEMENT_3D( '', #9706, #9707, #9708 );
#7953 = COLOUR_RGB( '', 0.564705908300000, 0.811764717100000, 0.945098042500000 );
#7954 = CARTESIAN_POINT( '', ( -0.00624500453720900, 0.00301686156244100, -0.00250000000000000 ) );
#7955 = CARTESIAN_POINT( '', ( -0.00624500453721900, 0.00301686156245100, -0.00250000000001000 ) );
#7956 = VECTOR( '', #9709, 1.00000000000000 );
#7957 = CARTESIAN_POINT( '', ( -0.00392456430641700, 0.00509048666719100, -0.00250000000000000 ) );
#7958 = CARTESIAN_POINT( '', ( -0.00392456430642700, 0.00509048666720100, -0.00250000000001000 ) );
#7959 = CARTESIAN_POINT( '', ( -0.00414739806937100, 0.00490254573409600, -0.00250000000001000 ) );
#7960 = CARTESIAN_POINT( '', ( -0.00461604428177700, 0.00449800668862200, -0.00250000000001000 ) );
#7961 = CARTESIAN_POINT( '', ( -0.00538642911066500, 0.00380858854803800, -0.00250000000001000 ) );
#7962 = CARTESIAN_POINT( '', ( -0.00595056365906700, 0.00329021288462200, -0.00250000000001000 ) );
#7963 = CARTESIAN_POINT( '', ( -0.00624500453721900, 0.00301686156245100, -0.00250000000001000 ) );
#7964 = CARTESIAN_POINT( '', ( -0.00369791988451900, 0.00566126201251900, -0.00250000000000000 ) );
#7965 = AXIS2_PLACEMENT_3D( '', #9710, #9711, #9712 );
#7966 = CARTESIAN_POINT( '', ( -0.00369791988451900, 0.00619104732316400, -0.00250000000000000 ) );
#7967 = CARTESIAN_POINT( '', ( -0.00369791988452900, 0.00566126201252900, -0.00250000000001000 ) );
#7968 = VECTOR( '', #9713, 1.00000000000000 );
#7969 = CARTESIAN_POINT( '', ( -0.00393162655341500, 0.00638649894609400, -0.00250000000000000 ) );
#7970 = CARTESIAN_POINT( '', ( -0.00369791988452900, 0.00619104732317400, -0.00250000000001000 ) );
#7971 = CARTESIAN_POINT( '', ( -0.00373626982346200, 0.00622281805684300, -0.00250000000001000 ) );
#7972 = CARTESIAN_POINT( '', ( -0.00381356912782000, 0.00628716617835000, -0.00250000000001000 ) );
#7973 = CARTESIAN_POINT( '', ( -0.00389207250694000, 0.00635312124662400, -0.00250000000001000 ) );
#7974 = CARTESIAN_POINT( '', ( -0.00393162655342500, 0.00638649894610400, -0.00250000000001000 ) );
#7975 = CARTESIAN_POINT( '', ( -0.00457621245104900, 0.00607587615706000, -0.00250000000000000 ) );
#7976 = CARTESIAN_POINT( '', ( -0.00457621245105900, 0.00607587615707000, -0.00250000000001000 ) );
#7977 = CARTESIAN_POINT( '', ( -0.00453493750924800, 0.00611108243446700, -0.00250000000001000 ) );
#7978 = CARTESIAN_POINT( '', ( -0.00444651631991200, 0.00617727101142200, -0.00250000000001000 ) );
#7979 = CARTESIAN_POINT( '', ( -0.00430077001526500, 0.00626147748776500, -0.00250000000001000 ) );
#7980 = CARTESIAN_POINT( '', ( -0.00412648775084200, 0.00633556963158800, -0.00250000000001000 ) );
#7981 = CARTESIAN_POINT( '', ( -0.00399899169163700, 0.00637180376702500, -0.00250000000001000 ) );
#7982 = CARTESIAN_POINT( '', ( -0.00393162655342500, 0.00638649894610400, -0.00250000000001000 ) );
#7983 = CARTESIAN_POINT( '', ( -0.00727083835342100, 0.00364938878451200, -0.00250000000000000 ) );
#7984 = CARTESIAN_POINT( '', ( -0.00727083835343100, 0.00364938878452200, -0.00250000000001000 ) );
#7985 = CARTESIAN_POINT( '', ( -0.00713834838349100, 0.00377302765246300, -0.00250000000001000 ) );
#7986 = CARTESIAN_POINT( '', ( -0.00687143976293700, 0.00402124646837900, -0.00250000000001000 ) );
#7987 = CARTESIAN_POINT( '', ( -0.00645975554694600, 0.00440088282514500, -0.00250000000001000 ) );
#7988 = CARTESIAN_POINT( '', ( -0.00605210064150500, 0.00477302802985400, -0.00250000000001000 ) );
#7989 = CARTESIAN_POINT( '', ( -0.00564914562648100, 0.00513659410208300, -0.00250000000001000 ) );
#7990 = CARTESIAN_POINT( '', ( -0.00525059920536100, 0.00549114852537900, -0.00250000000001000 ) );
#7991 = CARTESIAN_POINT( '', ( -0.00488123246387000, 0.00581430635702400, -0.00250000000001000 ) );
#7992 = CARTESIAN_POINT( '', ( -0.00467252430074800, 0.00599372240730400, -0.00250000000001000 ) );
#7993 = CARTESIAN_POINT( '', ( -0.00457621245105900, 0.00607587615707000, -0.00250000000001000 ) );
#7994 = CARTESIAN_POINT( '', ( -0.00727083835343100, 0.00150000000001000, -0.00250000000001000 ) );
#7995 = VECTOR( '', #9714, 1.00000000000000 );
#7996 = COLOUR_RGB( '', 0.564705908300000, 0.811764717100000, 0.945098042500000 );
#7997 = CARTESIAN_POINT( '', ( -0.0107379463348700, 0.00150000000000000, 0.00253144633487200 ) );
#7998 = AXIS2_PLACEMENT_3D( '', #9715, #9716, #9717 );
#7999 = AXIS2_PLACEMENT_3D( '', #9718, #9719, #9720 );
#8000 = AXIS2_PLACEMENT_3D( '', #9721, #9722, #9723 );
#8001 = CARTESIAN_POINT( '', ( -0.00957745421721600, 0.00150000000000000, -0.00538252778984500 ) );
#8002 = AXIS2_PLACEMENT_3D( '', #9724, #9725, #9726 );
#8003 = AXIS2_PLACEMENT_3D( '', #9727, #9728, #9729 );
#8004 = CARTESIAN_POINT( '', ( -0.0150000000000000, 0.00150000000000000, -0.00600000000000000 ) );
#8005 = AXIS2_PLACEMENT_3D( '', #9730, #9731, #9732 );
#8006 = CARTESIAN_POINT( '', ( -0.0150000000000000, 0.00150000000000000, 0.00600000000000000 ) );
#8007 = CARTESIAN_POINT( '', ( -0.0150000000000100, 0.00150000000001000, -0.00600000000001000 ) );
#8008 = VECTOR( '', #9733, 1.00000000000000 );
#8009 = CARTESIAN_POINT( '', ( -0.0120000000000000, 0.00150000000000000, 0.00900000000000000 ) );
#8010 = AXIS2_PLACEMENT_3D( '', #9734, #9735, #9736 );
#8011 = CARTESIAN_POINT( '', ( -0.00630073286938200, 0.00150000000000000, 0.00900000000000000 ) );
#8012 = CARTESIAN_POINT( '', ( -0.0120000000000100, 0.00150000000001000, 0.00900000000001000 ) );
#8013 = VECTOR( '', #9737, 1.00000000000000 );
#8014 = AXIS2_PLACEMENT_3D( '', #9738, #9739, #9740 );
#8015 = COLOUR_RGB( '', 0.564705908300000, 0.811764717100000, 0.945098042500000 );
#8016 = AXIS2_PLACEMENT_3D( '', #9741, #9742, #9743 );
#8017 = COLOUR_RGB( '', 0.564705908300000, 0.811764717100000, 0.945098042500000 );
#8018 = CARTESIAN_POINT( '', ( -0.0145000000000200, -0.000700000000010000, -0.00600000000001000 ) );
#8019 = AXIS2_PLACEMENT_3D( '', #9744, #9745, #9746 );
#8020 = CARTESIAN_POINT( '', ( -0.0145000000000200, -0.00150000000001000, -0.00600000000001000 ) );
#8021 = AXIS2_PLACEMENT_3D( '', #9747, #9748, #9749 );
#8022 = COLOUR_RGB( '', 0.564705908300000, 0.811764717100000, 0.945098042500000 );
#8023 = CARTESIAN_POINT( '', ( 0.00369791988451900, 0.00619104732316400, -0.00250000000000000 ) );
#8024 = AXIS2_PLACEMENT_3D( '', #9750, #9751, #9752 );
#8025 = CARTESIAN_POINT( '', ( 0.00425974100984300, 0.00666651732944300, -0.00250000000000000 ) );
#8026 = CARTESIAN_POINT( '', ( 0.00425974100985300, 0.00666651732945300, -0.00250000000001000 ) );
#8027 = CARTESIAN_POINT( '', ( 0.00419510745770700, 0.00661077471861700, -0.00250000000001000 ) );
#8028 = CARTESIAN_POINT( '', ( 0.00406732396020500, 0.00650121911177600, -0.00250000000001000 ) );
#8029 = CARTESIAN_POINT( '', ( 0.00388009200099100, 0.00634273170431700, -0.00250000000001000 ) );
#8030 = CARTESIAN_POINT( '', ( 0.00375816282132800, 0.00624095515494000, -0.00250000000001000 ) );
#8031 = CARTESIAN_POINT( '', ( 0.00369791988452900, 0.00619104732317400, -0.00250000000001000 ) );
#8032 = CARTESIAN_POINT( '', ( 0.00284877389936600, 0.00666651765929400, -0.00403483382552400 ) );
#8033 = AXIS2_PLACEMENT_3D( '', #9753, #9754, #9755 );
#8034 = CARTESIAN_POINT( '', ( 0.00250000000000030, 0.00638649894611293, -0.00393162655342695 ) );
#8035 = CARTESIAN_POINT( '', ( 0.00250076098559626, 0.00640004540922477, -0.00394711550411426 ) );
#8036 = CARTESIAN_POINT( '', ( 0.00250223346499410, 0.00642625732171254, -0.00397708605927623 ) );
#8037 = CARTESIAN_POINT( '', ( 0.00251495054169838, 0.00646653882412096, -0.00401658804311504 ) );
#8038 = CARTESIAN_POINT( '', ( 0.00254569538927405, 0.00652647352719839, -0.00406845651953573 ) );
#8039 = CARTESIAN_POINT( '', ( 0.00261955432688090, 0.00660181015078347, -0.00411106527415545 ) );
#8040 = CARTESIAN_POINT( '', ( 0.00272200828365838, 0.00664767824443166, -0.00409913110125123 ) );
#8041 = CARTESIAN_POINT( '', ( 0.00279620790509066, 0.00666428663414947, -0.00406882560398744 ) );
#8042 = CARTESIAN_POINT( '', ( 0.00283074249442654, 0.00666575279712114, -0.00404649397866569 ) );
#8043 = CARTESIAN_POINT( '', ( 0.00284877401194639, 0.00666651832362136, -0.00403483398499037 ) );
#8044 = COLOUR_RGB( '', 0.564705908300000, 0.811764717100000, 0.945098042500000 );
#8045 = CARTESIAN_POINT( '', ( 0.00280000000001000, 0.00242983193965187, -0.00900000000000034 ) );
#8046 = CARTESIAN_POINT( '', ( 0.00278219254044806, 0.00242947682979927, -0.00899903309682641 ) );
#8047 = CARTESIAN_POINT( '', ( 0.00274545336664579, 0.00242874419061801, -0.00899703824609357 ) );
#8048 = CARTESIAN_POINT( '', ( 0.00269102389656483, 0.00242213579273808, -0.00898105298023140 ) );
#8049 = CARTESIAN_POINT( '', ( 0.00263856530115749, 0.00241079476766081, -0.00895506932669401 ) );
#8050 = CARTESIAN_POINT( '', ( 0.00259305210900127, 0.00239534455317582, -0.00891970763762763 ) );
#8051 = CARTESIAN_POINT( '', ( 0.00255347763816974, 0.00237615296638459, -0.00887439682199073 ) );
#8052 = CARTESIAN_POINT( '', ( 0.00252017685367558, 0.00235101252782187, -0.00881595916128569 ) );
#8053 = CARTESIAN_POINT( '', ( 0.00250230567271414, 0.00232449353062367, -0.00875501456308154 ) );
#8054 = CARTESIAN_POINT( '', ( 0.00250059085285161, 0.00230721466218645, -0.00871409805966156 ) );
#8055 = CARTESIAN_POINT( '', ( 0.00250000000000025, 0.00230126111050000, -0.00870000000000999 ) );
#8056 = COLOUR_RGB( '', 0.564705908300000, 0.811764717100000, 0.945098042500000 );
#8057 = CARTESIAN_POINT( '', ( 0.00795000000000000, 0.000700000000010000, 0.00300000000001000 ) );
#8058 = AXIS2_PLACEMENT_3D( '', #9756, #9757, #9758 );
#8059 = CARTESIAN_POINT( '', ( 0.00795000000000000, -0.00150000000001000, 0.00300000000001000 ) );
#8060 = AXIS2_PLACEMENT_3D( '', #9759, #9760, #9761 );
#8061 = COLOUR_RGB( '', 0.564705908300000, 0.811764717100000, 0.945098042500000 );
#8062 = CARTESIAN_POINT( '', ( 0.00999000000000000, -0.000700000000010000, 0.00000000000000 ) );
#8063 = AXIS2_PLACEMENT_3D( '', #9762, #9763, #9764 );
#8064 = COLOUR_RGB( '', 0.564705908300000, 0.811764717100000, 0.945098042500000 );
#8065 = CARTESIAN_POINT( '', ( 0.00836978126294300, -0.00150000000000000, -0.00495072405620600 ) );
#8066 = CARTESIAN_POINT( '', ( 0.00789667553872200, -0.00150000000000000, -0.00472776593702600 ) );
#8067 = AXIS2_PLACEMENT_3D( '', #9765, #9766, #9767 );
#8068 = CARTESIAN_POINT( '', ( 0.00789667553872200, 0.000500000000000000, -0.00472776593702600 ) );
#8069 = CARTESIAN_POINT( '', ( 0.00789667553873200, 0.000500000000010000, -0.00472776593703600 ) );
#8070 = VECTOR( '', #9768, 1.00000000000000 );
#8071 = CARTESIAN_POINT( '', ( 0.00836978126294300, 0.000500000000000000, -0.00495072405620600 ) );
#8072 = AXIS2_PLACEMENT_3D( '', #9769, #9770, #9771 );
#8073 = CARTESIAN_POINT( '', ( 0.00836978126295300, 0.000500000000010000, -0.00495072405621600 ) );
#8074 = VECTOR( '', #9772, 1.00000000000000 );
#8075 = COLOUR_RGB( '', 0.564705908300000, 0.811764717100000, 0.945098042500000 );
#8076 = CARTESIAN_POINT( '', ( -0.00418553817873600, 0.00193933982822000, 0.00900000000000000 ) );
#8077 = CARTESIAN_POINT( '', ( -0.00418553817874600, 0.00193933982823000, 0.00900000000001000 ) );
#8078 = CARTESIAN_POINT( '', ( -0.00395941055409400, 0.00203469527964300, 0.00900000000001000 ) );
#8079 = CARTESIAN_POINT( '', ( -0.00351307783436100, 0.00221018775384700, 0.00899999999709500 ) );
#8080 = CARTESIAN_POINT( '', ( -0.00307859116520100, 0.00235521352120300, 0.00900000000584000 ) );
#8081 = CARTESIAN_POINT( '', ( -0.00286433349753400, 0.00242019158863000, 0.00900000000584000 ) );
#8082 = AXIS2_PLACEMENT_3D( '', #9773, #9774, #9775 );
#8083 = COLOUR_RGB( '', 0.564705908300000, 0.811764717100000, 0.945098042500000 );
#8084 = CARTESIAN_POINT( '', ( 0.00886977583484800, -0.00150000000000000, 0.00756578947368400 ) );
#8085 = CARTESIAN_POINT( '', ( 0.00857143143616200, -0.00150000000000000, 0.00529649619541700 ) );
#8086 = AXIS2_PLACEMENT_3D( '', #9776, #9777, #9778 );
#8087 = CARTESIAN_POINT( '', ( 0.00886977583484800, 0.000500000000000000, 0.00756578947368400 ) );
#8088 = CARTESIAN_POINT( '', ( 0.00886977583485800, -0.00150000000001000, 0.00756578947369400 ) );
#8089 = VECTOR( '', #9779, 1.00000000000000 );
#8090 = CARTESIAN_POINT( '', ( 0.00857143143616200, 0.000500000000000000, 0.00529649619541700 ) );
#8091 = AXIS2_PLACEMENT_3D( '', #9780, #9781, #9782 );
#8092 = CARTESIAN_POINT( '', ( 0.00857143143617200, -0.00150000000001000, 0.00529649619542700 ) );
#8093 = VECTOR( '', #9783, 1.00000000000000 );
#8094 = COLOUR_RGB( '', 0.564705908300000, 0.811764717100000, 0.945098042500000 );
#8095 = CARTESIAN_POINT( '', ( -0.00738466063387600, -0.00150000000000000, -0.00105259599673700 ) );
#8096 = CARTESIAN_POINT( '', ( -0.00738466063388600, -0.00150000000001000, -0.00105259599674700 ) );
#8097 = VECTOR( '', #9784, 1.00000000000000 );
#8098 = CARTESIAN_POINT( '', ( -0.00738466063388600, -0.00150000000001000, -0.00105259599674700 ) );
#8099 = VECTOR( '', #9785, 1.00000000000000 );
#8100 = COLOUR_RGB( '', 0.564705908300000, 0.811764717100000, 0.945098042500000 );
#8101 = CARTESIAN_POINT( '', ( 0.00624500453720900, 0.00301686156244100, -0.00250000000000000 ) );
#8102 = CARTESIAN_POINT( '', ( 0.00644426439077200, 0.00208212668466000, -0.00414377248424900 ) );
#8103 = CARTESIAN_POINT( '', ( 0.00624500453721900, 0.00301686156245100, -0.00250000000001000 ) );
#8104 = CARTESIAN_POINT( '', ( 0.00623286844926800, 0.00300327647502800, -0.00256686973449200 ) );
#8105 = CARTESIAN_POINT( '', ( 0.00621387507552400, 0.00296977510661400, -0.00269914672417200 ) );
#8106 = CARTESIAN_POINT( '', ( 0.00619988638580100, 0.00290278466923800, -0.00289301176489600 ) );
#8107 = CARTESIAN_POINT( '', ( 0.00619910810635300, 0.00282218219783300, -0.00308010891262900 ) );
#8108 = CARTESIAN_POINT( '', ( 0.00621048402586300, 0.00272800313946000, -0.00326459970074400 ) );
#8109 = CARTESIAN_POINT( '', ( 0.00623410007062500, 0.00261975152346500, -0.00344869143943700 ) );
#8110 = CARTESIAN_POINT( '', ( 0.00626993126611500, 0.00249868021350000, -0.00363098662022600 ) );
#8111 = CARTESIAN_POINT( '', ( 0.00631728754793900, 0.00236734394826000, -0.00380883375119000 ) );
#8112 = CARTESIAN_POINT( '', ( 0.00637535097112800, 0.00222784056348100, -0.00398079255949900 ) );
#8113 = CARTESIAN_POINT( '', ( 0.00642029121605700, 0.00213126309880900, -0.00409020492851200 ) );
#8114 = CARTESIAN_POINT( '', ( 0.00644426439078200, 0.00208212668467000, -0.00414377248425900 ) );
#8115 = CARTESIAN_POINT( '', ( 0.00392456430642700, 0.00509048666720100, -0.00250000000001000 ) );
#8116 = CARTESIAN_POINT( '', ( 0.00414747961455400, 0.00490247695781400, -0.00250000000001000 ) );
#8117 = CARTESIAN_POINT( '', ( 0.00461623315599800, 0.00449784180478000, -0.00250000000001000 ) );
#8118 = CARTESIAN_POINT( '', ( 0.00538672752131300, 0.00380831703956800, -0.00250000000001000 ) );
#8119 = CARTESIAN_POINT( '', ( 0.00595069093182100, 0.00329009472787700, -0.00250000000001000 ) );
#8120 = CARTESIAN_POINT( '', ( 0.00624500453721900, 0.00301686156245100, -0.00250000000001000 ) );
#8121 = CARTESIAN_POINT( '', ( 0.00639246972333200, 0.00184367965644000, -0.00464180254171700 ) );
#8122 = AXIS2_PLACEMENT_3D( '', #9786, #9787, #9788 );
#8123 = CARTESIAN_POINT( '', ( 0.00639246972333234, 0.00184367965643807, -0.00464180254171999 ) );
#8124 = CARTESIAN_POINT( '', ( 0.00640422636149767, 0.00184436200475883, -0.00462436736370306 ) );
#8125 = CARTESIAN_POINT( '', ( 0.00642772553708398, 0.00184572588300149, -0.00458951791917336 ) );
#8126 = CARTESIAN_POINT( '', ( 0.00645418404736727, 0.00185705548839610, -0.00453249156873691 ) );
#8127 = CARTESIAN_POINT( '', ( 0.00647356794985207, 0.00187518044047648, -0.00447295930346920 ) );
#8128 = CARTESIAN_POINT( '', ( 0.00649002737096702, 0.00191148000405666, -0.00438473989579146 ) );
#8129 = CARTESIAN_POINT( '', ( 0.00648951364932124, 0.00197732669946585, -0.00426686449915612 ) );
#8130 = CARTESIAN_POINT( '', ( 0.00645976102011609, 0.00204623556560257, -0.00418592812152309 ) );
#8131 = CARTESIAN_POINT( '', ( 0.00644426439077224, 0.00208212668465838, -0.00414377248425270 ) );
#8132 = COLOUR_RGB( '', 0.564705908300000, 0.811764717100000, 0.945098042500000 );
#8133 = COLOUR_RGB( '', 0.564705908300000, 0.811764717100000, 0.945098042500000 );
#8134 = CARTESIAN_POINT( '', ( 0.00639246972333200, -0.00150000000000000, -0.00464180254171700 ) );
#8135 = AXIS2_PLACEMENT_3D( '', #9789, #9790, #9791 );
#8136 = CARTESIAN_POINT( '', ( 0.00639246972334200, 0.00184367965645000, -0.00464180254172700 ) );
#8137 = VECTOR( '', #9792, 1.00000000000000 );
#8138 = COLOUR_RGB( '', 0.564705908300000, 0.811764717100000, 0.945098042500000 );
#8139 = CARTESIAN_POINT( '', ( -0.00200000000000000, -0.00150000000000000, 0.00696491205974600 ) );
#8140 = AXIS2_PLACEMENT_3D( '', #9793, #9794, #9795 );
#8141 = CARTESIAN_POINT( '', ( -0.00200000000000000, 0.00150000000000000, 0.00696491205974600 ) );
#8142 = AXIS2_PLACEMENT_3D( '', #9796, #9797, #9798 );
#8143 = CARTESIAN_POINT( '', ( -0.00200000000001000, 0.00150000000001000, 0.00696491205975600 ) );
#8144 = VECTOR( '', #9799, 1.00000000000000 );
#8145 = COLOUR_RGB( '', 0.564705908300000, 0.811764717100000, 0.945098042500000 );
#8146 = CARTESIAN_POINT( '', ( 0.00720818186054000, 0.00150000000000000, -0.00282857142857100 ) );
#8147 = CARTESIAN_POINT( '', ( 0.00720818186055000, 0.00150000000001000, -0.00282857142858100 ) );
#8148 = VECTOR( '', #9800, 1.00000000000000 );
#8149 = AXIS2_PLACEMENT_3D( '', #9801, #9802, #9803 );
#8150 = AXIS2_PLACEMENT_3D( '', #9804, #9805, #9806 );
#8151 = CARTESIAN_POINT( '', ( 0.00946855366513482, 0.00155390642682800, -0.00473794633487019 ) );
#8152 = CARTESIAN_POINT( '', ( 0.00943143644194143, 0.00156243882847898, -0.00474721940927452 ) );
#8153 = CARTESIAN_POINT( '', ( 0.00935824392466844, 0.00157926411608107, -0.00476550525072814 ) );
#8154 = CARTESIAN_POINT( '', ( 0.00925013636439246, 0.00161270252024137, -0.00478352120585104 ) );
#8155 = CARTESIAN_POINT( '', ( 0.00914616956886007, 0.00165174939099622, -0.00479504324218764 ) );
#8156 = CARTESIAN_POINT( '', ( 0.00904675406168187, 0.00169698712067327, -0.00480025503445431 ) );
#8157 = CARTESIAN_POINT( '', ( 0.00895221994778482, 0.00174823357628553, -0.00480015692134244 ) );
#8158 = CARTESIAN_POINT( '', ( 0.00886297793980315, 0.00180566942925341, -0.00479544315731894 ) );
#8159 = CARTESIAN_POINT( '', ( 0.00877868324358797, 0.00186876077562687, -0.00478710142474753 ) );
#8160 = CARTESIAN_POINT( '', ( 0.00872726308560271, 0.00191582186383248, -0.00477909108283094 ) );
#8161 = CARTESIAN_POINT( '', ( 0.00870156675152033, 0.00193933982823000, -0.00477508805308409 ) );
#8162 = COLOUR_RGB( '', 0.564705908300000, 0.811764717100000, 0.945098042500000 );
#8163 = AXIS2_PLACEMENT_3D( '', #9807, #9808, #9809 );
#8164 = COLOUR_RGB( '', 0.564705908300000, 0.811764717100000, 0.945098042500000 );
#8165 = CARTESIAN_POINT( '', ( -0.00573809871394000, -0.00150000000000000, 0.00200000000000000 ) );
#8166 = CARTESIAN_POINT( '', ( -0.00623232618152500, -0.00150000000000000, 0.00257575757575800 ) );
#8167 = AXIS2_PLACEMENT_3D( '', #9810, #9811, #9812 );
#8168 = CARTESIAN_POINT( '', ( -0.00573809871394000, 0.000914159283684900, 0.00200000000000000 ) );
#8169 = CARTESIAN_POINT( '', ( -0.00573809871395000, 0.000914159283694900, 0.00200000000001000 ) );
#8170 = VECTOR( '', #9813, 1.00000000000000 );
#8171 = CARTESIAN_POINT( '', ( -0.00622325474008545, 0.00150000000001166, 0.00237907179691941 ) );
#8172 = CARTESIAN_POINT( '', ( -0.00621876540561041, 0.00149011036136074, 0.00236305054477787 ) );
#8173 = CARTESIAN_POINT( '', ( -0.00620966895605610, 0.00147007162296898, 0.00233058771254461 ) );
#8174 = CARTESIAN_POINT( '', ( -0.00619043212709104, 0.00143621101882116, 0.00228513863536725 ) );
#8175 = CARTESIAN_POINT( '', ( -0.00616224032569618, 0.00139163962764332, 0.00223251466076504 ) );
#8176 = CARTESIAN_POINT( '', ( -0.00612172196931687, 0.00133442400119900, 0.00217601270346084 ) );
#8177 = CARTESIAN_POINT( '', ( -0.00606469430375170, 0.00126153017518192, 0.00211847349116519 ) );
#8178 = CARTESIAN_POINT( '', ( -0.00599755146513520, 0.00118209096360398, 0.00206961229302945 ) );
#8179 = CARTESIAN_POINT( '', ( -0.00591850993391551, 0.00109484815447099, 0.00203115467961930 ) );
#8180 = CARTESIAN_POINT( '', ( -0.00583203921129055, 0.00100454921598841, 0.00200498570092374 ) );
#8181 = CARTESIAN_POINT( '', ( -0.00576912716283088, 0.000944014984623847, 0.00200164677185268 ) );
#8182 = CARTESIAN_POINT( '', ( -0.00573809871394843, 0.000914159283696568, 0.00200000000000944 ) );
#8183 = CARTESIAN_POINT( '', ( -0.00623232618153500, 0.00150000000001000, 0.00257575757576800 ) );
#8184 = VECTOR( '', #9814, 1.00000000000000 );
#8185 = COLOUR_RGB( '', 0.564705908300000, 0.811764717100000, 0.945098042500000 );
#8186 = CARTESIAN_POINT( '', ( -0.00503487835007000, -0.00150000000000000, -0.00800000000000000 ) );
#8187 = CARTESIAN_POINT( '', ( -0.00503487835007000, 0.000500000000000000, -0.00800000000000000 ) );
#8188 = CARTESIAN_POINT( '', ( -0.00503487835008000, -0.00150000000001000, -0.00800000000001000 ) );
#8189 = VECTOR( '', #9815, 1.00000000000000 );
#8190 = CARTESIAN_POINT( '', ( -0.00487069753430700, -0.00150000000000000, -0.00744891304347800 ) );
#8191 = AXIS2_PLACEMENT_3D( '', #9816, #9817, #9818 );
#8192 = CARTESIAN_POINT( '', ( -0.00487069753430600, 0.000500000000000000, -0.00744891304347800 ) );
#8193 = CARTESIAN_POINT( '', ( -0.00487069753431700, -0.00150000000001000, -0.00744891304348800 ) );
#8194 = VECTOR( '', #9819, 1.00000000000000 );
#8195 = AXIS2_PLACEMENT_3D( '', #9820, #9821, #9822 );
#8196 = COLOUR_RGB( '', 0.564705908300000, 0.811764717100000, 0.945098042500000 );
#8197 = CARTESIAN_POINT( '', ( 0.00623232618152500, 0.00150000000000000, 0.00257575757575800 ) );
#8198 = AXIS2_PLACEMENT_3D( '', #9823, #9824, #9825 );
#8199 = CARTESIAN_POINT( '', ( 0.00623232618152500, -0.00150000000000000, 0.00257575757575800 ) );
#8200 = CARTESIAN_POINT( '', ( 0.00623232618153500, -0.00150000000001000, 0.00257575757576800 ) );
#8201 = VECTOR( '', #9826, 1.00000000000000 );
#8202 = CARTESIAN_POINT( '', ( 0.00644426439077200, -0.00150000000000000, 0.00414377248424900 ) );
#8203 = AXIS2_PLACEMENT_3D( '', #9827, #9828, #9829 );
#8204 = CARTESIAN_POINT( '', ( 0.00644426439078200, -0.00150000000001000, 0.00414377248425900 ) );
#8205 = VECTOR( '', #9830, 1.00000000000000 );
#8206 = COLOUR_RGB( '', 0.564705908300000, 0.811764717100000, 0.945098042500000 );
#8207 = CARTESIAN_POINT( '', ( 0.00748297820214100, 0.000500000000000000, 0.00481819854575200 ) );
#8208 = AXIS2_PLACEMENT_3D( '', #9831, #9832, #9833 );
#8209 = CARTESIAN_POINT( '', ( 0.00748297820214100, -0.00150000000000000, 0.00481819854575200 ) );
#8210 = AXIS2_PLACEMENT_3D( '', #9834, #9835, #9836 );
#8211 = CARTESIAN_POINT( '', ( 0.00748297820215100, -0.00150000000001000, 0.00481819854576200 ) );
#8212 = VECTOR( '', #9837, 1.00000000000000 );
#8213 = COLOUR_RGB( '', 0.564705908300000, 0.811764717100000, 0.945098042500000 );
#8214 = CARTESIAN_POINT( '', ( -0.00970427331803300, 0.000700000000000000, 0.000989767145193400 ) );
#8215 = AXIS2_PLACEMENT_3D( '', #9838, #9839, #9840 );
#8216 = CARTESIAN_POINT( '', ( -0.00970427331803300, 0.000700000000000000, -0.000989767145193400 ) );
#8217 = AXIS2_PLACEMENT_3D( '', #9841, #9842, #9843 );
#8218 = CARTESIAN_POINT( '', ( -0.00946855366512800, 0.000700000000000000, -0.00126205366512800 ) );
#8219 = AXIS2_PLACEMENT_3D( '', #9844, #9845, #9846 );
#8220 = CARTESIAN_POINT( '', ( -0.00946855366512800, 0.000700000000000000, -0.00473794633487200 ) );
#8221 = AXIS2_PLACEMENT_3D( '', #9847, #9848, #9849 );
#8222 = CARTESIAN_POINT( '', ( -0.00970427331803300, 0.000700000000000000, -0.00501023285480700 ) );
#8223 = AXIS2_PLACEMENT_3D( '', #9850, #9851, #9852 );
#8224 = AXIS2_PLACEMENT_3D( '', #9853, #9854, #9855 );
#8225 = AXIS2_PLACEMENT_3D( '', #9856, #9857, #9858 );
#8226 = CARTESIAN_POINT( '', ( -0.0107379463348700, 0.000700000000000000, 0.00253144633487200 ) );
#8227 = AXIS2_PLACEMENT_3D( '', #9859, #9860, #9861 );
#8228 = AXIS2_PLACEMENT_3D( '', #9862, #9863, #9864 );
#8229 = AXIS2_PLACEMENT_3D( '', #9865, #9866, #9867 );
#8230 = CARTESIAN_POINT( '', ( -0.0100500000000200, 0.000700000000010000, -0.00300000000001000 ) );
#8231 = AXIS2_PLACEMENT_3D( '', #9868, #9869, #9870 );
#8232 = CARTESIAN_POINT( '', ( -0.0140100000000200, 0.000700000000010000, 0.00600000000001000 ) );
#8233 = AXIS2_PLACEMENT_3D( '', #9871, #9872, #9873 );
#8234 = CARTESIAN_POINT( '', ( -0.0140100000000200, 0.000700000000010000, 0.00000000000000 ) );
#8235 = AXIS2_PLACEMENT_3D( '', #9874, #9875, #9876 );
#8236 = CARTESIAN_POINT( '', ( -0.0140100000000200, 0.000700000000010000, -0.00600000000001000 ) );
#8237 = AXIS2_PLACEMENT_3D( '', #9877, #9878, #9879 );
#8238 = COLOUR_RGB( '', 0.564705908300000, 0.811764717100000, 0.945098042500000 );
#8239 = CARTESIAN_POINT( '', ( 0.00789667553872200, -0.00150000000000000, 0.00472776593702600 ) );
#8240 = AXIS2_PLACEMENT_3D( '', #9880, #9881, #9882 );
#8241 = CARTESIAN_POINT( '', ( 0.00789667553872200, 0.000500000000000000, 0.00472776593702600 ) );
#8242 = CARTESIAN_POINT( '', ( 0.00789667553873200, -0.00150000000001000, 0.00472776593703600 ) );
#8243 = VECTOR( '', #9883, 1.00000000000000 );
#8244 = AXIS2_PLACEMENT_3D( '', #9884, #9885, #9886 );
#8245 = COLOUR_RGB( '', 0.564705908300000, 0.811764717100000, 0.945098042500000 );
#8246 = CARTESIAN_POINT( '', ( -0.00200000000000000, -0.00150000000000000, 0.00250000000000000 ) );
#8247 = CARTESIAN_POINT( '', ( -0.00250000000000000, -0.00150000000000000, 0.00200000000000000 ) );
#8248 = AXIS2_PLACEMENT_3D( '', #9887, #9888, #9889 );
#8249 = CARTESIAN_POINT( '', ( -0.00200000000000000, -0.000600000000000000, 0.00250000000000000 ) );
#8250 = CARTESIAN_POINT( '', ( -0.00200000000001000, -0.000600000000010000, 0.00250000000001000 ) );
#8251 = VECTOR( '', #9890, 1.00000000000000 );
#8252 = CARTESIAN_POINT( '', ( -0.00250000000000000, -0.000600000000000000, 0.00200000000000000 ) );
#8253 = AXIS2_PLACEMENT_3D( '', #9891, #9892, #9893 );
#8254 = CARTESIAN_POINT( '', ( -0.00250000000001000, -0.000600000000010000, 0.00200000000001000 ) );
#8255 = VECTOR( '', #9894, 1.00000000000000 );
#8256 = COLOUR_RGB( '', 0.564705908300000, 0.811764717100000, 0.945098042500000 );
#8257 = CARTESIAN_POINT( '', ( 0.00286433354500300, 0.00242019158961800, 0.00900000000949700 ) );
#8258 = CARTESIAN_POINT( '', ( 0.00280000000000000, 0.00242983199325900, 0.00900000000000000 ) );
#8259 = CARTESIAN_POINT( '', ( 0.00286433354501300, 0.00242019158962800, 0.00900000000950700 ) );
#8260 = CARTESIAN_POINT( '', ( 0.00285366194802000, 0.00242342796953300, 0.00900000000950700 ) );
#8261 = CARTESIAN_POINT( '', ( 0.00283225662731100, 0.00242823557202700, 0.00899999999526200 ) );
#8262 = CARTESIAN_POINT( '', ( 0.00281076828342200, 0.00242983199326900, 0.00900000000001000 ) );
#8263 = CARTESIAN_POINT( '', ( 0.00280000000001000, 0.00242983199326900, 0.00900000000001000 ) );
#8264 = CARTESIAN_POINT( '', ( 0.00280000000000000, 0.00150000000000000, 0.00900000000000000 ) );
#8265 = CARTESIAN_POINT( '', ( 0.00280000000001000, 0.00150000000001000, 0.00900000000001000 ) );
#8266 = VECTOR( '', #9895, 1.00000000000000 );
#8267 = CARTESIAN_POINT( '', ( -0.00280000000000000, 0.00150000000000000, 0.00900000000000000 ) );
#8268 = CARTESIAN_POINT( '', ( 0.00280000000001000, 0.00150000000001000, 0.00900000000001000 ) );
#8269 = VECTOR( '', #9896, 1.00000000000000 );
#8270 = CARTESIAN_POINT( '', ( -0.00280000000001000, 0.00242983196030300, 0.00900000000001000 ) );
#8271 = VECTOR( '', #9897, 1.00000000000000 );
#8272 = CARTESIAN_POINT( '', ( -0.00418553817874600, 0.00193933982823000, 0.00900000000000000 ) );
#8273 = CARTESIAN_POINT( '', ( -0.00468270526152024, 0.00172969011524996, 0.00900000000000000 ) );
#8274 = CARTESIAN_POINT( '', ( -0.00523945076168109, 0.00161399321060606, 0.00900000000000000 ) );
#8275 = CARTESIAN_POINT( '', ( -0.00578799790945125, 0.00150000000001000, 0.00900000000000000 ) );
#8276 = CARTESIAN_POINT( '', ( -0.00630073286939200, 0.00150000000001000, 0.00900000000000000 ) );
#8277 = CARTESIAN_POINT( '', ( -0.0120000000000000, -0.00150000000000000, 0.00900000000000000 ) );
#8278 = CARTESIAN_POINT( '', ( -0.0120000000000100, 0.00150000000001000, 0.00900000000001000 ) );
#8279 = VECTOR( '', #9898, 1.00000000000000 );
#8280 = CARTESIAN_POINT( '', ( -0.0120000000000100, -0.00150000000001000, 0.00900000000001000 ) );
#8281 = VECTOR( '', #9899, 1.00000000000000 );
#8282 = CARTESIAN_POINT( '', ( 0.00418553817873600, 0.00193933982822000, 0.00900000000000000 ) );
#8283 = CARTESIAN_POINT( '', ( 0.00630073286939200, 0.00150000000001000, 0.00900000000000000 ) );
#8284 = CARTESIAN_POINT( '', ( 0.00578851031387940, 0.00150000000001000, 0.00900000000000000 ) );
#8285 = CARTESIAN_POINT( '', ( 0.00523945076168110, 0.00161399321060606, 0.00900000000000000 ) );
#8286 = CARTESIAN_POINT( '', ( 0.00468320963558060, 0.00172947742643638, 0.00900000000000000 ) );
#8287 = CARTESIAN_POINT( '', ( 0.00418553817874600, 0.00193933982823000, 0.00900000000000000 ) );
#8288 = CARTESIAN_POINT( '', ( 0.00286433354501300, 0.00242019158962800, 0.00900000000950700 ) );
#8289 = CARTESIAN_POINT( '', ( 0.00307933750505900, 0.00235498719364000, 0.00900000000950700 ) );
#8290 = CARTESIAN_POINT( '', ( 0.00351454726551800, 0.00220965108250600, 0.00899999999526200 ) );
#8291 = CARTESIAN_POINT( '', ( 0.00396012935406700, 0.00203439216985700, 0.00900000000001000 ) );
#8292 = CARTESIAN_POINT( '', ( 0.00418553817874600, 0.00193933982823000, 0.00900000000001000 ) );
#8293 = COLOUR_RGB( '', 0.564705908300000, 0.811764717100000, 0.945098042500000 );
#8294 = CARTESIAN_POINT( '', ( 0.00250000000000000, 0.00150000000000000, 0.00870000000000000 ) );
#8295 = AXIS2_PLACEMENT_3D( '', #9900, #9901, #9902 );
#8296 = CARTESIAN_POINT( '', ( 0.00250000000000000, 0.00230126111049000, 0.00870000000000000 ) );
#8297 = CARTESIAN_POINT( '', ( 0.00250000000000021, 0.00230126111050000, 0.00870000000001000 ) );
#8298 = CARTESIAN_POINT( '', ( 0.00250059146674375, 0.00230721690047686, 0.00871410310446594 ) );
#8299 = CARTESIAN_POINT( '', ( 0.00250230754567021, 0.00232449700249654, 0.00875502178775395 ) );
#8300 = CARTESIAN_POINT( '', ( 0.00252016947188341, 0.00235100253318130, 0.00881593310170252 ) );
#8301 = CARTESIAN_POINT( '', ( 0.00255349457000922, 0.00237617378293473, 0.00887445448709375 ) );
#8302 = CARTESIAN_POINT( '', ( 0.00260533033646333, 0.00240124422403686, 0.00893359760168802 ) );
#8303 = CARTESIAN_POINT( '', ( 0.00268618976619512, 0.00242497160005875, 0.00898729066102719 ) );
#8304 = CARTESIAN_POINT( '', ( 0.00276329665658422, 0.00242826453596775, 0.00899590128921311 ) );
#8305 = CARTESIAN_POINT( '', ( 0.00280000000001000, 0.00242983199325901, 0.00900000000000049 ) );
#8306 = CARTESIAN_POINT( '', ( 0.00250000000001000, 0.00150000000001000, 0.00870000000001000 ) );
#8307 = VECTOR( '', #9903, 1.00000000000000 );
#8308 = COLOUR_RGB( '', 0.564705908300000, 0.811764717100000, 0.945098042500000 );
#8309 = CARTESIAN_POINT( '', ( -0.00166358047597100, -0.000600000000010000, 0.00000000000000 ) );
#8310 = AXIS2_PLACEMENT_3D( '', #9904, #9905, #9906 );
#8311 = COLOUR_RGB( '', 0.564705908300000, 0.811764717100000, 0.945098042500000 );
#8312 = AXIS2_PLACEMENT_3D( '', #9907, #9908, #9909 );
#8313 = COLOUR_RGB( '', 0.564705908300000, 0.811764717100000, 0.945098042500000 );
#8314 = CARTESIAN_POINT( '', ( -0.00639246972333200, -0.00150000000000000, -0.00464180254171700 ) );
#8315 = CARTESIAN_POINT( '', ( -0.00266891891891900, -0.00150000000000000, -0.00743551422594500 ) );
#8316 = AXIS2_PLACEMENT_3D( '', #9910, #9911, #9912 );
#8317 = CARTESIAN_POINT( '', ( -0.00266891891892900, -0.00150000000001000, -0.00743551422595500 ) );
#8318 = VECTOR( '', #9913, 1.00000000000000 );
#8319 = CARTESIAN_POINT( '', ( -0.00250000000000000, 0.00184367965644000, -0.00749399759807800 ) );
#8320 = CARTESIAN_POINT( '', ( -0.00250000000001000, 0.00184367965645000, -0.00749399759808800 ) );
#8321 = VECTOR( '', #9914, 1.00000000000000 );
#8322 = CARTESIAN_POINT( '', ( -0.00639246972333200, 0.00184367965644000, -0.00464180254171700 ) );
#8323 = AXIS2_PLACEMENT_3D( '', #9915, #9916, #9917 );
#8324 = CARTESIAN_POINT( '', ( -0.00639246972334200, -0.00150000000001000, -0.00464180254172700 ) );
#8325 = VECTOR( '', #9918, 1.00000000000000 );
#8326 = COLOUR_RGB( '', 0.564705908300000, 0.811764717100000, 0.945098042500000 );
#8327 = CARTESIAN_POINT( '', ( 0.00644426439077200, -0.00150000000000000, -0.00414377248424900 ) );
#8328 = AXIS2_PLACEMENT_3D( '', #9919, #9920, #9921 );
#8329 = CARTESIAN_POINT( '', ( 0.00624500453720900, 0.00150000000000000, -0.00250000000000000 ) );
#8330 = AXIS2_PLACEMENT_3D( '', #9922, #9923, #9924 );
#8331 = CARTESIAN_POINT( '', ( 0.00624500453721900, 0.00150000000001000, -0.00250000000001000 ) );
#8332 = VECTOR( '', #9925, 1.00000000000000 );
#8333 = CARTESIAN_POINT( '', ( 0.00644426439078200, 0.00208212668467000, -0.00414377248425900 ) );
#8334 = VECTOR( '', #9926, 1.00000000000000 );
#8335 = COLOUR_RGB( '', 0.564705908300000, 0.811764717100000, 0.945098042500000 );
#8336 = CARTESIAN_POINT( '', ( 0.00857143143616200, -0.00150000000000000, -0.00529649619541700 ) );
#8337 = AXIS2_PLACEMENT_3D( '', #9927, #9928, #9929 );
#8338 = CARTESIAN_POINT( '', ( 0.00857143143616200, 0.000500000000000000, -0.00529649619541700 ) );
#8339 = AXIS2_PLACEMENT_3D( '', #9930, #9931, #9932 );
#8340 = CARTESIAN_POINT( '', ( 0.00857143143617200, 0.000500000000010000, -0.00529649619542700 ) );
#8341 = VECTOR( '', #9933, 1.00000000000000 );
#8342 = COLOUR_RGB( '', 0.564705908300000, 0.811764717100000, 0.945098042500000 );
#8343 = CARTESIAN_POINT( '', ( -0.00970427331803300, 0.00150140876506100, -0.00501023285480700 ) );
#8344 = CARTESIAN_POINT( '', ( -0.00970427331804300, 0.00150140876507100, -0.00501023285481700 ) );
#8345 = CARTESIAN_POINT( '', ( -0.00967818316764000, 0.00150121017131500, -0.00507074795143000 ) );
#8346 = CARTESIAN_POINT( '', ( -0.00963090303796100, 0.00150055909900300, -0.00519358199704900 ) );
#8347 = CARTESIAN_POINT( '', ( -0.00959359178478000, 0.00150000000001000, -0.00531921482518900 ) );
#8348 = CARTESIAN_POINT( '', ( -0.00957745421722600, 0.00150000000001000, -0.00538252778985500 ) );
#8349 = CARTESIAN_POINT( '', ( -0.00970427331804300, 0.000700000000010000, -0.00501023285481700 ) );
#8350 = VECTOR( '', #9934, 1.00000000000000 );
#8351 = COLOUR_RGB( '', 0.564705908300000, 0.811764717100000, 0.945098042500000 );
#8352 = CARTESIAN_POINT( '', ( -0.0107379463348800, 0.00150000000001000, 0.00253144633488200 ) );
#8353 = VECTOR( '', #9935, 1.00000000000000 );
#8354 = COLOUR_RGB( '', 0.564705908300000, 0.811764717100000, 0.945098042500000 );
#8355 = CARTESIAN_POINT( '', ( 0.00970427331804300, 0.00150140876507100, 0.00501023285481700 ) );
#8356 = CARTESIAN_POINT( '', ( 0.00967818316764000, 0.00150121017131500, 0.00507074795143000 ) );
#8357 = CARTESIAN_POINT( '', ( 0.00963090303796100, 0.00150055909900300, 0.00519358199704900 ) );
#8358 = CARTESIAN_POINT( '', ( 0.00959359178478000, 0.00150000000001000, 0.00531921482518900 ) );
#8359 = CARTESIAN_POINT( '', ( 0.00957745421722600, 0.00150000000001000, 0.00538252778985500 ) );
#8360 = CARTESIAN_POINT( '', ( 0.0110102328548100, 0.000700000000000000, 0.00370427331803300 ) );
#8361 = CARTESIAN_POINT( '', ( 0.0110102328548200, 0.00150000000001000, 0.00370427331804300 ) );
#8362 = VECTOR( '', #9936, 1.00000000000000 );
#8363 = AXIS2_PLACEMENT_3D( '', #9937, #9938, #9939 );
#8364 = COLOUR_RGB( '', 0.564705908300000, 0.811764717100000, 0.945098042500000 );
#8365 = CARTESIAN_POINT( '', ( -0.00393162682918500, 0.00638649917880300, 0.00250000000000000 ) );
#8366 = CARTESIAN_POINT( '', ( -0.00393162682919500, 0.00638649917881300, 0.00250000000001000 ) );
#8367 = CARTESIAN_POINT( '', ( -0.00398662463039900, 0.00637450122147300, 0.00250000000001000 ) );
#8368 = CARTESIAN_POINT( '', ( -0.00409579463243500, 0.00634489684024800, 0.00250000000001000 ) );
#8369 = CARTESIAN_POINT( '', ( -0.00425437898105800, 0.00628334755620500, 0.00250000000001000 ) );
#8370 = CARTESIAN_POINT( '', ( -0.00441442876945700, 0.00619892750978700, 0.00250000000001000 ) );
#8371 = CARTESIAN_POINT( '', ( -0.00452299237392100, 0.00612127058428500, 0.00250000000001000 ) );
#8372 = CARTESIAN_POINT( '', ( -0.00457621245105900, 0.00607587615707000, 0.00250000000001000 ) );
#8373 = CARTESIAN_POINT( '', ( -0.00369791988451900, 0.00619104732316400, 0.00250000000000000 ) );
#8374 = CARTESIAN_POINT( '', ( -0.00393162682919500, 0.00638649917881300, 0.00250000000001000 ) );
#8375 = CARTESIAN_POINT( '', ( -0.00389208734776300, 0.00635313376938500, 0.00250000000001000 ) );
#8376 = CARTESIAN_POINT( '', ( -0.00381359859512200, 0.00628719082575100, 0.00250000000001000 ) );
#8377 = CARTESIAN_POINT( '', ( -0.00373628459164200, 0.00622283029143600, 0.00250000000001000 ) );
#8378 = CARTESIAN_POINT( '', ( -0.00369791988452900, 0.00619104732317400, 0.00250000000001000 ) );
#8379 = CARTESIAN_POINT( '', ( -0.00369791988451900, 0.00566126201251900, 0.00250000000000000 ) );
#8380 = CARTESIAN_POINT( '', ( -0.00369791988452900, 0.00566126201252900, 0.00250000000001000 ) );
#8381 = VECTOR( '', #9940, 1.00000000000000 );
#8382 = CARTESIAN_POINT( '', ( -0.00392456430641700, 0.00509048666719100, 0.00250000000000000 ) );
#8383 = AXIS2_PLACEMENT_3D( '', #9941, #9942, #9943 );
#8384 = CARTESIAN_POINT( '', ( -0.00624500453720900, 0.00301686156244100, 0.00250000000000000 ) );
#8385 = CARTESIAN_POINT( '', ( -0.00392456430642700, 0.00509048666720100, 0.00250000000001000 ) );
#8386 = CARTESIAN_POINT( '', ( -0.00414747961455400, 0.00490247695781400, 0.00250000000001000 ) );
#8387 = CARTESIAN_POINT( '', ( -0.00461623315599800, 0.00449784180478000, 0.00250000000001000 ) );
#8388 = CARTESIAN_POINT( '', ( -0.00538672752131300, 0.00380831703956800, 0.00250000000001000 ) );
#8389 = CARTESIAN_POINT( '', ( -0.00595069093182100, 0.00329009472787700, 0.00250000000001000 ) );
#8390 = CARTESIAN_POINT( '', ( -0.00624500453721900, 0.00301686156245100, 0.00250000000001000 ) );
#8391 = CARTESIAN_POINT( '', ( -0.00624500453721900, 0.00150000000001000, 0.00250000000001000 ) );
#8392 = VECTOR( '', #9944, 1.00000000000000 );
#8393 = COLOUR_RGB( '', 0.564705908300000, 0.811764717100000, 0.945098042500000 );
#8394 = CARTESIAN_POINT( '', ( -0.0140100000000200, -0.000700000000010000, -0.00600000000001000 ) );
#8395 = AXIS2_PLACEMENT_3D( '', #9945, #9946, #9947 );
#8396 = COLOUR_RGB( '', 0.564705908300000, 0.811764717100000, 0.945098042500000 );
#8397 = CARTESIAN_POINT( '', ( -0.00200000000000000, -0.000600000000000000, -0.00250000000000000 ) );
#8398 = CARTESIAN_POINT( '', ( -0.00250000000000000, -0.000600000000000000, -0.00200000000000000 ) );
#8399 = AXIS2_PLACEMENT_3D( '', #9948, #9949, #9950 );
#8400 = CARTESIAN_POINT( '', ( -0.00200000000000000, -0.00150000000000000, -0.00250000000000000 ) );
#8401 = CARTESIAN_POINT( '', ( -0.00200000000001000, -0.00150000000001000, -0.00250000000001000 ) );
#8402 = VECTOR( '', #9951, 1.00000000000000 );
#8403 = CARTESIAN_POINT( '', ( -0.00250000000000000, -0.00150000000000000, -0.00200000000000000 ) );
#8404 = AXIS2_PLACEMENT_3D( '', #9952, #9953, #9954 );
#8405 = CARTESIAN_POINT( '', ( -0.00250000000001000, -0.00150000000001000, -0.00200000000001000 ) );
#8406 = VECTOR( '', #9955, 1.00000000000000 );
#8407 = COLOUR_RGB( '', 0.564705908300000, 0.811764717100000, 0.945098042500000 );
#8408 = CARTESIAN_POINT( '', ( 0.00403483382552300, 0.00666651765929400, 0.00284877389936800 ) );
#8409 = CARTESIAN_POINT( '', ( 0.00393162655342695, 0.00638649894611293, 0.00250000000000030 ) );
#8410 = CARTESIAN_POINT( '', ( 0.00394711550411546, 0.00640004540922578, 0.00250076098559638 ) );
#8411 = CARTESIAN_POINT( '', ( 0.00397708605927874, 0.00642625732171462, 0.00250223346499441 ) );
#8412 = CARTESIAN_POINT( '', ( 0.00401658804311799, 0.00646653882412271, 0.00251495054169935 ) );
#8413 = CARTESIAN_POINT( '', ( 0.00406845651953587, 0.00652647352720046, 0.00254569538927563 ) );
#8414 = CARTESIAN_POINT( '', ( 0.00411106527415643, 0.00660181015078374, 0.00261955432688170 ) );
#8415 = CARTESIAN_POINT( '', ( 0.00409913110125093, 0.00664767824443238, 0.00272200828366096 ) );
#8416 = CARTESIAN_POINT( '', ( 0.00406882560398440, 0.00666428663415020, 0.00279620790509232 ) );
#8417 = CARTESIAN_POINT( '', ( 0.00404649397866362, 0.00666575279712133, 0.00283074249442895 ) );
#8418 = CARTESIAN_POINT( '', ( 0.00403483398498933, 0.00666651832362123, 0.00284877401194837 ) );
#8419 = CARTESIAN_POINT( '', ( 0.00475716056486600, 0.00628800819139100, 0.00291071485951100 ) );
#8420 = CARTESIAN_POINT( '', ( 0.00475716056486605, 0.00628800819138934, 0.00291071485951492 ) );
#8421 = CARTESIAN_POINT( '', ( 0.00472779552902976, 0.00631315531203182, 0.00290839536626747 ) );
#8422 = CARTESIAN_POINT( '', ( 0.00466891760419334, 0.00636357616924769, 0.00290374470110762 ) );
#8423 = CARTESIAN_POINT( '', ( 0.00457374515282629, 0.00643099401122270, 0.00289603561453507 ) );
#8424 = CARTESIAN_POINT( '', ( 0.00447396066360579, 0.00649229659599916, 0.00288776702021123 ) );
#8425 = CARTESIAN_POINT( '', ( 0.00436958703286986, 0.00654672759528478, 0.00287889314450377 ) );
#8426 = CARTESIAN_POINT( '', ( 0.00426125938854757, 0.00659409903022078, 0.00286942695882098 ) );
#8427 = CARTESIAN_POINT( '', ( 0.00414964273251357, 0.00663489797784648, 0.00285942339230747 ) );
#8428 = CARTESIAN_POINT( '', ( 0.00407316387117945, 0.00665596084888450, 0.00285232929536777 ) );
#8429 = CARTESIAN_POINT( '', ( 0.00403483373124071, 0.00666651726643983, 0.00284877383280341 ) );
#8430 = AXIS2_PLACEMENT_3D( '', #9956, #9957, #9958 );
#8431 = COLOUR_RGB( '', 0.564705908300000, 0.811764717100000, 0.945098042500000 );
#8432 = CARTESIAN_POINT( '', ( -0.00250000000000000, 0.00230126111049000, -0.00870000000000000 ) );
#8433 = CARTESIAN_POINT( '', ( -0.00250000000000008, 0.00230126111050000, -0.00870000000001000 ) );
#8434 = CARTESIAN_POINT( '', ( -0.00250059155911570, 0.00230721747404558, -0.00871410431497320 ) );
#8435 = CARTESIAN_POINT( '', ( -0.00250230775582207, 0.00232449772758036, -0.00875502292859265 ) );
#8436 = CARTESIAN_POINT( '', ( -0.00252017011421658, 0.00235100330936701, -0.00881593423930415 ) );
#8437 = CARTESIAN_POINT( '', ( -0.00255349461785146, 0.00237617405288804, -0.00887445453616223 ) );
#8438 = CARTESIAN_POINT( '', ( -0.00260533043459776, 0.00240124440169749, -0.00893359767890033 ) );
#8439 = CARTESIAN_POINT( '', ( -0.00268618971932146, 0.00242497174396978, -0.00898729064764526 ) );
#8440 = CARTESIAN_POINT( '', ( -0.00276329664558459, 0.00242826466949906, -0.00899590128535723 ) );
#8441 = CARTESIAN_POINT( '', ( -0.00280000000001000, 0.00242983212159002, -0.00900000000000049 ) );
#8442 = CARTESIAN_POINT( '', ( -0.00250000000001000, 0.00150000000001000, -0.00870000000001000 ) );
#8443 = VECTOR( '', #9959, 1.00000000000000 );
#8444 = COLOUR_RGB( '', 0.564705908300000, 0.811764717100000, 0.945098042500000 );
#8445 = CARTESIAN_POINT( '', ( 0.00291071485951100, 0.00628800819138500, 0.00475716056487200 ) );
#8446 = CARTESIAN_POINT( '', ( 0.00250000000000000, 0.00607587615706000, 0.00457621245104900 ) );
#8447 = AXIS2_PLACEMENT_3D( '', #9960, #9961, #9962 );
#8448 = CARTESIAN_POINT( '', ( 0.00284877547478600, 0.00666651753281400, 0.00403483255838000 ) );
#8449 = CARTESIAN_POINT( '', ( 0.00284877543374827, 0.00666651729059678, 0.00403483250025249 ) );
#8450 = CARTESIAN_POINT( '', ( 0.00285291365293567, 0.00665406936023824, 0.00407950409755964 ) );
#8451 = CARTESIAN_POINT( '', ( 0.00286116690619420, 0.00662924324128685, 0.00416859701152633 ) );
#8452 = CARTESIAN_POINT( '', ( 0.00287266926057187, 0.00657947603395319, 0.00429788325865266 ) );
#8453 = CARTESIAN_POINT( '', ( 0.00288343518677464, 0.00652087186718607, 0.00442249869736672 ) );
#8454 = CARTESIAN_POINT( '', ( 0.00289336790019421, 0.00645255109698485, 0.00454117244464562 ) );
#8455 = CARTESIAN_POINT( '', ( 0.00290254420984979, 0.00637586728880458, 0.00465382579223075 ) );
#8456 = CARTESIAN_POINT( '', ( 0.00290799669989606, 0.00631723659555717, 0.00472278381176887 ) );
#8457 = CARTESIAN_POINT( '', ( 0.00291071485951514, 0.00628800819138378, 0.00475716056487243 ) );
#8458 = CARTESIAN_POINT( '', ( 0.00250000000000000, 0.00638649917880300, 0.00393162682918500 ) );
#8459 = CARTESIAN_POINT( '', ( 0.00284877554420380, 0.00666651794241042, 0.00403483265670568 ) );
#8460 = CARTESIAN_POINT( '', ( 0.00283456633824260, 0.00666604499424139, 0.00404418341141334 ) );
#8461 = CARTESIAN_POINT( '', ( 0.00280691685733959, 0.00666512469148814, 0.00406237890484374 ) );
#8462 = CARTESIAN_POINT( '', ( 0.00276350435044810, 0.00665733713232882, 0.00408242401068617 ) );
#8463 = CARTESIAN_POINT( '', ( 0.00272181699794121, 0.00664523423113437, 0.00409595751841824 ) );
#8464 = CARTESIAN_POINT( '', ( 0.00265234057616684, 0.00661705476439693, 0.00410821245322154 ) );
#8465 = CARTESIAN_POINT( '', ( 0.00256601685693145, 0.00655576225116152, 0.00409009132285050 ) );
#8466 = CARTESIAN_POINT( '', ( 0.00251885528886718, 0.00647982207484245, 0.00403011107388954 ) );
#8467 = CARTESIAN_POINT( '', ( 0.00250218206413906, 0.00642539345791352, 0.00397621279917934 ) );
#8468 = CARTESIAN_POINT( '', ( 0.00250074923279212, 0.00639985390510712, 0.00394693585250787 ) );
#8469 = CARTESIAN_POINT( '', ( 0.00250000000000030, 0.00638649917882193, 0.00393162682919695 ) );
#8470 = CARTESIAN_POINT( '', ( 0.00250000000001000, 0.00638649917881300, 0.00393162682919500 ) );
#8471 = CARTESIAN_POINT( '', ( 0.00250000000001000, 0.00637450122147300, 0.00398662463039900 ) );
#8472 = CARTESIAN_POINT( '', ( 0.00250000000001000, 0.00634489684024800, 0.00409579463243500 ) );
#8473 = CARTESIAN_POINT( '', ( 0.00250000000001000, 0.00628334755620500, 0.00425437898105800 ) );
#8474 = CARTESIAN_POINT( '', ( 0.00250000000001000, 0.00619892750978700, 0.00441442876945700 ) );
#8475 = CARTESIAN_POINT( '', ( 0.00250000000001000, 0.00612127058428500, 0.00452299237392100 ) );
#8476 = CARTESIAN_POINT( '', ( 0.00250000000001000, 0.00607587615707000, 0.00457621245105900 ) );
#8477 = COLOUR_RGB( '', 0.564705908300000, 0.811764717100000, 0.945098042500000 );
#8478 = CARTESIAN_POINT( '', ( 0.00857143143616200, 0.000500000000000000, -0.000703503804583200 ) );
#8479 = CARTESIAN_POINT( '', ( 0.00857143143616200, 0.000500000000000000, 0.000703503804583200 ) );
#8480 = AXIS2_PLACEMENT_3D( '', #9963, #9964, #9965 );
#8481 = CARTESIAN_POINT( '', ( 0.00857143143616200, -0.00150000000000000, -0.000703503804583200 ) );
#8482 = CARTESIAN_POINT( '', ( 0.00857143143617200, 0.000500000000010000, -0.000703503804593200 ) );
#8483 = VECTOR( '', #9966, 1.00000000000000 );
#8484 = CARTESIAN_POINT( '', ( 0.00857143143616200, -0.00150000000000000, 0.000703503804583200 ) );
#8485 = AXIS2_PLACEMENT_3D( '', #9967, #9968, #9969 );
#8486 = CARTESIAN_POINT( '', ( 0.00857143143617200, 0.000500000000010000, 0.000703503804593200 ) );
#8487 = VECTOR( '', #9970, 1.00000000000000 );
#8488 = COLOUR_RGB( '', 0.564705908300000, 0.811764717100000, 0.945098042500000 );
#8489 = CARTESIAN_POINT( '', ( 0.00503487835007000, -0.00150000000000000, -0.00800000000000000 ) );
#8490 = CARTESIAN_POINT( '', ( 0.00487069753430700, -0.00150000000000000, -0.00744891304347800 ) );
#8491 = AXIS2_PLACEMENT_3D( '', #9971, #9972, #9973 );
#8492 = CARTESIAN_POINT( '', ( 0.00503487835007000, 0.000500000000000000, -0.00800000000000000 ) );
#8493 = CARTESIAN_POINT( '', ( 0.00503487835008000, 0.000500000000010000, -0.00800000000001000 ) );
#8494 = VECTOR( '', #9974, 1.00000000000000 );
#8495 = CARTESIAN_POINT( '', ( 0.00487069753430700, 0.000500000000000000, -0.00744891304347800 ) );
#8496 = AXIS2_PLACEMENT_3D( '', #9975, #9976, #9977 );
#8497 = CARTESIAN_POINT( '', ( 0.00487069753431700, 0.000500000000010000, -0.00744891304348800 ) );
#8498 = VECTOR( '', #9978, 1.00000000000000 );
#8499 = COLOUR_RGB( '', 0.564705908300000, 0.811764717100000, 0.945098042500000 );
#8500 = CARTESIAN_POINT( '', ( -0.00250000000000000, 0.00607587615706000, -0.00457621245104900 ) );
#8501 = CARTESIAN_POINT( '', ( -0.00250000000001000, 0.00607587615707000, -0.00457621245105900 ) );
#8502 = CARTESIAN_POINT( '', ( -0.00250000000001000, 0.00596094906257300, -0.00471094551459600 ) );
#8503 = CARTESIAN_POINT( '', ( -0.00250000000001000, 0.00573585902652600, -0.00497158023850600 ) );
#8504 = CARTESIAN_POINT( '', ( -0.00250000000001000, 0.00542275346773100, -0.00532774384630700 ) );
#8505 = CARTESIAN_POINT( '', ( -0.00250000000001000, 0.00510949874321700, -0.00567915393847600 ) );
#8506 = CARTESIAN_POINT( '', ( -0.00250000000001000, 0.00478507644155400, -0.00603867081059800 ) );
#8507 = CARTESIAN_POINT( '', ( -0.00250000000001000, 0.00445436193632100, -0.00640127822458400 ) );
#8508 = CARTESIAN_POINT( '', ( -0.00250000000001000, 0.00412623942917700, -0.00675780450206500 ) );
#8509 = CARTESIAN_POINT( '', ( -0.00250000000001000, 0.00380128986112100, -0.00710820583883700 ) );
#8510 = CARTESIAN_POINT( '', ( -0.00250000000001000, 0.00347283651523100, -0.00746007204578000 ) );
#8511 = CARTESIAN_POINT( '', ( -0.00250000000001000, 0.00312695899751700, -0.00782843701608500 ) );
#8512 = CARTESIAN_POINT( '', ( -0.00250000000001000, 0.00274523026783900, -0.00823275407324600 ) );
#8513 = CARTESIAN_POINT( '', ( -0.00250000000001000, 0.00245462646074100, -0.00853888741929900 ) );
#8514 = CARTESIAN_POINT( '', ( -0.00250000000001000, 0.00230126111050000, -0.00870000000001000 ) );
#8515 = CARTESIAN_POINT( '', ( -0.00250000000000000, 0.00638649917880300, -0.00393162682918500 ) );
#8516 = CARTESIAN_POINT( '', ( -0.00250000000001000, 0.00638649917881300, -0.00393162682919500 ) );
#8517 = CARTESIAN_POINT( '', ( -0.00250000000001000, 0.00637450122147300, -0.00398662463039900 ) );
#8518 = CARTESIAN_POINT( '', ( -0.00250000000001000, 0.00634489684024800, -0.00409579463243500 ) );
#8519 = CARTESIAN_POINT( '', ( -0.00250000000001000, 0.00628334755620500, -0.00425437898105800 ) );
#8520 = CARTESIAN_POINT( '', ( -0.00250000000001000, 0.00619892750978700, -0.00441442876945700 ) );
#8521 = CARTESIAN_POINT( '', ( -0.00250000000001000, 0.00612127058428500, -0.00452299237392100 ) );
#8522 = CARTESIAN_POINT( '', ( -0.00250000000001000, 0.00607587615707000, -0.00457621245105900 ) );
#8523 = CARTESIAN_POINT( '', ( -0.00250000000000000, 0.00619104732316400, -0.00369791988451900 ) );
#8524 = CARTESIAN_POINT( '', ( -0.00250000000001000, 0.00638649917881300, -0.00393162682919500 ) );
#8525 = CARTESIAN_POINT( '', ( -0.00250000000001000, 0.00635313376938500, -0.00389208734776300 ) );
#8526 = CARTESIAN_POINT( '', ( -0.00250000000001000, 0.00628719082575100, -0.00381359859512200 ) );
#8527 = CARTESIAN_POINT( '', ( -0.00250000000001000, 0.00622283029143600, -0.00373628459164200 ) );
#8528 = CARTESIAN_POINT( '', ( -0.00250000000001000, 0.00619104732317400, -0.00369791988452900 ) );
#8529 = CARTESIAN_POINT( '', ( -0.00250000000000000, 0.00566126201251900, -0.00369791988451900 ) );
#8530 = CARTESIAN_POINT( '', ( -0.00250000000001000, 0.00566126201252900, -0.00369791988452900 ) );
#8531 = VECTOR( '', #9979, 1.00000000000000 );
#8532 = CARTESIAN_POINT( '', ( -0.00250000000000000, 0.00509048666719100, -0.00392456430641700 ) );
#8533 = AXIS2_PLACEMENT_3D( '', #9980, #9981, #9982 );
#8534 = CARTESIAN_POINT( '', ( -0.00250000000001000, 0.00184367965645000, -0.00749399759808800 ) );
#8535 = CARTESIAN_POINT( '', ( -0.00250000000001000, 0.00218243837893500, -0.00713688594004400 ) );
#8536 = CARTESIAN_POINT( '', ( -0.00250000000001000, 0.00282576386356000, -0.00645358901317000 ) );
#8537 = CARTESIAN_POINT( '', ( -0.00250000000001000, 0.00368452981238900, -0.00552336188111600 ) );
#8538 = CARTESIAN_POINT( '', ( -0.00250000000001000, 0.00444392727501800, -0.00467815906227900 ) );
#8539 = CARTESIAN_POINT( '', ( -0.00250000000001000, 0.00488601333642900, -0.00416699984702500 ) );
#8540 = CARTESIAN_POINT( '', ( -0.00250000000001000, 0.00509048666720100, -0.00392456430642700 ) );
#8541 = COLOUR_RGB( '', 0.564705908300000, 0.811764717100000, 0.945098042500000 );
#8542 = CARTESIAN_POINT( '', ( -0.00946855366512800, 0.00155390642681800, -0.00473794633487200 ) );
#8543 = CARTESIAN_POINT( '', ( -0.00946855366513481, 0.00155390642682800, -0.00473794633487017 ) );
#8544 = CARTESIAN_POINT( '', ( -0.00948071768640385, 0.00155132857975852, -0.00473536013031089 ) );
#8545 = CARTESIAN_POINT( '', ( -0.00950505741896000, 0.00154617040822511, -0.00473018523576605 ) );
#8546 = CARTESIAN_POINT( '', ( -0.00954258592901371, 0.00153829191528659, -0.00473117836295739 ) );
#8547 = CARTESIAN_POINT( '', ( -0.00958397641653176, 0.00152883014348039, -0.00473954446190666 ) );
#8548 = CARTESIAN_POINT( '', ( -0.00962988116000009, 0.00151931519934225, -0.00476037549281914 ) );
#8549 = CARTESIAN_POINT( '', ( -0.00968348910624458, 0.00150973450975570, -0.00480624270710175 ) );
#8550 = CARTESIAN_POINT( '', ( -0.00973071482015985, 0.00150270333529310, -0.00489467282062911 ) );
#8551 = CARTESIAN_POINT( '', ( -0.00971371534750575, 0.00150187104479069, -0.00496896737588956 ) );
#8552 = CARTESIAN_POINT( '', ( -0.00970427331803337, 0.00150140876507100, -0.00501023285480648 ) );
#8553 = CARTESIAN_POINT( '', ( -0.00870156675150900, 0.00193933982822000, -0.00477508805308200 ) );
#8554 = CARTESIAN_POINT( '', ( -0.00870156675152033, 0.00193933982823000, -0.00477508805308409 ) );
#8555 = CARTESIAN_POINT( '', ( -0.00872726308560260, 0.00191582186383263, -0.00477909108283093 ) );
#8556 = CARTESIAN_POINT( '', ( -0.00877868324358765, 0.00186876077562727, -0.00478710142474748 ) );
#8557 = CARTESIAN_POINT( '', ( -0.00886297793980256, 0.00180566942925412, -0.00479544315731889 ) );
#8558 = CARTESIAN_POINT( '', ( -0.00895221994778408, 0.00174823357628643, -0.00480015692134242 ) );
#8559 = CARTESIAN_POINT( '', ( -0.00904675406168107, 0.00169698712067423, -0.00480025503445433 ) );
#8560 = CARTESIAN_POINT( '', ( -0.00914616956885932, 0.00165174939099712, -0.00479504324218770 ) );
#8561 = CARTESIAN_POINT( '', ( -0.00925013636439186, 0.00161270252024210, -0.00478352120585113 ) );
#8562 = CARTESIAN_POINT( '', ( -0.00935824392466811, 0.00157926411608151, -0.00476550525072821 ) );
#8563 = CARTESIAN_POINT( '', ( -0.00943143644194131, 0.00156243882847913, -0.00474721940927455 ) );
#8564 = CARTESIAN_POINT( '', ( -0.00946855366513481, 0.00155390642682800, -0.00473794633487019 ) );
#8565 = AXIS2_PLACEMENT_3D( '', #9983, #9984, #9985 );
#8566 = COLOUR_RGB( '', 0.564705908300000, 0.811764717100000, 0.945098042500000 );
#8567 = CARTESIAN_POINT( '', ( 0.00748297820214100, 0.000500000000000000, -0.00481819854575200 ) );
#8568 = AXIS2_PLACEMENT_3D( '', #9986, #9987, #9988 );
#8569 = AXIS2_PLACEMENT_3D( '', #9989, #9990, #9991 );
#8570 = CARTESIAN_POINT( '', ( 0.00860147090641700, 0.000500000000010000, -0.00800000000001000 ) );
#8571 = VECTOR( '', #9992, 1.00000000000000 );
#8572 = AXIS2_PLACEMENT_3D( '', #9993, #9994, #9995 );
#8573 = COLOUR_RGB( '', 0.564705908300000, 0.811764717100000, 0.945098042500000 );
#8574 = CARTESIAN_POINT( '', ( -0.00291071485952100, 0.00628800819139900, -0.00475716056487800 ) );
#8575 = CARTESIAN_POINT( '', ( -0.00290830406337900, 0.00617118428308100, -0.00489559246465500 ) );
#8576 = CARTESIAN_POINT( '', ( -0.00290389016649800, 0.00594189740626700, -0.00516360037334500 ) );
#8577 = CARTESIAN_POINT( '', ( -0.00289842580718800, 0.00562361576408600, -0.00552843929610400 ) );
#8578 = CARTESIAN_POINT( '', ( -0.00289348066739400, 0.00530449224335500, -0.00588872716757800 ) );
#8579 = CARTESIAN_POINT( '', ( -0.00288885116518300, 0.00497348964253100, -0.00625747141544100 ) );
#8580 = CARTESIAN_POINT( '', ( -0.00288459061714500, 0.00463653240094400, -0.00662853120321500 ) );
#8581 = CARTESIAN_POINT( '', ( -0.00288075850397900, 0.00430295243732200, -0.00699230623696000 ) );
#8582 = CARTESIAN_POINT( '', ( -0.00287728588702800, 0.00397227008763600, -0.00734998770050100 ) );
#8583 = CARTESIAN_POINT( '', ( -0.00287405068339100, 0.00363663612868200, -0.00771048230857200 ) );
#8584 = CARTESIAN_POINT( '', ( -0.00287089703595200, 0.00328049510609300, -0.00809060083182800 ) );
#8585 = CARTESIAN_POINT( '', ( -0.00286767854940500, 0.00288342273961000, -0.00851189278672900 ) );
#8586 = CARTESIAN_POINT( '', ( -0.00286545030804300, 0.00258044644256700, -0.00883146957606700 ) );
#8587 = CARTESIAN_POINT( '', ( -0.00286433366227600, 0.00242019159336400, -0.00900000001897300 ) );
#8588 = AXIS2_PLACEMENT_3D( '', #9996, #9997, #9998 );
#8589 = COLOUR_RGB( '', 0.564705908300000, 0.811764717100000, 0.945098042500000 );
#8590 = CARTESIAN_POINT( '', ( -0.00886977583484800, -0.00150000000000000, -0.00756578947368400 ) );
#8591 = CARTESIAN_POINT( '', ( -0.00857143143616200, -0.00150000000000000, -0.00529649619541700 ) );
#8592 = AXIS2_PLACEMENT_3D( '', #9999, #10000, #10001 );
#8593 = CARTESIAN_POINT( '', ( -0.00886977583484800, 0.000500000000000000, -0.00756578947368400 ) );
#8594 = CARTESIAN_POINT( '', ( -0.00886977583485800, -0.00150000000001000, -0.00756578947369400 ) );
#8595 = VECTOR( '', #10002, 1.00000000000000 );
#8596 = CARTESIAN_POINT( '', ( -0.00857143143616200, 0.000500000000000000, -0.00529649619541700 ) );
#8597 = AXIS2_PLACEMENT_3D( '', #10003, #10004, #10005 );
#8598 = CARTESIAN_POINT( '', ( -0.00857143143617200, -0.00150000000001000, -0.00529649619542700 ) );
#8599 = VECTOR( '', #10006, 1.00000000000000 );
#8600 = COLOUR_RGB( '', 0.564705908300000, 0.811764717100000, 0.945098042500000 );
#8601 = CARTESIAN_POINT( '', ( -0.00250000000000000, 0.00566126201251900, 0.00369791988451900 ) );
#8602 = AXIS2_PLACEMENT_3D( '', #10007, #10008, #10009 );
#8603 = CARTESIAN_POINT( '', ( -0.00250000000000000, 0.00509048666719100, 0.00392456430641700 ) );
#8604 = AXIS2_PLACEMENT_3D( '', #10010, #10011, #10012 );
#8605 = AXIS2_PLACEMENT_3D( '', #10013, #10014, #10015 );
#8606 = COLOUR_RGB( '', 0.564705908300000, 0.811764717100000, 0.945098042500000 );
#8607 = CARTESIAN_POINT( '', ( 0.00785257629763600, -0.00150000000000000, -0.00130120076311100 ) );
#8608 = CARTESIAN_POINT( '', ( 0.00738466063387600, -0.00150000000000000, -0.00105259599673700 ) );
#8609 = AXIS2_PLACEMENT_3D( '', #10016, #10017, #10018 );
#8610 = CARTESIAN_POINT( '', ( 0.00785257629763600, 0.000500000000000000, -0.00130120076311100 ) );
#8611 = CARTESIAN_POINT( '', ( 0.00785257629764600, 0.000500000000010000, -0.00130120076312100 ) );
#8612 = VECTOR( '', #10019, 1.00000000000000 );
#8613 = CARTESIAN_POINT( '', ( 0.00738466063387600, 0.000500000000000000, -0.00105259599673700 ) );
#8614 = AXIS2_PLACEMENT_3D( '', #10020, #10021, #10022 );
#8615 = CARTESIAN_POINT( '', ( 0.00738466063388600, 0.000500000000010000, -0.00105259599674700 ) );
#8616 = VECTOR( '', #10023, 1.00000000000000 );
#8617 = COLOUR_RGB( '', 0.564705908300000, 0.811764717100000, 0.945098042500000 );
#8618 = AXIS2_PLACEMENT_3D( '', #10024, #10025, #10026 );
#8619 = AXIS2_PLACEMENT_3D( '', #10027, #10028, #10029 );
#8620 = AXIS2_PLACEMENT_3D( '', #10030, #10031, #10032 );
#8621 = COLOUR_RGB( '', 0.564705908300000, 0.811764717100000, 0.945098042500000 );
#8622 = CARTESIAN_POINT( '', ( 0.00738466063387600, 0.000500000000000000, 0.00105259599673700 ) );
#8623 = CARTESIAN_POINT( '', ( 0.00738466063388600, 0.000500000000010000, -0.00105259599674700 ) );
#8624 = VECTOR( '', #10033, 1.00000000000000 );
#8625 = CARTESIAN_POINT( '', ( 0.00738466063387600, -0.00150000000000000, 0.00105259599673700 ) );
#8626 = CARTESIAN_POINT( '', ( 0.00738466063388600, 0.000500000000010000, 0.00105259599674700 ) );
#8627 = VECTOR( '', #10034, 1.00000000000000 );
#8628 = CARTESIAN_POINT( '', ( 0.00738466063388600, -0.00150000000001000, -0.00105259599674700 ) );
#8629 = VECTOR( '', #10035, 1.00000000000000 );
#8630 = COLOUR_RGB( '', 0.564705908300000, 0.811764717100000, 0.945098042500000 );
#8631 = CARTESIAN_POINT( '', ( -0.00200000000000000, -0.00150000000000000, -0.00696491205974600 ) );
#8632 = AXIS2_PLACEMENT_3D( '', #10036, #10037, #10038 );
#8633 = CARTESIAN_POINT( '', ( -0.00200000000001000, -0.00150000000001000, -0.00696491205975600 ) );
#8634 = VECTOR( '', #10039, 1.00000000000000 );
#8635 = COLOUR_RGB( '', 0.564705908300000, 0.811764717100000, 0.945098042500000 );
#8636 = CARTESIAN_POINT( '', ( 0.00410078177280300, -0.000600000000000000, 0.00200000029127200 ) );
#8637 = CARTESIAN_POINT( '', ( 0.00573809871394000, 0.000914163561778900, 0.00200000000000000 ) );
#8638 = CARTESIAN_POINT( '', ( 0.00410078690955589, -0.000600005715073192, 0.00199997672133028 ) );
#8639 = CARTESIAN_POINT( '', ( 0.00426659738522192, -0.000449917070021208, 0.00200005692097538 ) );
#8640 = CARTESIAN_POINT( '', ( 0.00461611032202231, -0.000133544278122528, 0.00200022597430796 ) );
#8641 = CARTESIAN_POINT( '', ( 0.00516149616729222, 0.000371642509875879, 0.00200022490420571 ) );
#8642 = CARTESIAN_POINT( '', ( 0.00554002794493098, 0.000727800246914307, 0.00200007725764102 ) );
#8643 = CARTESIAN_POINT( '', ( 0.00573809871394849, 0.000914163561790503, 0.00200000000000947 ) );
#8644 = CARTESIAN_POINT( '', ( 0.00250000000000000, -0.000600000000000000, 0.00200000000001000 ) );
#8645 = CARTESIAN_POINT( '', ( 0.00410078177115117, -0.000600000000000000, 0.00199997662364544 ) );
#8646 = CARTESIAN_POINT( '', ( 0.00573809871394000, -0.00150000000000000, 0.00200000000000000 ) );
#8647 = CARTESIAN_POINT( '', ( 0.00573809871395000, -0.00150000000001000, 0.00200000000001000 ) );
#8648 = VECTOR( '', #10040, 1.00000000000000 );
#8649 = CARTESIAN_POINT( '', ( 0.00573809871395000, -0.00150000000001000, 0.00200000000001000 ) );
#8650 = VECTOR( '', #10041, 1.00000000000000 );
#8651 = COLOUR_RGB( '', 0.564705908300000, 0.811764717100000, 0.945098042500000 );
#8652 = CARTESIAN_POINT( '', ( 0.00200000007298700, 0.00150000000000000, 0.00635522691946300 ) );
#8653 = CARTESIAN_POINT( '', ( -0.00199999998311700, 0.00150000000000000, 0.00635522663389000 ) );
#8654 = AXIS2_PLACEMENT_3D( '', #10042, #10043, #10044 );
#8655 = CARTESIAN_POINT( '', ( -0.00200000000001000, 0.00150000000001000, 0.00696491205975600 ) );
#8656 = VECTOR( '', #10045, 1.00000000000000 );
#8657 = CARTESIAN_POINT( '', ( -0.00250000000000000, 0.00150000000000000, 0.00870000000000000 ) );
#8658 = CARTESIAN_POINT( '', ( -0.00250000000001000, 0.00150000000001000, 0.00749399759808800 ) );
#8659 = VECTOR( '', #10046, 1.00000000000000 );
#8660 = AXIS2_PLACEMENT_3D( '', #10047, #10048, #10049 );
#8661 = CARTESIAN_POINT( '', ( 0.00250000000000000, 0.00150000000000000, 0.00749399759807800 ) );
#8662 = CARTESIAN_POINT( '', ( 0.00250000000001000, 0.00150000000001000, 0.00749399759808800 ) );
#8663 = VECTOR( '', #10050, 1.00000000000000 );
#8664 = CARTESIAN_POINT( '', ( 0.00266891891891900, 0.00150000000000000, 0.00743551422594500 ) );
#8665 = AXIS2_PLACEMENT_3D( '', #10051, #10052, #10053 );
#8666 = CARTESIAN_POINT( '', ( 0.00200000000000000, 0.00150000000000000, 0.00696491205974600 ) );
#8667 = AXIS2_PLACEMENT_3D( '', #10054, #10055, #10056 );
#8668 = CARTESIAN_POINT( '', ( 0.00200000000001000, 0.00150000000001000, 0.00696491205975600 ) );
#8669 = VECTOR( '', #10057, 1.00000000000000 );
#8670 = COLOUR_RGB( '', 0.564705908300000, 0.811764717100000, 0.945098042500000 );
#8671 = CARTESIAN_POINT( '', ( 0.00291071485951496, 0.00628800819138841, -0.00475716056486711 ) );
#8672 = CARTESIAN_POINT( '', ( 0.00290839536626763, 0.00631315531203005, -0.00472779552903189 ) );
#8673 = CARTESIAN_POINT( '', ( 0.00290374470110797, 0.00636357616924454, -0.00466891760419723 ) );
#8674 = CARTESIAN_POINT( '', ( 0.00289603561453584, 0.00643099401121837, -0.00457374515283260 ) );
#8675 = CARTESIAN_POINT( '', ( 0.00288776702021225, 0.00649229659599467, -0.00447396066361347 ) );
#8676 = CARTESIAN_POINT( '', ( 0.00287889314450477, 0.00654672759528093, -0.00436958703287774 ) );
#8677 = CARTESIAN_POINT( '', ( 0.00286942695882156, 0.00659409903021812, -0.00426125938855437 ) );
#8678 = CARTESIAN_POINT( '', ( 0.00285942339230714, 0.00663489797784532, -0.00414964273251797 ) );
#8679 = CARTESIAN_POINT( '', ( 0.00285232929536635, 0.00665596084888414, -0.00407316387118174 ) );
#8680 = CARTESIAN_POINT( '', ( 0.00284877383280143, 0.00666651726643992, -0.00403483373124174 ) );
#8681 = AXIS2_PLACEMENT_3D( '', #10058, #10059, #10060 );
#8682 = COLOUR_RGB( '', 0.564705908300000, 0.811764717100000, 0.945098042500000 );
#8683 = CARTESIAN_POINT( '', ( 0.00836978126294300, -0.00150000000000000, -0.00104927594379400 ) );
#8684 = AXIS2_PLACEMENT_3D( '', #10061, #10062, #10063 );
#8685 = CARTESIAN_POINT( '', ( 0.00836978126294300, 0.000500000000000000, -0.00104927594379400 ) );
#8686 = CARTESIAN_POINT( '', ( 0.00836978126295300, 0.000500000000010000, -0.00104927594380400 ) );
#8687 = VECTOR( '', #10064, 1.00000000000000 );
#8688 = AXIS2_PLACEMENT_3D( '', #10065, #10066, #10067 );
#8689 = COLOUR_RGB( '', 0.564705908300000, 0.811764717100000, 0.945098042500000 );
#8690 = CARTESIAN_POINT( '', ( -0.0150000000000000, -0.00150000000000000, -0.00600000000000000 ) );
#8691 = CARTESIAN_POINT( '', ( -0.0150000000000000, -0.00150000000000000, 0.00600000000000000 ) );
#8692 = CARTESIAN_POINT( '', ( -0.0150000000000100, -0.00150000000001000, -0.00600000000001000 ) );
#8693 = VECTOR( '', #10068, 1.00000000000000 );
#8694 = CARTESIAN_POINT( '', ( -0.0150000000000100, 0.00150000000001000, 0.00600000000001000 ) );
#8695 = VECTOR( '', #10069, 1.00000000000000 );
#8696 = CARTESIAN_POINT( '', ( -0.0150000000000100, 0.00150000000001000, -0.00600000000001000 ) );
#8697 = VECTOR( '', #10070, 1.00000000000000 );
#8698 = COLOUR_RGB( '', 0.564705908300000, 0.811764717100000, 0.945098042500000 );
#8699 = AXIS2_PLACEMENT_3D( '', #10071, #10072, #10073 );
#8700 = AXIS2_PLACEMENT_3D( '', #10074, #10075, #10076 );
#8701 = COLOUR_RGB( '', 0.564705908300000, 0.811764717100000, 0.945098042500000 );
#8702 = CARTESIAN_POINT( '', ( -0.00860147090640700, 0.000500000000000000, -0.00800000000000000 ) );
#8703 = AXIS2_PLACEMENT_3D( '', #10077, #10078, #10079 );
#8704 = CARTESIAN_POINT( '', ( -0.00860147090641700, 0.000500000000010000, -0.00800000000001000 ) );
#8705 = VECTOR( '', #10080, 1.00000000000000 );
#8706 = CARTESIAN_POINT( '', ( -0.00836978126294300, 0.000500000000000000, -0.00495072405620600 ) );
#8707 = AXIS2_PLACEMENT_3D( '', #10081, #10082, #10083 );
#8708 = AXIS2_PLACEMENT_3D( '', #10084, #10085, #10086 );
#8709 = COLOUR_RGB( '', 0.564705908300000, 0.811764717100000, 0.945098042500000 );
#8710 = CARTESIAN_POINT( '', ( -0.00836978126294300, -0.00150000000000000, -0.00495072405620600 ) );
#8711 = AXIS2_PLACEMENT_3D( '', #10087, #10088, #10089 );
#8712 = CARTESIAN_POINT( '', ( -0.00836978126295300, -0.00150000000001000, -0.00495072405621600 ) );
#8713 = VECTOR( '', #10090, 1.00000000000000 );
#8714 = COLOUR_RGB( '', 0.564705908300000, 0.811764717100000, 0.945098042500000 );
#8715 = CARTESIAN_POINT( '', ( 0.00748297820214100, -0.00150000000000000, -0.00481819854575200 ) );
#8716 = AXIS2_PLACEMENT_3D( '', #10091, #10092, #10093 );
#8717 = CARTESIAN_POINT( '', ( 0.00748297820215100, 0.000500000000010000, -0.00481819854576200 ) );
#8718 = VECTOR( '', #10094, 1.00000000000000 );
#8719 = COLOUR_RGB( '', 0.564705908300000, 0.811764717100000, 0.945098042500000 );
#8720 = AXIS2_PLACEMENT_3D( '', #10095, #10096, #10097 );
#8721 = COLOUR_RGB( '', 0.564705908300000, 0.811764717100000, 0.945098042500000 );
#8722 = AXIS2_PLACEMENT_3D( '', #10098, #10099, #10100 );
#8723 = COLOUR_RGB( '', 0.564705908300000, 0.811764717100000, 0.945098042500000 );
#8724 = CARTESIAN_POINT( '', ( -0.00199999999258500, -0.000600000000000000, 0.00410078116037700 ) );
#8725 = CARTESIAN_POINT( '', ( -0.00199998181415219, -0.000600004407781942, 0.00410078512210845 ) );
#8726 = CARTESIAN_POINT( '', ( -0.00200001410919932, -0.000446634544259591, 0.00427024373188020 ) );
#8727 = CARTESIAN_POINT( '', ( -0.00200008208733498, -0.000123804936843489, 0.00462693868621796 ) );
#8728 = CARTESIAN_POINT( '', ( -0.00199996388561719, 0.000380238470710813, 0.00517043666245580 ) );
#8729 = CARTESIAN_POINT( '', ( -0.00200007244112749, 0.000926651370926210, 0.00575267573927017 ) );
#8730 = CARTESIAN_POINT( '', ( -0.00200002488624043, 0.00130298948477703, 0.00614818181472408 ) );
#8731 = CARTESIAN_POINT( '', ( -0.00199999999156781, 0.00150000002813286, 0.00635522666072284 ) );
#8732 = CARTESIAN_POINT( '', ( 0.00200000018422400, -0.000600000000000000, 0.00410078155331300 ) );
#8733 = CARTESIAN_POINT( '', ( 0.00200000002868056, 0.00149999883858649, 0.00635522571583876 ) );
#8734 = CARTESIAN_POINT( '', ( 0.00200002512721199, 0.00130364555074933, 0.00614887317697935 ) );
#8735 = CARTESIAN_POINT( '', ( 0.00200007308036748, 0.000928493730990901, 0.00575461682753092 ) );
#8736 = CARTESIAN_POINT( '', ( 0.00199996426063154, 0.000382599438738758, 0.00517296633785473 ) );
#8737 = CARTESIAN_POINT( '', ( 0.00200008096452987, -0.000122117651977788, 0.00462879188271291 ) );
#8738 = CARTESIAN_POINT( '', ( 0.00200001288876100, -0.000446107245233200, 0.00427082352007181 ) );
#8739 = CARTESIAN_POINT( '', ( 0.00199998055225428, -0.000600004760221802, 0.00410078583181935 ) );
#8740 = AXIS2_PLACEMENT_3D( '', #10101, #10102, #10103 );
#8741 = COLOUR_RGB( '', 0.564705908300000, 0.811764717100000, 0.945098042500000 );
#8742 = CARTESIAN_POINT( '', ( 0.00291071485952100, 0.00628800819139500, 0.00475716056488200 ) );
#8743 = CARTESIAN_POINT( '', ( 0.00290973552586800, 0.00624055272863900, 0.00481339353837200 ) );
#8744 = CARTESIAN_POINT( '', ( 0.00290776087421800, 0.00614225853294800, 0.00492924080248800 ) );
#8745 = CARTESIAN_POINT( '', ( 0.00290488628194400, 0.00599140239999100, 0.00510527042766800 ) );
#8746 = CARTESIAN_POINT( '', ( 0.00290173677912200, 0.00581656664142300, 0.00530727945486500 ) );
#8747 = CARTESIAN_POINT( '', ( 0.00289835921523600, 0.00561665735021200, 0.00553586980478900 ) );
#8748 = CARTESIAN_POINT( '', ( 0.00289472396522800, 0.00538550765078600, 0.00579738620417500 ) );
#8749 = CARTESIAN_POINT( '', ( 0.00289108232444300, 0.00513491302476100, 0.00607790006001500 ) );
#8750 = CARTESIAN_POINT( '', ( 0.00288769915957200, 0.00488311892909100, 0.00635707445154400 ) );
#8751 = CARTESIAN_POINT( '', ( 0.00288461179131300, 0.00463580465853800, 0.00662905203905600 ) );
#8752 = CARTESIAN_POINT( '', ( 0.00288173489380400, 0.00438869469044100, 0.00689888196404800 ) );
#8753 = CARTESIAN_POINT( '', ( 0.00287897047109800, 0.00413446761780800, 0.00717471357635400 ) );
#8754 = CARTESIAN_POINT( '', ( 0.00287622914342900, 0.00386435994881800, 0.00746603502023300 ) );
#8755 = CARTESIAN_POINT( '', ( 0.00287343636763700, 0.00356866341988900, 0.00778313709237300 ) );
#8756 = CARTESIAN_POINT( '', ( 0.00287054133992100, 0.00323760427761400, 0.00813617503803500 ) );
#8757 = CARTESIAN_POINT( '', ( 0.00286751563749100, 0.00286154942758900, 0.00853498146673100 ) );
#8758 = CARTESIAN_POINT( '', ( 0.00286539997511200, 0.00257323507905200, 0.00883905309270800 ) );
#8759 = CARTESIAN_POINT( '', ( 0.00286433354501300, 0.00242019158962800, 0.00900000000950700 ) );
#8760 = CARTESIAN_POINT( '', ( 0.00250000000001000, 0.00607587615707000, 0.00457621245105900 ) );
#8761 = CARTESIAN_POINT( '', ( 0.00250000000001000, 0.00602905392364400, 0.00463110385129700 ) );
#8762 = CARTESIAN_POINT( '', ( 0.00250000000001000, 0.00593215025938400, 0.00474415092301300 ) );
#8763 = CARTESIAN_POINT( '', ( 0.00250000000001000, 0.00578355468062100, 0.00491593335609500 ) );
#8764 = CARTESIAN_POINT( '', ( 0.00250000000001000, 0.00561195371785500, 0.00511254027529400 ) );
#8765 = CARTESIAN_POINT( '', ( 0.00250000000001000, 0.00541601164386600, 0.00533492228908500 ) );
#8766 = CARTESIAN_POINT( '', ( 0.00250000000001000, 0.00518984613356900, 0.00558913283689500 ) );
#8767 = CARTESIAN_POINT( '', ( 0.00250000000001000, 0.00494372885456600, 0.00586309134915900 ) );
#8768 = CARTESIAN_POINT( '', ( 0.00250000000001000, 0.00469484605935500, 0.00613769055049400 ) );
#8769 = CARTESIAN_POINT( '', ( 0.00250000000001000, 0.00445044923215700, 0.00640529936769600 ) );
#8770 = CARTESIAN_POINT( '', ( 0.00250000000001000, 0.00420699385591400, 0.00667012403008000 ) );
#8771 = CARTESIAN_POINT( '', ( 0.00250000000001000, 0.00395752931256300, 0.00693987849837700 ) );
#8772 = CARTESIAN_POINT( '', ( 0.00250000000001000, 0.00369391501177600, 0.00722336411539600 ) );
#8773 = CARTESIAN_POINT( '', ( 0.00250000000001000, 0.00340685961001900, 0.00753043039468900 ) );
#8774 = CARTESIAN_POINT( '', ( 0.00250000000001000, 0.00308684773550000, 0.00787097791221100 ) );
#8775 = CARTESIAN_POINT( '', ( 0.00250000000001000, 0.00272528272026600, 0.00825378083261900 ) );
#8776 = CARTESIAN_POINT( '', ( 0.00250000000001000, 0.00244818373532700, 0.00854565562227000 ) );
#8777 = CARTESIAN_POINT( '', ( 0.00250000000001000, 0.00230126111050000, 0.00870000000001000 ) );
#8778 = COLOUR_RGB( '', 0.564705908300000, 0.811764717100000, 0.945098042500000 );
#8779 = AXIS2_PLACEMENT_3D( '', #10104, #10105, #10106 );
#8780 = CARTESIAN_POINT( '', ( -0.00624500453721900, 0.00301686156245100, 0.00250000000001000 ) );
#8781 = CARTESIAN_POINT( '', ( -0.00623286844926800, 0.00300327647502800, 0.00256686973449200 ) );
#8782 = CARTESIAN_POINT( '', ( -0.00621387507552400, 0.00296977510661400, 0.00269914672417200 ) );
#8783 = CARTESIAN_POINT( '', ( -0.00619988638580100, 0.00290278466923800, 0.00289301176489600 ) );
#8784 = CARTESIAN_POINT( '', ( -0.00619910810635300, 0.00282218219783300, 0.00308010891262900 ) );
#8785 = CARTESIAN_POINT( '', ( -0.00621048402586300, 0.00272800313946000, 0.00326459970074400 ) );
#8786 = CARTESIAN_POINT( '', ( -0.00623410007062500, 0.00261975152346500, 0.00344869143943700 ) );
#8787 = CARTESIAN_POINT( '', ( -0.00626993126611500, 0.00249868021350000, 0.00363098662022600 ) );
#8788 = CARTESIAN_POINT( '', ( -0.00631728754793900, 0.00236734394826000, 0.00380883375119000 ) );
#8789 = CARTESIAN_POINT( '', ( -0.00637535097112800, 0.00222784056348100, 0.00398079255949900 ) );
#8790 = CARTESIAN_POINT( '', ( -0.00642029121605700, 0.00213126309880900, 0.00409020492851200 ) );
#8791 = CARTESIAN_POINT( '', ( -0.00644426439078200, 0.00208212668467000, 0.00414377248425900 ) );
#8792 = COLOUR_RGB( '', 0.564705908300000, 0.811764717100000, 0.945098042500000 );
#8793 = CARTESIAN_POINT( '', ( 0.00410078454749000, -0.000600000000000000, -0.00200000164451500 ) );
#8794 = AXIS2_PLACEMENT_3D( '', #10107, #10108, #10109 );
#8795 = CARTESIAN_POINT( '', ( 0.00250000000000000, -0.000600000000000000, -0.00200000000000000 ) );
#8796 = CARTESIAN_POINT( '', ( 0.00410078454611594, -0.000600000000000000, -0.00199998039506351 ) );
#8797 = CARTESIAN_POINT( '', ( 0.00250000000000000, -0.000600000000000000, -0.00200000000001965 ) );
#8798 = CARTESIAN_POINT( '', ( 0.00200000000000000, -0.000600000000000000, -0.00250000000000000 ) );
#8799 = AXIS2_PLACEMENT_3D( '', #10110, #10111, #10112 );
#8800 = CARTESIAN_POINT( '', ( 0.00200000002993400, -0.000600000000000000, -0.00410078123695800 ) );
#8801 = CARTESIAN_POINT( '', ( 0.00200000000001000, -0.000600000000000000, -0.00250000000000000 ) );
#8802 = CARTESIAN_POINT( '', ( 0.00200000420835372, -0.000600000000000000, -0.00410078123671816 ) );
#8803 = CARTESIAN_POINT( '', ( -0.00199999952776400, -0.000600000000000000, -0.00410078020731500 ) );
#8804 = AXIS2_PLACEMENT_3D( '', #10113, #10114, #10115 );
#8805 = CARTESIAN_POINT( '', ( -0.00199996689281181, -0.000600000000000000, -0.00410078020352449 ) );
#8806 = CARTESIAN_POINT( '', ( -0.00200000000001990, -0.000600000000000000, -0.00250000000000000 ) );
#8807 = CARTESIAN_POINT( '', ( -0.00410078141639300, -0.000600000000000000, -0.00200000011744700 ) );
#8808 = CARTESIAN_POINT( '', ( -0.00250000000000000, -0.000600000000000000, -0.00200000000001000 ) );
#8809 = CARTESIAN_POINT( '', ( -0.00410078141216971, -0.000600000000000000, -0.00199996611718090 ) );
#8810 = CARTESIAN_POINT( '', ( -0.00410078302456000, -0.000600000000000000, 0.00200000090176700 ) );
#8811 = AXIS2_PLACEMENT_3D( '', #10116, #10117, #10118 );
#8812 = CARTESIAN_POINT( '', ( -0.00410078302446530, -0.000600000000000000, 0.00200000279348979 ) );
#8813 = CARTESIAN_POINT( '', ( -0.00250000000000000, -0.000600000000000000, 0.00200000000000039 ) );
#8814 = CARTESIAN_POINT( '', ( -0.00200000000001000, -0.000600000000000000, 0.00250000000000000 ) );
#8815 = CARTESIAN_POINT( '', ( -0.00199998181628655, -0.000600000000000000, 0.00410078115945653 ) );
#8816 = CARTESIAN_POINT( '', ( 0.00199998049044556, -0.000600000000000000, 0.00410078155217634 ) );
#8817 = CARTESIAN_POINT( '', ( 0.00200000000001986, -0.000600000000000000, 0.00250000000000000 ) );
#8818 = COLOUR_RGB( '', 0.564705908300000, 0.811764717100000, 0.945098042500000 );
#8819 = CARTESIAN_POINT( '', ( 0.00200000420839400, -0.000599980859334700, -0.00410080044420800 ) );
#8820 = CARTESIAN_POINT( '', ( 0.00200000420839400, -0.000399848938412000, -0.00432346546311900 ) );
#8821 = CARTESIAN_POINT( '', ( 0.00199999803578600, 2.29494830000100E-05, -0.00478691523621900 ) );
#8822 = CARTESIAN_POINT( '', ( 0.00200000056221700, 0.000722710371221900, -0.00553704588130200 ) );
#8823 = CARTESIAN_POINT( '', ( 0.00199999999767500, 0.00123366822360400, -0.00607601785583100 ) );
#8824 = CARTESIAN_POINT( '', ( 0.00199999999767500, 0.00150000000778700, -0.00635522668013000 ) );
#8825 = CARTESIAN_POINT( '', ( -0.00199999993171126, 0.00150000326131530, -0.00635522925668831 ) );
#8826 = CARTESIAN_POINT( '', ( -0.00200002489606538, 0.00130365323164890, -0.00614888020244691 ) );
#8827 = CARTESIAN_POINT( '', ( -0.00200007259296255, 0.000928506847718456, -0.00575462968128503 ) );
#8828 = CARTESIAN_POINT( '', ( -0.00199996845645758, 0.000382598235618973, -0.00517296221492307 ) );
#8829 = CARTESIAN_POINT( '', ( -0.00200007540825874, -0.000122125405126665, -0.00462878432095415 ) );
#8830 = CARTESIAN_POINT( '', ( -0.00200000173042710, -0.000446123191769330, -0.00427080964651112 ) );
#8831 = CARTESIAN_POINT( '', ( -0.00199996673668380, -0.000600007950937590, -0.00410078735365590 ) );
#8832 = COLOUR_RGB( '', 0.564705908300000, 0.811764717100000, 0.945098042500000 );
#8833 = CARTESIAN_POINT( '', ( 0.00250000000000000, 0.00566126201251900, 0.00369791988451900 ) );
#8834 = AXIS2_PLACEMENT_3D( '', #10119, #10120, #10121 );
#8835 = AXIS2_PLACEMENT_3D( '', #10122, #10123, #10124 );
#8836 = COLOUR_RGB( '', 0.564705908300000, 0.811764717100000, 0.945098042500000 );
#8837 = CARTESIAN_POINT( '', ( -0.00284877554420373, 0.00666651794240998, -0.00403483265670557 ) );
#8838 = CARTESIAN_POINT( '', ( -0.00283456633823112, 0.00666604499424035, -0.00404418341141970 ) );
#8839 = CARTESIAN_POINT( '', ( -0.00280691685730296, 0.00666512469148582, -0.00406237890486462 ) );
#8840 = CARTESIAN_POINT( '', ( -0.00276350435036457, 0.00665733713231199, -0.00408242401071799 ) );
#8841 = CARTESIAN_POINT( '', ( -0.00272181699780413, 0.00664523423108991, -0.00409595751845186 ) );
#8842 = CARTESIAN_POINT( '', ( -0.00265234057609463, 0.00661705476433723, -0.00410821245322426 ) );
#8843 = CARTESIAN_POINT( '', ( -0.00256601685692702, 0.00655576225114275, -0.00409009132282307 ) );
#8844 = CARTESIAN_POINT( '', ( -0.00251885528887011, 0.00647982207485967, -0.00403011107390978 ) );
#8845 = CARTESIAN_POINT( '', ( -0.00250218206413842, 0.00642539345790744, -0.00397621279917158 ) );
#8846 = CARTESIAN_POINT( '', ( -0.00250074923279186, 0.00639985390510443, -0.00394693585250452 ) );
#8847 = CARTESIAN_POINT( '', ( -0.00250000000000028, 0.00638649917882193, -0.00393162682919695 ) );
#8848 = COLOUR_RGB( '', 0.564705908300000, 0.811764717100000, 0.945098042500000 );
#8849 = CARTESIAN_POINT( '', ( -0.00946855366513800, 0.00155390642682800, -0.00473794633488200 ) );
#8850 = VECTOR( '', #10125, 1.00000000000000 );
#8851 = COLOUR_RGB( '', 0.564705908300000, 0.811764717100000, 0.945098042500000 );
#8852 = CARTESIAN_POINT( '', ( 0.00785257629763600, -0.00150000000000000, 0.00130120076311100 ) );
#8853 = AXIS2_PLACEMENT_3D( '', #10126, #10127, #10128 );
#8854 = CARTESIAN_POINT( '', ( 0.00785257629763600, 0.000500000000000000, 0.00130120076311100 ) );
#8855 = AXIS2_PLACEMENT_3D( '', #10129, #10130, #10131 );
#8856 = CARTESIAN_POINT( '', ( 0.00785257629764600, 0.000500000000010000, 0.00130120076312100 ) );
#8857 = VECTOR( '', #10132, 1.00000000000000 );
#8858 = COLOUR_RGB( '', 0.564705908300000, 0.811764717100000, 0.945098042500000 );
#8859 = CARTESIAN_POINT( '', ( 0.00498526204257300, 0.00628800819142500, -0.00250000000000000 ) );
#8860 = CARTESIAN_POINT( '', ( 0.00483950095304810, 0.00641830374355183, -0.00250000000000000 ) );
#8861 = CARTESIAN_POINT( '', ( 0.00465913357964930, 0.00651388473583200, -0.00250000000000000 ) );
#8862 = CARTESIAN_POINT( '', ( 0.00447315167611410, 0.00661244100214044, -0.00250000000000000 ) );
#8863 = CARTESIAN_POINT( '', ( 0.00425974100985300, 0.00666651732945300, -0.00250000000000000 ) );
#8864 = COLOUR_RGB( '', 0.564705908300000, 0.811764717100000, 0.945098042500000 );
#8865 = CARTESIAN_POINT( '', ( 0.00200000000000000, -0.00150000000000000, -0.00250000000000000 ) );
#8866 = CARTESIAN_POINT( '', ( 0.00200000000001000, -0.000600000000010000, -0.00250000000001000 ) );
#8867 = VECTOR( '', #10133, 1.00000000000000 );
#8868 = CARTESIAN_POINT( '', ( 0.00200000000001000, -0.00150000000001000, -0.00696491205975600 ) );
#8869 = VECTOR( '', #10134, 1.00000000000000 );
#8870 = COLOUR_RGB( '', 0.564705908300000, 0.811764717100000, 0.945098042500000 );
#8871 = AXIS2_PLACEMENT_3D( '', #10135, #10136, #10137 );
#8872 = AXIS2_PLACEMENT_3D( '', #10138, #10139, #10140 );
#8873 = COLOUR_RGB( '', 0.564705908300000, 0.811764717100000, 0.945098042500000 );
#8874 = CARTESIAN_POINT( '', ( 0.00622325231837900, 0.00150000000000000, 0.00237906208163000 ) );
#8875 = AXIS2_PLACEMENT_3D( '', #10141, #10142, #10143 );
#8876 = CARTESIAN_POINT( '', ( 0.00573809871394849, 0.000914163561790503, 0.00200000000000947 ) );
#8877 = CARTESIAN_POINT( '', ( 0.00575876434057371, 0.000933923256902890, 0.00200072591863075 ) );
#8878 = CARTESIAN_POINT( '', ( 0.00580040579684349, 0.000973739251590543, 0.00200218865233207 ) );
#8879 = CARTESIAN_POINT( '', ( 0.00586137893221501, 0.00103528490941263, 0.00201412393738574 ) );
#8880 = CARTESIAN_POINT( '', ( 0.00592779876992016, 0.00110503580110688, 0.00203546864011058 ) );
#8881 = CARTESIAN_POINT( '', ( 0.00599753131709534, 0.00118208850725937, 0.00206964695592810 ) );
#8882 = CARTESIAN_POINT( '', ( 0.00606465039623350, 0.00126148574554100, 0.00211844547161425 ) );
#8883 = CARTESIAN_POINT( '', ( 0.00612176455096461, 0.00133445220134326, 0.00217597367625312 ) );
#8884 = CARTESIAN_POINT( '', ( 0.00616655251494729, 0.00139786758696894, 0.00223888192863045 ) );
#8885 = CARTESIAN_POINT( '', ( 0.00620159952753100, 0.00145387936558288, 0.00230606428530500 ) );
#8886 = CARTESIAN_POINT( '', ( 0.00621614193223093, 0.00148485481513700, 0.00235509092134167 ) );
#8887 = CARTESIAN_POINT( '', ( 0.00622325231838748, 0.00150000000001163, 0.00237906208163943 ) );
#8888 = AXIS2_PLACEMENT_3D( '', #10144, #10145, #10146 );
#8889 = COLOUR_RGB( '', 0.564705908300000, 0.811764717100000, 0.945098042500000 );
#8890 = COLOUR_RGB( '', 0.564705908300000, 0.811764717100000, 0.945098042500000 );
#8891 = COLOUR_RGB( '', 0.564705908300000, 0.811764717100000, 0.945098042500000 );
#8892 = CARTESIAN_POINT( '', ( -0.00250000000001000, 0.00184367965645000, 0.00749399759808800 ) );
#8893 = CARTESIAN_POINT( '', ( -0.00250000000001000, 0.00218243837893500, 0.00713688594004400 ) );
#8894 = CARTESIAN_POINT( '', ( -0.00250000000001000, 0.00282576386356000, 0.00645358901317000 ) );
#8895 = CARTESIAN_POINT( '', ( -0.00250000000001000, 0.00368452981238900, 0.00552336188111600 ) );
#8896 = CARTESIAN_POINT( '', ( -0.00250000000001000, 0.00444392727501800, 0.00467815906227900 ) );
#8897 = CARTESIAN_POINT( '', ( -0.00250000000001000, 0.00488601333642900, 0.00416699984702500 ) );
#8898 = CARTESIAN_POINT( '', ( -0.00250000000001000, 0.00509048666720100, 0.00392456430642700 ) );
#8899 = CARTESIAN_POINT( '', ( -0.00250000000000000, 0.00619104732316400, 0.00369791988451900 ) );
#8900 = CARTESIAN_POINT( '', ( -0.00250000000001000, 0.00566126201252900, 0.00369791988452900 ) );
#8901 = VECTOR( '', #10147, 1.00000000000000 );
#8902 = CARTESIAN_POINT( '', ( -0.00250000000001000, 0.00619104732317400, 0.00369791988452900 ) );
#8903 = CARTESIAN_POINT( '', ( -0.00250000000001000, 0.00622281805684300, 0.00373626982346200 ) );
#8904 = CARTESIAN_POINT( '', ( -0.00250000000001000, 0.00628716617835000, 0.00381356912782000 ) );
#8905 = CARTESIAN_POINT( '', ( -0.00250000000001000, 0.00635312124662400, 0.00389207250694000 ) );
#8906 = CARTESIAN_POINT( '', ( -0.00250000000001000, 0.00638649894610400, 0.00393162655342500 ) );
#8907 = CARTESIAN_POINT( '', ( -0.00250000000001000, 0.00230126111050000, 0.00870000000001000 ) );
#8908 = VECTOR( '', #10148, 1.00000000000000 );
#8909 = COLOUR_RGB( '', 0.564705908300000, 0.811764717100000, 0.945098042500000 );
#8910 = CARTESIAN_POINT( '', ( 0.00250000000000000, 0.00619104732316400, 0.00369791988451900 ) );
#8911 = CARTESIAN_POINT( '', ( 0.00250000000001000, 0.00638649917881300, 0.00393162682919500 ) );
#8912 = CARTESIAN_POINT( '', ( 0.00250000000001000, 0.00635313376938500, 0.00389208734776300 ) );
#8913 = CARTESIAN_POINT( '', ( 0.00250000000001000, 0.00628719082575100, 0.00381359859512200 ) );
#8914 = CARTESIAN_POINT( '', ( 0.00250000000001000, 0.00622283029143600, 0.00373628459164200 ) );
#8915 = CARTESIAN_POINT( '', ( 0.00250000000001000, 0.00619104732317400, 0.00369791988452900 ) );
#8916 = CARTESIAN_POINT( '', ( 0.00250000000001000, 0.00566126201252900, 0.00369791988452900 ) );
#8917 = VECTOR( '', #10149, 1.00000000000000 );
#8918 = CARTESIAN_POINT( '', ( 0.00250000000001000, 0.00184367965645000, 0.00749399759808800 ) );
#8919 = VECTOR( '', #10150, 1.00000000000000 );
#8920 = COLOUR_RGB( '', 0.564705908300000, 0.811764717100000, 0.945098042500000 );
#8921 = CARTESIAN_POINT( '', ( -0.00970427331803337, 0.00150140876507100, 0.00501023285480647 ) );
#8922 = CARTESIAN_POINT( '', ( -0.00970929808370696, 0.00150150311376774, 0.00499614210402640 ) );
#8923 = CARTESIAN_POINT( '', ( -0.00971902272109464, 0.00150168571071324, 0.00496887168969115 ) );
#8924 = CARTESIAN_POINT( '', ( -0.00972184239704960, 0.00150264666576079, 0.00492669477243299 ) );
#8925 = CARTESIAN_POINT( '', ( -0.00971712839279342, 0.00150411452890794, 0.00488790046692208 ) );
#8926 = CARTESIAN_POINT( '', ( -0.00970602224492501, 0.00150613316965989, 0.00485343832964262 ) );
#8927 = CARTESIAN_POINT( '', ( -0.00969055082024153, 0.00150868013228757, 0.00482401152028750 ) );
#8928 = CARTESIAN_POINT( '', ( -0.00966699521956841, 0.00151272513348041, 0.00479252922172329 ) );
#8929 = CARTESIAN_POINT( '', ( -0.00963078644482372, 0.00151950381742745, 0.00476093631145383 ) );
#8930 = CARTESIAN_POINT( '', ( -0.00957969812909788, 0.00152988368867771, 0.00473733511173139 ) );
#8931 = CARTESIAN_POINT( '', ( -0.00952333539817328, 0.00154162542646458, 0.00472781616647458 ) );
#8932 = CARTESIAN_POINT( '', ( -0.00948682927567000, 0.00154980938996598, 0.00473456683221508 ) );
#8933 = CARTESIAN_POINT( '', ( -0.00946855366513481, 0.00155390642682800, 0.00473794633487017 ) );
#8934 = COLOUR_RGB( '', 0.564705908300000, 0.811764717100000, 0.945098042500000 );
#8935 = CARTESIAN_POINT( '', ( -0.00403483265738155, 0.00666651794240985, 0.00284877554324670 ) );
#8936 = CARTESIAN_POINT( '', ( -0.00404418341203127, 0.00666604499420334, 0.00283456633729535 ) );
#8937 = CARTESIAN_POINT( '', ( -0.00406237890535307, 0.00666512469137695, 0.00280691685640521 ) );
#8938 = CARTESIAN_POINT( '', ( -0.00408242401103743, 0.00665733713212027, 0.00276350434955457 ) );
#8939 = CARTESIAN_POINT( '', ( -0.00409595751862764, 0.00664523423083769, 0.00272181699708580 ) );
#8940 = CARTESIAN_POINT( '', ( -0.00410821245318615, 0.00661705476401409, 0.00265234057555376 ) );
#8941 = CARTESIAN_POINT( '', ( -0.00409009132262624, 0.00655576225085590, 0.00256601685670007 ) );
#8942 = CARTESIAN_POINT( '', ( -0.00403011107377852, 0.00647982207471786, 0.00251885528881298 ) );
#8943 = CARTESIAN_POINT( '', ( -0.00397621279910789, 0.00642539345785073, 0.00250218206413196 ) );
#8944 = CARTESIAN_POINT( '', ( -0.00394693585248112, 0.00639985390508363, 0.00250074923278957 ) );
#8945 = CARTESIAN_POINT( '', ( -0.00393162682919695, 0.00638649917882193, 0.00250000000000028 ) );
#8946 = COLOUR_RGB( '', 0.564705908300000, 0.811764717100000, 0.945098042500000 );
#8947 = AXIS2_PLACEMENT_3D( '', #10151, #10152, #10153 );
#8948 = AXIS2_PLACEMENT_3D( '', #10154, #10155, #10156 );
#8949 = COLOUR_RGB( '', 0.564705908300000, 0.811764717100000, 0.945098042500000 );
#8950 = AXIS2_PLACEMENT_3D( '', #10157, #10158, #10159 );
#8951 = AXIS2_PLACEMENT_3D( '', #10160, #10161, #10162 );
#8952 = AXIS2_PLACEMENT_3D( '', #10163, #10164, #10165 );
#8953 = CARTESIAN_POINT( '', ( -0.0145000000000200, -0.00150000000001000, 0.00600000000001000 ) );
#8954 = AXIS2_PLACEMENT_3D( '', #10166, #10167, #10168 );
#8955 = CARTESIAN_POINT( '', ( -0.0145000000000200, -0.00150000000001000, 0.00000000000000 ) );
#8956 = AXIS2_PLACEMENT_3D( '', #10169, #10170, #10171 );
#8957 = CARTESIAN_POINT( '', ( -0.0100500000000200, -0.00150000000001000, -0.00300000000001000 ) );
#8958 = AXIS2_PLACEMENT_3D( '', #10172, #10173, #10174 );
#8959 = CARTESIAN_POINT( '', ( 0.00795000000000000, -0.00150000000001000, -0.00300000000001000 ) );
#8960 = AXIS2_PLACEMENT_3D( '', #10175, #10176, #10177 );
#8961 = AXIS2_PLACEMENT_3D( '', #10178, #10179, #10180 );
#8962 = CARTESIAN_POINT( '', ( 0.00836978126294300, -0.00150000000000000, 0.00104927594379400 ) );
#8963 = AXIS2_PLACEMENT_3D( '', #10181, #10182, #10183 );
#8964 = AXIS2_PLACEMENT_3D( '', #10184, #10185, #10186 );
#8965 = CARTESIAN_POINT( '', ( -0.00860147090640700, -0.00150000000000000, -0.00800000000000000 ) );
#8966 = CARTESIAN_POINT( '', ( -0.00860147090641700, -0.00150000000001000, -0.00800000000001000 ) );
#8967 = VECTOR( '', #10187, 1.00000000000000 );
#8968 = AXIS2_PLACEMENT_3D( '', #10188, #10189, #10190 );
#8969 = AXIS2_PLACEMENT_3D( '', #10191, #10192, #10193 );
#8970 = AXIS2_PLACEMENT_3D( '', #10194, #10195, #10196 );
#8971 = AXIS2_PLACEMENT_3D( '', #10197, #10198, #10199 );
#8972 = AXIS2_PLACEMENT_3D( '', #10200, #10201, #10202 );
#8973 = CARTESIAN_POINT( '', ( 0.00860147090640700, -0.00150000000000000, 0.00800000000000000 ) );
#8974 = CARTESIAN_POINT( '', ( 0.00860147090641700, -0.00150000000001000, 0.00800000000001000 ) );
#8975 = VECTOR( '', #10203, 1.00000000000000 );
#8976 = AXIS2_PLACEMENT_3D( '', #10204, #10205, #10206 );
#8977 = CARTESIAN_POINT( '', ( 0.00836978126294300, -0.00150000000000000, 0.00495072405620600 ) );
#8978 = AXIS2_PLACEMENT_3D( '', #10207, #10208, #10209 );
#8979 = AXIS2_PLACEMENT_3D( '', #10210, #10211, #10212 );
#8980 = CARTESIAN_POINT( '', ( 0.00860147090641700, -0.00150000000001000, -0.00800000000001000 ) );
#8981 = VECTOR( '', #10213, 1.00000000000000 );
#8982 = AXIS2_PLACEMENT_3D( '', #10214, #10215, #10216 );
#8983 = AXIS2_PLACEMENT_3D( '', #10217, #10218, #10219 );
#8984 = CARTESIAN_POINT( '', ( 0.00250000000000000, -0.00150000000000000, -0.00200000000000000 ) );
#8985 = AXIS2_PLACEMENT_3D( '', #10220, #10221, #10222 );
#8986 = CARTESIAN_POINT( '', ( 0.00250000000001000, -0.00150000000001000, -0.00200000000001000 ) );
#8987 = VECTOR( '', #10223, 1.00000000000000 );
#8988 = CARTESIAN_POINT( '', ( 0.00200000000000000, -0.00150000000000000, 0.00696491205974600 ) );
#8989 = CARTESIAN_POINT( '', ( 0.00200000000001000, -0.00150000000001000, 0.00250000000001000 ) );
#8990 = VECTOR( '', #10224, 1.00000000000000 );
#8991 = CARTESIAN_POINT( '', ( 0.00266891891891900, -0.00150000000000000, 0.00743551422594500 ) );
#8992 = AXIS2_PLACEMENT_3D( '', #10225, #10226, #10227 );
#8993 = CARTESIAN_POINT( '', ( 0.00639246972333200, -0.00150000000000000, 0.00464180254171700 ) );
#8994 = AXIS2_PLACEMENT_3D( '', #10228, #10229, #10230 );
#8995 = AXIS2_PLACEMENT_3D( '', #10231, #10232, #10233 );
#8996 = CARTESIAN_POINT( '', ( -0.00200000000001000, -0.00150000000001000, 0.00696491205975600 ) );
#8997 = VECTOR( '', #10234, 1.00000000000000 );
#8998 = CARTESIAN_POINT( '', ( -0.00250000000001000, -0.00150000000001000, 0.00200000000001000 ) );
#8999 = VECTOR( '', #10235, 1.00000000000000 );
#9000 = CARTESIAN_POINT( '', ( -0.00644426439077200, -0.00150000000000000, -0.00414377248424900 ) );
#9001 = AXIS2_PLACEMENT_3D( '', #10236, #10237, #10238 );
#9002 = AXIS2_PLACEMENT_3D( '', #10239, #10240, #10241 );
#9003 = CARTESIAN_POINT( '', ( -0.00573809871395000, -0.00150000000001000, -0.00200000000001000 ) );
#9004 = VECTOR( '', #10242, 1.00000000000000 );
#9005 = CARTESIAN_POINT( '', ( -0.00200000000001000, -0.00150000000001000, -0.00250000000001000 ) );
#9006 = VECTOR( '', #10243, 1.00000000000000 );
#9007 = COLOUR_RGB( '', 0.564705908300000, 0.811764717100000, 0.945098042500000 );
#9008 = CARTESIAN_POINT( '', ( 0.00860147090640700, 0.000500000000000000, 0.00800000000000000 ) );
#9009 = CARTESIAN_POINT( '', ( 0.00860147090641700, -0.00150000000001000, 0.00800000000001000 ) );
#9010 = VECTOR( '', #10244, 1.00000000000000 );
#9011 = AXIS2_PLACEMENT_3D( '', #10245, #10246, #10247 );
#9012 = COLOUR_RGB( '', 0.564705908300000, 0.811764717100000, 0.945098042500000 );
#9013 = CARTESIAN_POINT( '', ( 0.00639246972334200, -0.00150000000001000, 0.00464180254172700 ) );
#9014 = VECTOR( '', #10248, 1.00000000000000 );
#9015 = COLOUR_RGB( '', 0.564705908300000, 0.811764717100000, 0.945098042500000 );
#9016 = COLOUR_RGB( '', 0.564705908300000, 0.811764717100000, 0.945098042500000 );
#9017 = CARTESIAN_POINT( '', ( 0.00369791988452900, 0.00566126201252900, -0.00250000000001000 ) );
#9018 = VECTOR( '', #10249, 1.00000000000000 );
#9019 = COLOUR_RGB( '', 0.564705908300000, 0.811764717100000, 0.945098042500000 );
#9020 = CARTESIAN_POINT( '', ( 0.0107379463348700, 0.000700000000000000, 0.00346855366512800 ) );
#9021 = AXIS2_PLACEMENT_3D( '', #10250, #10251, #10252 );
#9022 = CARTESIAN_POINT( '', ( 0.0107379463348800, 0.00150000000001000, 0.00346855366513800 ) );
#9023 = VECTOR( '', #10253, 1.00000000000000 );
#9024 = COLOUR_RGB( '', 0.564705908300000, 0.811764717100000, 0.945098042500000 );
#9025 = COLOUR_RGB( '', 0.564705908300000, 0.811764717100000, 0.945098042500000 );
#9026 = CARTESIAN_POINT( '', ( 0.00795000000000000, 0.000700000000010000, -0.00300000000001000 ) );
#9027 = AXIS2_PLACEMENT_3D( '', #10254, #10255, #10256 );
#9028 = COLOUR_RGB( '', 0.564705908300000, 0.811764717100000, 0.945098042500000 );
#9029 = CARTESIAN_POINT( '', ( 0.00836978126294300, 0.000500000000000000, 0.00495072405620600 ) );
#9030 = CARTESIAN_POINT( '', ( 0.00836978126295300, -0.00150000000001000, 0.00495072405621600 ) );
#9031 = VECTOR( '', #10257, 1.00000000000000 );
#9032 = AXIS2_PLACEMENT_3D( '', #10258, #10259, #10260 );
#9033 = COLOUR_RGB( '', 0.564705908300000, 0.811764717100000, 0.945098042500000 );
#9034 = COLOUR_RGB( '', 0.564705908300000, 0.811764717100000, 0.945098042500000 );
#9035 = CARTESIAN_POINT( '', ( -0.00393162655342695, 0.00638649894611293, -0.00250000000000030 ) );
#9036 = CARTESIAN_POINT( '', ( -0.00394711550411535, 0.00640004540922567, -0.00250076098559637 ) );
#9037 = CARTESIAN_POINT( '', ( -0.00397708605927851, 0.00642625732171439, -0.00250223346499438 ) );
#9038 = CARTESIAN_POINT( '', ( -0.00401658804311778, 0.00646653882412249, -0.00251495054169925 ) );
#9039 = CARTESIAN_POINT( '', ( -0.00406845651953582, 0.00652647352720034, -0.00254569538927553 ) );
#9040 = CARTESIAN_POINT( '', ( -0.00411106527415638, 0.00660181015078376, -0.00261955432688168 ) );
#9041 = CARTESIAN_POINT( '', ( -0.00409913110125099, 0.00664767824443266, -0.00272200828366150 ) );
#9042 = CARTESIAN_POINT( '', ( -0.00406882560398399, 0.00666428663415037, -0.00279620790509273 ) );
#9043 = CARTESIAN_POINT( '', ( -0.00404649397866327, 0.00666575279712139, -0.00283074249442939 ) );
#9044 = CARTESIAN_POINT( '', ( -0.00403483398498933, 0.00666651832362121, -0.00284877401194837 ) );
#9045 = AXIS2_PLACEMENT_3D( '', #10261, #10262, #10263 );
#9046 = COLOUR_RGB( '', 0.564705908300000, 0.811764717100000, 0.945098042500000 );
#9047 = COLOUR_RGB( '', 0.564705908300000, 0.811764717100000, 0.945098042500000 );
#9048 = COLOUR_RGB( '', 0.564705908300000, 0.811764717100000, 0.945098042500000 );
#9049 = COLOUR_RGB( '', 0.564705908300000, 0.811764717100000, 0.945098042500000 );
#9050 = CARTESIAN_POINT( '', ( 0.00690954550396300, 0.00150000000000000, -0.00250000000000000 ) );
#9051 = AXIS2_PLACEMENT_3D( '', #10264, #10265, #10266 );
#9052 = CARTESIAN_POINT( '', ( 0.00690954550397300, 0.00150000000001000, -0.00250000000001000 ) );
#9053 = VECTOR( '', #10267, 1.00000000000000 );
#9054 = COLOUR_RGB( '', 0.564705908300000, 0.811764717100000, 0.945098042500000 );
#9055 = COLOUR_RGB( '', 0.564705908300000, 0.811764717100000, 0.945098042500000 );
#9056 = AXIS2_PLACEMENT_3D( '', #10268, #10269, #10270 );
#9057 = COLOUR_RGB( '', 0.564705908300000, 0.811764717100000, 0.945098042500000 );
#9058 = COLOUR_RGB( '', 0.564705908300000, 0.811764717100000, 0.945098042500000 );
#9059 = CARTESIAN_POINT( '', ( 0.00970427331803300, 0.000700000000000000, 0.000989767145193400 ) );
#9060 = AXIS2_PLACEMENT_3D( '', #10271, #10272, #10273 );
#9061 = CARTESIAN_POINT( '', ( 0.00970427331803300, 0.00150000000000000, 0.000989767145193400 ) );
#9062 = CARTESIAN_POINT( '', ( 0.00970427331804300, 0.00150000000001000, 0.000989767145203400 ) );
#9063 = VECTOR( '', #10274, 1.00000000000000 );
#9064 = AXIS2_PLACEMENT_3D( '', #10275, #10276, #10277 );
#9065 = COLOUR_RGB( '', 0.564705908300000, 0.811764717100000, 0.945098042500000 );
#9066 = CARTESIAN_POINT( '', ( 0.00836978126294300, 0.000500000000000000, 0.00104927594379400 ) );
#9067 = AXIS2_PLACEMENT_3D( '', #10278, #10279, #10280 );
#9068 = CARTESIAN_POINT( '', ( 0.00836978126295300, 0.000500000000010000, 0.00104927594380400 ) );
#9069 = VECTOR( '', #10281, 1.00000000000000 );
#9070 = COLOUR_RGB( '', 0.564705908300000, 0.811764717100000, 0.945098042500000 );
#9071 = CARTESIAN_POINT( '', ( -0.00644426439077200, 0.00208212668466000, -0.00414377248424900 ) );
#9072 = CARTESIAN_POINT( '', ( -0.00624500453721900, 0.00301686156245100, -0.00250000000001000 ) );
#9073 = CARTESIAN_POINT( '', ( -0.00623286844926800, 0.00300327647502800, -0.00256686973449200 ) );
#9074 = CARTESIAN_POINT( '', ( -0.00621387507552400, 0.00296977510661400, -0.00269914672417200 ) );
#9075 = CARTESIAN_POINT( '', ( -0.00619988638580100, 0.00290278466923800, -0.00289301176489600 ) );
#9076 = CARTESIAN_POINT( '', ( -0.00619910810635300, 0.00282218219783300, -0.00308010891262900 ) );
#9077 = CARTESIAN_POINT( '', ( -0.00621048402586300, 0.00272800313946000, -0.00326459970074400 ) );
#9078 = CARTESIAN_POINT( '', ( -0.00623410007062500, 0.00261975152346500, -0.00344869143943700 ) );
#9079 = CARTESIAN_POINT( '', ( -0.00626993126611500, 0.00249868021350000, -0.00363098662022600 ) );
#9080 = CARTESIAN_POINT( '', ( -0.00631728754793900, 0.00236734394826000, -0.00380883375119000 ) );
#9081 = CARTESIAN_POINT( '', ( -0.00637535097112800, 0.00222784056348100, -0.00398079255949900 ) );
#9082 = CARTESIAN_POINT( '', ( -0.00642029121605700, 0.00213126309880900, -0.00409020492851200 ) );
#9083 = CARTESIAN_POINT( '', ( -0.00644426439078200, 0.00208212668467000, -0.00414377248425900 ) );
#9084 = CARTESIAN_POINT( '', ( -0.00644426439078200, -0.00150000000001000, -0.00414377248425900 ) );
#9085 = VECTOR( '', #10282, 1.00000000000000 );
#9086 = COLOUR_RGB( '', 0.564705908300000, 0.811764717100000, 0.945098042500000 );
#9087 = CARTESIAN_POINT( '', ( 0.00720818186053989, 0.00411572546698913, 0.00282857142857958 ) );
#9088 = CARTESIAN_POINT( '', ( 0.00720893020997946, 0.00411606001140094, 0.00281543845899068 ) );
#9089 = CARTESIAN_POINT( '', ( 0.00721043647430279, 0.00411673337638985, 0.00278900465346484 ) );
#9090 = CARTESIAN_POINT( '', ( 0.00720604130220385, 0.00411482117505637, 0.00274925521283798 ) );
#9091 = CARTESIAN_POINT( '', ( 0.00719524707698791, 0.00411006754060303, 0.00270386008035698 ) );
#9092 = CARTESIAN_POINT( '', ( 0.00717371867002001, 0.00410076512527802, 0.00265358580709423 ) );
#9093 = CARTESIAN_POINT( '', ( 0.00712582971481233, 0.00407971981807731, 0.00258436422761835 ) );
#9094 = CARTESIAN_POINT( '', ( 0.00704868191472721, 0.00404644787484558, 0.00252714667056459 ) );
#9095 = CARTESIAN_POINT( '', ( 0.00696665545825989, 0.00400980312034312, 0.00250232676181277 ) );
#9096 = CARTESIAN_POINT( '', ( 0.00692312688905799, 0.00399121431339262, 0.00250055332995045 ) );
#9097 = CARTESIAN_POINT( '', ( 0.00690954550397497, 0.00398541440427414, 0.00249999999999998 ) );
#9098 = CARTESIAN_POINT( '', ( 0.00720409078627200, 0.00410704128663000, 0.00287871524253400 ) );
#9099 = CARTESIAN_POINT( '', ( 0.00706447715657800, 0.00423618742110800, 0.00288006246320200 ) );
#9100 = CARTESIAN_POINT( '', ( 0.00678657579785600, 0.00449214372909100, 0.00288286736407800 ) );
#9101 = CARTESIAN_POINT( '', ( 0.00636314748410600, 0.00487805658878300, 0.00288758238034600 ) );
#9102 = CARTESIAN_POINT( '', ( 0.00596453928553500, 0.00523682154090800, 0.00289249059994700 ) );
#9103 = CARTESIAN_POINT( '', ( 0.00561103208969800, 0.00555076905701400, 0.00289726257511400 ) );
#9104 = CARTESIAN_POINT( '', ( 0.00529259411080100, 0.00582965714175800, 0.00290193147688900 ) );
#9105 = CARTESIAN_POINT( '', ( 0.00500784970298800, 0.00607540190913000, 0.00290643356443400 ) );
#9106 = CARTESIAN_POINT( '', ( 0.00483733716504000, 0.00622034650506900, 0.00290931854263400 ) );
#9107 = CARTESIAN_POINT( '', ( 0.00475716056487600, 0.00628800819140100, 0.00291071485952100 ) );
#9108 = COLOUR_RGB( '', 0.564705908300000, 0.811764717100000, 0.945098042500000 );
#9109 = AXIS2_PLACEMENT_3D( '', #10283, #10284, #10285 );
#9110 = COLOUR_RGB( '', 0.564705908300000, 0.811764717100000, 0.945098042500000 );
#9111 = AXIS2_PLACEMENT_3D( '', #10286, #10287, #10288 );
#9112 = COLOUR_RGB( '', 0.564705908300000, 0.811764717100000, 0.945098042500000 );
#9113 = CARTESIAN_POINT( '', ( 0.00860147090641700, 0.000500000000010000, 0.00800000000001000 ) );
#9114 = VECTOR( '', #10289, 1.00000000000000 );
#9115 = COLOUR_RGB( '', 0.564705908300000, 0.811764717100000, 0.945098042500000 );
#9116 = AXIS2_PLACEMENT_3D( '', #10290, #10291, #10292 );
#9117 = COLOUR_RGB( '', 0.564705908300000, 0.811764717100000, 0.945098042500000 );
#9118 = CARTESIAN_POINT( '', ( -0.00573809871395000, 0.000914159283694900, 0.00200000000001000 ) );
#9119 = CARTESIAN_POINT( '', ( -0.00554138223737400, 0.000728402471812200, 0.00200000000001000 ) );
#9120 = CARTESIAN_POINT( '', ( -0.00515796465029000, 0.000368412503039400, 0.00200000037247600 ) );
#9121 = CARTESIAN_POINT( '', ( -0.00461268617815600, -0.000136362981645000, 0.00199999869637700 ) );
#9122 = CARTESIAN_POINT( '', ( -0.00426828941331100, -0.000449442364681000, 0.00200000279350900 ) );
#9123 = CARTESIAN_POINT( '', ( -0.00410079403371000, -0.000599987904261700, 0.00200000279350900 ) );
#9124 = COLOUR_RGB( '', 0.564705908300000, 0.811764717100000, 0.945098042500000 );
#9125 = AXIS2_PLACEMENT_3D( '', #10293, #10294, #10295 );
#9126 = CARTESIAN_POINT( '', ( -0.00644426439077223, 0.00208212668465838, -0.00414377248425272 ) );
#9127 = CARTESIAN_POINT( '', ( -0.00645282904065209, 0.00206346754305386, -0.00416492164595597 ) );
#9128 = CARTESIAN_POINT( '', ( -0.00646949594061865, 0.00202715665458244, -0.00420607814008347 ) );
#9129 = CARTESIAN_POINT( '', ( -0.00648408398739000, 0.00197822547118012, -0.00427314476924864 ) );
#9130 = CARTESIAN_POINT( '', ( -0.00648963506948837, 0.00193566643841889, -0.00434175575640148 ) );
#9131 = CARTESIAN_POINT( '', ( -0.00648428019385757, 0.00189201397380976, -0.00442774896423678 ) );
#9132 = CARTESIAN_POINT( '', ( -0.00646031315627897, 0.00185224638954959, -0.00453274445588677 ) );
#9133 = CARTESIAN_POINT( '', ( -0.00641472475983133, 0.00184648984675117, -0.00460602764685821 ) );
#9134 = CARTESIAN_POINT( '', ( -0.00639246972333234, 0.00184367965643806, -0.00464180254171999 ) );
#9135 = COLOUR_RGB( '', 0.564705908300000, 0.811764717100000, 0.945098042500000 );
#9136 = CARTESIAN_POINT( '', ( 0.00250000000001000, -0.000600000000010000, -0.00200000000001000 ) );
#9137 = VECTOR( '', #10296, 1.00000000000000 );
#9138 = CARTESIAN_POINT( '', ( 0.00573809871394849, 0.000914161243917099, -0.00200000000000946 ) );
#9139 = CARTESIAN_POINT( '', ( 0.00544764482199838, 0.000640774372181144, -0.00200012817399975 ) );
#9140 = CARTESIAN_POINT( '', ( 0.00490631197692465, 0.000131250151007845, -0.00200036705801112 ) );
#9141 = CARTESIAN_POINT( '', ( 0.00435588339967207, -0.000368429912779755, -0.00200010321903291 ) );
#9142 = CARTESIAN_POINT( '', ( 0.00410078905894045, -0.000600005019371902, -0.00199998094371330 ) );
#9143 = COLOUR_RGB( '', 0.564705908300000, 0.811764717100000, 0.945098042500000 );
#9144 = COLOUR_RGB( '', 0.564705908300000, 0.811764717100000, 0.945098042500000 );
#9145 = CARTESIAN_POINT( '', ( -0.00946855366513800, 0.00150000000001000, -0.00126205366513800 ) );
#9146 = VECTOR( '', #10297, 1.00000000000000 );
#9147 = CARTESIAN_POINT( '', ( -0.00720409077757800, 0.00410704126613000, -0.00287871501231500 ) );
#9148 = CARTESIAN_POINT( '', ( -0.00727083835341905, 0.00364938878452200, -0.00250000000000655 ) );
#9149 = CARTESIAN_POINT( '', ( -0.00727056936006736, 0.00367368770533329, -0.00250092650144016 ) );
#9150 = CARTESIAN_POINT( '', ( -0.00727003245908461, 0.00372218747077944, -0.00250277576472904 ) );
#9151 = CARTESIAN_POINT( '', ( -0.00726610842454239, 0.00379400343744125, -0.00251654077175735 ) );
#9152 = CARTESIAN_POINT( '', ( -0.00725961617392135, 0.00387034067487342, -0.00254026685824332 ) );
#9153 = CARTESIAN_POINT( '', ( -0.00725030688562110, 0.00394782504972497, -0.00257653661366812 ) );
#9154 = CARTESIAN_POINT( '', ( -0.00723869165114453, 0.00401859332839234, -0.00262737147959615 ) );
#9155 = CARTESIAN_POINT( '', ( -0.00722724149337158, 0.00407303392437414, -0.00268592368003459 ) );
#9156 = CARTESIAN_POINT( '', ( -0.00721714021556679, 0.00410638880347913, -0.00274946436053691 ) );
#9157 = CARTESIAN_POINT( '', ( -0.00720895918543850, 0.00412048054532126, -0.00281586360665015 ) );
#9158 = CARTESIAN_POINT( '', ( -0.00720570424772081, 0.00411149527197098, -0.00285788498666805 ) );
#9159 = CARTESIAN_POINT( '', ( -0.00720409077298177, 0.00410704126614000, -0.00287871501201392 ) );
#9160 = CARTESIAN_POINT( '', ( -0.00870156675150852, 0.00193933982821805, -0.00477508805308626 ) );
#9161 = CARTESIAN_POINT( '', ( -0.00866168100146060, 0.00197789067713892, -0.00476760584065890 ) );
#9162 = CARTESIAN_POINT( '', ( -0.00858238952375478, 0.00205452841803826, -0.00475273146374081 ) );
#9163 = CARTESIAN_POINT( '', ( -0.00846756863372355, 0.00217027714819437, -0.00472102555637216 ) );
#9164 = CARTESIAN_POINT( '', ( -0.00835675341137937, 0.00228558966766761, -0.00468293497498593 ) );
#9165 = CARTESIAN_POINT( '', ( -0.00825008318580248, 0.00240058050407857, -0.00463803697433795 ) );
#9166 = CARTESIAN_POINT( '', ( -0.00814739215119496, 0.00251521553082321, -0.00458677092359349 ) );
#9167 = CARTESIAN_POINT( '', ( -0.00804858969094536, 0.00262950865226516, -0.00452929576846989 ) );
#9168 = CARTESIAN_POINT( '', ( -0.00788852500414692, 0.00282126086180310, -0.00442272312662370 ) );
#9169 = CARTESIAN_POINT( '', ( -0.00768661603971422, 0.00308273392626066, -0.00424824225439893 ) );
#9170 = CARTESIAN_POINT( '', ( -0.00748295601756214, 0.00338709470592067, -0.00398605760363345 ) );
#9171 = CARTESIAN_POINT( '', ( -0.00733581570600687, 0.00364581518067002, -0.00370851526875462 ) );
#9172 = CARTESIAN_POINT( '', ( -0.00725342238832302, 0.00383037071159027, -0.00345776827783110 ) );
#9173 = CARTESIAN_POINT( '', ( -0.00721306844170040, 0.00395821922208683, -0.00323970017018712 ) );
#9174 = CARTESIAN_POINT( '', ( -0.00719700858632021, 0.00404480464041052, -0.00306109635120698 ) );
#9175 = CARTESIAN_POINT( '', ( -0.00720175709990026, 0.00408653350951683, -0.00293881194990125 ) );
#9176 = CARTESIAN_POINT( '', ( -0.00720409076748438, 0.00410704125525959, -0.00287871500828765 ) );
#9177 = COLOUR_RGB( '', 0.564705908300000, 0.811764717100000, 0.945098042500000 );
#9178 = COLOUR_RGB( '', 0.564705908300000, 0.811764717100000, 0.945098042500000 );
#9179 = CARTESIAN_POINT( '', ( -0.0140100000000200, -0.000700000000010000, 0.00600000000001000 ) );
#9180 = AXIS2_PLACEMENT_3D( '', #10298, #10299, #10300 );
#9181 = COLOUR_RGB( '', 0.564705908300000, 0.811764717100000, 0.945098042500000 );
#9182 = AXIS2_PLACEMENT_3D( '', #10301, #10302, #10303 );
#9183 = COLOUR_RGB( '', 0.564705908300000, 0.811764717100000, 0.945098042500000 );
#9184 = CARTESIAN_POINT( '', ( -0.00720409077758800, 0.00410704126614000, -0.00287871501232500 ) );
#9185 = CARTESIAN_POINT( '', ( -0.00705971325516400, 0.00424059438145200, -0.00288010814684400 ) );
#9186 = CARTESIAN_POINT( '', ( -0.00677125088272500, 0.00450622794330800, -0.00288302572023300 ) );
#9187 = CARTESIAN_POINT( '', ( -0.00633625035991700, 0.00490247116397000, -0.00288789245787700 ) );
#9188 = CARTESIAN_POINT( '', ( -0.00590819996723300, 0.00528738922926100, -0.00289319881242400 ) );
#9189 = CARTESIAN_POINT( '', ( -0.00548124653181700, 0.00566538675020800, -0.00289907725334100 ) );
#9190 = CARTESIAN_POINT( '', ( -0.00508366735680700, 0.00601078240750500, -0.00290516403657500 ) );
#9191 = CARTESIAN_POINT( '', ( -0.00486029634532300, 0.00620097107255500, -0.00290891870519300 ) );
#9192 = CARTESIAN_POINT( '', ( -0.00475716056487600, 0.00628800819140000, -0.00291071485952100 ) );
#9193 = COLOUR_RGB( '', 0.564705908300000, 0.811764717100000, 0.945098042500000 );
#9194 = COLOUR_RGB( '', 0.564705908300000, 0.811764717100000, 0.945098042500000 );
#9195 = AXIS2_PLACEMENT_3D( '', #10304, #10305, #10306 );
#9196 = AXIS2_PLACEMENT_3D( '', #10307, #10308, #10309 );
#9197 = COLOUR_RGB( '', 0.564705908300000, 0.811764717100000, 0.945098042500000 );
#9198 = AXIS2_PLACEMENT_3D( '', #10310, #10311, #10312 );
#9199 = AXIS2_PLACEMENT_3D( '', #10313, #10314, #10315 );
#9200 = COLOUR_RGB( '', 0.564705908300000, 0.811764717100000, 0.945098042500000 );
#9201 = CARTESIAN_POINT( '', ( 0.00624500453721900, 0.00150000000001000, -0.00250000000001000 ) );
#9202 = VECTOR( '', #10316, 1.00000000000000 );
#9203 = COLOUR_RGB( '', 0.564705908300000, 0.811764717100000, 0.945098042500000 );
#9204 = CARTESIAN_POINT( '', ( -0.00970427331804300, 0.00150000000001000, -0.000989767145203400 ) );
#9205 = VECTOR( '', #10317, 1.00000000000000 );
#9206 = COLOUR_RGB( '', 0.564705908300000, 0.811764717100000, 0.945098042500000 );
#9207 = CARTESIAN_POINT( '', ( 0.00957745421722600, 0.00150000000001000, -0.00538252778985500 ) );
#9208 = CARTESIAN_POINT( '', ( 0.00959358721784200, 0.00150000000001000, -0.00531923274278300 ) );
#9209 = CARTESIAN_POINT( '', ( 0.00963089110438600, 0.00150055887088300, -0.00519361705966700 ) );
#9210 = CARTESIAN_POINT( '', ( 0.00967817584715500, 0.00150121011559300, -0.00507076493101300 ) );
#9211 = CARTESIAN_POINT( '', ( 0.00970427331804300, 0.00150140876507100, -0.00501023285481700 ) );
#9212 = COLOUR_RGB( '', 0.564705908300000, 0.811764717100000, 0.945098042500000 );
#9213 = CARTESIAN_POINT( '', ( -0.0145000000000200, -0.000700000000010000, 0.00600000000001000 ) );
#9214 = AXIS2_PLACEMENT_3D( '', #10318, #10319, #10320 );
#9215 = COLOUR_RGB( '', 0.564705908300000, 0.811764717100000, 0.945098042500000 );
#9216 = COLOUR_RGB( '', 0.564705908300000, 0.811764717100000, 0.945098042500000 );
#9217 = COLOUR_RGB( '', 0.564705908300000, 0.811764717100000, 0.945098042500000 );
#9218 = COLOUR_RGB( '', 0.564705908300000, 0.811764717100000, 0.945098042500000 );
#9219 = COLOUR_RGB( '', 0.564705908300000, 0.811764717100000, 0.945098042500000 );
#9220 = COLOUR_RGB( '', 0.564705908300000, 0.811764717100000, 0.945098042500000 );
#9221 = AXIS2_PLACEMENT_3D( '', #10321, #10322, #10323 );
#9222 = CARTESIAN_POINT( '', ( 0.0140100000000200, 0.000700000000010000, -0.00600000000001000 ) );
#9223 = AXIS2_PLACEMENT_3D( '', #10324, #10325, #10326 );
#9224 = CARTESIAN_POINT( '', ( 0.00999000000000000, 0.000700000000010000, 0.00000000000000 ) );
#9225 = AXIS2_PLACEMENT_3D( '', #10327, #10328, #10329 );
#9226 = COLOUR_RGB( '', 0.564705908300000, 0.811764717100000, 0.945098042500000 );
#9227 = COLOUR_RGB( '', 0.564705908300000, 0.811764717100000, 0.945098042500000 );
#9228 = COLOUR_RGB( '', 0.564705908300000, 0.811764717100000, 0.945098042500000 );
#9229 = CARTESIAN_POINT( '', ( 0.00266891891892900, -0.00150000000001000, 0.00743551422595500 ) );
#9230 = VECTOR( '', #10330, 1.00000000000000 );
#9231 = COLOUR_RGB( '', 0.564705908300000, 0.811764717100000, 0.945098042500000 );
#9232 = COLOUR_RGB( '', 0.564705908300000, 0.811764717100000, 0.945098042500000 );
#9233 = COLOUR_RGB( '', 0.564705908300000, 0.811764717100000, 0.945098042500000 );
#9234 = CARTESIAN_POINT( '', ( -0.00970427331804300, 0.000700000000010000, 0.000989767145203400 ) );
#9235 = VECTOR( '', #10331, 1.00000000000000 );
#9236 = COLOUR_RGB( '', 0.564705908300000, 0.811764717100000, 0.945098042500000 );
#9237 = COLOUR_RGB( '', 0.564705908300000, 0.811764717100000, 0.945098042500000 );
#9238 = CARTESIAN_POINT( '', ( -0.00860147090641700, -0.00150000000001000, -0.00800000000001000 ) );
#9239 = VECTOR( '', #10332, 1.00000000000000 );
#9240 = COLOUR_RGB( '', 0.564705908300000, 0.811764717100000, 0.945098042500000 );
#9241 = COLOUR_RGB( '', 0.564705908300000, 0.811764717100000, 0.945098042500000 );
#9242 = CARTESIAN_POINT( '', ( -0.00410078881741619, -0.000600008234278170, -0.00199996615775685 ) );
#9243 = CARTESIAN_POINT( '', ( -0.00426659200798409, -0.000449926100447965, -0.00200004704990691 ) );
#9244 = CARTESIAN_POINT( '', ( -0.00461609742277527, -0.000133559942128526, -0.00200021756679722 ) );
#9245 = CARTESIAN_POINT( '', ( -0.00516148223050156, 0.000371627137378363, -0.00200022314397932 ) );
#9246 = CARTESIAN_POINT( '', ( -0.00554002093525163, 0.000727790948816072, -0.00200007665383943 ) );
#9247 = CARTESIAN_POINT( '', ( -0.00573809871394844, 0.000914160627098649, -0.00200000000000945 ) );
#9248 = COLOUR_RGB( '', 0.564705908300000, 0.811764717100000, 0.945098042500000 );
#9249 = COLOUR_RGB( '', 0.564705908300000, 0.811764717100000, 0.945098042500000 );
#9250 = AXIS2_PLACEMENT_3D( '', #10333, #10334, #10335 );
#9251 = COLOUR_RGB( '', 0.564705908300000, 0.811764717100000, 0.945098042500000 );
#9252 = AXIS2_PLACEMENT_3D( '', #10336, #10337, #10338 );
#9253 = AXIS2_PLACEMENT_3D( '', #10339, #10340, #10341 );
#9254 = COLOUR_RGB( '', 0.564705908300000, 0.811764717100000, 0.945098042500000 );
#9255 = COLOUR_RGB( '', 0.564705908300000, 0.811764717100000, 0.945098042500000 );
#9256 = CARTESIAN_POINT( '', ( 0.00200000000001000, -0.00150000000001000, 0.00696491205975600 ) );
#9257 = VECTOR( '', #10342, 1.00000000000000 );
#9258 = COLOUR_RGB( '', 0.564705908300000, 0.811764717100000, 0.945098042500000 );
#9259 = COLOUR_RGB( '', 0.564705908300000, 0.811764717100000, 0.945098042500000 );
#9260 = COLOUR_RGB( '', 0.564705908300000, 0.811764717100000, 0.945098042500000 );
#9261 = COLOUR_RGB( '', 0.564705908300000, 0.811764717100000, 0.945098042500000 );
#9262 = COLOUR_RGB( '', 0.564705908300000, 0.811764717100000, 0.945098042500000 );
#9263 = COLOUR_RGB( '', 0.564705908300000, 0.811764717100000, 0.945098042500000 );
#9264 = COLOUR_RGB( '', 0.564705908300000, 0.811764717100000, 0.945098042500000 );
#9265 = COLOUR_RGB( '', 0.564705908300000, 0.811764717100000, 0.945098042500000 );
#9266 = COLOUR_RGB( '', 0.564705908300000, 0.811764717100000, 0.945098042500000 );
#9267 = COLOUR_RGB( '', 0.564705908300000, 0.811764717100000, 0.945098042500000 );
#9268 = COLOUR_RGB( '', 0.564705908300000, 0.811764717100000, 0.945098042500000 );
#9269 = COLOUR_RGB( '', 0.564705908300000, 0.811764717100000, 0.945098042500000 );
#9270 = COLOUR_RGB( '', 0.564705908300000, 0.811764717100000, 0.945098042500000 );
#9271 = COLOUR_RGB( '', 0.564705908300000, 0.811764717100000, 0.945098042500000 );
#9272 = COLOUR_RGB( '', 0.564705908300000, 0.811764717100000, 0.945098042500000 );
#9273 = COLOUR_RGB( '', 0.564705908300000, 0.811764717100000, 0.945098042500000 );
#9274 = COLOUR_RGB( '', 0.564705908300000, 0.811764717100000, 0.945098042500000 );
#9275 = CARTESIAN_POINT( '', ( -0.00690954550397300, 0.00150000000001000, 0.00280000000001000 ) );
#9276 = DIRECTION( '', ( 0.00000000000000, -1.00000000000000, 0.00000000000000 ) );
#9277 = DIRECTION( '', ( -0.995454521919374, 0.00000000000000, 0.0952380952679639 ) );
#9278 = DIRECTION( '', ( 0.00000000000000, 1.00000000000000, 0.00000000000000 ) );
#9279 = DIRECTION( '', ( 0.00000000000000, 1.00000000000000, 0.00000000000000 ) );
#9280 = CARTESIAN_POINT( '', ( 0.00000000000000, 0.00666651732945300, 0.00000000000000 ) );
#9281 = DIRECTION( '', ( 0.00000000000000, 1.00000000000000, 0.00000000000000 ) );
#9282 = DIRECTION( '', ( -0.816905413954190, 0.00000000000000, 0.576771657289376 ) );
#9283 = CARTESIAN_POINT( '', ( 0.00000000000000, 0.00628800819142500, 0.00000000000000 ) );
#9284 = DIRECTION( '', ( 0.00000000000000, -1.00000000000000, 0.00000000000000 ) );
#9285 = DIRECTION( '', ( -0.521914852919989, 0.00000000000000, 0.852997588684462 ) );
#9286 = DIRECTION( '', ( 0.00000000000000, 1.00000000000000, 0.00000000000000 ) );
#9287 = CARTESIAN_POINT( '', ( 0.0109310514832000, 0.000700000000010000, 0.00247938481653400 ) );
#9288 = DIRECTION( '', ( 0.00000000000000, -1.00000000000000, 0.00000000000000 ) );
#9289 = DIRECTION( '', ( -0.965525741586389, 0.00000000000000, 0.260307591771837 ) );
#9290 = DIRECTION( '', ( 0.00000000000000, 1.00000000000000, 0.00000000000000 ) );
#9291 = CARTESIAN_POINT( '', ( 0.0109310514832000, 0.00150000000001000, 0.00247938481653400 ) );
#9292 = DIRECTION( '', ( 0.00000000000000, 1.00000000000000, 0.00000000000000 ) );
#9293 = DIRECTION( '', ( 0.395906858101274, 0.00000000000000, -0.918290672776533 ) );
#9294 = CARTESIAN_POINT( '', ( -0.00598788303199200, -0.00150000000001000, 0.00434801757073200 ) );
#9295 = DIRECTION( '', ( 0.00000000000000, 1.00000000000000, 0.00000000000000 ) );
#9296 = DIRECTION( '', ( -0.912762717577210, 0.00000000000000, -0.408490172955319 ) );
#9297 = DIRECTION( '', ( 0.00000000000000, -1.00000000000000, 0.00000000000000 ) );
#9298 = DIRECTION( '', ( 0.00000000000000, -1.00000000000000, 0.00000000000000 ) );
#9299 = CARTESIAN_POINT( '', ( 0.0120000000000100, -0.000700000000010000, 0.00000000000000 ) );
#9300 = DIRECTION( '', ( 0.00000000000000, -1.00000000000000, 0.00000000000000 ) );
#9301 = DIRECTION( '', ( -1.00000000000000, 0.00000000000000, 0.00000000000000 ) );
#9302 = CARTESIAN_POINT( '', ( 0.0120000000000100, -0.00150000000001000, 0.00000000000000 ) );
#9303 = DIRECTION( '', ( 0.00000000000000, -1.00000000000000, 0.00000000000000 ) );
#9304 = DIRECTION( '', ( -1.00000000000000, 0.00000000000000, 0.00000000000000 ) );
#9305 = CARTESIAN_POINT( '', ( -0.0120000000000100, -0.00150000000001000, 0.00000000000000 ) );
#9306 = DIRECTION( '', ( 0.00000000000000, -1.00000000000000, 0.00000000000000 ) );
#9307 = DIRECTION( '', ( 0.979591018238927, 0.00000000000000, -0.201001087025974 ) );
#9308 = DIRECTION( '', ( 0.00000000000000, 1.00000000000000, 0.00000000000000 ) );
#9309 = CARTESIAN_POINT( '', ( -0.0120000000000100, 0.000500000000010000, 0.00000000000000 ) );
#9310 = DIRECTION( '', ( -0.00000000000000, 1.00000000000000, 0.00000000000000 ) );
#9311 = DIRECTION( '', ( 0.979591018238927, 0.00000000000000, 0.201001087025974 ) );
#9312 = DIRECTION( '', ( 0.00000000000000, 1.00000000000000, 0.00000000000000 ) );
#9313 = CARTESIAN_POINT( '', ( 0.00250000000001000, 0.00386250000001000, 0.00000000000000 ) );
#9314 = DIRECTION( '', ( 1.00000000000000, 0.00000000000000, 0.00000000000000 ) );
#9315 = DIRECTION( '', ( 0.00000000000000, 0.298620653302721, -0.954371890523320 ) );
#9316 = DIRECTION( '', ( 0.00000000000000, 1.00000000000000, 0.00000000000000 ) );
#9317 = DIRECTION( '', ( 0.00000000000000, -1.00000000000000, 0.00000000000000 ) );
#9318 = DIRECTION( '', ( 0.00000000000000, 0.00000000000000, 1.00000000000000 ) );
#9319 = DIRECTION( '', ( 0.00000000000000, 1.00000000000000, 0.00000000000000 ) );
#9320 = DIRECTION( '', ( 0.00000000000000, 0.00000000000000, -1.00000000000000 ) );
#9321 = DIRECTION( '', ( 0.00000000000000, -1.00000000000000, 0.00000000000000 ) );
#9322 = DIRECTION( '', ( 0.00000000000000, 0.00000000000000, -1.00000000000000 ) );
#9323 = DIRECTION( '', ( 0.00000000000000, -1.00000000000000, 0.00000000000000 ) );
#9324 = DIRECTION( '', ( 0.00000000000000, 1.00000000000000, 0.00000000000000 ) );
#9325 = CARTESIAN_POINT( '', ( -0.00773521342244700, -0.00150000000001000, -0.00498060973269800 ) );
#9326 = DIRECTION( '', ( 0.00000000000000, 1.00000000000000, 0.00000000000000 ) );
#9327 = DIRECTION( '', ( -0.538207054290526, 0.00000000000000, 0.842812652202086 ) );
#9328 = DIRECTION( '', ( 0.00000000000000, 1.00000000000000, 0.00000000000000 ) );
#9329 = CARTESIAN_POINT( '', ( -0.00773521342244700, 0.000500000000010000, -0.00498060973269800 ) );
#9330 = DIRECTION( '', ( 0.00000000000000, -1.00000000000000, 0.00000000000000 ) );
#9331 = DIRECTION( '', ( 0.840784067650842, 0.00000000000000, 0.541370623126620 ) );
#9332 = CARTESIAN_POINT( '', ( -0.00457621246080500, 0.00607587614875600, 0.00280000000001000 ) );
#9333 = DIRECTION( '', ( -0.760812760445793, -0.648971450483649, 0.00000000000000 ) );
#9334 = DIRECTION( '', ( -0.603160379497760, 0.707106781008640, 0.369049531710469 ) );
#9335 = CARTESIAN_POINT( '', ( -0.0120000000000100, -0.000700000000010000, 0.00000000000000 ) );
#9336 = DIRECTION( '', ( 0.00000000000000, -1.00000000000000, 0.00000000000000 ) );
#9337 = DIRECTION( '', ( -1.00000000000000, 0.00000000000000, 0.00000000000000 ) );
#9338 = CARTESIAN_POINT( '', ( -0.0120000000000100, -0.000700000000010000, 0.00000000000000 ) );
#9339 = DIRECTION( '', ( 0.00000000000000, -1.00000000000000, 0.00000000000000 ) );
#9340 = DIRECTION( '', ( -1.00000000000000, 0.00000000000000, 0.00000000000000 ) );
#9341 = CARTESIAN_POINT( '', ( 0.00000000000000, 0.00386250000001000, -0.00250000000001000 ) );
#9342 = DIRECTION( '', ( 0.00000000000000, 0.00000000000000, -1.00000000000000 ) );
#9343 = DIRECTION( '', ( 0.899256711228091, 0.437421269843201, 0.00000000000000 ) );
#9344 = CARTESIAN_POINT( '', ( 0.00000000000000, 0.00566126201252900, 0.00000000000000 ) );
#9345 = DIRECTION( '', ( 0.00000000000000, 1.00000000000000, 0.00000000000000 ) );
#9346 = DIRECTION( '', ( 0.828442875082136, 0.00000000000000, -0.560073569029680 ) );
#9347 = CARTESIAN_POINT( '', ( 0.00000000000000, 0.00509048666720100, 0.00000000000000 ) );
#9348 = DIRECTION( '', ( 0.00000000000000, -1.00000000000000, 0.00000000000000 ) );
#9349 = DIRECTION( '', ( 0.537265487543353, 0.00000000000000, -0.843413182191744 ) );
#9350 = CARTESIAN_POINT( '', ( 0.00573809871395000, -0.00150000000001000, -0.00250000000001000 ) );
#9351 = DIRECTION( '', ( 0.00000000000000, 1.00000000000000, 0.00000000000000 ) );
#9352 = DIRECTION( '', ( 0.00000000000000, 0.00000000000000, 1.00000000000000 ) );
#9353 = DIRECTION( '', ( 0.00000000000000, -1.00000000000000, 0.00000000000000 ) );
#9354 = CARTESIAN_POINT( '', ( 0.00573809871395000, 0.00150000000001000, -0.00250000000001000 ) );
#9355 = DIRECTION( '', ( 0.00000000000000, -1.00000000000000, 0.00000000000000 ) );
#9356 = DIRECTION( '', ( 0.988454935167189, 0.00000000000000, -0.151515151531549 ) );
#9357 = DIRECTION( '', ( 0.00000000000000, -1.00000000000000, 0.00000000000000 ) );
#9358 = CARTESIAN_POINT( '', ( 0.00000000000000, 0.00666651732945300, 0.00000000000000 ) );
#9359 = DIRECTION( '', ( 0.00000000000000, -1.00000000000000, -0.00000000000000 ) );
#9360 = DIRECTION( '', ( -0.816906022812532, 0.00000000000000, -0.576770794937306 ) );
#9361 = CARTESIAN_POINT( '', ( 0.00000000000000, 0.00628800819142500, 0.00000000000000 ) );
#9362 = DIRECTION( '', ( 0.00000000000000, -1.00000000000000, -0.00000000000000 ) );
#9363 = DIRECTION( '', ( -0.852997588684462, 0.00000000000000, -0.521914852919989 ) );
#9364 = CARTESIAN_POINT( '', ( -0.0109310514832000, 0.000700000000010000, -0.00352061518348600 ) );
#9365 = DIRECTION( '', ( 0.00000000000000, -1.00000000000000, -0.00000000000000 ) );
#9366 = DIRECTION( '', ( -0.395906858101274, 0.00000000000000, -0.918290672776533 ) );
#9367 = DIRECTION( '', ( 0.00000000000000, -1.00000000000000, 0.00000000000000 ) );
#9368 = CARTESIAN_POINT( '', ( -0.0109310514832000, 0.00150000000001000, -0.00352061518348600 ) );
#9369 = DIRECTION( '', ( -0.00000000000000, 1.00000000000000, 0.00000000000000 ) );
#9370 = DIRECTION( '', ( 0.965525741586389, 0.00000000000000, 0.260307591771837 ) );
#9371 = DIRECTION( '', ( 0.00000000000000, -1.00000000000000, 0.00000000000000 ) );
#9372 = DIRECTION( '', ( 0.00000000000000, 1.00000000000000, 0.00000000000000 ) );
#9373 = CARTESIAN_POINT( '', ( 0.0109310514832000, 0.000700000000010000, -0.00352061518348600 ) );
#9374 = DIRECTION( '', ( 0.00000000000000, -1.00000000000000, 0.00000000000000 ) );
#9375 = DIRECTION( '', ( -0.965525741586389, 0.00000000000000, 0.260307591771837 ) );
#9376 = DIRECTION( '', ( 0.00000000000000, 1.00000000000000, 0.00000000000000 ) );
#9377 = CARTESIAN_POINT( '', ( 0.0109310514832000, 0.00150000000001000, -0.00352061518348600 ) );
#9378 = DIRECTION( '', ( 0.00000000000000, 1.00000000000000, 0.00000000000000 ) );
#9379 = DIRECTION( '', ( 0.395906858101394, 0.00000000000000, -0.918290672776481 ) );
#9380 = CARTESIAN_POINT( '', ( 0.00900000000001000, 0.000700000000010000, 0.00300000000001000 ) );
#9381 = DIRECTION( '', ( 0.00000000000000, 1.00000000000000, 0.00000000000000 ) );
#9382 = DIRECTION( '', ( 0.260307591741574, 0.00000000000000, -0.965525741594548 ) );
#9383 = DIRECTION( '', ( 0.00000000000000, -1.00000000000000, 0.00000000000000 ) );
#9384 = CARTESIAN_POINT( '', ( 0.00900000000001000, 0.00150000000001000, 0.00300000000001000 ) );
#9385 = DIRECTION( '', ( 0.00000000000000, 1.00000000000000, 0.00000000000000 ) );
#9386 = DIRECTION( '', ( 0.260307591741574, 0.00000000000000, -0.965525741594548 ) );
#9387 = DIRECTION( '', ( 0.00000000000000, -1.00000000000000, 0.00000000000000 ) );
#9388 = DIRECTION( '', ( 0.00000000000000, -1.00000000000000, 0.00000000000000 ) );
#9389 = CARTESIAN_POINT( '', ( 0.00000000000000, 0.00184367965645000, 0.00000000000000 ) );
#9390 = DIRECTION( '', ( 0.00000000000000, -1.00000000000000, 0.00000000000000 ) );
#9391 = DIRECTION( '', ( 0.809173382700024, 0.00000000000000, 0.587569941989719 ) );
#9392 = CARTESIAN_POINT( '', ( 0.00000000000000, 0.00509048666720100, 0.00000000000000 ) );
#9393 = DIRECTION( '', ( -0.00000000000000, 1.00000000000000, 0.00000000000000 ) );
#9394 = DIRECTION( '', ( 0.537265487543353, 0.00000000000000, 0.843413182191744 ) );
#9395 = CARTESIAN_POINT( '', ( -0.00900000000001000, -0.00150000000001000, 0.00300000000001000 ) );
#9396 = DIRECTION( '', ( -0.00000000000000, 1.00000000000000, 0.00000000000000 ) );
#9397 = DIRECTION( '', ( 0.307423774177298, 0.00000000000000, 0.951572710343558 ) );
#9398 = DIRECTION( '', ( 0.00000000000000, -1.00000000000000, 0.00000000000000 ) );
#9399 = CARTESIAN_POINT( '', ( -0.00900000000001000, 0.000500000000010000, 0.00300000000001000 ) );
#9400 = DIRECTION( '', ( 0.00000000000000, -1.00000000000000, 0.00000000000000 ) );
#9401 = DIRECTION( '', ( 0.538207054283221, 0.00000000000000, 0.842812652206751 ) );
#9402 = DIRECTION( '', ( 0.00000000000000, -1.00000000000000, 0.00000000000000 ) );
#9403 = DIRECTION( '', ( 0.00000000000000, 1.00000000000000, 0.00000000000000 ) );
#9404 = DIRECTION( '', ( 1.00000000000000, 0.00000000000000, 0.00000000000000 ) );
#9405 = DIRECTION( '', ( 0.00000000000000, -1.00000000000000, 0.00000000000000 ) );
#9406 = DIRECTION( '', ( -1.00000000000000, 0.00000000000000, 0.00000000000000 ) );
#9407 = DIRECTION( '', ( 0.00000000000000, -1.00000000000000, 0.00000000000000 ) );
#9408 = DIRECTION( '', ( -1.00000000000000, 0.00000000000000, 0.00000000000000 ) );
#9409 = DIRECTION( '', ( 0.00000000000000, -1.00000000000000, 0.00000000000000 ) );
#9410 = DIRECTION( '', ( -1.00000000000000, 0.00000000000000, 0.00000000000000 ) );
#9411 = CARTESIAN_POINT( '', ( -0.0120000000000100, 0.000500000000010000, 0.00600000000001000 ) );
#9412 = DIRECTION( '', ( -0.00000000000000, 1.00000000000000, 0.00000000000000 ) );
#9413 = DIRECTION( '', ( 0.894349761471355, 0.00000000000000, 0.447368421053756 ) );
#9414 = DIRECTION( '', ( 0.00000000000000, -1.00000000000000, 0.00000000000000 ) );
#9415 = CARTESIAN_POINT( '', ( -0.0120000000000100, -0.00150000000001000, 0.00600000000001000 ) );
#9416 = DIRECTION( '', ( 0.00000000000000, -1.00000000000000, 0.00000000000000 ) );
#9417 = DIRECTION( '', ( 0.979591018238927, 0.00000000000000, -0.201001087025974 ) );
#9418 = DIRECTION( '', ( 0.00000000000000, -1.00000000000000, 0.00000000000000 ) );
#9419 = CARTESIAN_POINT( '', ( -0.00573809871395000, 0.00150000000001000, -0.00250000000001000 ) );
#9420 = DIRECTION( '', ( 0.00000000000000, -1.00000000000000, 0.00000000000000 ) );
#9421 = DIRECTION( '', ( -0.970310820568856, 0.00000000000000, 0.241861347649832 ) );
#9422 = DIRECTION( '', ( 0.00000000000000, 1.00000000000000, 0.00000000000000 ) );
#9423 = CARTESIAN_POINT( '', ( -0.00573809871395000, -0.00150000000001000, -0.00250000000001000 ) );
#9424 = DIRECTION( '', ( 0.00000000000000, 1.00000000000000, 0.00000000000000 ) );
#9425 = DIRECTION( '', ( -0.988454935167159, 0.00000000000000, -0.151515151531745 ) );
#9426 = DIRECTION( '', ( 0.00000000000000, 1.00000000000000, 0.00000000000000 ) );
#9427 = DIRECTION( '', ( 0.00000000000000, 0.00000000000000, 1.00000000000000 ) );
#9428 = CARTESIAN_POINT( '', ( -0.00768466063388600, 0.000500000000010000, 0.00105259599674700 ) );
#9429 = DIRECTION( '', ( 0.00000000000000, -1.00000000000000, 0.00000000000000 ) );
#9430 = DIRECTION( '', ( 1.00000000000000, 0.00000000000000, 0.00000000000000 ) );
#9431 = CARTESIAN_POINT( '', ( -0.00900000000001000, 0.000500000000010000, 0.00300000000001000 ) );
#9432 = DIRECTION( '', ( 0.00000000000000, 1.00000000000000, 0.00000000000000 ) );
#9433 = DIRECTION( '', ( 0.559718879202959, 0.00000000000000, -0.828682554579124 ) );
#9434 = CARTESIAN_POINT( '', ( -0.00827755413070000, 0.000500000000010000, 0.000763804130700400 ) );
#9435 = DIRECTION( '', ( 0.00000000000000, -1.00000000000000, 0.00000000000000 ) );
#9436 = DIRECTION( '', ( -0.307423774194740, 0.00000000000000, 0.951572710337924 ) );
#9437 = CARTESIAN_POINT( '', ( -0.00827755413070000, 0.000500000000010000, -0.000763804130700400 ) );
#9438 = DIRECTION( '', ( 0.00000000000000, -1.00000000000000, 0.00000000000000 ) );
#9439 = DIRECTION( '', ( -0.979591018234157, 0.00000000000000, 0.201001087049218 ) );
#9440 = CARTESIAN_POINT( '', ( -0.00900000000001000, 0.000500000000010000, -0.00300000000001000 ) );
#9441 = DIRECTION( '', ( -0.00000000000000, 1.00000000000000, 0.00000000000000 ) );
#9442 = DIRECTION( '', ( 0.307423774177298, 0.00000000000000, 0.951572710343558 ) );
#9443 = CARTESIAN_POINT( '', ( -0.00768466063388600, 0.000500000000010000, -0.00105259599674700 ) );
#9444 = DIRECTION( '', ( 0.00000000000000, -1.00000000000000, -0.00000000000000 ) );
#9445 = DIRECTION( '', ( -0.559718879209302, 0.00000000000000, -0.828682554574840 ) );
#9446 = DIRECTION( '', ( 0.00000000000000, 1.00000000000000, 0.00000000000000 ) );
#9447 = CARTESIAN_POINT( '', ( -0.0109310514832000, 0.000700000000010000, 0.00352061518348600 ) );
#9448 = DIRECTION( '', ( 0.00000000000000, -1.00000000000000, 0.00000000000000 ) );
#9449 = DIRECTION( '', ( 0.965525741586389, 0.00000000000000, -0.260307591771837 ) );
#9450 = DIRECTION( '', ( 0.00000000000000, 1.00000000000000, 0.00000000000000 ) );
#9451 = CARTESIAN_POINT( '', ( -0.0109310514832000, 0.00150000000001000, 0.00352061518348600 ) );
#9452 = DIRECTION( '', ( 0.00000000000000, 1.00000000000000, 0.00000000000000 ) );
#9453 = DIRECTION( '', ( -0.395906858101310, 0.00000000000000, 0.918290672776518 ) );
#9454 = CARTESIAN_POINT( '', ( 0.0120000000000100, -0.000700000000010000, 0.00600000000001000 ) );
#9455 = DIRECTION( '', ( 0.00000000000000, -1.00000000000000, 0.00000000000000 ) );
#9456 = DIRECTION( '', ( 1.00000000000000, 0.00000000000000, 0.00000000000000 ) );
#9457 = CARTESIAN_POINT( '', ( 0.0120000000000100, -0.00150000000001000, 0.00600000000001000 ) );
#9458 = DIRECTION( '', ( 0.00000000000000, -1.00000000000000, 0.00000000000000 ) );
#9459 = DIRECTION( '', ( -1.00000000000000, 0.00000000000000, 0.00000000000000 ) );
#9460 = CARTESIAN_POINT( '', ( 0.00000000000000, 0.00386250000001000, 0.00250000000001000 ) );
#9461 = DIRECTION( '', ( 0.00000000000000, -0.00000000000000, 1.00000000000000 ) );
#9462 = DIRECTION( '', ( 0.954371890523320, 0.298620653302721, 0.00000000000000 ) );
#9463 = DIRECTION( '', ( 0.00000000000000, 1.00000000000000, 0.00000000000000 ) );
#9464 = DIRECTION( '', ( 0.00000000000000, -1.00000000000000, 0.00000000000000 ) );
#9465 = DIRECTION( '', ( 1.00000000000000, 0.00000000000000, 0.00000000000000 ) );
#9466 = DIRECTION( '', ( 0.00000000000000, -1.00000000000000, 0.00000000000000 ) );
#9467 = CARTESIAN_POINT( '', ( 0.00860147090641700, -0.00150000000001000, -0.00770000000001000 ) );
#9468 = DIRECTION( '', ( -0.00000000000000, 1.00000000000000, 0.00000000000000 ) );
#9469 = DIRECTION( '', ( 0.894349761465261, 0.00000000000000, 0.447368421065938 ) );
#9470 = DIRECTION( '', ( 0.00000000000000, -1.00000000000000, 0.00000000000000 ) );
#9471 = CARTESIAN_POINT( '', ( 0.00860147090641700, 0.000500000000010000, -0.00770000000001000 ) );
#9472 = DIRECTION( '', ( 0.00000000000000, -1.00000000000000, 0.00000000000000 ) );
#9473 = DIRECTION( '', ( 0.00000000000000, 0.00000000000000, -1.00000000000000 ) );
#9474 = DIRECTION( '', ( 0.00000000000000, -1.00000000000000, 0.00000000000000 ) );
#9475 = CARTESIAN_POINT( '', ( 0.0120000000000100, -0.000700000000010000, -0.00600000000001000 ) );
#9476 = DIRECTION( '', ( 0.00000000000000, -1.00000000000000, 0.00000000000000 ) );
#9477 = DIRECTION( '', ( -1.00000000000000, 0.00000000000000, 0.00000000000000 ) );
#9478 = CARTESIAN_POINT( '', ( 0.0120000000000100, -0.00150000000001000, -0.00600000000001000 ) );
#9479 = DIRECTION( '', ( 0.00000000000000, -1.00000000000000, 0.00000000000000 ) );
#9480 = DIRECTION( '', ( -1.00000000000000, 0.00000000000000, 0.00000000000000 ) );
#9481 = CARTESIAN_POINT( '', ( 0.00000000000000, 0.00150000000001000, 0.00000000000000 ) );
#9482 = DIRECTION( '', ( 0.00000000000000, -1.00000000000000, -0.00000000000000 ) );
#9483 = DIRECTION( '', ( -0.300187979630940, 0.00000000000000, -0.953880064203616 ) );
#9484 = DIRECTION( '', ( 0.00000000000000, 0.00000000000000, 1.00000000000000 ) );
#9485 = CARTESIAN_POINT( '', ( 0.00250000000001000, 0.00150000000001000, -0.00696491205975600 ) );
#9486 = DIRECTION( '', ( 0.00000000000000, -1.00000000000000, 0.00000000000000 ) );
#9487 = DIRECTION( '', ( -1.00000000000000, 0.00000000000000, 0.00000000000000 ) );
#9488 = CARTESIAN_POINT( '', ( 0.00000000000000, 0.00150000000001000, 0.00000000000000 ) );
#9489 = DIRECTION( '', ( 0.00000000000000, 1.00000000000000, 0.00000000000000 ) );
#9490 = DIRECTION( '', ( 0.337837837838509, 0.00000000000000, -0.941204332397913 ) );
#9491 = CARTESIAN_POINT( '', ( 0.00280000000001000, 0.00150000000001000, -0.00870000000001000 ) );
#9492 = DIRECTION( '', ( 0.00000000000000, -1.00000000000000, 0.00000000000000 ) );
#9493 = DIRECTION( '', ( -1.00000000000000, 0.00000000000000, 0.00000000000000 ) );
#9494 = CARTESIAN_POINT( '', ( -0.00280000000001000, 0.00150000000001000, -0.00870000000001000 ) );
#9495 = DIRECTION( '', ( 0.00000000000000, -1.00000000000000, 0.00000000000000 ) );
#9496 = DIRECTION( '', ( 0.00000000000000, 0.00000000000000, -1.00000000000000 ) );
#9497 = DIRECTION( '', ( 0.00000000000000, 0.00000000000000, 1.00000000000000 ) );
#9498 = CARTESIAN_POINT( '', ( 0.00000000000000, 0.00150000000001000, 0.00000000000000 ) );
#9499 = DIRECTION( '', ( 0.00000000000000, -1.00000000000000, -0.00000000000000 ) );
#9500 = DIRECTION( '', ( -0.337837837838509, 0.00000000000000, -0.941204332397913 ) );
#9501 = CARTESIAN_POINT( '', ( -0.00250000000001000, 0.00150000000001000, -0.00696491205975600 ) );
#9502 = DIRECTION( '', ( 0.00000000000000, -1.00000000000000, -0.00000000000000 ) );
#9503 = DIRECTION( '', ( -0.337837837849059, 0.00000000000000, -0.941204332394126 ) );
#9504 = DIRECTION( '', ( 0.00000000000000, 4.89478139533149E-06, 0.999999999988020 ) );
#9505 = CARTESIAN_POINT( '', ( -0.00280000000001000, 0.00607587605617400, 0.00457621256934600 ) );
#9506 = DIRECTION( '', ( 0.00000000000000, 0.648971542246824, -0.760812682172017 ) );
#9507 = DIRECTION( '', ( -0.369049531732657, 0.707106708253518, 0.603160464777642 ) );
#9508 = CARTESIAN_POINT( '', ( -0.00900000000001000, 0.00150000000001000, -0.00300000000001000 ) );
#9509 = DIRECTION( '', ( 0.00000000000000, -1.00000000000000, 0.00000000000000 ) );
#9510 = DIRECTION( '', ( 0.988454935169242, 0.00000000000000, 0.151515151518154 ) );
#9511 = DIRECTION( '', ( 1.00000000000000, 0.00000000000000, 0.00000000000000 ) );
#9512 = CARTESIAN_POINT( '', ( -0.00900000000001000, 0.00150000000001000, -0.00300000000001000 ) );
#9513 = DIRECTION( '', ( 0.00000000000000, 1.00000000000000, 0.00000000000000 ) );
#9514 = DIRECTION( '', ( -0.260307591741574, 0.00000000000000, 0.965525741594548 ) );
#9515 = CARTESIAN_POINT( '', ( -0.00952061518348600, 0.00150000000001000, -0.00106894851681900 ) );
#9516 = DIRECTION( '', ( 0.00000000000000, 1.00000000000000, 0.00000000000000 ) );
#9517 = DIRECTION( '', ( 0.260307591771837, 0.00000000000000, -0.965525741586389 ) );
#9518 = CARTESIAN_POINT( '', ( -0.0120000000000100, 0.00150000000001000, 0.00000000000000 ) );
#9519 = DIRECTION( '', ( 0.00000000000000, -1.00000000000000, 0.00000000000000 ) );
#9520 = DIRECTION( '', ( 0.918290672786031, 0.00000000000000, -0.395906858079244 ) );
#9521 = CARTESIAN_POINT( '', ( -0.00952061518348600, 0.00150000000001000, 0.00106894851681900 ) );
#9522 = DIRECTION( '', ( 0.00000000000000, 1.00000000000000, 0.00000000000000 ) );
#9523 = DIRECTION( '', ( -0.918290672776481, 0.00000000000000, -0.395906858101394 ) );
#9524 = CARTESIAN_POINT( '', ( -0.00900000000001000, 0.00150000000001000, 0.00300000000001000 ) );
#9525 = DIRECTION( '', ( 0.00000000000000, 1.00000000000000, 0.00000000000000 ) );
#9526 = DIRECTION( '', ( 0.995454521921755, 0.00000000000000, -0.0952380952430815 ) );
#9527 = DIRECTION( '', ( 1.00000000000000, 0.00000000000000, 0.00000000000000 ) );
#9528 = CARTESIAN_POINT( '', ( -0.00900000000001000, 0.00150000000001000, 0.00300000000001000 ) );
#9529 = DIRECTION( '', ( 0.00000000000000, 1.00000000000000, 0.00000000000000 ) );
#9530 = DIRECTION( '', ( 0.988454935169242, 0.00000000000000, -0.151515151518154 ) );
#9531 = CARTESIAN_POINT( '', ( -0.00573809871395000, 0.00150000000001000, 0.00250000000001000 ) );
#9532 = DIRECTION( '', ( 0.00000000000000, -1.00000000000000, 0.00000000000000 ) );
#9533 = DIRECTION( '', ( -0.988454935167189, 0.00000000000000, 0.151515151531549 ) );
#9534 = CARTESIAN_POINT( '', ( 0.00000000000000, 0.00150000000001000, 0.00000000000000 ) );
#9535 = DIRECTION( '', ( 0.00000000000000, 1.00000000000000, 0.00000000000000 ) );
#9536 = DIRECTION( '', ( -0.934072354297688, 0.00000000000000, -0.357083795399308 ) );
#9537 = DIRECTION( '', ( 0.00000000000000, 1.00000000000000, 0.00000000000000 ) );
#9538 = CARTESIAN_POINT( '', ( 0.00952061518348600, 0.000700000000010000, -0.00106894851681900 ) );
#9539 = DIRECTION( '', ( 0.00000000000000, -1.00000000000000, -0.00000000000000 ) );
#9540 = DIRECTION( '', ( -0.260307591771744, 0.00000000000000, -0.965525741586414 ) );
#9541 = DIRECTION( '', ( 0.00000000000000, 1.00000000000000, 0.00000000000000 ) );
#9542 = CARTESIAN_POINT( '', ( 0.00952061518348600, 0.00150000000001000, -0.00106894851681900 ) );
#9543 = DIRECTION( '', ( -0.00000000000000, 1.00000000000000, 0.00000000000000 ) );
#9544 = DIRECTION( '', ( 0.918290672776481, 0.00000000000000, 0.395906858101394 ) );
#9545 = CARTESIAN_POINT( '', ( 0.0120000000000100, 0.00150000000001000, 0.00600000000001000 ) );
#9546 = DIRECTION( '', ( 0.00000000000000, 1.00000000000000, 0.00000000000000 ) );
#9547 = DIRECTION( '', ( 0.00000000000000, 0.00000000000000, 1.00000000000000 ) );
#9548 = DIRECTION( '', ( 0.00000000000000, -1.00000000000000, 0.00000000000000 ) );
#9549 = CARTESIAN_POINT( '', ( 0.0120000000000100, -0.00150000000001000, 0.00600000000001000 ) );
#9550 = DIRECTION( '', ( 0.00000000000000, -1.00000000000000, 0.00000000000000 ) );
#9551 = DIRECTION( '', ( 1.00000000000000, 0.00000000000000, 0.00000000000000 ) );
#9552 = CARTESIAN_POINT( '', ( 0.00250000000001000, -0.00150000000001000, -0.00696491205975600 ) );
#9553 = DIRECTION( '', ( 0.00000000000000, 1.00000000000000, 0.00000000000000 ) );
#9554 = DIRECTION( '', ( 0.337837837849147, 0.00000000000000, -0.941204332394095 ) );
#9555 = DIRECTION( '', ( 0.00000000000000, -1.00000000000000, 0.00000000000000 ) );
#9556 = DIRECTION( '', ( 0.00000000000000, -1.00000000000000, 0.00000000000000 ) );
#9557 = CARTESIAN_POINT( '', ( -0.00773521342244700, -0.00150000000001000, 0.00498060973269800 ) );
#9558 = DIRECTION( '', ( 0.00000000000000, 1.00000000000000, 0.00000000000000 ) );
#9559 = DIRECTION( '', ( 0.840784067650796, 0.00000000000000, -0.541370623126691 ) );
#9560 = DIRECTION( '', ( 0.00000000000000, -1.00000000000000, 0.00000000000000 ) );
#9561 = CARTESIAN_POINT( '', ( -0.00773521342244700, 0.000500000000010000, 0.00498060973269800 ) );
#9562 = DIRECTION( '', ( 0.00000000000000, -1.00000000000000, -0.00000000000000 ) );
#9563 = DIRECTION( '', ( -0.538207054290526, 0.00000000000000, -0.842812652202086 ) );
#9564 = CARTESIAN_POINT( '', ( -0.0120000000000100, 0.000700000000010000, 0.00600000000001000 ) );
#9565 = DIRECTION( '', ( 0.00000000000000, 1.00000000000000, 0.00000000000000 ) );
#9566 = DIRECTION( '', ( 0.395906858079328, 0.00000000000000, -0.918290672785995 ) );
#9567 = CARTESIAN_POINT( '', ( -0.0120000000000100, 0.00150000000001000, 0.00600000000001000 ) );
#9568 = DIRECTION( '', ( 0.00000000000000, -1.00000000000000, 0.00000000000000 ) );
#9569 = DIRECTION( '', ( 0.969018313113005, 0.00000000000000, -0.246988884064903 ) );
#9570 = DIRECTION( '', ( 0.00000000000000, -1.00000000000000, 0.00000000000000 ) );
#9571 = CARTESIAN_POINT( '', ( -0.0120000000000100, 0.00150000000001000, 0.00000000000000 ) );
#9572 = DIRECTION( '', ( 0.00000000000000, -1.00000000000000, 0.00000000000000 ) );
#9573 = DIRECTION( '', ( 0.395906858079328, 0.00000000000000, 0.918290672785995 ) );
#9574 = DIRECTION( '', ( 0.00000000000000, -1.00000000000000, 0.00000000000000 ) );
#9575 = CARTESIAN_POINT( '', ( -0.0120000000000100, 0.000700000000010000, 0.00000000000000 ) );
#9576 = DIRECTION( '', ( 0.00000000000000, 1.00000000000000, 0.00000000000000 ) );
#9577 = DIRECTION( '', ( 0.395906858079328, 0.00000000000000, -0.918290672785995 ) );
#9578 = DIRECTION( '', ( 0.00000000000000, 1.00000000000000, 0.00000000000000 ) );
#9579 = DIRECTION( '', ( 0.00000000000000, 1.00000000000000, 0.00000000000000 ) );
#9580 = CARTESIAN_POINT( '', ( 0.00503487835008000, -0.00150000000001000, 0.00770000000001000 ) );
#9581 = DIRECTION( '', ( 0.00000000000000, 1.00000000000000, 0.00000000000000 ) );
#9582 = DIRECTION( '', ( -0.547269385885206, 0.00000000000000, -0.836956521733853 ) );
#9583 = DIRECTION( '', ( 0.00000000000000, 1.00000000000000, 0.00000000000000 ) );
#9584 = CARTESIAN_POINT( '', ( 0.00503487835008000, 0.000500000000010000, 0.00770000000001000 ) );
#9585 = DIRECTION( '', ( 0.00000000000000, -1.00000000000000, 0.00000000000000 ) );
#9586 = DIRECTION( '', ( 0.00000000000000, 0.00000000000000, 1.00000000000000 ) );
#9587 = DIRECTION( '', ( 0.00000000000000, 1.00000000000000, 0.00000000000000 ) );
#9588 = CARTESIAN_POINT( '', ( -0.00768466063388600, -0.00150000000001000, 0.00105259599674700 ) );
#9589 = DIRECTION( '', ( 0.00000000000000, 1.00000000000000, 0.00000000000000 ) );
#9590 = DIRECTION( '', ( -0.559718879209302, 0.00000000000000, 0.828682554574840 ) );
#9591 = DIRECTION( '', ( 0.00000000000000, 1.00000000000000, 0.00000000000000 ) );
#9592 = CARTESIAN_POINT( '', ( -0.00900000000001000, 0.000700000000010000, 0.00300000000001000 ) );
#9593 = DIRECTION( '', ( 0.00000000000000, -1.00000000000000, 0.00000000000000 ) );
#9594 = DIRECTION( '', ( -1.00000000000000, 0.00000000000000, 0.00000000000000 ) );
#9595 = CARTESIAN_POINT( '', ( -0.00900000000001000, -0.00150000000001000, 0.00300000000001000 ) );
#9596 = DIRECTION( '', ( 0.00000000000000, -1.00000000000000, 0.00000000000000 ) );
#9597 = DIRECTION( '', ( -1.00000000000000, 0.00000000000000, 0.00000000000000 ) );
#9598 = CARTESIAN_POINT( '', ( -0.0109310514832000, 0.000700000000010000, -0.00247938481653400 ) );
#9599 = DIRECTION( '', ( 0.00000000000000, -1.00000000000000, 0.00000000000000 ) );
#9600 = DIRECTION( '', ( 0.965525741586389, 0.00000000000000, -0.260307591771837 ) );
#9601 = DIRECTION( '', ( 0.00000000000000, 1.00000000000000, 0.00000000000000 ) );
#9602 = CARTESIAN_POINT( '', ( -0.0109310514832000, 0.00150000000001000, -0.00247938481653400 ) );
#9603 = DIRECTION( '', ( 0.00000000000000, 1.00000000000000, 0.00000000000000 ) );
#9604 = DIRECTION( '', ( -0.395906858101310, 0.00000000000000, 0.918290672776518 ) );
#9605 = CARTESIAN_POINT( '', ( 0.00952061518348600, 0.000700000000010000, 0.00493105148320100 ) );
#9606 = DIRECTION( '', ( 0.00000000000000, -1.00000000000000, -0.00000000000000 ) );
#9607 = DIRECTION( '', ( -0.260307591771837, 0.00000000000000, -0.965525741586389 ) );
#9608 = DIRECTION( '', ( 0.00000000000000, 1.00000000000000, 0.00000000000000 ) );
#9609 = CARTESIAN_POINT( '', ( 0.00250000000001000, -0.000600000000010000, 0.00250000000001000 ) );
#9610 = DIRECTION( '', ( 0.00000000000000, -1.00000000000000, 0.00000000000000 ) );
#9611 = DIRECTION( '', ( -1.00000000000000, 0.00000000000000, 0.00000000000000 ) );
#9612 = DIRECTION( '', ( 0.00000000000000, 1.00000000000000, 0.00000000000000 ) );
#9613 = CARTESIAN_POINT( '', ( 0.00250000000001000, -0.00150000000001000, 0.00250000000001000 ) );
#9614 = DIRECTION( '', ( 0.00000000000000, 1.00000000000000, 0.00000000000000 ) );
#9615 = DIRECTION( '', ( 0.00000000000000, 0.00000000000000, -1.00000000000000 ) );
#9616 = DIRECTION( '', ( 0.00000000000000, 1.00000000000000, 0.00000000000000 ) );
#9617 = CARTESIAN_POINT( '', ( 0.00000000000000, 0.00193933982823000, 0.00000000000000 ) );
#9618 = DIRECTION( '', ( 0.00000000000000, 1.00000000000000, 0.00000000000000 ) );
#9619 = DIRECTION( '', ( 0.876673853518274, 0.00000000000000, -0.481085184304631 ) );
#9620 = CARTESIAN_POINT( '', ( 0.00000000000000, 0.00628800819142500, 0.00000000000000 ) );
#9621 = DIRECTION( '', ( 0.00000000000000, -1.00000000000000, 0.00000000000000 ) );
#9622 = DIRECTION( '', ( 0.521914852919989, 0.00000000000000, -0.852997588684462 ) );
#9623 = CARTESIAN_POINT( '', ( 0.00000000000000, 0.00184367965645000, 0.00000000000000 ) );
#9624 = DIRECTION( '', ( 0.00000000000000, 1.00000000000000, 0.00000000000000 ) );
#9625 = DIRECTION( '', ( -0.809173382700024, 0.00000000000000, 0.587569941989719 ) );
#9626 = DIRECTION( '', ( 0.00000000000000, 1.00000000000000, 0.00000000000000 ) );
#9627 = CARTESIAN_POINT( '', ( 0.00000000000000, 0.00150000000001000, 0.00000000000000 ) );
#9628 = DIRECTION( '', ( 0.00000000000000, 1.00000000000000, 0.00000000000000 ) );
#9629 = DIRECTION( '', ( -0.337837837838509, 0.00000000000000, 0.941204332397913 ) );
#9630 = DIRECTION( '', ( 0.00000000000000, -1.00000000000000, 0.00000000000000 ) );
#9631 = CARTESIAN_POINT( '', ( 0.00000000000000, -0.00150000000001000, 0.00000000000000 ) );
#9632 = DIRECTION( '', ( 0.00000000000000, 1.00000000000000, 0.00000000000000 ) );
#9633 = DIRECTION( '', ( -0.809173382700024, 0.00000000000000, 0.587569941989719 ) );
#9634 = DIRECTION( '', ( 0.00000000000000, 1.00000000000000, 0.00000000000000 ) );
#9635 = CARTESIAN_POINT( '', ( -0.00900000000001000, 0.000700000000010000, 0.00300000000001000 ) );
#9636 = DIRECTION( '', ( 0.00000000000000, 1.00000000000000, 0.00000000000000 ) );
#9637 = DIRECTION( '', ( -0.260307591741574, 0.00000000000000, 0.965525741594548 ) );
#9638 = DIRECTION( '', ( 0.00000000000000, -1.00000000000000, 0.00000000000000 ) );
#9639 = DIRECTION( '', ( 1.00000000000000, 0.00000000000000, 0.00000000000000 ) );
#9640 = DIRECTION( '', ( 0.00000000000000, -1.00000000000000, 0.00000000000000 ) );
#9641 = DIRECTION( '', ( 1.00000000000000, 0.00000000000000, 0.00000000000000 ) );
#9642 = DIRECTION( '', ( 0.00000000000000, -1.00000000000000, 0.00000000000000 ) );
#9643 = CARTESIAN_POINT( '', ( 0.00000000000000, -0.00150000000001000, 0.00000000000000 ) );
#9644 = DIRECTION( '', ( 0.00000000000000, 1.00000000000000, 0.00000000000000 ) );
#9645 = DIRECTION( '', ( -0.840784067656063, 0.00000000000000, 0.541370623118512 ) );
#9646 = DIRECTION( '', ( 0.00000000000000, -1.00000000000000, 0.00000000000000 ) );
#9647 = CARTESIAN_POINT( '', ( 0.00000000000000, 0.000500000000010000, 0.00000000000000 ) );
#9648 = DIRECTION( '', ( 0.00000000000000, -1.00000000000000, 0.00000000000000 ) );
#9649 = DIRECTION( '', ( -0.547269385877397, 0.00000000000000, 0.836956521738959 ) );
#9650 = CARTESIAN_POINT( '', ( 0.00952061518348600, 0.000700000000010000, -0.00493105148320100 ) );
#9651 = DIRECTION( '', ( 0.00000000000000, -1.00000000000000, 0.00000000000000 ) );
#9652 = DIRECTION( '', ( 0.918290672776481, 0.00000000000000, -0.395906858101394 ) );
#9653 = DIRECTION( '', ( 0.00000000000000, -1.00000000000000, 0.00000000000000 ) );
#9654 = DIRECTION( '', ( 0.00000000000000, -1.00000000000000, 0.00000000000000 ) );
#9655 = CARTESIAN_POINT( '', ( 0.0120000000000100, -0.000700000000010000, -0.00600000000001000 ) );
#9656 = DIRECTION( '', ( 0.00000000000000, -1.00000000000000, 0.00000000000000 ) );
#9657 = DIRECTION( '', ( -1.00000000000000, 0.00000000000000, 0.00000000000000 ) );
#9658 = CARTESIAN_POINT( '', ( -0.00900000000001000, -0.00150000000001000, 0.00300000000001000 ) );
#9659 = DIRECTION( '', ( 0.00000000000000, -1.00000000000000, 0.00000000000000 ) );
#9660 = DIRECTION( '', ( 0.307423774177298, 0.00000000000000, -0.951572710343558 ) );
#9661 = DIRECTION( '', ( 0.00000000000000, 1.00000000000000, 0.00000000000000 ) );
#9662 = DIRECTION( '', ( 1.00000000000000, 0.00000000000000, 0.00000000000000 ) );
#9663 = CARTESIAN_POINT( '', ( 0.0120000000000100, 0.00150000000001000, -0.00600000000001000 ) );
#9664 = DIRECTION( '', ( -0.00000000000000, 1.00000000000000, 0.00000000000000 ) );
#9665 = DIRECTION( '', ( 1.00000000000000, 0.00000000000000, 0.00000000000000 ) );
#9666 = CARTESIAN_POINT( '', ( 0.00000000000000, 0.00150000000001000, 0.00000000000000 ) );
#9667 = DIRECTION( '', ( 0.00000000000000, 1.00000000000000, 0.00000000000000 ) );
#9668 = DIRECTION( '', ( 0.871761783537315, 0.00000000000000, -0.489929987614394 ) );
#9669 = CARTESIAN_POINT( '', ( 0.0120000000000100, 0.00150000000001000, -0.00600000000001000 ) );
#9670 = DIRECTION( '', ( 0.00000000000000, -1.00000000000000, 0.00000000000000 ) );
#9671 = DIRECTION( '', ( -0.969018313113005, 0.00000000000000, 0.246988884064903 ) );
#9672 = CARTESIAN_POINT( '', ( 0.00900000000001000, 0.00150000000001000, -0.00300000000001000 ) );
#9673 = DIRECTION( '', ( 0.00000000000000, -1.00000000000000, 0.00000000000000 ) );
#9674 = DIRECTION( '', ( 0.965525741594548, 0.00000000000000, -0.260307591741574 ) );
#9675 = CARTESIAN_POINT( '', ( 0.0109310514832000, 0.00150000000001000, -0.00247938481653400 ) );
#9676 = DIRECTION( '', ( 0.00000000000000, 1.00000000000000, 0.00000000000000 ) );
#9677 = DIRECTION( '', ( -0.965525741586389, 0.00000000000000, -0.260307591771837 ) );
#9678 = CARTESIAN_POINT( '', ( 0.0120000000000100, 0.00150000000001000, 0.00000000000000 ) );
#9679 = DIRECTION( '', ( 0.00000000000000, -1.00000000000000, -0.00000000000000 ) );
#9680 = DIRECTION( '', ( -0.395906858079328, 0.00000000000000, -0.918290672785995 ) );
#9681 = CARTESIAN_POINT( '', ( 0.00900000000001000, 0.00150000000001000, 0.00300000000001000 ) );
#9682 = DIRECTION( '', ( 0.00000000000000, -1.00000000000000, 0.00000000000000 ) );
#9683 = DIRECTION( '', ( 0.965525741594548, 0.00000000000000, -0.260307591741574 ) );
#9684 = CARTESIAN_POINT( '', ( 0.0109310514832000, 0.00150000000001000, 0.00352061518348600 ) );
#9685 = DIRECTION( '', ( 0.00000000000000, 1.00000000000000, 0.00000000000000 ) );
#9686 = DIRECTION( '', ( -0.965525741586389, 0.00000000000000, -0.260307591771837 ) );
#9687 = CARTESIAN_POINT( '', ( 0.0120000000000100, 0.00150000000001000, 0.00600000000001000 ) );
#9688 = DIRECTION( '', ( 0.00000000000000, -1.00000000000000, -0.00000000000000 ) );
#9689 = DIRECTION( '', ( -0.395906858079244, 0.00000000000000, -0.918290672786031 ) );
#9690 = CARTESIAN_POINT( '', ( 0.00000000000000, 0.00150000000001000, 0.00000000000000 ) );
#9691 = DIRECTION( '', ( -0.00000000000000, 1.00000000000000, 0.00000000000000 ) );
#9692 = DIRECTION( '', ( 0.573507113605854, 0.00000000000000, 0.819200580226529 ) );
#9693 = CARTESIAN_POINT( '', ( 0.0109310514832000, 0.000700000000010000, -0.00247938481653400 ) );
#9694 = DIRECTION( '', ( 0.00000000000000, -1.00000000000000, 0.00000000000000 ) );
#9695 = DIRECTION( '', ( 0.395906858101310, 0.00000000000000, 0.918290672776518 ) );
#9696 = DIRECTION( '', ( 0.00000000000000, -1.00000000000000, 0.00000000000000 ) );
#9697 = DIRECTION( '', ( 0.00000000000000, -1.00000000000000, 0.00000000000000 ) );
#9698 = DIRECTION( '', ( 0.00000000000000, 1.00000000000000, 0.00000000000000 ) );
#9699 = CARTESIAN_POINT( '', ( -0.00900000000001000, -0.00150000000001000, -0.00300000000001000 ) );
#9700 = DIRECTION( '', ( 0.00000000000000, -1.00000000000000, 0.00000000000000 ) );
#9701 = DIRECTION( '', ( 0.559718879202959, 0.00000000000000, 0.828682554579124 ) );
#9702 = DIRECTION( '', ( 0.00000000000000, 1.00000000000000, 0.00000000000000 ) );
#9703 = CARTESIAN_POINT( '', ( 0.0120000000000100, 0.000700000000010000, 0.00600000000001000 ) );
#9704 = DIRECTION( '', ( 0.00000000000000, -1.00000000000000, 0.00000000000000 ) );
#9705 = DIRECTION( '', ( -1.00000000000000, 0.00000000000000, 0.00000000000000 ) );
#9706 = CARTESIAN_POINT( '', ( 0.0120000000000100, -0.000700000000010000, 0.00600000000001000 ) );
#9707 = DIRECTION( '', ( 0.00000000000000, -1.00000000000000, 0.00000000000000 ) );
#9708 = DIRECTION( '', ( -1.00000000000000, 0.00000000000000, 0.00000000000000 ) );
#9709 = DIRECTION( '', ( 0.00000000000000, -1.00000000000000, 0.00000000000000 ) );
#9710 = CARTESIAN_POINT( '', ( 0.00000000000000, 0.00386250000001000, -0.00250000000001000 ) );
#9711 = DIRECTION( '', ( 0.00000000000000, 0.00000000000000, -1.00000000000000 ) );
#9712 = DIRECTION( '', ( -0.954371890523320, 0.298620653302721, 0.00000000000000 ) );
#9713 = DIRECTION( '', ( 0.00000000000000, 1.00000000000000, 0.00000000000000 ) );
#9714 = DIRECTION( '', ( 0.00000000000000, 1.00000000000000, 0.00000000000000 ) );
#9715 = CARTESIAN_POINT( '', ( -0.00900000000001000, 0.00150000000001000, 0.00300000000001000 ) );
#9716 = DIRECTION( '', ( 0.00000000000000, -1.00000000000000, 0.00000000000000 ) );
#9717 = DIRECTION( '', ( -0.965525741594548, 0.00000000000000, 0.260307591741574 ) );
#9718 = CARTESIAN_POINT( '', ( -0.0109310514832000, 0.00150000000001000, 0.00247938481653400 ) );
#9719 = DIRECTION( '', ( -0.00000000000000, 1.00000000000000, 0.00000000000000 ) );
#9720 = DIRECTION( '', ( 0.965525741586389, 0.00000000000000, 0.260307591771837 ) );
#9721 = CARTESIAN_POINT( '', ( -0.00900000000001000, 0.00150000000001000, -0.00300000000001000 ) );
#9722 = DIRECTION( '', ( 0.00000000000000, -1.00000000000000, 0.00000000000000 ) );
#9723 = DIRECTION( '', ( -0.965525741594548, 0.00000000000000, 0.260307591741574 ) );
#9724 = CARTESIAN_POINT( '', ( -0.0120000000000100, 0.00150000000001000, -0.00600000000001000 ) );
#9725 = DIRECTION( '', ( 0.00000000000000, -1.00000000000000, 0.00000000000000 ) );
#9726 = DIRECTION( '', ( 0.395906858079328, 0.00000000000000, 0.918290672785995 ) );
#9727 = CARTESIAN_POINT( '', ( 0.00000000000000, 0.00150000000001000, 0.00000000000000 ) );
#9728 = DIRECTION( '', ( 0.00000000000000, 1.00000000000000, 0.00000000000000 ) );
#9729 = DIRECTION( '', ( -0.573507113605854, 0.00000000000000, -0.819200580226529 ) );
#9730 = CARTESIAN_POINT( '', ( -0.0120000000000100, 0.00150000000001000, -0.00600000000001000 ) );
#9731 = DIRECTION( '', ( 0.00000000000000, 1.00000000000000, 0.00000000000000 ) );
#9732 = DIRECTION( '', ( 0.00000000000000, 0.00000000000000, -1.00000000000000 ) );
#9733 = DIRECTION( '', ( 0.00000000000000, 0.00000000000000, 1.00000000000000 ) );
#9734 = CARTESIAN_POINT( '', ( -0.0120000000000100, 0.00150000000001000, 0.00600000000001000 ) );
#9735 = DIRECTION( '', ( 0.00000000000000, 1.00000000000000, 0.00000000000000 ) );
#9736 = DIRECTION( '', ( -1.00000000000000, 0.00000000000000, 0.00000000000000 ) );
#9737 = DIRECTION( '', ( 1.00000000000000, 0.00000000000000, 0.00000000000000 ) );
#9738 = CARTESIAN_POINT( '', ( 0.00000000000000, 0.00150000000001000, 0.00000000000000 ) );
#9739 = DIRECTION( '', ( 0.00000000000000, 1.00000000000000, 0.00000000000000 ) );
#9740 = DIRECTION( '', ( -0.871761783537315, 0.00000000000000, 0.489929987614394 ) );
#9741 = CARTESIAN_POINT( '', ( 0.0120000000000100, 0.000700000000010000, 0.00000000000000 ) );
#9742 = DIRECTION( '', ( 0.00000000000000, 1.00000000000000, 0.00000000000000 ) );
#9743 = DIRECTION( '', ( -0.395906858079328, 0.00000000000000, 0.918290672785995 ) );
#9744 = CARTESIAN_POINT( '', ( -0.0120000000000100, -0.000700000000010000, -0.00600000000001000 ) );
#9745 = DIRECTION( '', ( 0.00000000000000, -1.00000000000000, 0.00000000000000 ) );
#9746 = DIRECTION( '', ( -1.00000000000000, 0.00000000000000, 0.00000000000000 ) );
#9747 = CARTESIAN_POINT( '', ( -0.0120000000000100, -0.00150000000001000, -0.00600000000001000 ) );
#9748 = DIRECTION( '', ( 0.00000000000000, -1.00000000000000, 0.00000000000000 ) );
#9749 = DIRECTION( '', ( -1.00000000000000, 0.00000000000000, 0.00000000000000 ) );
#9750 = CARTESIAN_POINT( '', ( 0.00000000000000, 0.00619104732317400, 0.00000000000000 ) );
#9751 = DIRECTION( '', ( 0.00000000000000, 1.00000000000000, 0.00000000000000 ) );
#9752 = DIRECTION( '', ( 0.828442875082136, 0.00000000000000, -0.560073569029680 ) );
#9753 = CARTESIAN_POINT( '', ( 0.00000000000000, 0.00666651732945300, 0.00000000000000 ) );
#9754 = DIRECTION( '', ( 0.00000000000000, 1.00000000000000, 0.00000000000000 ) );
#9755 = DIRECTION( '', ( 0.862440775493009, 0.00000000000000, -0.506157987951407 ) );
#9756 = CARTESIAN_POINT( '', ( 0.00900000000001000, 0.000700000000010000, 0.00300000000001000 ) );
#9757 = DIRECTION( '', ( 0.00000000000000, -1.00000000000000, 0.00000000000000 ) );
#9758 = DIRECTION( '', ( -1.00000000000000, 0.00000000000000, 0.00000000000000 ) );
#9759 = CARTESIAN_POINT( '', ( 0.00900000000001000, -0.00150000000001000, 0.00300000000001000 ) );
#9760 = DIRECTION( '', ( 0.00000000000000, -1.00000000000000, 0.00000000000000 ) );
#9761 = DIRECTION( '', ( -1.00000000000000, 0.00000000000000, 0.00000000000000 ) );
#9762 = CARTESIAN_POINT( '', ( 0.0120000000000100, -0.000700000000010000, 0.00000000000000 ) );
#9763 = DIRECTION( '', ( 0.00000000000000, -1.00000000000000, 0.00000000000000 ) );
#9764 = DIRECTION( '', ( -1.00000000000000, 0.00000000000000, 0.00000000000000 ) );
#9765 = CARTESIAN_POINT( '', ( 0.00900000000001000, -0.00150000000001000, -0.00300000000001000 ) );
#9766 = DIRECTION( '', ( 0.00000000000000, 1.00000000000000, 0.00000000000000 ) );
#9767 = DIRECTION( '', ( -0.307423774177298, 0.00000000000000, -0.951572710343558 ) );
#9768 = DIRECTION( '', ( 0.00000000000000, -1.00000000000000, 0.00000000000000 ) );
#9769 = CARTESIAN_POINT( '', ( 0.00900000000001000, 0.000500000000010000, -0.00300000000001000 ) );
#9770 = DIRECTION( '', ( 0.00000000000000, -1.00000000000000, -0.00000000000000 ) );
#9771 = DIRECTION( '', ( -0.538207054283221, 0.00000000000000, -0.842812652206751 ) );
#9772 = DIRECTION( '', ( 0.00000000000000, -1.00000000000000, 0.00000000000000 ) );
#9773 = CARTESIAN_POINT( '', ( 0.00000000000000, 0.00193933982823000, 0.00000000000000 ) );
#9774 = DIRECTION( '', ( 0.00000000000000, 1.00000000000000, 0.00000000000000 ) );
#9775 = DIRECTION( '', ( -0.876673853518274, 0.00000000000000, 0.481085184304631 ) );
#9776 = CARTESIAN_POINT( '', ( 0.0120000000000100, -0.00150000000001000, 0.00600000000001000 ) );
#9777 = DIRECTION( '', ( 0.00000000000000, -1.00000000000000, 0.00000000000000 ) );
#9778 = DIRECTION( '', ( -0.894349761471355, 0.00000000000000, 0.447368421053756 ) );
#9779 = DIRECTION( '', ( 0.00000000000000, 1.00000000000000, 0.00000000000000 ) );
#9780 = CARTESIAN_POINT( '', ( 0.0120000000000100, 0.000500000000010000, 0.00600000000001000 ) );
#9781 = DIRECTION( '', ( 0.00000000000000, 1.00000000000000, 0.00000000000000 ) );
#9782 = DIRECTION( '', ( -0.979591018238927, 0.00000000000000, -0.201001087025974 ) );
#9783 = DIRECTION( '', ( 0.00000000000000, 1.00000000000000, 0.00000000000000 ) );
#9784 = DIRECTION( '', ( 0.00000000000000, 0.00000000000000, 1.00000000000000 ) );
#9785 = DIRECTION( '', ( 0.00000000000000, 1.00000000000000, 0.00000000000000 ) );
#9786 = CARTESIAN_POINT( '', ( 0.00000000000000, 0.00184367965645000, 0.00000000000000 ) );
#9787 = DIRECTION( '', ( 0.00000000000000, 1.00000000000000, 0.00000000000000 ) );
#9788 = DIRECTION( '', ( 0.809173382700024, 0.00000000000000, -0.587569941989719 ) );
#9789 = CARTESIAN_POINT( '', ( 0.00000000000000, -0.00150000000001000, 0.00000000000000 ) );
#9790 = DIRECTION( '', ( 0.00000000000000, 1.00000000000000, 0.00000000000000 ) );
#9791 = DIRECTION( '', ( 0.809173382700024, 0.00000000000000, -0.587569941989719 ) );
#9792 = DIRECTION( '', ( 0.00000000000000, -1.00000000000000, 0.00000000000000 ) );
#9793 = CARTESIAN_POINT( '', ( -0.00250000000001000, -0.00150000000001000, 0.00696491205975600 ) );
#9794 = DIRECTION( '', ( 0.00000000000000, 1.00000000000000, 0.00000000000000 ) );
#9795 = DIRECTION( '', ( -0.337837837849147, 0.00000000000000, 0.941204332394095 ) );
#9796 = CARTESIAN_POINT( '', ( -0.00250000000001000, 0.00150000000001000, 0.00696491205975600 ) );
#9797 = DIRECTION( '', ( 0.00000000000000, -1.00000000000000, 0.00000000000000 ) );
#9798 = DIRECTION( '', ( 1.00000000000000, 0.00000000000000, 0.00000000000000 ) );
#9799 = DIRECTION( '', ( 0.00000000000000, -1.00000000000000, 0.00000000000000 ) );
#9800 = DIRECTION( '', ( 0.00000000000000, 1.00000000000000, 0.00000000000000 ) );
#9801 = CARTESIAN_POINT( '', ( 0.00900000000001000, 0.00150000000001000, -0.00300000000001000 ) );
#9802 = DIRECTION( '', ( 0.00000000000000, 1.00000000000000, 0.00000000000000 ) );
#9803 = DIRECTION( '', ( -0.995454521921755, 0.00000000000000, 0.0952380952430815 ) );
#9804 = CARTESIAN_POINT( '', ( 0.00900000000001000, 0.000700000000010000, -0.00300000000001000 ) );
#9805 = DIRECTION( '', ( 0.00000000000000, 1.00000000000000, 0.00000000000000 ) );
#9806 = DIRECTION( '', ( 0.260307591741574, 0.00000000000000, -0.965525741594548 ) );
#9807 = CARTESIAN_POINT( '', ( -0.00827755413070000, -0.00150000000001000, 0.000763804130700400 ) );
#9808 = DIRECTION( '', ( 0.00000000000000, 1.00000000000000, 0.00000000000000 ) );
#9809 = DIRECTION( '', ( -0.979591018234157, 0.00000000000000, -0.201001087049218 ) );
#9810 = CARTESIAN_POINT( '', ( -0.00573809871395000, -0.00150000000001000, 0.00250000000001000 ) );
#9811 = DIRECTION( '', ( 0.00000000000000, 1.00000000000000, 0.00000000000000 ) );
#9812 = DIRECTION( '', ( 0.00000000000000, 0.00000000000000, -1.00000000000000 ) );
#9813 = DIRECTION( '', ( 0.00000000000000, -1.00000000000000, 0.00000000000000 ) );
#9814 = DIRECTION( '', ( 0.00000000000000, -1.00000000000000, 0.00000000000000 ) );
#9815 = DIRECTION( '', ( 0.00000000000000, 1.00000000000000, 0.00000000000000 ) );
#9816 = CARTESIAN_POINT( '', ( -0.00503487835008000, -0.00150000000001000, -0.00770000000001000 ) );
#9817 = DIRECTION( '', ( -0.00000000000000, 1.00000000000000, 0.00000000000000 ) );
#9818 = DIRECTION( '', ( 0.547269385885206, 0.00000000000000, 0.836956521733853 ) );
#9819 = DIRECTION( '', ( 0.00000000000000, 1.00000000000000, 0.00000000000000 ) );
#9820 = CARTESIAN_POINT( '', ( -0.00503487835008000, 0.000500000000010000, -0.00770000000001000 ) );
#9821 = DIRECTION( '', ( 0.00000000000000, -1.00000000000000, 0.00000000000000 ) );
#9822 = DIRECTION( '', ( 0.00000000000000, 0.00000000000000, -1.00000000000000 ) );
#9823 = CARTESIAN_POINT( '', ( 0.00900000000001000, 0.00150000000001000, 0.00300000000001000 ) );
#9824 = DIRECTION( '', ( 0.00000000000000, -1.00000000000000, -0.00000000000000 ) );
#9825 = DIRECTION( '', ( -0.988454935169242, 0.00000000000000, -0.151515151518154 ) );
#9826 = DIRECTION( '', ( 0.00000000000000, 1.00000000000000, 0.00000000000000 ) );
#9827 = CARTESIAN_POINT( '', ( 0.00900000000001000, -0.00150000000001000, 0.00300000000001000 ) );
#9828 = DIRECTION( '', ( 0.00000000000000, -1.00000000000000, 0.00000000000000 ) );
#9829 = DIRECTION( '', ( -0.912762717580594, 0.00000000000000, 0.408490172947757 ) );
#9830 = DIRECTION( '', ( 0.00000000000000, 1.00000000000000, 0.00000000000000 ) );
#9831 = CARTESIAN_POINT( '', ( 0.00000000000000, 0.000500000000010000, 0.00000000000000 ) );
#9832 = DIRECTION( '', ( -0.00000000000000, 1.00000000000000, 0.00000000000000 ) );
#9833 = DIRECTION( '', ( 0.547269385877397, 0.00000000000000, 0.836956521738959 ) );
#9834 = CARTESIAN_POINT( '', ( 0.00000000000000, -0.00150000000001000, 0.00000000000000 ) );
#9835 = DIRECTION( '', ( 0.00000000000000, -1.00000000000000, 0.00000000000000 ) );
#9836 = DIRECTION( '', ( 0.840784067656063, 0.00000000000000, 0.541370623118512 ) );
#9837 = DIRECTION( '', ( 0.00000000000000, 1.00000000000000, 0.00000000000000 ) );
#9838 = CARTESIAN_POINT( '', ( -0.00952061518348600, 0.000700000000010000, 0.00106894851681900 ) );
#9839 = DIRECTION( '', ( 0.00000000000000, -1.00000000000000, 0.00000000000000 ) );
#9840 = DIRECTION( '', ( 0.260307591771837, 0.00000000000000, 0.965525741586389 ) );
#9841 = CARTESIAN_POINT( '', ( -0.0120000000000100, 0.000700000000010000, 0.00000000000000 ) );
#9842 = DIRECTION( '', ( -0.00000000000000, 1.00000000000000, 0.00000000000000 ) );
#9843 = DIRECTION( '', ( 0.918290672786031, 0.00000000000000, 0.395906858079244 ) );
#9844 = CARTESIAN_POINT( '', ( -0.00952061518348600, 0.000700000000010000, -0.00106894851681900 ) );
#9845 = DIRECTION( '', ( 0.00000000000000, -1.00000000000000, 0.00000000000000 ) );
#9846 = DIRECTION( '', ( -0.918290672776518, 0.00000000000000, 0.395906858101310 ) );
#9847 = CARTESIAN_POINT( '', ( -0.00900000000001000, 0.000700000000010000, -0.00300000000001000 ) );
#9848 = DIRECTION( '', ( 0.00000000000000, 1.00000000000000, 0.00000000000000 ) );
#9849 = DIRECTION( '', ( -0.260307591741574, 0.00000000000000, 0.965525741594548 ) );
#9850 = CARTESIAN_POINT( '', ( -0.00952061518348600, 0.000700000000010000, -0.00493105148320100 ) );
#9851 = DIRECTION( '', ( 0.00000000000000, -1.00000000000000, 0.00000000000000 ) );
#9852 = DIRECTION( '', ( 0.260307591771837, 0.00000000000000, 0.965525741586389 ) );
#9853 = CARTESIAN_POINT( '', ( -0.0120000000000100, 0.000700000000010000, -0.00600000000001000 ) );
#9854 = DIRECTION( '', ( -0.00000000000000, 1.00000000000000, 0.00000000000000 ) );
#9855 = DIRECTION( '', ( 0.918290672786031, 0.00000000000000, 0.395906858079244 ) );
#9856 = CARTESIAN_POINT( '', ( -0.00900000000001000, 0.000700000000010000, -0.00300000000001000 ) );
#9857 = DIRECTION( '', ( 0.00000000000000, 1.00000000000000, 0.00000000000000 ) );
#9858 = DIRECTION( '', ( -0.965525741594548, 0.00000000000000, -0.260307591741574 ) );
#9859 = CARTESIAN_POINT( '', ( -0.0109310514832000, 0.000700000000010000, 0.00247938481653400 ) );
#9860 = DIRECTION( '', ( 0.00000000000000, -1.00000000000000, -0.00000000000000 ) );
#9861 = DIRECTION( '', ( -0.395906858101274, 0.00000000000000, -0.918290672776533 ) );
#9862 = CARTESIAN_POINT( '', ( -0.00900000000001000, 0.000700000000010000, 0.00300000000001000 ) );
#9863 = DIRECTION( '', ( 0.00000000000000, 1.00000000000000, 0.00000000000000 ) );
#9864 = DIRECTION( '', ( -0.965525741594548, 0.00000000000000, -0.260307591741574 ) );
#9865 = CARTESIAN_POINT( '', ( -0.00952061518348600, 0.000700000000010000, 0.00493105148320100 ) );
#9866 = DIRECTION( '', ( 0.00000000000000, -1.00000000000000, 0.00000000000000 ) );
#9867 = DIRECTION( '', ( -0.918290672776533, 0.00000000000000, 0.395906858101274 ) );
#9868 = CARTESIAN_POINT( '', ( -0.00900000000001000, 0.000700000000010000, -0.00300000000001000 ) );
#9869 = DIRECTION( '', ( 0.00000000000000, -1.00000000000000, 0.00000000000000 ) );
#9870 = DIRECTION( '', ( -1.00000000000000, 0.00000000000000, 0.00000000000000 ) );
#9871 = CARTESIAN_POINT( '', ( -0.0120000000000100, 0.000700000000010000, 0.00600000000001000 ) );
#9872 = DIRECTION( '', ( 0.00000000000000, -1.00000000000000, 0.00000000000000 ) );
#9873 = DIRECTION( '', ( -1.00000000000000, 0.00000000000000, 0.00000000000000 ) );
#9874 = CARTESIAN_POINT( '', ( -0.0120000000000100, 0.000700000000010000, 0.00000000000000 ) );
#9875 = DIRECTION( '', ( 0.00000000000000, -1.00000000000000, 0.00000000000000 ) );
#9876 = DIRECTION( '', ( -1.00000000000000, 0.00000000000000, 0.00000000000000 ) );
#9877 = CARTESIAN_POINT( '', ( -0.0120000000000100, 0.000700000000010000, -0.00600000000001000 ) );
#9878 = DIRECTION( '', ( 0.00000000000000, -1.00000000000000, 0.00000000000000 ) );
#9879 = DIRECTION( '', ( -1.00000000000000, 0.00000000000000, 0.00000000000000 ) );
#9880 = CARTESIAN_POINT( '', ( 0.00773521342244700, -0.00150000000001000, 0.00498060973269800 ) );
#9881 = DIRECTION( '', ( 0.00000000000000, 1.00000000000000, 0.00000000000000 ) );
#9882 = DIRECTION( '', ( 0.538207054290526, 0.00000000000000, -0.842812652202086 ) );
#9883 = DIRECTION( '', ( 0.00000000000000, 1.00000000000000, 0.00000000000000 ) );
#9884 = CARTESIAN_POINT( '', ( 0.00773521342244700, 0.000500000000010000, 0.00498060973269800 ) );
#9885 = DIRECTION( '', ( 0.00000000000000, -1.00000000000000, -0.00000000000000 ) );
#9886 = DIRECTION( '', ( -0.840784067650842, 0.00000000000000, -0.541370623126620 ) );
#9887 = CARTESIAN_POINT( '', ( -0.00250000000001000, -0.00150000000001000, 0.00250000000001000 ) );
#9888 = DIRECTION( '', ( -0.00000000000000, 1.00000000000000, 0.00000000000000 ) );
#9889 = DIRECTION( '', ( 1.00000000000000, 0.00000000000000, 0.00000000000000 ) );
#9890 = DIRECTION( '', ( 0.00000000000000, -1.00000000000000, 0.00000000000000 ) );
#9891 = CARTESIAN_POINT( '', ( -0.00250000000001000, -0.000600000000010000, 0.00250000000001000 ) );
#9892 = DIRECTION( '', ( 0.00000000000000, -1.00000000000000, 0.00000000000000 ) );
#9893 = DIRECTION( '', ( 0.00000000000000, 0.00000000000000, -1.00000000000000 ) );
#9894 = DIRECTION( '', ( 0.00000000000000, -1.00000000000000, 0.00000000000000 ) );
#9895 = DIRECTION( '', ( 0.00000000000000, 1.00000000000000, 0.00000000000000 ) );
#9896 = DIRECTION( '', ( -1.00000000000000, 0.00000000000000, 0.00000000000000 ) );
#9897 = DIRECTION( '', ( 0.00000000000000, -1.00000000000000, 0.00000000000000 ) );
#9898 = DIRECTION( '', ( 0.00000000000000, -1.00000000000000, 0.00000000000000 ) );
#9899 = DIRECTION( '', ( 1.00000000000000, 0.00000000000000, 0.00000000000000 ) );
#9900 = CARTESIAN_POINT( '', ( 0.00280000000001000, 0.00150000000001000, 0.00870000000001000 ) );
#9901 = DIRECTION( '', ( 0.00000000000000, -1.00000000000000, 0.00000000000000 ) );
#9902 = DIRECTION( '', ( 0.00000000000000, 0.00000000000000, 1.00000000000000 ) );
#9903 = DIRECTION( '', ( 0.00000000000000, 1.00000000000000, 0.00000000000000 ) );
#9904 = CARTESIAN_POINT( '', ( 0.00000000000000, -0.000600000000010000, 0.00000000000000 ) );
#9905 = DIRECTION( '', ( 0.00000000000000, 1.00000000000000, 0.00000000000000 ) );
#9906 = DIRECTION( '', ( -1.00000000000000, 0.00000000000000, 0.00000000000000 ) );
#9907 = CARTESIAN_POINT( '', ( -0.00827755413070000, -0.00150000000001000, -0.000763804130700400 ) );
#9908 = DIRECTION( '', ( 0.00000000000000, 1.00000000000000, 0.00000000000000 ) );
#9909 = DIRECTION( '', ( -0.307423774194740, 0.00000000000000, -0.951572710337924 ) );
#9910 = CARTESIAN_POINT( '', ( 0.00000000000000, -0.00150000000001000, 0.00000000000000 ) );
#9911 = DIRECTION( '', ( 0.00000000000000, -1.00000000000000, -0.00000000000000 ) );
#9912 = DIRECTION( '', ( -0.809173382700024, 0.00000000000000, -0.587569941989719 ) );
#9913 = DIRECTION( '', ( 0.00000000000000, 1.00000000000000, 0.00000000000000 ) );
#9914 = DIRECTION( '', ( 0.00000000000000, -1.00000000000000, 0.00000000000000 ) );
#9915 = CARTESIAN_POINT( '', ( 0.00000000000000, 0.00184367965645000, 0.00000000000000 ) );
#9916 = DIRECTION( '', ( 0.00000000000000, -1.00000000000000, -0.00000000000000 ) );
#9917 = DIRECTION( '', ( -0.809173382700024, 0.00000000000000, -0.587569941989719 ) );
#9918 = DIRECTION( '', ( 0.00000000000000, 1.00000000000000, 0.00000000000000 ) );
#9919 = CARTESIAN_POINT( '', ( 0.00900000000001000, -0.00150000000001000, -0.00300000000001000 ) );
#9920 = DIRECTION( '', ( 0.00000000000000, 1.00000000000000, 0.00000000000000 ) );
#9921 = DIRECTION( '', ( -0.912762717580594, 0.00000000000000, -0.408490172947757 ) );
#9922 = CARTESIAN_POINT( '', ( 0.00900000000001000, 0.00150000000001000, -0.00300000000001000 ) );
#9923 = DIRECTION( '', ( 0.00000000000000, 1.00000000000000, 0.00000000000000 ) );
#9924 = DIRECTION( '', ( -0.988454935169242, 0.00000000000000, 0.151515151518154 ) );
#9925 = DIRECTION( '', ( 0.00000000000000, 1.00000000000000, 0.00000000000000 ) );
#9926 = DIRECTION( '', ( 0.00000000000000, -1.00000000000000, 0.00000000000000 ) );
#9927 = CARTESIAN_POINT( '', ( 0.00827755413070000, -0.00150000000001000, -0.00523619586932000 ) );
#9928 = DIRECTION( '', ( -0.00000000000000, 1.00000000000000, 0.00000000000000 ) );
#9929 = DIRECTION( '', ( 0.307423774194740, 0.00000000000000, 0.951572710337924 ) );
#9930 = CARTESIAN_POINT( '', ( 0.00827755413070000, 0.000500000000010000, -0.00523619586932000 ) );
#9931 = DIRECTION( '', ( 0.00000000000000, -1.00000000000000, 0.00000000000000 ) );
#9932 = DIRECTION( '', ( 0.979591018234157, 0.00000000000000, -0.201001087049218 ) );
#9933 = DIRECTION( '', ( 0.00000000000000, -1.00000000000000, 0.00000000000000 ) );
#9934 = DIRECTION( '', ( 0.00000000000000, 1.00000000000000, 0.00000000000000 ) );
#9935 = DIRECTION( '', ( 0.00000000000000, -1.00000000000000, 0.00000000000000 ) );
#9936 = DIRECTION( '', ( 0.00000000000000, -1.00000000000000, 0.00000000000000 ) );
#9937 = CARTESIAN_POINT( '', ( 0.0120000000000100, 0.000700000000010000, 0.00600000000001000 ) );
#9938 = DIRECTION( '', ( 0.00000000000000, 1.00000000000000, 0.00000000000000 ) );
#9939 = DIRECTION( '', ( -0.918290672785995, 0.00000000000000, -0.395906858079328 ) );
#9940 = DIRECTION( '', ( 0.00000000000000, 1.00000000000000, 0.00000000000000 ) );
#9941 = CARTESIAN_POINT( '', ( 0.00000000000000, 0.00386250000001000, 0.00250000000001000 ) );
#9942 = DIRECTION( '', ( 0.00000000000000, 0.00000000000000, 1.00000000000000 ) );
#9943 = DIRECTION( '', ( -0.899256711228091, 0.437421269843201, 0.00000000000000 ) );
#9944 = DIRECTION( '', ( 0.00000000000000, 1.00000000000000, 0.00000000000000 ) );
#9945 = CARTESIAN_POINT( '', ( -0.0120000000000100, -0.000700000000010000, -0.00600000000001000 ) );
#9946 = DIRECTION( '', ( 0.00000000000000, -1.00000000000000, 0.00000000000000 ) );
#9947 = DIRECTION( '', ( -1.00000000000000, 0.00000000000000, 0.00000000000000 ) );
#9948 = CARTESIAN_POINT( '', ( -0.00250000000001000, -0.000600000000010000, -0.00250000000001000 ) );
#9949 = DIRECTION( '', ( 0.00000000000000, -1.00000000000000, 0.00000000000000 ) );
#9950 = DIRECTION( '', ( 1.00000000000000, 0.00000000000000, 0.00000000000000 ) );
#9951 = DIRECTION( '', ( 0.00000000000000, 1.00000000000000, 0.00000000000000 ) );
#9952 = CARTESIAN_POINT( '', ( -0.00250000000001000, -0.00150000000001000, -0.00250000000001000 ) );
#9953 = DIRECTION( '', ( 0.00000000000000, 1.00000000000000, 0.00000000000000 ) );
#9954 = DIRECTION( '', ( 0.00000000000000, 0.00000000000000, 1.00000000000000 ) );
#9955 = DIRECTION( '', ( 0.00000000000000, 1.00000000000000, 0.00000000000000 ) );
#9956 = CARTESIAN_POINT( '', ( 0.00457621256934600, 0.00607587605617400, 0.00280000000001000 ) );
#9957 = DIRECTION( '', ( -0.760812682172017, 0.648971542246824, 0.00000000000000 ) );
#9958 = DIRECTION( '', ( 0.603160464777642, 0.707106708253518, 0.369049531732657 ) );
#9959 = DIRECTION( '', ( 0.00000000000000, 1.00000000000000, 0.00000000000000 ) );
#9960 = CARTESIAN_POINT( '', ( 0.00280000000001000, 0.00607587613250600, 0.00457621247985500 ) );
#9961 = DIRECTION( '', ( 0.00000000000000, -0.648971450909647, 0.760812760082418 ) );
#9962 = DIRECTION( '', ( 0.369049531709373, 0.707106780671249, 0.603160379893967 ) );
#9963 = CARTESIAN_POINT( '', ( 0.0120000000000100, 0.000500000000010000, 0.00000000000000 ) );
#9964 = DIRECTION( '', ( 0.00000000000000, 1.00000000000000, 0.00000000000000 ) );
#9965 = DIRECTION( '', ( -0.979591018238927, 0.00000000000000, -0.201001087025974 ) );
#9966 = DIRECTION( '', ( 0.00000000000000, -1.00000000000000, 0.00000000000000 ) );
#9967 = CARTESIAN_POINT( '', ( 0.0120000000000100, -0.00150000000001000, 0.00000000000000 ) );
#9968 = DIRECTION( '', ( 0.00000000000000, -1.00000000000000, 0.00000000000000 ) );
#9969 = DIRECTION( '', ( -0.979591018238927, 0.00000000000000, 0.201001087025974 ) );
#9970 = DIRECTION( '', ( 0.00000000000000, -1.00000000000000, 0.00000000000000 ) );
#9971 = CARTESIAN_POINT( '', ( 0.00503487835008000, -0.00150000000001000, -0.00770000000001000 ) );
#9972 = DIRECTION( '', ( 0.00000000000000, 1.00000000000000, 0.00000000000000 ) );
#9973 = DIRECTION( '', ( 0.00000000000000, 0.00000000000000, -1.00000000000000 ) );
#9974 = DIRECTION( '', ( 0.00000000000000, -1.00000000000000, 0.00000000000000 ) );
#9975 = CARTESIAN_POINT( '', ( 0.00503487835008000, 0.000500000000010000, -0.00770000000001000 ) );
#9976 = DIRECTION( '', ( 0.00000000000000, -1.00000000000000, 0.00000000000000 ) );
#9977 = DIRECTION( '', ( -0.547269385885206, 0.00000000000000, 0.836956521733853 ) );
#9978 = DIRECTION( '', ( 0.00000000000000, -1.00000000000000, 0.00000000000000 ) );
#9979 = DIRECTION( '', ( 0.00000000000000, 1.00000000000000, 0.00000000000000 ) );
#9980 = CARTESIAN_POINT( '', ( -0.00250000000001000, 0.00386250000001000, 0.00000000000000 ) );
#9981 = DIRECTION( '', ( -1.00000000000000, 0.00000000000000, 0.00000000000000 ) );
#9982 = DIRECTION( '', ( 0.00000000000000, 0.437421269843201, -0.899256711228091 ) );
#9983 = CARTESIAN_POINT( '', ( 0.00000000000000, 0.00193933982823000, 0.00000000000000 ) );
#9984 = DIRECTION( '', ( 0.00000000000000, 1.00000000000000, 0.00000000000000 ) );
#9985 = DIRECTION( '', ( -0.421688644009838, 0.00000000000000, -0.906740694748583 ) );
#9986 = CARTESIAN_POINT( '', ( 0.00773521342244700, 0.000500000000010000, -0.00498060973269800 ) );
#9987 = DIRECTION( '', ( 0.00000000000000, -1.00000000000000, 0.00000000000000 ) );
#9988 = DIRECTION( '', ( 0.538207054290526, 0.00000000000000, 0.842812652202086 ) );
#9989 = CARTESIAN_POINT( '', ( 0.00000000000000, 0.000500000000010000, 0.00000000000000 ) );
#9990 = DIRECTION( '', ( 0.00000000000000, -1.00000000000000, 0.00000000000000 ) );
#9991 = DIRECTION( '', ( 0.547269385877397, 0.00000000000000, -0.836956521738959 ) );
#9992 = DIRECTION( '', ( -1.00000000000000, 0.00000000000000, 0.00000000000000 ) );
#9993 = CARTESIAN_POINT( '', ( 0.0120000000000100, 0.000500000000010000, -0.00600000000001000 ) );
#9994 = DIRECTION( '', ( 0.00000000000000, 1.00000000000000, 0.00000000000000 ) );
#9995 = DIRECTION( '', ( -0.894349761471355, 0.00000000000000, -0.447368421053756 ) );
#9996 = CARTESIAN_POINT( '', ( -0.00280000000001000, 0.00607587614883700, -0.00457621246071000 ) );
#9997 = DIRECTION( '', ( 0.00000000000000, -0.648971450481561, -0.760812760447575 ) );
#9998 = DIRECTION( '', ( -0.369049531710275, 0.707106781010353, -0.603160379495872 ) );
#9999 = CARTESIAN_POINT( '', ( -0.0120000000000100, -0.00150000000001000, -0.00600000000001000 ) );
#10000 = DIRECTION( '', ( 0.00000000000000, -1.00000000000000, 0.00000000000000 ) );
#10001 = DIRECTION( '', ( 0.894349761471355, 0.00000000000000, -0.447368421053756 ) );
#10002 = DIRECTION( '', ( 0.00000000000000, 1.00000000000000, 0.00000000000000 ) );
#10003 = CARTESIAN_POINT( '', ( -0.0120000000000100, 0.000500000000010000, -0.00600000000001000 ) );
#10004 = DIRECTION( '', ( -0.00000000000000, 1.00000000000000, 0.00000000000000 ) );
#10005 = DIRECTION( '', ( 0.979591018238927, 0.00000000000000, 0.201001087025974 ) );
#10006 = DIRECTION( '', ( 0.00000000000000, 1.00000000000000, 0.00000000000000 ) );
#10007 = CARTESIAN_POINT( '', ( 0.00000000000000, 0.00566126201252900, 0.00000000000000 ) );
#10008 = DIRECTION( '', ( 0.00000000000000, 1.00000000000000, 0.00000000000000 ) );
#10009 = DIRECTION( '', ( -0.828442875082136, 0.00000000000000, 0.560073569029680 ) );
#10010 = CARTESIAN_POINT( '', ( -0.00250000000001000, 0.00386250000001000, 0.00000000000000 ) );
#10011 = DIRECTION( '', ( -1.00000000000000, 0.00000000000000, 0.00000000000000 ) );
#10012 = DIRECTION( '', ( 0.00000000000000, 0.298620653302721, 0.954371890523320 ) );
#10013 = CARTESIAN_POINT( '', ( 0.00000000000000, 0.00509048666720100, 0.00000000000000 ) );
#10014 = DIRECTION( '', ( 0.00000000000000, -1.00000000000000, 0.00000000000000 ) );
#10015 = DIRECTION( '', ( -0.537265487543353, 0.00000000000000, 0.843413182191744 ) );
#10016 = CARTESIAN_POINT( '', ( 0.00768466063388600, -0.00150000000001000, -0.00105259599674700 ) );
#10017 = DIRECTION( '', ( 0.00000000000000, 1.00000000000000, 0.00000000000000 ) );
#10018 = DIRECTION( '', ( 0.559718879209302, 0.00000000000000, -0.828682554574840 ) );
#10019 = DIRECTION( '', ( 0.00000000000000, -1.00000000000000, 0.00000000000000 ) );
#10020 = CARTESIAN_POINT( '', ( 0.00768466063388600, 0.000500000000010000, -0.00105259599674700 ) );
#10021 = DIRECTION( '', ( 0.00000000000000, -1.00000000000000, 0.00000000000000 ) );
#10022 = DIRECTION( '', ( -1.00000000000000, 0.00000000000000, 0.00000000000000 ) );
#10023 = DIRECTION( '', ( 0.00000000000000, -1.00000000000000, 0.00000000000000 ) );
#10024 = CARTESIAN_POINT( '', ( -0.00503487835008000, 0.000500000000010000, 0.00770000000001000 ) );
#10025 = DIRECTION( '', ( 0.00000000000000, -1.00000000000000, 0.00000000000000 ) );
#10026 = DIRECTION( '', ( 0.547269385885206, 0.00000000000000, -0.836956521733853 ) );
#10027 = CARTESIAN_POINT( '', ( -0.00860147090641700, 0.000500000000010000, 0.00770000000001000 ) );
#10028 = DIRECTION( '', ( 0.00000000000000, -1.00000000000000, 0.00000000000000 ) );
#10029 = DIRECTION( '', ( 0.00000000000000, 0.00000000000000, 1.00000000000000 ) );
#10030 = CARTESIAN_POINT( '', ( -0.00827755413070000, 0.000500000000010000, 0.00523619586932000 ) );
#10031 = DIRECTION( '', ( 0.00000000000000, -1.00000000000000, 0.00000000000000 ) );
#10032 = DIRECTION( '', ( -0.979591018234157, 0.00000000000000, 0.201001087049218 ) );
#10033 = DIRECTION( '', ( 0.00000000000000, 0.00000000000000, 1.00000000000000 ) );
#10034 = DIRECTION( '', ( 0.00000000000000, -1.00000000000000, 0.00000000000000 ) );
#10035 = DIRECTION( '', ( 0.00000000000000, 0.00000000000000, 1.00000000000000 ) );
#10036 = CARTESIAN_POINT( '', ( -0.00250000000001000, -0.00150000000001000, -0.00696491205975600 ) );
#10037 = DIRECTION( '', ( -0.00000000000000, 1.00000000000000, 0.00000000000000 ) );
#10038 = DIRECTION( '', ( 1.00000000000000, 0.00000000000000, 0.00000000000000 ) );
#10039 = DIRECTION( '', ( 0.00000000000000, 1.00000000000000, 0.00000000000000 ) );
#10040 = DIRECTION( '', ( -1.00000000000000, 0.00000000000000, 0.00000000000000 ) );
#10041 = DIRECTION( '', ( 0.00000000000000, 1.00000000000000, 0.00000000000000 ) );
#10042 = CARTESIAN_POINT( '', ( 0.00000000000000, 0.00150000000001000, 0.00000000000000 ) );
#10043 = DIRECTION( '', ( 0.00000000000000, -1.00000000000000, 0.00000000000000 ) );
#10044 = DIRECTION( '', ( 0.300187481177644, 0.00000000000000, 0.953880221067730 ) );
#10045 = DIRECTION( '', ( 0.00000000000000, 0.00000000000000, -1.00000000000000 ) );
#10046 = DIRECTION( '', ( 0.00000000000000, 0.00000000000000, 1.00000000000000 ) );
#10047 = CARTESIAN_POINT( '', ( -0.00280000000001000, 0.00150000000001000, 0.00870000000001000 ) );
#10048 = DIRECTION( '', ( 0.00000000000000, -1.00000000000000, 0.00000000000000 ) );
#10049 = DIRECTION( '', ( 1.00000000000000, 0.00000000000000, 0.00000000000000 ) );
#10050 = DIRECTION( '', ( 0.00000000000000, 0.00000000000000, 1.00000000000000 ) );
#10051 = CARTESIAN_POINT( '', ( 0.00000000000000, 0.00150000000001000, 0.00000000000000 ) );
#10052 = DIRECTION( '', ( 0.00000000000000, -1.00000000000000, 0.00000000000000 ) );
#10053 = DIRECTION( '', ( 0.337837837838509, 0.00000000000000, 0.941204332397913 ) );
#10054 = CARTESIAN_POINT( '', ( 0.00250000000001000, 0.00150000000001000, 0.00696491205975600 ) );
#10055 = DIRECTION( '', ( 0.00000000000000, -1.00000000000000, 0.00000000000000 ) );
#10056 = DIRECTION( '', ( 0.337837837849059, 0.00000000000000, 0.941204332394126 ) );
#10057 = DIRECTION( '', ( 0.00000000000000, -1.77204040231821E-06, -0.999999999998430 ) );
#10058 = CARTESIAN_POINT( '', ( 0.00280000000001000, 0.00607587605617400, -0.00457621256934600 ) );
#10059 = DIRECTION( '', ( 0.00000000000000, 0.648971542246824, 0.760812682172017 ) );
#10060 = DIRECTION( '', ( 0.369049531732657, 0.707106708253518, -0.603160464777642 ) );
#10061 = CARTESIAN_POINT( '', ( 0.00900000000001000, -0.00150000000001000, -0.00300000000001000 ) );
#10062 = DIRECTION( '', ( 0.00000000000000, 1.00000000000000, 0.00000000000000 ) );
#10063 = DIRECTION( '', ( -0.559718879202959, 0.00000000000000, 0.828682554579124 ) );
#10064 = DIRECTION( '', ( 0.00000000000000, -1.00000000000000, 0.00000000000000 ) );
#10065 = CARTESIAN_POINT( '', ( 0.00900000000001000, 0.000500000000010000, -0.00300000000001000 ) );
#10066 = DIRECTION( '', ( 0.00000000000000, -1.00000000000000, 0.00000000000000 ) );
#10067 = DIRECTION( '', ( -0.307423774177298, 0.00000000000000, 0.951572710343558 ) );
#10068 = DIRECTION( '', ( 0.00000000000000, 0.00000000000000, 1.00000000000000 ) );
#10069 = DIRECTION( '', ( 0.00000000000000, -1.00000000000000, 0.00000000000000 ) );
#10070 = DIRECTION( '', ( 0.00000000000000, -1.00000000000000, 0.00000000000000 ) );
#10071 = CARTESIAN_POINT( '', ( 0.00000000000000, 0.000500000000010000, 0.00000000000000 ) );
#10072 = DIRECTION( '', ( 0.00000000000000, 1.00000000000000, 0.00000000000000 ) );
#10073 = DIRECTION( '', ( -0.547269385877397, 0.00000000000000, -0.836956521738959 ) );
#10074 = CARTESIAN_POINT( '', ( 0.00000000000000, -0.00150000000001000, 0.00000000000000 ) );
#10075 = DIRECTION( '', ( 0.00000000000000, -1.00000000000000, -0.00000000000000 ) );
#10076 = DIRECTION( '', ( -0.840784067656063, 0.00000000000000, -0.541370623118512 ) );
#10077 = CARTESIAN_POINT( '', ( -0.00860147090641700, 0.000500000000010000, -0.00770000000001000 ) );
#10078 = DIRECTION( '', ( 0.00000000000000, -1.00000000000000, 0.00000000000000 ) );
#10079 = DIRECTION( '', ( -0.894349761465261, 0.00000000000000, 0.447368421065938 ) );
#10080 = DIRECTION( '', ( 1.00000000000000, 0.00000000000000, 0.00000000000000 ) );
#10081 = CARTESIAN_POINT( '', ( -0.00900000000001000, 0.000500000000010000, -0.00300000000001000 ) );
#10082 = DIRECTION( '', ( 0.00000000000000, 1.00000000000000, 0.00000000000000 ) );
#10083 = DIRECTION( '', ( 0.538207054283221, 0.00000000000000, -0.842812652206751 ) );
#10084 = CARTESIAN_POINT( '', ( -0.00827755413070000, 0.000500000000010000, -0.00523619586932000 ) );
#10085 = DIRECTION( '', ( 0.00000000000000, -1.00000000000000, 0.00000000000000 ) );
#10086 = DIRECTION( '', ( -0.307423774194740, 0.00000000000000, 0.951572710337924 ) );
#10087 = CARTESIAN_POINT( '', ( -0.00900000000001000, -0.00150000000001000, -0.00300000000001000 ) );
#10088 = DIRECTION( '', ( 0.00000000000000, -1.00000000000000, 0.00000000000000 ) );
#10089 = DIRECTION( '', ( 0.307423774177298, 0.00000000000000, -0.951572710343558 ) );
#10090 = DIRECTION( '', ( 0.00000000000000, 1.00000000000000, 0.00000000000000 ) );
#10091 = CARTESIAN_POINT( '', ( 0.00773521342244700, -0.00150000000001000, -0.00498060973269800 ) );
#10092 = DIRECTION( '', ( 0.00000000000000, 1.00000000000000, 0.00000000000000 ) );
#10093 = DIRECTION( '', ( -0.840784067650796, 0.00000000000000, 0.541370623126691 ) );
#10094 = DIRECTION( '', ( 0.00000000000000, -1.00000000000000, 0.00000000000000 ) );
#10095 = CARTESIAN_POINT( '', ( 0.00000000000000, 0.00193933982823000, 0.00000000000000 ) );
#10096 = DIRECTION( '', ( -0.00000000000000, 1.00000000000000, 0.00000000000000 ) );
#10097 = DIRECTION( '', ( 0.421688644009838, 0.00000000000000, 0.906740694748583 ) );
#10098 = CARTESIAN_POINT( '', ( 0.00598788303199200, -0.00150000000001000, -0.00434801757073200 ) );
#10099 = DIRECTION( '', ( -0.00000000000000, 1.00000000000000, 0.00000000000000 ) );
#10100 = DIRECTION( '', ( 0.912762717577210, 0.00000000000000, 0.408490172955319 ) );
#10101 = CARTESIAN_POINT( '', ( 0.00000000000000, -0.000600000000010000, 0.00000000000000 ) );
#10102 = DIRECTION( '', ( 0.00000000000000, 1.00000000000000, 0.00000000000000 ) );
#10103 = DIRECTION( '', ( -0.438356116080399, 0.00000000000000, 0.898801377110042 ) );
#10104 = CARTESIAN_POINT( '', ( -0.00900000000001000, -0.00150000000001000, 0.00300000000001000 ) );
#10105 = DIRECTION( '', ( -0.00000000000000, 1.00000000000000, 0.00000000000000 ) );
#10106 = DIRECTION( '', ( 0.912762717580594, 0.00000000000000, 0.408490172947757 ) );
#10107 = CARTESIAN_POINT( '', ( 0.00000000000000, -0.000600000000010000, 0.00000000000000 ) );
#10108 = DIRECTION( '', ( -0.00000000000000, 1.00000000000000, 0.00000000000000 ) );
#10109 = DIRECTION( '', ( 0.898801318531092, 0.00000000000000, 0.438356236190123 ) );
#10110 = CARTESIAN_POINT( '', ( 0.00250000000001000, -0.000600000000010000, -0.00250000000001000 ) );
#10111 = DIRECTION( '', ( 0.00000000000000, -1.00000000000000, 0.00000000000000 ) );
#10112 = DIRECTION( '', ( 0.00000000000000, 0.00000000000000, 1.00000000000000 ) );
#10113 = CARTESIAN_POINT( '', ( 0.00000000000000, -0.000600000000010000, 0.00000000000000 ) );
#10114 = DIRECTION( '', ( 0.00000000000000, 1.00000000000000, 0.00000000000000 ) );
#10115 = DIRECTION( '', ( 0.438356302567218, 0.00000000000000, -0.898801286158180 ) );
#10116 = CARTESIAN_POINT( '', ( 0.00000000000000, -0.000600000000010000, 0.00000000000000 ) );
#10117 = DIRECTION( '', ( 0.00000000000000, 1.00000000000000, 0.00000000000000 ) );
#10118 = DIRECTION( '', ( -0.898801364898698, 0.00000000000000, -0.438356141118426 ) );
#10119 = CARTESIAN_POINT( '', ( 0.00250000000001000, 0.00386250000001000, 0.00000000000000 ) );
#10120 = DIRECTION( '', ( 1.00000000000000, 0.00000000000000, -0.00000000000000 ) );
#10121 = DIRECTION( '', ( 0.00000000000000, 0.437421269843201, 0.899256711228091 ) );
#10122 = CARTESIAN_POINT( '', ( 0.00000000000000, 0.00566126201252900, 0.00000000000000 ) );
#10123 = DIRECTION( '', ( -0.00000000000000, 1.00000000000000, 0.00000000000000 ) );
#10124 = DIRECTION( '', ( 0.560073569029680, 0.00000000000000, 0.828442875082136 ) );
#10125 = DIRECTION( '', ( 0.00000000000000, -1.00000000000000, 0.00000000000000 ) );
#10126 = CARTESIAN_POINT( '', ( 0.00768466063388600, -0.00150000000001000, 0.00105259599674700 ) );
#10127 = DIRECTION( '', ( 0.00000000000000, 1.00000000000000, 0.00000000000000 ) );
#10128 = DIRECTION( '', ( -1.00000000000000, 0.00000000000000, 0.00000000000000 ) );
#10129 = CARTESIAN_POINT( '', ( 0.00768466063388600, 0.000500000000010000, 0.00105259599674700 ) );
#10130 = DIRECTION( '', ( 0.00000000000000, -1.00000000000000, 0.00000000000000 ) );
#10131 = DIRECTION( '', ( 0.559718879209348, 0.00000000000000, 0.828682554574809 ) );
#10132 = DIRECTION( '', ( 0.00000000000000, -1.00000000000000, 0.00000000000000 ) );
#10133 = DIRECTION( '', ( 0.00000000000000, -1.00000000000000, 0.00000000000000 ) );
#10134 = DIRECTION( '', ( 0.00000000000000, 0.00000000000000, 1.00000000000000 ) );
#10135 = CARTESIAN_POINT( '', ( 0.00000000000000, 0.00619104732317400, 0.00000000000000 ) );
#10136 = DIRECTION( '', ( 0.00000000000000, -1.00000000000000, -0.00000000000000 ) );
#10137 = DIRECTION( '', ( -0.828442875082136, 0.00000000000000, -0.560073569029680 ) );
#10138 = CARTESIAN_POINT( '', ( 0.00000000000000, 0.00566126201252900, 0.00000000000000 ) );
#10139 = DIRECTION( '', ( 0.00000000000000, 1.00000000000000, 0.00000000000000 ) );
#10140 = DIRECTION( '', ( -0.560073569029680, 0.00000000000000, -0.828442875082136 ) );
#10141 = CARTESIAN_POINT( '', ( 0.00573809871395000, 0.00150000000001000, 0.00250000000001000 ) );
#10142 = DIRECTION( '', ( 0.00000000000000, -1.00000000000000, 0.00000000000000 ) );
#10143 = DIRECTION( '', ( 0.970307208874891, 0.00000000000000, -0.241875836753940 ) );
#10144 = CARTESIAN_POINT( '', ( 0.00573809871395000, -0.00150000000001000, 0.00250000000001000 ) );
#10145 = DIRECTION( '', ( -0.00000000000000, 1.00000000000000, 0.00000000000000 ) );
#10146 = DIRECTION( '', ( 0.988454935167159, 0.00000000000000, 0.151515151531745 ) );
#10147 = DIRECTION( '', ( 0.00000000000000, 1.00000000000000, 0.00000000000000 ) );
#10148 = DIRECTION( '', ( 0.00000000000000, -1.00000000000000, 0.00000000000000 ) );
#10149 = DIRECTION( '', ( 0.00000000000000, 1.00000000000000, 0.00000000000000 ) );
#10150 = DIRECTION( '', ( 0.00000000000000, -1.00000000000000, 0.00000000000000 ) );
#10151 = CARTESIAN_POINT( '', ( 0.00827755413070000, -0.00150000000001000, -0.000763804130700400 ) );
#10152 = DIRECTION( '', ( -0.00000000000000, 1.00000000000000, 0.00000000000000 ) );
#10153 = DIRECTION( '', ( 0.979591018234157, 0.00000000000000, 0.201001087049218 ) );
#10154 = CARTESIAN_POINT( '', ( 0.00827755413070000, 0.000500000000010000, -0.000763804130700400 ) );
#10155 = DIRECTION( '', ( 0.00000000000000, -1.00000000000000, 0.00000000000000 ) );
#10156 = DIRECTION( '', ( 0.307423774194740, 0.00000000000000, -0.951572710337924 ) );
#10157 = CARTESIAN_POINT( '', ( 0.0120000000000100, -0.00150000000001000, -0.00600000000001000 ) );
#10158 = DIRECTION( '', ( 0.00000000000000, -1.00000000000000, 0.00000000000000 ) );
#10159 = DIRECTION( '', ( 0.00000000000000, 0.00000000000000, -1.00000000000000 ) );
#10160 = CARTESIAN_POINT( '', ( -0.0120000000000100, -0.00150000000001000, 0.00600000000001000 ) );
#10161 = DIRECTION( '', ( 0.00000000000000, -1.00000000000000, 0.00000000000000 ) );
#10162 = DIRECTION( '', ( 0.00000000000000, 0.00000000000000, 1.00000000000000 ) );
#10163 = CARTESIAN_POINT( '', ( -0.0120000000000100, -0.00150000000001000, -0.00600000000001000 ) );
#10164 = DIRECTION( '', ( 0.00000000000000, -1.00000000000000, 0.00000000000000 ) );
#10165 = DIRECTION( '', ( -1.00000000000000, 0.00000000000000, 0.00000000000000 ) );
#10166 = CARTESIAN_POINT( '', ( -0.0120000000000100, -0.00150000000001000, 0.00600000000001000 ) );
#10167 = DIRECTION( '', ( 0.00000000000000, -1.00000000000000, 0.00000000000000 ) );
#10168 = DIRECTION( '', ( -1.00000000000000, 0.00000000000000, 0.00000000000000 ) );
#10169 = CARTESIAN_POINT( '', ( -0.0120000000000100, -0.00150000000001000, 0.00000000000000 ) );
#10170 = DIRECTION( '', ( 0.00000000000000, -1.00000000000000, 0.00000000000000 ) );
#10171 = DIRECTION( '', ( -1.00000000000000, 0.00000000000000, 0.00000000000000 ) );
#10172 = CARTESIAN_POINT( '', ( -0.00900000000001000, -0.00150000000001000, -0.00300000000001000 ) );
#10173 = DIRECTION( '', ( 0.00000000000000, -1.00000000000000, 0.00000000000000 ) );
#10174 = DIRECTION( '', ( -1.00000000000000, 0.00000000000000, 0.00000000000000 ) );
#10175 = CARTESIAN_POINT( '', ( 0.00900000000001000, -0.00150000000001000, -0.00300000000001000 ) );
#10176 = DIRECTION( '', ( 0.00000000000000, -1.00000000000000, 0.00000000000000 ) );
#10177 = DIRECTION( '', ( -1.00000000000000, 0.00000000000000, 0.00000000000000 ) );
#10178 = CARTESIAN_POINT( '', ( -0.00768466063388600, -0.00150000000001000, -0.00105259599674700 ) );
#10179 = DIRECTION( '', ( -0.00000000000000, 1.00000000000000, 0.00000000000000 ) );
#10180 = DIRECTION( '', ( 1.00000000000000, 0.00000000000000, 0.00000000000000 ) );
#10181 = CARTESIAN_POINT( '', ( 0.00900000000001000, -0.00150000000001000, 0.00300000000001000 ) );
#10182 = DIRECTION( '', ( 0.00000000000000, 1.00000000000000, 0.00000000000000 ) );
#10183 = DIRECTION( '', ( -0.307423774177298, 0.00000000000000, -0.951572710343558 ) );
#10184 = CARTESIAN_POINT( '', ( 0.00827755413070000, -0.00150000000001000, 0.000763804130700400 ) );
#10185 = DIRECTION( '', ( -0.00000000000000, 1.00000000000000, 0.00000000000000 ) );
#10186 = DIRECTION( '', ( 0.307423774194740, 0.00000000000000, 0.951572710337924 ) );
#10187 = DIRECTION( '', ( 1.00000000000000, 0.00000000000000, 0.00000000000000 ) );
#10188 = CARTESIAN_POINT( '', ( -0.00860147090641700, -0.00150000000001000, -0.00770000000001000 ) );
#10189 = DIRECTION( '', ( 0.00000000000000, 1.00000000000000, 0.00000000000000 ) );
#10190 = DIRECTION( '', ( 0.00000000000000, 0.00000000000000, -1.00000000000000 ) );
#10191 = CARTESIAN_POINT( '', ( -0.00827755413070000, -0.00150000000001000, -0.00523619586932000 ) );
#10192 = DIRECTION( '', ( 0.00000000000000, 1.00000000000000, 0.00000000000000 ) );
#10193 = DIRECTION( '', ( -0.979591018234157, 0.00000000000000, -0.201001087049218 ) );
#10194 = CARTESIAN_POINT( '', ( -0.00860147090641700, -0.00150000000001000, 0.00770000000001000 ) );
#10195 = DIRECTION( '', ( 0.00000000000000, 1.00000000000000, 0.00000000000000 ) );
#10196 = DIRECTION( '', ( -0.894349761465261, 0.00000000000000, -0.447368421065938 ) );
#10197 = CARTESIAN_POINT( '', ( -0.00503487835008000, -0.00150000000001000, 0.00770000000001000 ) );
#10198 = DIRECTION( '', ( 0.00000000000000, 1.00000000000000, 0.00000000000000 ) );
#10199 = DIRECTION( '', ( 0.00000000000000, 0.00000000000000, 1.00000000000000 ) );
#10200 = CARTESIAN_POINT( '', ( -0.00827755413070000, -0.00150000000001000, 0.00523619586932000 ) );
#10201 = DIRECTION( '', ( 0.00000000000000, 1.00000000000000, 0.00000000000000 ) );
#10202 = DIRECTION( '', ( -0.307423774194740, 0.00000000000000, -0.951572710337924 ) );
#10203 = DIRECTION( '', ( -1.00000000000000, 0.00000000000000, 0.00000000000000 ) );
#10204 = CARTESIAN_POINT( '', ( 0.00860147090641700, -0.00150000000001000, 0.00770000000001000 ) );
#10205 = DIRECTION( '', ( 0.00000000000000, 1.00000000000000, 0.00000000000000 ) );
#10206 = DIRECTION( '', ( 0.00000000000000, 0.00000000000000, 1.00000000000000 ) );
#10207 = CARTESIAN_POINT( '', ( 0.00827755413070000, -0.00150000000001000, 0.00523619586932000 ) );
#10208 = DIRECTION( '', ( -0.00000000000000, 1.00000000000000, 0.00000000000000 ) );
#10209 = DIRECTION( '', ( 0.979591018234157, 0.00000000000000, 0.201001087049218 ) );
#10210 = CARTESIAN_POINT( '', ( 0.00900000000001000, -0.00150000000001000, 0.00300000000001000 ) );
#10211 = DIRECTION( '', ( 0.00000000000000, -1.00000000000000, 0.00000000000000 ) );
#10212 = DIRECTION( '', ( -0.307423774177298, 0.00000000000000, 0.951572710343558 ) );
#10213 = DIRECTION( '', ( -1.00000000000000, 0.00000000000000, 0.00000000000000 ) );
#10214 = CARTESIAN_POINT( '', ( 0.00000000000000, -0.00150000000001000, 0.00000000000000 ) );
#10215 = DIRECTION( '', ( 0.00000000000000, 1.00000000000000, 0.00000000000000 ) );
#10216 = DIRECTION( '', ( 0.840784067656063, 0.00000000000000, -0.541370623118512 ) );
#10217 = CARTESIAN_POINT( '', ( 0.0120000000000100, -0.00150000000001000, -0.00600000000001000 ) );
#10218 = DIRECTION( '', ( 0.00000000000000, -1.00000000000000, 0.00000000000000 ) );
#10219 = DIRECTION( '', ( -0.979591018238927, 0.00000000000000, 0.201001087025974 ) );
#10220 = CARTESIAN_POINT( '', ( 0.00250000000001000, -0.00150000000001000, -0.00250000000001000 ) );
#10221 = DIRECTION( '', ( 0.00000000000000, 1.00000000000000, 0.00000000000000 ) );
#10222 = DIRECTION( '', ( -1.00000000000000, 0.00000000000000, 0.00000000000000 ) );
#10223 = DIRECTION( '', ( 1.00000000000000, 0.00000000000000, 0.00000000000000 ) );
#10224 = DIRECTION( '', ( 0.00000000000000, 0.00000000000000, 1.00000000000000 ) );
#10225 = CARTESIAN_POINT( '', ( 0.00250000000001000, -0.00150000000001000, 0.00696491205975600 ) );
#10226 = DIRECTION( '', ( 0.00000000000000, 1.00000000000000, 0.00000000000000 ) );
#10227 = DIRECTION( '', ( -1.00000000000000, 0.00000000000000, 0.00000000000000 ) );
#10228 = CARTESIAN_POINT( '', ( 0.00000000000000, -0.00150000000001000, 0.00000000000000 ) );
#10229 = DIRECTION( '', ( 0.00000000000000, -1.00000000000000, 0.00000000000000 ) );
#10230 = DIRECTION( '', ( 0.809173382700024, 0.00000000000000, 0.587569941989719 ) );
#10231 = CARTESIAN_POINT( '', ( 0.00598788303199200, -0.00150000000001000, 0.00434801757073200 ) );
#10232 = DIRECTION( '', ( -0.00000000000000, 1.00000000000000, 0.00000000000000 ) );
#10233 = DIRECTION( '', ( 0.809173382697584, 0.00000000000000, 0.587569941993078 ) );
#10234 = DIRECTION( '', ( 0.00000000000000, 0.00000000000000, -1.00000000000000 ) );
#10235 = DIRECTION( '', ( -1.00000000000000, 0.00000000000000, 0.00000000000000 ) );
#10236 = CARTESIAN_POINT( '', ( -0.00598788303199200, -0.00150000000001000, -0.00434801757073200 ) );
#10237 = DIRECTION( '', ( 0.00000000000000, 1.00000000000000, 0.00000000000000 ) );
#10238 = DIRECTION( '', ( -0.809173382697584, 0.00000000000000, -0.587569941993078 ) );
#10239 = CARTESIAN_POINT( '', ( -0.00900000000001000, -0.00150000000001000, -0.00300000000001000 ) );
#10240 = DIRECTION( '', ( 0.00000000000000, -1.00000000000000, 0.00000000000000 ) );
#10241 = DIRECTION( '', ( 0.912762717580594, 0.00000000000000, -0.408490172947757 ) );
#10242 = DIRECTION( '', ( 1.00000000000000, 0.00000000000000, 0.00000000000000 ) );
#10243 = DIRECTION( '', ( 0.00000000000000, 0.00000000000000, -1.00000000000000 ) );
#10244 = DIRECTION( '', ( 0.00000000000000, 1.00000000000000, 0.00000000000000 ) );
#10245 = CARTESIAN_POINT( '', ( 0.00860147090641700, 0.000500000000010000, 0.00770000000001000 ) );
#10246 = DIRECTION( '', ( 0.00000000000000, -1.00000000000000, 0.00000000000000 ) );
#10247 = DIRECTION( '', ( 0.894349761465261, 0.00000000000000, -0.447368421065938 ) );
#10248 = DIRECTION( '', ( 0.00000000000000, 1.00000000000000, 0.00000000000000 ) );
#10249 = DIRECTION( '', ( 0.00000000000000, 1.00000000000000, 0.00000000000000 ) );
#10250 = CARTESIAN_POINT( '', ( 0.00900000000001000, 0.000700000000010000, 0.00300000000001000 ) );
#10251 = DIRECTION( '', ( -0.00000000000000, 1.00000000000000, 0.00000000000000 ) );
#10252 = DIRECTION( '', ( 0.965525741594548, 0.00000000000000, 0.260307591741574 ) );
#10253 = DIRECTION( '', ( 0.00000000000000, -1.00000000000000, 0.00000000000000 ) );
#10254 = CARTESIAN_POINT( '', ( 0.00900000000001000, 0.000700000000010000, -0.00300000000001000 ) );
#10255 = DIRECTION( '', ( 0.00000000000000, -1.00000000000000, 0.00000000000000 ) );
#10256 = DIRECTION( '', ( -1.00000000000000, 0.00000000000000, 0.00000000000000 ) );
#10257 = DIRECTION( '', ( 0.00000000000000, 1.00000000000000, 0.00000000000000 ) );
#10258 = CARTESIAN_POINT( '', ( 0.00827755413070000, 0.000500000000010000, 0.00523619586932000 ) );
#10259 = DIRECTION( '', ( 0.00000000000000, -1.00000000000000, 0.00000000000000 ) );
#10260 = DIRECTION( '', ( 0.307423774194740, 0.00000000000000, -0.951572710337924 ) );
#10261 = CARTESIAN_POINT( '', ( -0.00457621256934600, 0.00607587605617400, -0.00280000000001000 ) );
#10262 = DIRECTION( '', ( 0.760812682172017, 0.648971542246824, 0.00000000000000 ) );
#10263 = DIRECTION( '', ( -0.603160464777642, 0.707106708253518, -0.369049531732657 ) );
#10264 = CARTESIAN_POINT( '', ( 0.00690954550397300, 0.00150000000001000, -0.00280000000001000 ) );
#10265 = DIRECTION( '', ( 0.00000000000000, -1.00000000000000, 0.00000000000000 ) );
#10266 = DIRECTION( '', ( 0.995454521919374, 0.00000000000000, -0.0952380952679639 ) );
#10267 = DIRECTION( '', ( 0.00000000000000, 1.00000000000000, 0.00000000000000 ) );
#10268 = CARTESIAN_POINT( '', ( 0.0109310514832000, 0.000700000000010000, 0.00352061518348600 ) );
#10269 = DIRECTION( '', ( 0.00000000000000, -1.00000000000000, 0.00000000000000 ) );
#10270 = DIRECTION( '', ( 0.395906858101394, 0.00000000000000, 0.918290672776481 ) );
#10271 = CARTESIAN_POINT( '', ( 0.00952061518348600, 0.000700000000010000, 0.00106894851681900 ) );
#10272 = DIRECTION( '', ( 0.00000000000000, -1.00000000000000, 0.00000000000000 ) );
#10273 = DIRECTION( '', ( 0.918290672776481, 0.00000000000000, -0.395906858101394 ) );
#10274 = DIRECTION( '', ( 0.00000000000000, -1.00000000000000, 0.00000000000000 ) );
#10275 = CARTESIAN_POINT( '', ( 0.00952061518348600, 0.00150000000001000, 0.00106894851681900 ) );
#10276 = DIRECTION( '', ( 0.00000000000000, 1.00000000000000, 0.00000000000000 ) );
#10277 = DIRECTION( '', ( -0.260307591771837, 0.00000000000000, 0.965525741586389 ) );
#10278 = CARTESIAN_POINT( '', ( 0.00900000000001000, 0.000500000000010000, 0.00300000000001000 ) );
#10279 = DIRECTION( '', ( 0.00000000000000, -1.00000000000000, -0.00000000000000 ) );
#10280 = DIRECTION( '', ( -0.559718879202959, 0.00000000000000, -0.828682554579124 ) );
#10281 = DIRECTION( '', ( 0.00000000000000, -1.00000000000000, 0.00000000000000 ) );
#10282 = DIRECTION( '', ( 0.00000000000000, 1.00000000000000, 0.00000000000000 ) );
#10283 = CARTESIAN_POINT( '', ( 0.00900000000001000, 0.000700000000010000, -0.00300000000001000 ) );
#10284 = DIRECTION( '', ( -0.00000000000000, 1.00000000000000, 0.00000000000000 ) );
#10285 = DIRECTION( '', ( 0.965525741594548, 0.00000000000000, 0.260307591741574 ) );
#10286 = CARTESIAN_POINT( '', ( 0.00000000000000, 0.00619104732317400, 0.00000000000000 ) );
#10287 = DIRECTION( '', ( 0.00000000000000, -1.00000000000000, 0.00000000000000 ) );
#10288 = DIRECTION( '', ( -0.560073569029680, 0.00000000000000, 0.828442875082136 ) );
#10289 = DIRECTION( '', ( -1.00000000000000, 0.00000000000000, 0.00000000000000 ) );
#10290 = CARTESIAN_POINT( '', ( 0.00000000000000, 0.00619104732317400, 0.00000000000000 ) );
#10291 = DIRECTION( '', ( 0.00000000000000, -1.00000000000000, 0.00000000000000 ) );
#10292 = DIRECTION( '', ( 0.828442875082136, 0.00000000000000, 0.560073569029680 ) );
#10293 = CARTESIAN_POINT( '', ( 0.00000000000000, 0.00509048666720100, 0.00000000000000 ) );
#10294 = DIRECTION( '', ( 0.00000000000000, 1.00000000000000, 0.00000000000000 ) );
#10295 = DIRECTION( '', ( -0.537265487543353, 0.00000000000000, -0.843413182191744 ) );
#10296 = DIRECTION( '', ( 0.00000000000000, -1.00000000000000, 0.00000000000000 ) );
#10297 = DIRECTION( '', ( 0.00000000000000, -1.00000000000000, 0.00000000000000 ) );
#10298 = CARTESIAN_POINT( '', ( -0.0120000000000100, -0.000700000000010000, 0.00600000000001000 ) );
#10299 = DIRECTION( '', ( 0.00000000000000, -1.00000000000000, 0.00000000000000 ) );
#10300 = DIRECTION( '', ( -1.00000000000000, 0.00000000000000, 0.00000000000000 ) );
#10301 = CARTESIAN_POINT( '', ( 0.00827755413070000, 0.000500000000010000, 0.000763804130700400 ) );
#10302 = DIRECTION( '', ( 0.00000000000000, -1.00000000000000, 0.00000000000000 ) );
#10303 = DIRECTION( '', ( 0.979591018234157, 0.00000000000000, -0.201001087049218 ) );
#10304 = CARTESIAN_POINT( '', ( 0.00000000000000, 0.00628800819142500, 0.00000000000000 ) );
#10305 = DIRECTION( '', ( 0.00000000000000, -1.00000000000000, 0.00000000000000 ) );
#10306 = DIRECTION( '', ( 0.852997588684462, 0.00000000000000, 0.521914852919989 ) );
#10307 = CARTESIAN_POINT( '', ( 0.00000000000000, 0.00666651732945300, 0.00000000000000 ) );
#10308 = DIRECTION( '', ( 0.00000000000000, -1.00000000000000, 0.00000000000000 ) );
#10309 = DIRECTION( '', ( 0.816906022812532, 0.00000000000000, 0.576770794937306 ) );
#10310 = CARTESIAN_POINT( '', ( 0.0120000000000100, 0.00150000000001000, 0.00000000000000 ) );
#10311 = DIRECTION( '', ( 0.00000000000000, -1.00000000000000, 0.00000000000000 ) );
#10312 = DIRECTION( '', ( -0.918290672786031, 0.00000000000000, 0.395906858079244 ) );
#10313 = CARTESIAN_POINT( '', ( 0.0120000000000100, 0.000700000000010000, 0.00000000000000 ) );
#10314 = DIRECTION( '', ( 0.00000000000000, 1.00000000000000, 0.00000000000000 ) );
#10315 = DIRECTION( '', ( -0.918290672785995, 0.00000000000000, -0.395906858079328 ) );
#10316 = DIRECTION( '', ( 1.00000000000000, 0.00000000000000, 0.00000000000000 ) );
#10317 = DIRECTION( '', ( 0.00000000000000, -1.00000000000000, 0.00000000000000 ) );
#10318 = CARTESIAN_POINT( '', ( -0.0120000000000100, -0.000700000000010000, 0.00600000000001000 ) );
#10319 = DIRECTION( '', ( 0.00000000000000, -1.00000000000000, 0.00000000000000 ) );
#10320 = DIRECTION( '', ( -1.00000000000000, 0.00000000000000, 0.00000000000000 ) );
#10321 = CARTESIAN_POINT( '', ( 0.0120000000000100, 0.000700000000010000, -0.00600000000001000 ) );
#10322 = DIRECTION( '', ( 0.00000000000000, 1.00000000000000, 0.00000000000000 ) );
#10323 = DIRECTION( '', ( -0.395906858079328, 0.00000000000000, 0.918290672785995 ) );
#10324 = CARTESIAN_POINT( '', ( 0.0120000000000100, 0.000700000000010000, -0.00600000000001000 ) );
#10325 = DIRECTION( '', ( 0.00000000000000, -1.00000000000000, 0.00000000000000 ) );
#10326 = DIRECTION( '', ( 1.00000000000000, 0.00000000000000, 0.00000000000000 ) );
#10327 = CARTESIAN_POINT( '', ( 0.0120000000000100, 0.000700000000010000, 0.00000000000000 ) );
#10328 = DIRECTION( '', ( 0.00000000000000, -1.00000000000000, 0.00000000000000 ) );
#10329 = DIRECTION( '', ( -1.00000000000000, 0.00000000000000, 0.00000000000000 ) );
#10330 = DIRECTION( '', ( 0.00000000000000, 1.00000000000000, 0.00000000000000 ) );
#10331 = DIRECTION( '', ( 0.00000000000000, 1.00000000000000, 0.00000000000000 ) );
#10332 = DIRECTION( '', ( 0.00000000000000, 1.00000000000000, 0.00000000000000 ) );
#10333 = CARTESIAN_POINT( '', ( 0.00900000000001000, 0.000500000000010000, 0.00300000000001000 ) );
#10334 = DIRECTION( '', ( 0.00000000000000, 1.00000000000000, 0.00000000000000 ) );
#10335 = DIRECTION( '', ( -0.538207054283221, 0.00000000000000, 0.842812652206751 ) );
#10336 = CARTESIAN_POINT( '', ( 0.00690954550397300, 0.00150000000001000, 0.00280000000001000 ) );
#10337 = DIRECTION( '', ( 0.00000000000000, -1.00000000000000, 0.00000000000000 ) );
#10338 = DIRECTION( '', ( 0.00000000000000, 0.00000000000000, -1.00000000000000 ) );
#10339 = CARTESIAN_POINT( '', ( 0.00000000000000, 0.00150000000001000, 0.00000000000000 ) );
#10340 = DIRECTION( '', ( 0.00000000000000, -1.00000000000000, 0.00000000000000 ) );
#10341 = DIRECTION( '', ( 0.934072804818333, 0.00000000000000, -0.357082616909325 ) );
#10342 = DIRECTION( '', ( 0.00000000000000, 1.00000000000000, 0.00000000000000 ) );
ENDSEC;
END-ISO-10303-21;
