ISO-10303-21;
HEADER;
FILE_DESCRIPTION( ( '' ), ' ' );
FILE_NAME( '/vol/tmp/translate-8025236925456657293/589d668fc139c90fab4a3a9d.step', '2017-02-10T07:06:56', ( '' ), ( '' ), ' ', ' ', ' ' );
FILE_SCHEMA( ( 'AUTOMOTIVE_DESIGN { 1 0 10303 214 1 1 1 1 }' ) );
ENDSEC;
DATA;
#1 = MECHANICAL_DESIGN_GEOMETRIC_PRESENTATION_REPRESENTATION( ' ', ( #10, #11, #12, #13, #14, #15, #16, #17, #18, #19, #20, #21, #22, #23, #24, #25, #26, #27, #28, #29, #30, #31, #32, #33, #34, #35, #36, #37, #38, #39, #40, #41, #42, #43, #44, #45, #46, #47, #48, #49, #50, #51, #52, #53, #54, #55, #56, #57, #58, #59, #60, #61, #62, #63, #64, #65, #66, #67, #68, #69, #70, #71, #72, #73, #74, #75, #76, #77, #78, #79, #80, #81, #82, #83, #84, #85, #86, #87, #88, #89, #90, #91, #92, #93, #94, #95, #96, #97, #98, #99, #100, #101, #102, #103, #104, #105, #106, #107, #108, #109, #110, #111, #112, #113, #114, #115, #116, #117, #118, #119, #120, #121, #122, #123, #124, #125, #126, #127, #128, #129, #130, #131, #132, #133, #134, #135, #136, #137, #138, #139, #140, #141, #142, #143, #144, #145, #146, #147, #148, #149, #150, #151, #152, #153, #154, #155, #156, #157, #158, #159, #160, #161, #162, #163, #164, #165, #166, #167, #168, #169, #170, #171, #172, #173, #174, #175, #176, #177, #178, #179, #180, #181, #182, #183, #184, #185, #186, #187, #188, #189, #190, #191, #192, #193, #194, #195, #196, #197, #198, #199, #200, #201, #202, #203, #204, #205, #206, #207, #208, #209, #210, #211, #212, #213, #214, #215, #216, #217, #218, #219, #220, #221, #222, #223, #224, #225, #226, #227, #228, #229, #230, #231, #232, #233, #234, #235, #236, #237, #238, #239, #240, #241, #242, #243, #244, #245, #246, #247, #248, #249, #250, #251, #252, #253, #254, #255, #256, #257, #258, #259, #260, #261, #262, #263, #264, #265, #266, #267, #268, #269, #270, #271, #272, #273, #274, #275, #276, #277, #278, #279, #280, #281, #282, #283, #284, #285, #286, #287, #288, #289, #290, #291, #292, #293, #294, #295, #296, #297, #298, #299, #300, #301, #302, #303, #304, #305, #306, #307, #308, #309, #310, #311, #312, #313, #314, #315 ), #6 );
#2 = PRODUCT_DEFINITION_CONTEXT( '', #316, 'design' );
#3 = APPLICATION_PROTOCOL_DEFINITION( 'international standard', 'automotive_design', 2001, #316 );
#4 = PRODUCT_CATEGORY_RELATIONSHIP( 'NONE', 'NONE', #317, #318 );
#5 = SHAPE_DEFINITION_REPRESENTATION( #319, #320 );
#6 =  ( GEOMETRIC_REPRESENTATION_CONTEXT( 3 )GLOBAL_UNCERTAINTY_ASSIGNED_CONTEXT( ( #323 ) )GLOBAL_UNIT_ASSIGNED_CONTEXT( ( #325, #326, #327 ) )REPRESENTATION_CONTEXT( 'NONE', 'WORKSPACE' ) );
#10 = STYLED_ITEM( '', ( #329 ), #330 );
#11 = STYLED_ITEM( '', ( #331 ), #332 );
#12 = STYLED_ITEM( '', ( #333 ), #334 );
#13 = STYLED_ITEM( '', ( #335 ), #336 );
#14 = STYLED_ITEM( '', ( #337 ), #338 );
#15 = STYLED_ITEM( '', ( #339 ), #340 );
#16 = STYLED_ITEM( '', ( #341 ), #342 );
#17 = STYLED_ITEM( '', ( #343 ), #344 );
#18 = STYLED_ITEM( '', ( #345 ), #346 );
#19 = STYLED_ITEM( '', ( #347 ), #348 );
#20 = STYLED_ITEM( '', ( #349 ), #350 );
#21 = STYLED_ITEM( '', ( #351 ), #352 );
#22 = STYLED_ITEM( '', ( #353 ), #354 );
#23 = STYLED_ITEM( '', ( #355 ), #356 );
#24 = STYLED_ITEM( '', ( #357 ), #358 );
#25 = STYLED_ITEM( '', ( #359 ), #360 );
#26 = STYLED_ITEM( '', ( #361 ), #362 );
#27 = STYLED_ITEM( '', ( #363 ), #364 );
#28 = STYLED_ITEM( '', ( #365 ), #366 );
#29 = STYLED_ITEM( '', ( #367 ), #368 );
#30 = STYLED_ITEM( '', ( #369 ), #370 );
#31 = STYLED_ITEM( '', ( #371 ), #372 );
#32 = STYLED_ITEM( '', ( #373 ), #374 );
#33 = STYLED_ITEM( '', ( #375 ), #376 );
#34 = STYLED_ITEM( '', ( #377 ), #378 );
#35 = STYLED_ITEM( '', ( #379 ), #380 );
#36 = STYLED_ITEM( '', ( #381 ), #382 );
#37 = STYLED_ITEM( '', ( #383 ), #384 );
#38 = STYLED_ITEM( '', ( #385 ), #386 );
#39 = STYLED_ITEM( '', ( #387 ), #388 );
#40 = STYLED_ITEM( '', ( #389 ), #390 );
#41 = STYLED_ITEM( '', ( #391 ), #392 );
#42 = STYLED_ITEM( '', ( #393 ), #394 );
#43 = STYLED_ITEM( '', ( #395 ), #396 );
#44 = STYLED_ITEM( '', ( #397 ), #398 );
#45 = STYLED_ITEM( '', ( #399 ), #400 );
#46 = STYLED_ITEM( '', ( #401 ), #402 );
#47 = STYLED_ITEM( '', ( #403 ), #404 );
#48 = STYLED_ITEM( '', ( #405 ), #406 );
#49 = STYLED_ITEM( '', ( #407 ), #408 );
#50 = STYLED_ITEM( '', ( #409 ), #410 );
#51 = STYLED_ITEM( '', ( #411 ), #412 );
#52 = STYLED_ITEM( '', ( #413 ), #414 );
#53 = STYLED_ITEM( '', ( #415 ), #416 );
#54 = STYLED_ITEM( '', ( #417 ), #418 );
#55 = STYLED_ITEM( '', ( #419 ), #420 );
#56 = STYLED_ITEM( '', ( #421 ), #422 );
#57 = STYLED_ITEM( '', ( #423 ), #424 );
#58 = STYLED_ITEM( '', ( #425 ), #426 );
#59 = STYLED_ITEM( '', ( #427 ), #428 );
#60 = STYLED_ITEM( '', ( #429 ), #430 );
#61 = STYLED_ITEM( '', ( #431 ), #432 );
#62 = STYLED_ITEM( '', ( #433 ), #434 );
#63 = STYLED_ITEM( '', ( #435 ), #436 );
#64 = STYLED_ITEM( '', ( #437 ), #438 );
#65 = STYLED_ITEM( '', ( #439 ), #440 );
#66 = STYLED_ITEM( '', ( #441 ), #442 );
#67 = STYLED_ITEM( '', ( #443 ), #444 );
#68 = STYLED_ITEM( '', ( #445 ), #446 );
#69 = STYLED_ITEM( '', ( #447 ), #448 );
#70 = STYLED_ITEM( '', ( #449 ), #450 );
#71 = STYLED_ITEM( '', ( #451 ), #452 );
#72 = STYLED_ITEM( '', ( #453 ), #454 );
#73 = STYLED_ITEM( '', ( #455 ), #456 );
#74 = STYLED_ITEM( '', ( #457 ), #458 );
#75 = STYLED_ITEM( '', ( #459 ), #460 );
#76 = STYLED_ITEM( '', ( #461 ), #462 );
#77 = STYLED_ITEM( '', ( #463 ), #464 );
#78 = STYLED_ITEM( '', ( #465 ), #466 );
#79 = STYLED_ITEM( '', ( #467 ), #468 );
#80 = STYLED_ITEM( '', ( #469 ), #470 );
#81 = STYLED_ITEM( '', ( #471 ), #472 );
#82 = STYLED_ITEM( '', ( #473 ), #474 );
#83 = STYLED_ITEM( '', ( #475 ), #476 );
#84 = STYLED_ITEM( '', ( #477 ), #478 );
#85 = STYLED_ITEM( '', ( #479 ), #480 );
#86 = STYLED_ITEM( '', ( #481 ), #482 );
#87 = STYLED_ITEM( '', ( #483 ), #484 );
#88 = STYLED_ITEM( '', ( #485 ), #486 );
#89 = STYLED_ITEM( '', ( #487 ), #488 );
#90 = STYLED_ITEM( '', ( #489 ), #490 );
#91 = STYLED_ITEM( '', ( #491 ), #492 );
#92 = STYLED_ITEM( '', ( #493 ), #494 );
#93 = STYLED_ITEM( '', ( #495 ), #496 );
#94 = STYLED_ITEM( '', ( #497 ), #498 );
#95 = STYLED_ITEM( '', ( #499 ), #500 );
#96 = STYLED_ITEM( '', ( #501 ), #502 );
#97 = STYLED_ITEM( '', ( #503 ), #504 );
#98 = STYLED_ITEM( '', ( #505 ), #506 );
#99 = STYLED_ITEM( '', ( #507 ), #508 );
#100 = STYLED_ITEM( '', ( #509 ), #510 );
#101 = STYLED_ITEM( '', ( #511 ), #512 );
#102 = STYLED_ITEM( '', ( #513 ), #514 );
#103 = STYLED_ITEM( '', ( #515 ), #516 );
#104 = STYLED_ITEM( '', ( #517 ), #518 );
#105 = STYLED_ITEM( '', ( #519 ), #520 );
#106 = STYLED_ITEM( '', ( #521 ), #522 );
#107 = STYLED_ITEM( '', ( #523 ), #524 );
#108 = STYLED_ITEM( '', ( #525 ), #526 );
#109 = STYLED_ITEM( '', ( #527 ), #528 );
#110 = STYLED_ITEM( '', ( #529 ), #530 );
#111 = STYLED_ITEM( '', ( #531 ), #532 );
#112 = STYLED_ITEM( '', ( #533 ), #534 );
#113 = STYLED_ITEM( '', ( #535 ), #536 );
#114 = STYLED_ITEM( '', ( #537 ), #538 );
#115 = STYLED_ITEM( '', ( #539 ), #540 );
#116 = STYLED_ITEM( '', ( #541 ), #542 );
#117 = STYLED_ITEM( '', ( #543 ), #544 );
#118 = STYLED_ITEM( '', ( #545 ), #546 );
#119 = STYLED_ITEM( '', ( #547 ), #548 );
#120 = STYLED_ITEM( '', ( #549 ), #550 );
#121 = STYLED_ITEM( '', ( #551 ), #552 );
#122 = STYLED_ITEM( '', ( #553 ), #554 );
#123 = STYLED_ITEM( '', ( #555 ), #556 );
#124 = STYLED_ITEM( '', ( #557 ), #558 );
#125 = STYLED_ITEM( '', ( #559 ), #560 );
#126 = STYLED_ITEM( '', ( #561 ), #562 );
#127 = STYLED_ITEM( '', ( #563 ), #564 );
#128 = STYLED_ITEM( '', ( #565 ), #566 );
#129 = STYLED_ITEM( '', ( #567 ), #568 );
#130 = STYLED_ITEM( '', ( #569 ), #570 );
#131 = STYLED_ITEM( '', ( #571 ), #572 );
#132 = STYLED_ITEM( '', ( #573 ), #574 );
#133 = STYLED_ITEM( '', ( #575 ), #576 );
#134 = STYLED_ITEM( '', ( #577 ), #578 );
#135 = STYLED_ITEM( '', ( #579 ), #580 );
#136 = STYLED_ITEM( '', ( #581 ), #582 );
#137 = STYLED_ITEM( '', ( #583 ), #584 );
#138 = STYLED_ITEM( '', ( #585 ), #586 );
#139 = STYLED_ITEM( '', ( #587 ), #588 );
#140 = STYLED_ITEM( '', ( #589 ), #590 );
#141 = STYLED_ITEM( '', ( #591 ), #592 );
#142 = STYLED_ITEM( '', ( #593 ), #594 );
#143 = STYLED_ITEM( '', ( #595 ), #596 );
#144 = STYLED_ITEM( '', ( #597 ), #598 );
#145 = STYLED_ITEM( '', ( #599 ), #600 );
#146 = STYLED_ITEM( '', ( #601 ), #602 );
#147 = STYLED_ITEM( '', ( #603 ), #604 );
#148 = STYLED_ITEM( '', ( #605 ), #606 );
#149 = STYLED_ITEM( '', ( #607 ), #608 );
#150 = STYLED_ITEM( '', ( #609 ), #610 );
#151 = STYLED_ITEM( '', ( #611 ), #612 );
#152 = STYLED_ITEM( '', ( #613 ), #614 );
#153 = STYLED_ITEM( '', ( #615 ), #616 );
#154 = STYLED_ITEM( '', ( #617 ), #618 );
#155 = STYLED_ITEM( '', ( #619 ), #620 );
#156 = STYLED_ITEM( '', ( #621 ), #622 );
#157 = STYLED_ITEM( '', ( #623 ), #624 );
#158 = STYLED_ITEM( '', ( #625 ), #626 );
#159 = STYLED_ITEM( '', ( #627 ), #628 );
#160 = STYLED_ITEM( '', ( #629 ), #630 );
#161 = STYLED_ITEM( '', ( #631 ), #632 );
#162 = STYLED_ITEM( '', ( #633 ), #634 );
#163 = STYLED_ITEM( '', ( #635 ), #636 );
#164 = STYLED_ITEM( '', ( #637 ), #638 );
#165 = STYLED_ITEM( '', ( #639 ), #640 );
#166 = STYLED_ITEM( '', ( #641 ), #642 );
#167 = STYLED_ITEM( '', ( #643 ), #644 );
#168 = STYLED_ITEM( '', ( #645 ), #646 );
#169 = STYLED_ITEM( '', ( #647 ), #648 );
#170 = STYLED_ITEM( '', ( #649 ), #650 );
#171 = STYLED_ITEM( '', ( #651 ), #652 );
#172 = STYLED_ITEM( '', ( #653 ), #654 );
#173 = STYLED_ITEM( '', ( #655 ), #656 );
#174 = STYLED_ITEM( '', ( #657 ), #658 );
#175 = STYLED_ITEM( '', ( #659 ), #660 );
#176 = STYLED_ITEM( '', ( #661 ), #662 );
#177 = STYLED_ITEM( '', ( #663 ), #664 );
#178 = STYLED_ITEM( '', ( #665 ), #666 );
#179 = STYLED_ITEM( '', ( #667 ), #668 );
#180 = STYLED_ITEM( '', ( #669 ), #670 );
#181 = STYLED_ITEM( '', ( #671 ), #672 );
#182 = STYLED_ITEM( '', ( #673 ), #674 );
#183 = STYLED_ITEM( '', ( #675 ), #676 );
#184 = STYLED_ITEM( '', ( #677 ), #678 );
#185 = STYLED_ITEM( '', ( #679 ), #680 );
#186 = STYLED_ITEM( '', ( #681 ), #682 );
#187 = STYLED_ITEM( '', ( #683 ), #684 );
#188 = STYLED_ITEM( '', ( #685 ), #686 );
#189 = STYLED_ITEM( '', ( #687 ), #688 );
#190 = STYLED_ITEM( '', ( #689 ), #690 );
#191 = STYLED_ITEM( '', ( #691 ), #692 );
#192 = STYLED_ITEM( '', ( #693 ), #694 );
#193 = STYLED_ITEM( '', ( #695 ), #696 );
#194 = STYLED_ITEM( '', ( #697 ), #698 );
#195 = STYLED_ITEM( '', ( #699 ), #700 );
#196 = STYLED_ITEM( '', ( #701 ), #702 );
#197 = STYLED_ITEM( '', ( #703 ), #704 );
#198 = STYLED_ITEM( '', ( #705 ), #706 );
#199 = STYLED_ITEM( '', ( #707 ), #708 );
#200 = STYLED_ITEM( '', ( #709 ), #710 );
#201 = STYLED_ITEM( '', ( #711 ), #712 );
#202 = STYLED_ITEM( '', ( #713 ), #714 );
#203 = STYLED_ITEM( '', ( #715 ), #716 );
#204 = STYLED_ITEM( '', ( #717 ), #718 );
#205 = STYLED_ITEM( '', ( #719 ), #720 );
#206 = STYLED_ITEM( '', ( #721 ), #722 );
#207 = STYLED_ITEM( '', ( #723 ), #724 );
#208 = STYLED_ITEM( '', ( #725 ), #726 );
#209 = STYLED_ITEM( '', ( #727 ), #728 );
#210 = STYLED_ITEM( '', ( #729 ), #730 );
#211 = STYLED_ITEM( '', ( #731 ), #732 );
#212 = STYLED_ITEM( '', ( #733 ), #734 );
#213 = STYLED_ITEM( '', ( #735 ), #736 );
#214 = STYLED_ITEM( '', ( #737 ), #738 );
#215 = STYLED_ITEM( '', ( #739 ), #740 );
#216 = STYLED_ITEM( '', ( #741 ), #742 );
#217 = STYLED_ITEM( '', ( #743 ), #744 );
#218 = STYLED_ITEM( '', ( #745 ), #746 );
#219 = STYLED_ITEM( '', ( #747 ), #748 );
#220 = STYLED_ITEM( '', ( #749 ), #750 );
#221 = STYLED_ITEM( '', ( #751 ), #752 );
#222 = STYLED_ITEM( '', ( #753 ), #754 );
#223 = STYLED_ITEM( '', ( #755 ), #756 );
#224 = STYLED_ITEM( '', ( #757 ), #758 );
#225 = STYLED_ITEM( '', ( #759 ), #760 );
#226 = STYLED_ITEM( '', ( #761 ), #762 );
#227 = STYLED_ITEM( '', ( #763 ), #764 );
#228 = STYLED_ITEM( '', ( #765 ), #766 );
#229 = STYLED_ITEM( '', ( #767 ), #768 );
#230 = STYLED_ITEM( '', ( #769 ), #770 );
#231 = STYLED_ITEM( '', ( #771 ), #772 );
#232 = STYLED_ITEM( '', ( #773 ), #774 );
#233 = STYLED_ITEM( '', ( #775 ), #776 );
#234 = STYLED_ITEM( '', ( #777 ), #778 );
#235 = STYLED_ITEM( '', ( #779 ), #780 );
#236 = STYLED_ITEM( '', ( #781 ), #782 );
#237 = STYLED_ITEM( '', ( #783 ), #784 );
#238 = STYLED_ITEM( '', ( #785 ), #786 );
#239 = STYLED_ITEM( '', ( #787 ), #788 );
#240 = STYLED_ITEM( '', ( #789 ), #790 );
#241 = STYLED_ITEM( '', ( #791 ), #792 );
#242 = STYLED_ITEM( '', ( #793 ), #794 );
#243 = STYLED_ITEM( '', ( #795 ), #796 );
#244 = STYLED_ITEM( '', ( #797 ), #798 );
#245 = STYLED_ITEM( '', ( #799 ), #800 );
#246 = STYLED_ITEM( '', ( #801 ), #802 );
#247 = STYLED_ITEM( '', ( #803 ), #804 );
#248 = STYLED_ITEM( '', ( #805 ), #806 );
#249 = STYLED_ITEM( '', ( #807 ), #808 );
#250 = STYLED_ITEM( '', ( #809 ), #810 );
#251 = STYLED_ITEM( '', ( #811 ), #812 );
#252 = STYLED_ITEM( '', ( #813 ), #814 );
#253 = STYLED_ITEM( '', ( #815 ), #816 );
#254 = STYLED_ITEM( '', ( #817 ), #818 );
#255 = STYLED_ITEM( '', ( #819 ), #820 );
#256 = STYLED_ITEM( '', ( #821 ), #822 );
#257 = STYLED_ITEM( '', ( #823 ), #824 );
#258 = STYLED_ITEM( '', ( #825 ), #826 );
#259 = STYLED_ITEM( '', ( #827 ), #828 );
#260 = STYLED_ITEM( '', ( #829 ), #830 );
#261 = STYLED_ITEM( '', ( #831 ), #832 );
#262 = STYLED_ITEM( '', ( #833 ), #834 );
#263 = STYLED_ITEM( '', ( #835 ), #836 );
#264 = STYLED_ITEM( '', ( #837 ), #838 );
#265 = STYLED_ITEM( '', ( #839 ), #840 );
#266 = STYLED_ITEM( '', ( #841 ), #842 );
#267 = STYLED_ITEM( '', ( #843 ), #844 );
#268 = STYLED_ITEM( '', ( #845 ), #846 );
#269 = STYLED_ITEM( '', ( #847 ), #848 );
#270 = STYLED_ITEM( '', ( #849 ), #850 );
#271 = STYLED_ITEM( '', ( #851 ), #852 );
#272 = STYLED_ITEM( '', ( #853 ), #854 );
#273 = STYLED_ITEM( '', ( #855 ), #856 );
#274 = STYLED_ITEM( '', ( #857 ), #858 );
#275 = STYLED_ITEM( '', ( #859 ), #860 );
#276 = STYLED_ITEM( '', ( #861 ), #862 );
#277 = STYLED_ITEM( '', ( #863 ), #864 );
#278 = STYLED_ITEM( '', ( #865 ), #866 );
#279 = STYLED_ITEM( '', ( #867 ), #868 );
#280 = STYLED_ITEM( '', ( #869 ), #870 );
#281 = STYLED_ITEM( '', ( #871 ), #872 );
#282 = STYLED_ITEM( '', ( #873 ), #874 );
#283 = STYLED_ITEM( '', ( #875 ), #876 );
#284 = STYLED_ITEM( '', ( #877 ), #878 );
#285 = STYLED_ITEM( '', ( #879 ), #880 );
#286 = STYLED_ITEM( '', ( #881 ), #882 );
#287 = STYLED_ITEM( '', ( #883 ), #884 );
#288 = STYLED_ITEM( '', ( #885 ), #886 );
#289 = STYLED_ITEM( '', ( #887 ), #888 );
#290 = STYLED_ITEM( '', ( #889 ), #890 );
#291 = STYLED_ITEM( '', ( #891 ), #892 );
#292 = STYLED_ITEM( '', ( #893 ), #894 );
#293 = STYLED_ITEM( '', ( #895 ), #896 );
#294 = STYLED_ITEM( '', ( #897 ), #898 );
#295 = STYLED_ITEM( '', ( #899 ), #900 );
#296 = STYLED_ITEM( '', ( #901 ), #902 );
#297 = STYLED_ITEM( '', ( #903 ), #904 );
#298 = STYLED_ITEM( '', ( #905 ), #906 );
#299 = STYLED_ITEM( '', ( #907 ), #908 );
#300 = STYLED_ITEM( '', ( #909 ), #910 );
#301 = STYLED_ITEM( '', ( #911 ), #912 );
#302 = STYLED_ITEM( '', ( #913 ), #914 );
#303 = STYLED_ITEM( '', ( #915 ), #916 );
#304 = STYLED_ITEM( '', ( #917 ), #918 );
#305 = STYLED_ITEM( '', ( #919 ), #920 );
#306 = STYLED_ITEM( '', ( #921 ), #922 );
#307 = STYLED_ITEM( '', ( #923 ), #924 );
#308 = STYLED_ITEM( '', ( #925 ), #926 );
#309 = STYLED_ITEM( '', ( #927 ), #928 );
#310 = STYLED_ITEM( '', ( #929 ), #930 );
#311 = STYLED_ITEM( '', ( #931 ), #932 );
#312 = STYLED_ITEM( '', ( #933 ), #934 );
#313 = STYLED_ITEM( '', ( #935 ), #936 );
#314 = STYLED_ITEM( '', ( #937 ), #938 );
#315 = STYLED_ITEM( '', ( #939 ), #940 );
#316 = APPLICATION_CONTEXT( 'core data for automotive mechanical design processes' );
#317 = PRODUCT_CATEGORY( 'part', 'NONE' );
#318 = PRODUCT_RELATED_PRODUCT_CATEGORY( 'detail', ' ', ( #941 ) );
#319 = PRODUCT_DEFINITION_SHAPE( 'NONE', 'NONE', #942 );
#320 = ADVANCED_BREP_SHAPE_REPRESENTATION( '530480810', ( #943, #944 ), #6 );
#323 = UNCERTAINTY_MEASURE_WITH_UNIT( LENGTH_MEASURE( 1.00000000000000E-06 ), #325, '', '' );
#325 =  ( CONVERSION_BASED_UNIT( 'METRE', #947 )LENGTH_UNIT(  )NAMED_UNIT( #950 ) );
#326 =  ( NAMED_UNIT( #952 )PLANE_ANGLE_UNIT(  )SI_UNIT( $, .RADIAN. ) );
#327 =  ( NAMED_UNIT( #952 )SI_UNIT( $, .STERADIAN. )SOLID_ANGLE_UNIT(  ) );
#329 = PRESENTATION_STYLE_ASSIGNMENT( ( #958 ) );
#330 = ADVANCED_FACE( '', ( #959 ), #960, .F. );
#331 = PRESENTATION_STYLE_ASSIGNMENT( ( #961 ) );
#332 = ADVANCED_FACE( '', ( #962 ), #963, .T. );
#333 = PRESENTATION_STYLE_ASSIGNMENT( ( #964 ) );
#334 = ADVANCED_FACE( '', ( #965 ), #966, .F. );
#335 = PRESENTATION_STYLE_ASSIGNMENT( ( #967 ) );
#336 = ADVANCED_FACE( '', ( #968 ), #969, .T. );
#337 = PRESENTATION_STYLE_ASSIGNMENT( ( #970 ) );
#338 = ADVANCED_FACE( '', ( #971 ), #972, .F. );
#339 = PRESENTATION_STYLE_ASSIGNMENT( ( #973 ) );
#340 = ADVANCED_FACE( '', ( #974 ), #975, .T. );
#341 = PRESENTATION_STYLE_ASSIGNMENT( ( #976 ) );
#342 = ADVANCED_FACE( '', ( #977 ), #978, .T. );
#343 = PRESENTATION_STYLE_ASSIGNMENT( ( #979 ) );
#344 = ADVANCED_FACE( '', ( #980 ), #981, .T. );
#345 = PRESENTATION_STYLE_ASSIGNMENT( ( #982 ) );
#346 = ADVANCED_FACE( '', ( #983 ), #984, .F. );
#347 = PRESENTATION_STYLE_ASSIGNMENT( ( #985 ) );
#348 = ADVANCED_FACE( '', ( #986 ), #987, .T. );
#349 = PRESENTATION_STYLE_ASSIGNMENT( ( #988 ) );
#350 = ADVANCED_FACE( '', ( #989 ), #990, .T. );
#351 = PRESENTATION_STYLE_ASSIGNMENT( ( #991 ) );
#352 = ADVANCED_FACE( '', ( #992 ), #993, .T. );
#353 = PRESENTATION_STYLE_ASSIGNMENT( ( #994 ) );
#354 = ADVANCED_FACE( '', ( #995 ), #996, .F. );
#355 = PRESENTATION_STYLE_ASSIGNMENT( ( #997 ) );
#356 = ADVANCED_FACE( '', ( #998 ), #999, .T. );
#357 = PRESENTATION_STYLE_ASSIGNMENT( ( #1000 ) );
#358 = ADVANCED_FACE( '', ( #1001 ), #1002, .T. );
#359 = PRESENTATION_STYLE_ASSIGNMENT( ( #1003 ) );
#360 = ADVANCED_FACE( '', ( #1004 ), #1005, .T. );
#361 = PRESENTATION_STYLE_ASSIGNMENT( ( #1006 ) );
#362 = ADVANCED_FACE( '', ( #1007 ), #1008, .T. );
#363 = PRESENTATION_STYLE_ASSIGNMENT( ( #1009 ) );
#364 = ADVANCED_FACE( '', ( #1010 ), #1011, .F. );
#365 = PRESENTATION_STYLE_ASSIGNMENT( ( #1012 ) );
#366 = ADVANCED_FACE( '', ( #1013 ), #1014, .T. );
#367 = PRESENTATION_STYLE_ASSIGNMENT( ( #1015 ) );
#368 = ADVANCED_FACE( '', ( #1016 ), #1017, .T. );
#369 = PRESENTATION_STYLE_ASSIGNMENT( ( #1018 ) );
#370 = ADVANCED_FACE( '', ( #1019 ), #1020, .F. );
#371 = PRESENTATION_STYLE_ASSIGNMENT( ( #1021 ) );
#372 = ADVANCED_FACE( '', ( #1022 ), #1023, .F. );
#373 = PRESENTATION_STYLE_ASSIGNMENT( ( #1024 ) );
#374 = ADVANCED_FACE( '', ( #1025 ), #1026, .T. );
#375 = PRESENTATION_STYLE_ASSIGNMENT( ( #1027 ) );
#376 = ADVANCED_FACE( '', ( #1028 ), #1029, .T. );
#377 = PRESENTATION_STYLE_ASSIGNMENT( ( #1030 ) );
#378 = ADVANCED_FACE( '', ( #1031 ), #1032, .T. );
#379 = PRESENTATION_STYLE_ASSIGNMENT( ( #1033 ) );
#380 = ADVANCED_FACE( '', ( #1034 ), #1035, .F. );
#381 = PRESENTATION_STYLE_ASSIGNMENT( ( #1036 ) );
#382 = ADVANCED_FACE( '', ( #1037 ), #1038, .T. );
#383 = PRESENTATION_STYLE_ASSIGNMENT( ( #1039 ) );
#384 = ADVANCED_FACE( '', ( #1040 ), #1041, .F. );
#385 = PRESENTATION_STYLE_ASSIGNMENT( ( #1042 ) );
#386 = ADVANCED_FACE( '', ( #1043 ), #1044, .T. );
#387 = PRESENTATION_STYLE_ASSIGNMENT( ( #1045 ) );
#388 = ADVANCED_FACE( '', ( #1046 ), #1047, .T. );
#389 = PRESENTATION_STYLE_ASSIGNMENT( ( #1048 ) );
#390 = ADVANCED_FACE( '', ( #1049 ), #1050, .T. );
#391 = PRESENTATION_STYLE_ASSIGNMENT( ( #1051 ) );
#392 = ADVANCED_FACE( '', ( #1052 ), #1053, .F. );
#393 = PRESENTATION_STYLE_ASSIGNMENT( ( #1054 ) );
#394 = ADVANCED_FACE( '', ( #1055 ), #1056, .T. );
#395 = PRESENTATION_STYLE_ASSIGNMENT( ( #1057 ) );
#396 = ADVANCED_FACE( '', ( #1058 ), #1059, .T. );
#397 = PRESENTATION_STYLE_ASSIGNMENT( ( #1060 ) );
#398 = ADVANCED_FACE( '', ( #1061 ), #1062, .T. );
#399 = PRESENTATION_STYLE_ASSIGNMENT( ( #1063 ) );
#400 = ADVANCED_FACE( '', ( #1064 ), #1065, .T. );
#401 = PRESENTATION_STYLE_ASSIGNMENT( ( #1066 ) );
#402 = ADVANCED_FACE( '', ( #1067 ), #1068, .F. );
#403 = PRESENTATION_STYLE_ASSIGNMENT( ( #1069 ) );
#404 = ADVANCED_FACE( '', ( #1070 ), #1071, .F. );
#405 = PRESENTATION_STYLE_ASSIGNMENT( ( #1072 ) );
#406 = ADVANCED_FACE( '', ( #1073 ), #1074, .T. );
#407 = PRESENTATION_STYLE_ASSIGNMENT( ( #1075 ) );
#408 = ADVANCED_FACE( '', ( #1076 ), #1077, .T. );
#409 = PRESENTATION_STYLE_ASSIGNMENT( ( #1078 ) );
#410 = ADVANCED_FACE( '', ( #1079 ), #1080, .T. );
#411 = PRESENTATION_STYLE_ASSIGNMENT( ( #1081 ) );
#412 = ADVANCED_FACE( '', ( #1082 ), #1083, .T. );
#413 = PRESENTATION_STYLE_ASSIGNMENT( ( #1084 ) );
#414 = ADVANCED_FACE( '', ( #1085 ), #1086, .T. );
#415 = PRESENTATION_STYLE_ASSIGNMENT( ( #1087 ) );
#416 = ADVANCED_FACE( '', ( #1088 ), #1089, .F. );
#417 = PRESENTATION_STYLE_ASSIGNMENT( ( #1090 ) );
#418 = ADVANCED_FACE( '', ( #1091 ), #1092, .F. );
#419 = PRESENTATION_STYLE_ASSIGNMENT( ( #1093 ) );
#420 = ADVANCED_FACE( '', ( #1094 ), #1095, .F. );
#421 = PRESENTATION_STYLE_ASSIGNMENT( ( #1096 ) );
#422 = ADVANCED_FACE( '', ( #1097 ), #1098, .F. );
#423 = PRESENTATION_STYLE_ASSIGNMENT( ( #1099 ) );
#424 = ADVANCED_FACE( '', ( #1100 ), #1101, .F. );
#425 = PRESENTATION_STYLE_ASSIGNMENT( ( #1102 ) );
#426 = ADVANCED_FACE( '', ( #1103 ), #1104, .F. );
#427 = PRESENTATION_STYLE_ASSIGNMENT( ( #1105 ) );
#428 = ADVANCED_FACE( '', ( #1106 ), #1107, .T. );
#429 = PRESENTATION_STYLE_ASSIGNMENT( ( #1108 ) );
#430 = ADVANCED_FACE( '', ( #1109 ), #1110, .F. );
#431 = PRESENTATION_STYLE_ASSIGNMENT( ( #1111 ) );
#432 = ADVANCED_FACE( '', ( #1112 ), #1113, .F. );
#433 = PRESENTATION_STYLE_ASSIGNMENT( ( #1114 ) );
#434 = ADVANCED_FACE( '', ( #1115 ), #1116, .T. );
#435 = PRESENTATION_STYLE_ASSIGNMENT( ( #1117 ) );
#436 = ADVANCED_FACE( '', ( #1118 ), #1119, .T. );
#437 = PRESENTATION_STYLE_ASSIGNMENT( ( #1120 ) );
#438 = ADVANCED_FACE( '', ( #1121 ), #1122, .T. );
#439 = PRESENTATION_STYLE_ASSIGNMENT( ( #1123 ) );
#440 = ADVANCED_FACE( '', ( #1124 ), #1125, .F. );
#441 = PRESENTATION_STYLE_ASSIGNMENT( ( #1126 ) );
#442 = ADVANCED_FACE( '', ( #1127 ), #1128, .T. );
#443 = PRESENTATION_STYLE_ASSIGNMENT( ( #1129 ) );
#444 = ADVANCED_FACE( '', ( #1130 ), #1131, .F. );
#445 = PRESENTATION_STYLE_ASSIGNMENT( ( #1132 ) );
#446 = ADVANCED_FACE( '', ( #1133 ), #1134, .T. );
#447 = PRESENTATION_STYLE_ASSIGNMENT( ( #1135 ) );
#448 = ADVANCED_FACE( '', ( #1136 ), #1137, .F. );
#449 = PRESENTATION_STYLE_ASSIGNMENT( ( #1138 ) );
#450 = ADVANCED_FACE( '', ( #1139 ), #1140, .F. );
#451 = PRESENTATION_STYLE_ASSIGNMENT( ( #1141 ) );
#452 = ADVANCED_FACE( '', ( #1142 ), #1143, .F. );
#453 = PRESENTATION_STYLE_ASSIGNMENT( ( #1144 ) );
#454 = ADVANCED_FACE( '', ( #1145 ), #1146, .F. );
#455 = PRESENTATION_STYLE_ASSIGNMENT( ( #1147 ) );
#456 = ADVANCED_FACE( '', ( #1148 ), #1149, .F. );
#457 = PRESENTATION_STYLE_ASSIGNMENT( ( #1150 ) );
#458 = ADVANCED_FACE( '', ( #1151 ), #1152, .T. );
#459 = PRESENTATION_STYLE_ASSIGNMENT( ( #1153 ) );
#460 = ADVANCED_FACE( '', ( #1154 ), #1155, .T. );
#461 = PRESENTATION_STYLE_ASSIGNMENT( ( #1156 ) );
#462 = ADVANCED_FACE( '', ( #1157 ), #1158, .F. );
#463 = PRESENTATION_STYLE_ASSIGNMENT( ( #1159 ) );
#464 = ADVANCED_FACE( '', ( #1160 ), #1161, .T. );
#465 = PRESENTATION_STYLE_ASSIGNMENT( ( #1162 ) );
#466 = ADVANCED_FACE( '', ( #1163 ), #1164, .F. );
#467 = PRESENTATION_STYLE_ASSIGNMENT( ( #1165 ) );
#468 = ADVANCED_FACE( '', ( #1166 ), #1167, .T. );
#469 = PRESENTATION_STYLE_ASSIGNMENT( ( #1168 ) );
#470 = ADVANCED_FACE( '', ( #1169 ), #1170, .F. );
#471 = PRESENTATION_STYLE_ASSIGNMENT( ( #1171 ) );
#472 = ADVANCED_FACE( '', ( #1172 ), #1173, .T. );
#473 = PRESENTATION_STYLE_ASSIGNMENT( ( #1174 ) );
#474 = ADVANCED_FACE( '', ( #1175 ), #1176, .F. );
#475 = PRESENTATION_STYLE_ASSIGNMENT( ( #1177 ) );
#476 = ADVANCED_FACE( '', ( #1178 ), #1179, .F. );
#477 = PRESENTATION_STYLE_ASSIGNMENT( ( #1180 ) );
#478 = ADVANCED_FACE( '', ( #1181 ), #1182, .T. );
#479 = PRESENTATION_STYLE_ASSIGNMENT( ( #1183 ) );
#480 = ADVANCED_FACE( '', ( #1184 ), #1185, .F. );
#481 = PRESENTATION_STYLE_ASSIGNMENT( ( #1186 ) );
#482 = ADVANCED_FACE( '', ( #1187 ), #1188, .F. );
#483 = PRESENTATION_STYLE_ASSIGNMENT( ( #1189 ) );
#484 = ADVANCED_FACE( '', ( #1190 ), #1191, .F. );
#485 = PRESENTATION_STYLE_ASSIGNMENT( ( #1192 ) );
#486 = ADVANCED_FACE( '', ( #1193 ), #1194, .T. );
#487 = PRESENTATION_STYLE_ASSIGNMENT( ( #1195 ) );
#488 = ADVANCED_FACE( '', ( #1196 ), #1197, .T. );
#489 = PRESENTATION_STYLE_ASSIGNMENT( ( #1198 ) );
#490 = ADVANCED_FACE( '', ( #1199 ), #1200, .T. );
#491 = PRESENTATION_STYLE_ASSIGNMENT( ( #1201 ) );
#492 = ADVANCED_FACE( '', ( #1202 ), #1203, .F. );
#493 = PRESENTATION_STYLE_ASSIGNMENT( ( #1204 ) );
#494 = ADVANCED_FACE( '', ( #1205 ), #1206, .F. );
#495 = PRESENTATION_STYLE_ASSIGNMENT( ( #1207 ) );
#496 = ADVANCED_FACE( '', ( #1208 ), #1209, .F. );
#497 = PRESENTATION_STYLE_ASSIGNMENT( ( #1210 ) );
#498 = ADVANCED_FACE( '', ( #1211 ), #1212, .T. );
#499 = PRESENTATION_STYLE_ASSIGNMENT( ( #1213 ) );
#500 = ADVANCED_FACE( '', ( #1214 ), #1215, .T. );
#501 = PRESENTATION_STYLE_ASSIGNMENT( ( #1216 ) );
#502 = ADVANCED_FACE( '', ( #1217 ), #1218, .T. );
#503 = PRESENTATION_STYLE_ASSIGNMENT( ( #1219 ) );
#504 = ADVANCED_FACE( '', ( #1220 ), #1221, .T. );
#505 = PRESENTATION_STYLE_ASSIGNMENT( ( #1222 ) );
#506 = ADVANCED_FACE( '', ( #1223 ), #1224, .T. );
#507 = PRESENTATION_STYLE_ASSIGNMENT( ( #1225 ) );
#508 = ADVANCED_FACE( '', ( #1226 ), #1227, .F. );
#509 = PRESENTATION_STYLE_ASSIGNMENT( ( #1228 ) );
#510 = ADVANCED_FACE( '', ( #1229 ), #1230, .F. );
#511 = PRESENTATION_STYLE_ASSIGNMENT( ( #1231 ) );
#512 = ADVANCED_FACE( '', ( #1232 ), #1233, .T. );
#513 = PRESENTATION_STYLE_ASSIGNMENT( ( #1234 ) );
#514 = ADVANCED_FACE( '', ( #1235 ), #1236, .F. );
#515 = PRESENTATION_STYLE_ASSIGNMENT( ( #1237 ) );
#516 = ADVANCED_FACE( '', ( #1238 ), #1239, .T. );
#517 = PRESENTATION_STYLE_ASSIGNMENT( ( #1240 ) );
#518 = ADVANCED_FACE( '', ( #1241 ), #1242, .T. );
#519 = PRESENTATION_STYLE_ASSIGNMENT( ( #1243 ) );
#520 = ADVANCED_FACE( '', ( #1244 ), #1245, .F. );
#521 = PRESENTATION_STYLE_ASSIGNMENT( ( #1246 ) );
#522 = ADVANCED_FACE( '', ( #1247 ), #1248, .T. );
#523 = PRESENTATION_STYLE_ASSIGNMENT( ( #1249 ) );
#524 = ADVANCED_FACE( '', ( #1250 ), #1251, .T. );
#525 = PRESENTATION_STYLE_ASSIGNMENT( ( #1252 ) );
#526 = ADVANCED_FACE( '', ( #1253 ), #1254, .F. );
#527 = PRESENTATION_STYLE_ASSIGNMENT( ( #1255 ) );
#528 = ADVANCED_FACE( '', ( #1256 ), #1257, .T. );
#529 = PRESENTATION_STYLE_ASSIGNMENT( ( #1258 ) );
#530 = ADVANCED_FACE( '', ( #1259 ), #1260, .F. );
#531 = PRESENTATION_STYLE_ASSIGNMENT( ( #1261 ) );
#532 = ADVANCED_FACE( '', ( #1262 ), #1263, .T. );
#533 = PRESENTATION_STYLE_ASSIGNMENT( ( #1264 ) );
#534 = ADVANCED_FACE( '', ( #1265 ), #1266, .F. );
#535 = PRESENTATION_STYLE_ASSIGNMENT( ( #1267 ) );
#536 = ADVANCED_FACE( '', ( #1268, #1269, #1270, #1271, #1272, #1273, #1274, #1275, #1276 ), #1277, .T. );
#537 = PRESENTATION_STYLE_ASSIGNMENT( ( #1278 ) );
#538 = ADVANCED_FACE( '', ( #1279 ), #1280, .F. );
#539 = PRESENTATION_STYLE_ASSIGNMENT( ( #1281 ) );
#540 = ADVANCED_FACE( '', ( #1282 ), #1283, .F. );
#541 = PRESENTATION_STYLE_ASSIGNMENT( ( #1284 ) );
#542 = ADVANCED_FACE( '', ( #1285 ), #1286, .T. );
#543 = PRESENTATION_STYLE_ASSIGNMENT( ( #1287 ) );
#544 = ADVANCED_FACE( '', ( #1288 ), #1289, .T. );
#545 = PRESENTATION_STYLE_ASSIGNMENT( ( #1290 ) );
#546 = ADVANCED_FACE( '', ( #1291 ), #1292, .F. );
#547 = PRESENTATION_STYLE_ASSIGNMENT( ( #1293 ) );
#548 = ADVANCED_FACE( '', ( #1294 ), #1295, .F. );
#549 = PRESENTATION_STYLE_ASSIGNMENT( ( #1296 ) );
#550 = ADVANCED_FACE( '', ( #1297 ), #1298, .F. );
#551 = PRESENTATION_STYLE_ASSIGNMENT( ( #1299 ) );
#552 = ADVANCED_FACE( '', ( #1300 ), #1301, .T. );
#553 = PRESENTATION_STYLE_ASSIGNMENT( ( #1302 ) );
#554 = ADVANCED_FACE( '', ( #1303 ), #1304, .T. );
#555 = PRESENTATION_STYLE_ASSIGNMENT( ( #1305 ) );
#556 = ADVANCED_FACE( '', ( #1306 ), #1307, .F. );
#557 = PRESENTATION_STYLE_ASSIGNMENT( ( #1308 ) );
#558 = ADVANCED_FACE( '', ( #1309 ), #1310, .F. );
#559 = PRESENTATION_STYLE_ASSIGNMENT( ( #1311 ) );
#560 = ADVANCED_FACE( '', ( #1312 ), #1313, .F. );
#561 = PRESENTATION_STYLE_ASSIGNMENT( ( #1314 ) );
#562 = ADVANCED_FACE( '', ( #1315 ), #1316, .T. );
#563 = PRESENTATION_STYLE_ASSIGNMENT( ( #1317 ) );
#564 = ADVANCED_FACE( '', ( #1318 ), #1319, .F. );
#565 = PRESENTATION_STYLE_ASSIGNMENT( ( #1320 ) );
#566 = ADVANCED_FACE( '', ( #1321 ), #1322, .F. );
#567 = PRESENTATION_STYLE_ASSIGNMENT( ( #1323 ) );
#568 = ADVANCED_FACE( '', ( #1324 ), #1325, .F. );
#569 = PRESENTATION_STYLE_ASSIGNMENT( ( #1326 ) );
#570 = ADVANCED_FACE( '', ( #1327 ), #1328, .F. );
#571 = PRESENTATION_STYLE_ASSIGNMENT( ( #1329 ) );
#572 = ADVANCED_FACE( '', ( #1330 ), #1331, .F. );
#573 = PRESENTATION_STYLE_ASSIGNMENT( ( #1332 ) );
#574 = ADVANCED_FACE( '', ( #1333 ), #1334, .T. );
#575 = PRESENTATION_STYLE_ASSIGNMENT( ( #1335 ) );
#576 = ADVANCED_FACE( '', ( #1336 ), #1337, .T. );
#577 = PRESENTATION_STYLE_ASSIGNMENT( ( #1338 ) );
#578 = ADVANCED_FACE( '', ( #1339 ), #1340, .T. );
#579 = PRESENTATION_STYLE_ASSIGNMENT( ( #1341 ) );
#580 = ADVANCED_FACE( '', ( #1342 ), #1343, .T. );
#581 = PRESENTATION_STYLE_ASSIGNMENT( ( #1344 ) );
#582 = ADVANCED_FACE( '', ( #1345 ), #1346, .F. );
#583 = PRESENTATION_STYLE_ASSIGNMENT( ( #1347 ) );
#584 = ADVANCED_FACE( '', ( #1348 ), #1349, .T. );
#585 = PRESENTATION_STYLE_ASSIGNMENT( ( #1350 ) );
#586 = ADVANCED_FACE( '', ( #1351 ), #1352, .T. );
#587 = PRESENTATION_STYLE_ASSIGNMENT( ( #1353 ) );
#588 = ADVANCED_FACE( '', ( #1354 ), #1355, .F. );
#589 = PRESENTATION_STYLE_ASSIGNMENT( ( #1356 ) );
#590 = ADVANCED_FACE( '', ( #1357 ), #1358, .F. );
#591 = PRESENTATION_STYLE_ASSIGNMENT( ( #1359 ) );
#592 = ADVANCED_FACE( '', ( #1360 ), #1361, .T. );
#593 = PRESENTATION_STYLE_ASSIGNMENT( ( #1362 ) );
#594 = ADVANCED_FACE( '', ( #1363 ), #1364, .F. );
#595 = PRESENTATION_STYLE_ASSIGNMENT( ( #1365 ) );
#596 = ADVANCED_FACE( '', ( #1366 ), #1367, .T. );
#597 = PRESENTATION_STYLE_ASSIGNMENT( ( #1368 ) );
#598 = ADVANCED_FACE( '', ( #1369 ), #1370, .F. );
#599 = PRESENTATION_STYLE_ASSIGNMENT( ( #1371 ) );
#600 = ADVANCED_FACE( '', ( #1372 ), #1373, .T. );
#601 = PRESENTATION_STYLE_ASSIGNMENT( ( #1374 ) );
#602 = ADVANCED_FACE( '', ( #1375 ), #1376, .F. );
#603 = PRESENTATION_STYLE_ASSIGNMENT( ( #1377 ) );
#604 = ADVANCED_FACE( '', ( #1378 ), #1379, .T. );
#605 = PRESENTATION_STYLE_ASSIGNMENT( ( #1380 ) );
#606 = ADVANCED_FACE( '', ( #1381 ), #1382, .T. );
#607 = PRESENTATION_STYLE_ASSIGNMENT( ( #1383 ) );
#608 = ADVANCED_FACE( '', ( #1384 ), #1385, .T. );
#609 = PRESENTATION_STYLE_ASSIGNMENT( ( #1386 ) );
#610 = ADVANCED_FACE( '', ( #1387 ), #1388, .T. );
#611 = PRESENTATION_STYLE_ASSIGNMENT( ( #1389 ) );
#612 = ADVANCED_FACE( '', ( #1390 ), #1391, .F. );
#613 = PRESENTATION_STYLE_ASSIGNMENT( ( #1392 ) );
#614 = ADVANCED_FACE( '', ( #1393 ), #1394, .F. );
#615 = PRESENTATION_STYLE_ASSIGNMENT( ( #1395 ) );
#616 = ADVANCED_FACE( '', ( #1396 ), #1397, .T. );
#617 = PRESENTATION_STYLE_ASSIGNMENT( ( #1398 ) );
#618 = ADVANCED_FACE( '', ( #1399 ), #1400, .T. );
#619 = PRESENTATION_STYLE_ASSIGNMENT( ( #1401 ) );
#620 = ADVANCED_FACE( '', ( #1402 ), #1403, .F. );
#621 = PRESENTATION_STYLE_ASSIGNMENT( ( #1404 ) );
#622 = ADVANCED_FACE( '', ( #1405 ), #1406, .F. );
#623 = PRESENTATION_STYLE_ASSIGNMENT( ( #1407 ) );
#624 = ADVANCED_FACE( '', ( #1408 ), #1409, .T. );
#625 = PRESENTATION_STYLE_ASSIGNMENT( ( #1410 ) );
#626 = ADVANCED_FACE( '', ( #1411 ), #1412, .F. );
#627 = PRESENTATION_STYLE_ASSIGNMENT( ( #1413 ) );
#628 = ADVANCED_FACE( '', ( #1414, #1415, #1416 ), #1417, .F. );
#629 = PRESENTATION_STYLE_ASSIGNMENT( ( #1418 ) );
#630 = ADVANCED_FACE( '', ( #1419 ), #1420, .F. );
#631 = PRESENTATION_STYLE_ASSIGNMENT( ( #1421 ) );
#632 = ADVANCED_FACE( '', ( #1422 ), #1423, .T. );
#633 = PRESENTATION_STYLE_ASSIGNMENT( ( #1424 ) );
#634 = ADVANCED_FACE( '', ( #1425 ), #1426, .F. );
#635 = PRESENTATION_STYLE_ASSIGNMENT( ( #1427 ) );
#636 = ADVANCED_FACE( '', ( #1428 ), #1429, .F. );
#637 = PRESENTATION_STYLE_ASSIGNMENT( ( #1430 ) );
#638 = ADVANCED_FACE( '', ( #1431 ), #1432, .F. );
#639 = PRESENTATION_STYLE_ASSIGNMENT( ( #1433 ) );
#640 = ADVANCED_FACE( '', ( #1434 ), #1435, .F. );
#641 = PRESENTATION_STYLE_ASSIGNMENT( ( #1436 ) );
#642 = ADVANCED_FACE( '', ( #1437 ), #1438, .F. );
#643 = PRESENTATION_STYLE_ASSIGNMENT( ( #1439 ) );
#644 = ADVANCED_FACE( '', ( #1440 ), #1441, .T. );
#645 = PRESENTATION_STYLE_ASSIGNMENT( ( #1442 ) );
#646 = ADVANCED_FACE( '', ( #1443 ), #1444, .F. );
#647 = PRESENTATION_STYLE_ASSIGNMENT( ( #1445 ) );
#648 = ADVANCED_FACE( '', ( #1446 ), #1447, .F. );
#649 = PRESENTATION_STYLE_ASSIGNMENT( ( #1448 ) );
#650 = ADVANCED_FACE( '', ( #1449 ), #1450, .F. );
#651 = PRESENTATION_STYLE_ASSIGNMENT( ( #1451 ) );
#652 = ADVANCED_FACE( '', ( #1452 ), #1453, .T. );
#653 = PRESENTATION_STYLE_ASSIGNMENT( ( #1454 ) );
#654 = ADVANCED_FACE( '', ( #1455 ), #1456, .T. );
#655 = PRESENTATION_STYLE_ASSIGNMENT( ( #1457 ) );
#656 = ADVANCED_FACE( '', ( #1458 ), #1459, .T. );
#657 = PRESENTATION_STYLE_ASSIGNMENT( ( #1460 ) );
#658 = ADVANCED_FACE( '', ( #1461 ), #1462, .T. );
#659 = PRESENTATION_STYLE_ASSIGNMENT( ( #1463 ) );
#660 = ADVANCED_FACE( '', ( #1464 ), #1465, .F. );
#661 = PRESENTATION_STYLE_ASSIGNMENT( ( #1466 ) );
#662 = ADVANCED_FACE( '', ( #1467 ), #1468, .T. );
#663 = PRESENTATION_STYLE_ASSIGNMENT( ( #1469 ) );
#664 = ADVANCED_FACE( '', ( #1470 ), #1471, .F. );
#665 = PRESENTATION_STYLE_ASSIGNMENT( ( #1472 ) );
#666 = ADVANCED_FACE( '', ( #1473 ), #1474, .T. );
#667 = PRESENTATION_STYLE_ASSIGNMENT( ( #1475 ) );
#668 = ADVANCED_FACE( '', ( #1476 ), #1477, .T. );
#669 = PRESENTATION_STYLE_ASSIGNMENT( ( #1478 ) );
#670 = ADVANCED_FACE( '', ( #1479 ), #1480, .T. );
#671 = PRESENTATION_STYLE_ASSIGNMENT( ( #1481 ) );
#672 = ADVANCED_FACE( '', ( #1482 ), #1483, .T. );
#673 = PRESENTATION_STYLE_ASSIGNMENT( ( #1484 ) );
#674 = ADVANCED_FACE( '', ( #1485 ), #1486, .T. );
#675 = PRESENTATION_STYLE_ASSIGNMENT( ( #1487 ) );
#676 = ADVANCED_FACE( '', ( #1488 ), #1489, .T. );
#677 = PRESENTATION_STYLE_ASSIGNMENT( ( #1490 ) );
#678 = ADVANCED_FACE( '', ( #1491 ), #1492, .T. );
#679 = PRESENTATION_STYLE_ASSIGNMENT( ( #1493 ) );
#680 = ADVANCED_FACE( '', ( #1494 ), #1495, .T. );
#681 = PRESENTATION_STYLE_ASSIGNMENT( ( #1496 ) );
#682 = ADVANCED_FACE( '', ( #1497 ), #1498, .F. );
#683 = PRESENTATION_STYLE_ASSIGNMENT( ( #1499 ) );
#684 = ADVANCED_FACE( '', ( #1500 ), #1501, .F. );
#685 = PRESENTATION_STYLE_ASSIGNMENT( ( #1502 ) );
#686 = ADVANCED_FACE( '', ( #1503 ), #1504, .F. );
#687 = PRESENTATION_STYLE_ASSIGNMENT( ( #1505 ) );
#688 = ADVANCED_FACE( '', ( #1506 ), #1507, .T. );
#689 = PRESENTATION_STYLE_ASSIGNMENT( ( #1508 ) );
#690 = ADVANCED_FACE( '', ( #1509 ), #1510, .F. );
#691 = PRESENTATION_STYLE_ASSIGNMENT( ( #1511 ) );
#692 = ADVANCED_FACE( '', ( #1512 ), #1513, .F. );
#693 = PRESENTATION_STYLE_ASSIGNMENT( ( #1514 ) );
#694 = ADVANCED_FACE( '', ( #1515 ), #1516, .F. );
#695 = PRESENTATION_STYLE_ASSIGNMENT( ( #1517 ) );
#696 = ADVANCED_FACE( '', ( #1518 ), #1519, .T. );
#697 = PRESENTATION_STYLE_ASSIGNMENT( ( #1520 ) );
#698 = ADVANCED_FACE( '', ( #1521 ), #1522, .F. );
#699 = PRESENTATION_STYLE_ASSIGNMENT( ( #1523 ) );
#700 = ADVANCED_FACE( '', ( #1524 ), #1525, .F. );
#701 = PRESENTATION_STYLE_ASSIGNMENT( ( #1526 ) );
#702 = ADVANCED_FACE( '', ( #1527 ), #1528, .T. );
#703 = PRESENTATION_STYLE_ASSIGNMENT( ( #1529 ) );
#704 = ADVANCED_FACE( '', ( #1530 ), #1531, .F. );
#705 = PRESENTATION_STYLE_ASSIGNMENT( ( #1532 ) );
#706 = ADVANCED_FACE( '', ( #1533 ), #1534, .F. );
#707 = PRESENTATION_STYLE_ASSIGNMENT( ( #1535 ) );
#708 = ADVANCED_FACE( '', ( #1536 ), #1537, .F. );
#709 = PRESENTATION_STYLE_ASSIGNMENT( ( #1538 ) );
#710 = ADVANCED_FACE( '', ( #1539 ), #1540, .F. );
#711 = PRESENTATION_STYLE_ASSIGNMENT( ( #1541 ) );
#712 = ADVANCED_FACE( '', ( #1542 ), #1543, .F. );
#713 = PRESENTATION_STYLE_ASSIGNMENT( ( #1544 ) );
#714 = ADVANCED_FACE( '', ( #1545 ), #1546, .F. );
#715 = PRESENTATION_STYLE_ASSIGNMENT( ( #1547 ) );
#716 = ADVANCED_FACE( '', ( #1548 ), #1549, .F. );
#717 = PRESENTATION_STYLE_ASSIGNMENT( ( #1550 ) );
#718 = ADVANCED_FACE( '', ( #1551 ), #1552, .F. );
#719 = PRESENTATION_STYLE_ASSIGNMENT( ( #1553 ) );
#720 = ADVANCED_FACE( '', ( #1554 ), #1555, .F. );
#721 = PRESENTATION_STYLE_ASSIGNMENT( ( #1556 ) );
#722 = ADVANCED_FACE( '', ( #1557 ), #1558, .F. );
#723 = PRESENTATION_STYLE_ASSIGNMENT( ( #1559 ) );
#724 = ADVANCED_FACE( '', ( #1560 ), #1561, .F. );
#725 = PRESENTATION_STYLE_ASSIGNMENT( ( #1562 ) );
#726 = ADVANCED_FACE( '', ( #1563 ), #1564, .F. );
#727 = PRESENTATION_STYLE_ASSIGNMENT( ( #1565 ) );
#728 = ADVANCED_FACE( '', ( #1566 ), #1567, .F. );
#729 = PRESENTATION_STYLE_ASSIGNMENT( ( #1568 ) );
#730 = ADVANCED_FACE( '', ( #1569 ), #1570, .F. );
#731 = PRESENTATION_STYLE_ASSIGNMENT( ( #1571 ) );
#732 = ADVANCED_FACE( '', ( #1572 ), #1573, .F. );
#733 = PRESENTATION_STYLE_ASSIGNMENT( ( #1574 ) );
#734 = ADVANCED_FACE( '', ( #1575 ), #1576, .F. );
#735 = PRESENTATION_STYLE_ASSIGNMENT( ( #1577 ) );
#736 = ADVANCED_FACE( '', ( #1578 ), #1579, .T. );
#737 = PRESENTATION_STYLE_ASSIGNMENT( ( #1580 ) );
#738 = ADVANCED_FACE( '', ( #1581 ), #1582, .F. );
#739 = PRESENTATION_STYLE_ASSIGNMENT( ( #1583 ) );
#740 = ADVANCED_FACE( '', ( #1584 ), #1585, .T. );
#741 = PRESENTATION_STYLE_ASSIGNMENT( ( #1586 ) );
#742 = ADVANCED_FACE( '', ( #1587 ), #1588, .T. );
#743 = PRESENTATION_STYLE_ASSIGNMENT( ( #1589 ) );
#744 = ADVANCED_FACE( '', ( #1590 ), #1591, .F. );
#745 = PRESENTATION_STYLE_ASSIGNMENT( ( #1592 ) );
#746 = ADVANCED_FACE( '', ( #1593 ), #1594, .F. );
#747 = PRESENTATION_STYLE_ASSIGNMENT( ( #1595 ) );
#748 = ADVANCED_FACE( '', ( #1596 ), #1597, .F. );
#749 = PRESENTATION_STYLE_ASSIGNMENT( ( #1598 ) );
#750 = ADVANCED_FACE( '', ( #1599 ), #1600, .T. );
#751 = PRESENTATION_STYLE_ASSIGNMENT( ( #1601 ) );
#752 = ADVANCED_FACE( '', ( #1602 ), #1603, .F. );
#753 = PRESENTATION_STYLE_ASSIGNMENT( ( #1604 ) );
#754 = ADVANCED_FACE( '', ( #1605 ), #1606, .F. );
#755 = PRESENTATION_STYLE_ASSIGNMENT( ( #1607 ) );
#756 = ADVANCED_FACE( '', ( #1608 ), #1609, .F. );
#757 = PRESENTATION_STYLE_ASSIGNMENT( ( #1610 ) );
#758 = ADVANCED_FACE( '', ( #1611 ), #1612, .F. );
#759 = PRESENTATION_STYLE_ASSIGNMENT( ( #1613 ) );
#760 = ADVANCED_FACE( '', ( #1614 ), #1615, .F. );
#761 = PRESENTATION_STYLE_ASSIGNMENT( ( #1616 ) );
#762 = ADVANCED_FACE( '', ( #1617 ), #1618, .T. );
#763 = PRESENTATION_STYLE_ASSIGNMENT( ( #1619 ) );
#764 = ADVANCED_FACE( '', ( #1620 ), #1621, .T. );
#765 = PRESENTATION_STYLE_ASSIGNMENT( ( #1622 ) );
#766 = ADVANCED_FACE( '', ( #1623 ), #1624, .T. );
#767 = PRESENTATION_STYLE_ASSIGNMENT( ( #1625 ) );
#768 = ADVANCED_FACE( '', ( #1626 ), #1627, .T. );
#769 = PRESENTATION_STYLE_ASSIGNMENT( ( #1628 ) );
#770 = ADVANCED_FACE( '', ( #1629 ), #1630, .T. );
#771 = PRESENTATION_STYLE_ASSIGNMENT( ( #1631 ) );
#772 = ADVANCED_FACE( '', ( #1632 ), #1633, .F. );
#773 = PRESENTATION_STYLE_ASSIGNMENT( ( #1634 ) );
#774 = ADVANCED_FACE( '', ( #1635 ), #1636, .F. );
#775 = PRESENTATION_STYLE_ASSIGNMENT( ( #1637 ) );
#776 = ADVANCED_FACE( '', ( #1638 ), #1639, .T. );
#777 = PRESENTATION_STYLE_ASSIGNMENT( ( #1640 ) );
#778 = ADVANCED_FACE( '', ( #1641 ), #1642, .F. );
#779 = PRESENTATION_STYLE_ASSIGNMENT( ( #1643 ) );
#780 = ADVANCED_FACE( '', ( #1644 ), #1645, .F. );
#781 = PRESENTATION_STYLE_ASSIGNMENT( ( #1646 ) );
#782 = ADVANCED_FACE( '', ( #1647 ), #1648, .F. );
#783 = PRESENTATION_STYLE_ASSIGNMENT( ( #1649 ) );
#784 = ADVANCED_FACE( '', ( #1650 ), #1651, .F. );
#785 = PRESENTATION_STYLE_ASSIGNMENT( ( #1652 ) );
#786 = ADVANCED_FACE( '', ( #1653 ), #1654, .T. );
#787 = PRESENTATION_STYLE_ASSIGNMENT( ( #1655 ) );
#788 = ADVANCED_FACE( '', ( #1656 ), #1657, .F. );
#789 = PRESENTATION_STYLE_ASSIGNMENT( ( #1658 ) );
#790 = ADVANCED_FACE( '', ( #1659 ), #1660, .T. );
#791 = PRESENTATION_STYLE_ASSIGNMENT( ( #1661 ) );
#792 = ADVANCED_FACE( '', ( #1662 ), #1663, .T. );
#793 = PRESENTATION_STYLE_ASSIGNMENT( ( #1664 ) );
#794 = ADVANCED_FACE( '', ( #1665 ), #1666, .F. );
#795 = PRESENTATION_STYLE_ASSIGNMENT( ( #1667 ) );
#796 = ADVANCED_FACE( '', ( #1668 ), #1669, .T. );
#797 = PRESENTATION_STYLE_ASSIGNMENT( ( #1670 ) );
#798 = ADVANCED_FACE( '', ( #1671 ), #1672, .F. );
#799 = PRESENTATION_STYLE_ASSIGNMENT( ( #1673 ) );
#800 = ADVANCED_FACE( '', ( #1674 ), #1675, .T. );
#801 = PRESENTATION_STYLE_ASSIGNMENT( ( #1676 ) );
#802 = ADVANCED_FACE( '', ( #1677 ), #1678, .T. );
#803 = PRESENTATION_STYLE_ASSIGNMENT( ( #1679 ) );
#804 = ADVANCED_FACE( '', ( #1680 ), #1681, .F. );
#805 = PRESENTATION_STYLE_ASSIGNMENT( ( #1682 ) );
#806 = ADVANCED_FACE( '', ( #1683 ), #1684, .T. );
#807 = PRESENTATION_STYLE_ASSIGNMENT( ( #1685 ) );
#808 = ADVANCED_FACE( '', ( #1686 ), #1687, .T. );
#809 = PRESENTATION_STYLE_ASSIGNMENT( ( #1688 ) );
#810 = ADVANCED_FACE( '', ( #1689 ), #1690, .T. );
#811 = PRESENTATION_STYLE_ASSIGNMENT( ( #1691 ) );
#812 = ADVANCED_FACE( '', ( #1692 ), #1693, .T. );
#813 = PRESENTATION_STYLE_ASSIGNMENT( ( #1694 ) );
#814 = ADVANCED_FACE( '', ( #1695 ), #1696, .T. );
#815 = PRESENTATION_STYLE_ASSIGNMENT( ( #1697 ) );
#816 = ADVANCED_FACE( '', ( #1698 ), #1699, .F. );
#817 = PRESENTATION_STYLE_ASSIGNMENT( ( #1700 ) );
#818 = ADVANCED_FACE( '', ( #1701 ), #1702, .F. );
#819 = PRESENTATION_STYLE_ASSIGNMENT( ( #1703 ) );
#820 = ADVANCED_FACE( '', ( #1704 ), #1705, .T. );
#821 = PRESENTATION_STYLE_ASSIGNMENT( ( #1706 ) );
#822 = ADVANCED_FACE( '', ( #1707 ), #1708, .F. );
#823 = PRESENTATION_STYLE_ASSIGNMENT( ( #1709 ) );
#824 = ADVANCED_FACE( '', ( #1710 ), #1711, .F. );
#825 = PRESENTATION_STYLE_ASSIGNMENT( ( #1712 ) );
#826 = ADVANCED_FACE( '', ( #1713 ), #1714, .F. );
#827 = PRESENTATION_STYLE_ASSIGNMENT( ( #1715 ) );
#828 = ADVANCED_FACE( '', ( #1716 ), #1717, .F. );
#829 = PRESENTATION_STYLE_ASSIGNMENT( ( #1718 ) );
#830 = ADVANCED_FACE( '', ( #1719 ), #1720, .T. );
#831 = PRESENTATION_STYLE_ASSIGNMENT( ( #1721 ) );
#832 = ADVANCED_FACE( '', ( #1722 ), #1723, .F. );
#833 = PRESENTATION_STYLE_ASSIGNMENT( ( #1724 ) );
#834 = ADVANCED_FACE( '', ( #1725 ), #1726, .T. );
#835 = PRESENTATION_STYLE_ASSIGNMENT( ( #1727 ) );
#836 = ADVANCED_FACE( '', ( #1728 ), #1729, .F. );
#837 = PRESENTATION_STYLE_ASSIGNMENT( ( #1730 ) );
#838 = ADVANCED_FACE( '', ( #1731 ), #1732, .F. );
#839 = PRESENTATION_STYLE_ASSIGNMENT( ( #1733 ) );
#840 = ADVANCED_FACE( '', ( #1734 ), #1735, .T. );
#841 = PRESENTATION_STYLE_ASSIGNMENT( ( #1736 ) );
#842 = ADVANCED_FACE( '', ( #1737, #1738, #1739 ), #1740, .F. );
#843 = PRESENTATION_STYLE_ASSIGNMENT( ( #1741 ) );
#844 = ADVANCED_FACE( '', ( #1742 ), #1743, .F. );
#845 = PRESENTATION_STYLE_ASSIGNMENT( ( #1744 ) );
#846 = ADVANCED_FACE( '', ( #1745 ), #1746, .F. );
#847 = PRESENTATION_STYLE_ASSIGNMENT( ( #1747 ) );
#848 = ADVANCED_FACE( '', ( #1748 ), #1749, .F. );
#849 = PRESENTATION_STYLE_ASSIGNMENT( ( #1750 ) );
#850 = ADVANCED_FACE( '', ( #1751 ), #1752, .T. );
#851 = PRESENTATION_STYLE_ASSIGNMENT( ( #1753 ) );
#852 = ADVANCED_FACE( '', ( #1754 ), #1755, .T. );
#853 = PRESENTATION_STYLE_ASSIGNMENT( ( #1756 ) );
#854 = ADVANCED_FACE( '', ( #1757 ), #1758, .T. );
#855 = PRESENTATION_STYLE_ASSIGNMENT( ( #1759 ) );
#856 = ADVANCED_FACE( '', ( #1760 ), #1761, .F. );
#857 = PRESENTATION_STYLE_ASSIGNMENT( ( #1762 ) );
#858 = ADVANCED_FACE( '', ( #1763 ), #1764, .F. );
#859 = PRESENTATION_STYLE_ASSIGNMENT( ( #1765 ) );
#860 = ADVANCED_FACE( '', ( #1766 ), #1767, .T. );
#861 = PRESENTATION_STYLE_ASSIGNMENT( ( #1768 ) );
#862 = ADVANCED_FACE( '', ( #1769 ), #1770, .F. );
#863 = PRESENTATION_STYLE_ASSIGNMENT( ( #1771 ) );
#864 = ADVANCED_FACE( '', ( #1772 ), #1773, .F. );
#865 = PRESENTATION_STYLE_ASSIGNMENT( ( #1774 ) );
#866 = ADVANCED_FACE( '', ( #1775 ), #1776, .T. );
#867 = PRESENTATION_STYLE_ASSIGNMENT( ( #1777 ) );
#868 = ADVANCED_FACE( '', ( #1778 ), #1779, .T. );
#869 = PRESENTATION_STYLE_ASSIGNMENT( ( #1780 ) );
#870 = ADVANCED_FACE( '', ( #1781 ), #1782, .T. );
#871 = PRESENTATION_STYLE_ASSIGNMENT( ( #1783 ) );
#872 = ADVANCED_FACE( '', ( #1784 ), #1785, .T. );
#873 = PRESENTATION_STYLE_ASSIGNMENT( ( #1786 ) );
#874 = ADVANCED_FACE( '', ( #1787 ), #1788, .T. );
#875 = PRESENTATION_STYLE_ASSIGNMENT( ( #1789 ) );
#876 = ADVANCED_FACE( '', ( #1790 ), #1791, .T. );
#877 = PRESENTATION_STYLE_ASSIGNMENT( ( #1792 ) );
#878 = ADVANCED_FACE( '', ( #1793 ), #1794, .F. );
#879 = PRESENTATION_STYLE_ASSIGNMENT( ( #1795 ) );
#880 = ADVANCED_FACE( '', ( #1796 ), #1797, .T. );
#881 = PRESENTATION_STYLE_ASSIGNMENT( ( #1798 ) );
#882 = ADVANCED_FACE( '', ( #1799 ), #1800, .T. );
#883 = PRESENTATION_STYLE_ASSIGNMENT( ( #1801 ) );
#884 = ADVANCED_FACE( '', ( #1802 ), #1803, .T. );
#885 = PRESENTATION_STYLE_ASSIGNMENT( ( #1804 ) );
#886 = ADVANCED_FACE( '', ( #1805 ), #1806, .F. );
#887 = PRESENTATION_STYLE_ASSIGNMENT( ( #1807 ) );
#888 = ADVANCED_FACE( '', ( #1808 ), #1809, .F. );
#889 = PRESENTATION_STYLE_ASSIGNMENT( ( #1810 ) );
#890 = ADVANCED_FACE( '', ( #1811 ), #1812, .F. );
#891 = PRESENTATION_STYLE_ASSIGNMENT( ( #1813 ) );
#892 = ADVANCED_FACE( '', ( #1814 ), #1815, .T. );
#893 = PRESENTATION_STYLE_ASSIGNMENT( ( #1816 ) );
#894 = ADVANCED_FACE( '', ( #1817 ), #1818, .F. );
#895 = PRESENTATION_STYLE_ASSIGNMENT( ( #1819 ) );
#896 = ADVANCED_FACE( '', ( #1820 ), #1821, .T. );
#897 = PRESENTATION_STYLE_ASSIGNMENT( ( #1822 ) );
#898 = ADVANCED_FACE( '', ( #1823 ), #1824, .T. );
#899 = PRESENTATION_STYLE_ASSIGNMENT( ( #1825 ) );
#900 = ADVANCED_FACE( '', ( #1826 ), #1827, .F. );
#901 = PRESENTATION_STYLE_ASSIGNMENT( ( #1828 ) );
#902 = ADVANCED_FACE( '', ( #1829 ), #1830, .T. );
#903 = PRESENTATION_STYLE_ASSIGNMENT( ( #1831 ) );
#904 = ADVANCED_FACE( '', ( #1832 ), #1833, .F. );
#905 = PRESENTATION_STYLE_ASSIGNMENT( ( #1834 ) );
#906 = ADVANCED_FACE( '', ( #1835 ), #1836, .T. );
#907 = PRESENTATION_STYLE_ASSIGNMENT( ( #1837 ) );
#908 = ADVANCED_FACE( '', ( #1838 ), #1839, .T. );
#909 = PRESENTATION_STYLE_ASSIGNMENT( ( #1840 ) );
#910 = ADVANCED_FACE( '', ( #1841 ), #1842, .F. );
#911 = PRESENTATION_STYLE_ASSIGNMENT( ( #1843 ) );
#912 = ADVANCED_FACE( '', ( #1844 ), #1845, .F. );
#913 = PRESENTATION_STYLE_ASSIGNMENT( ( #1846 ) );
#914 = ADVANCED_FACE( '', ( #1847 ), #1848, .T. );
#915 = PRESENTATION_STYLE_ASSIGNMENT( ( #1849 ) );
#916 = ADVANCED_FACE( '', ( #1850 ), #1851, .F. );
#917 = PRESENTATION_STYLE_ASSIGNMENT( ( #1852 ) );
#918 = ADVANCED_FACE( '', ( #1853 ), #1854, .F. );
#919 = PRESENTATION_STYLE_ASSIGNMENT( ( #1855 ) );
#920 = ADVANCED_FACE( '', ( #1856 ), #1857, .F. );
#921 = PRESENTATION_STYLE_ASSIGNMENT( ( #1858 ) );
#922 = ADVANCED_FACE( '', ( #1859 ), #1860, .F. );
#923 = PRESENTATION_STYLE_ASSIGNMENT( ( #1861 ) );
#924 = ADVANCED_FACE( '', ( #1862 ), #1863, .T. );
#925 = PRESENTATION_STYLE_ASSIGNMENT( ( #1864 ) );
#926 = ADVANCED_FACE( '', ( #1865 ), #1866, .F. );
#927 = PRESENTATION_STYLE_ASSIGNMENT( ( #1867 ) );
#928 = ADVANCED_FACE( '', ( #1868 ), #1869, .F. );
#929 = PRESENTATION_STYLE_ASSIGNMENT( ( #1870 ) );
#930 = ADVANCED_FACE( '', ( #1871 ), #1872, .T. );
#931 = PRESENTATION_STYLE_ASSIGNMENT( ( #1873 ) );
#932 = ADVANCED_FACE( '', ( #1874 ), #1875, .T. );
#933 = PRESENTATION_STYLE_ASSIGNMENT( ( #1876 ) );
#934 = ADVANCED_FACE( '', ( #1877 ), #1878, .T. );
#935 = PRESENTATION_STYLE_ASSIGNMENT( ( #1879 ) );
#936 = ADVANCED_FACE( '', ( #1880 ), #1881, .F. );
#937 = PRESENTATION_STYLE_ASSIGNMENT( ( #1882 ) );
#938 = ADVANCED_FACE( '', ( #1883 ), #1884, .T. );
#939 = PRESENTATION_STYLE_ASSIGNMENT( ( #1885 ) );
#940 = ADVANCED_FACE( '', ( #1886 ), #1887, .F. );
#941 = PRODUCT( '530480810', '530480810', 'PART-530480810-DESC', ( #1888 ) );
#942 = PRODUCT_DEFINITION( 'NONE', 'NONE', #1889, #2 );
#943 = MANIFOLD_SOLID_BREP( '530480810', #1890 );
#944 = AXIS2_PLACEMENT_3D( '', #1891, #1892, #1893 );
#947 = LENGTH_MEASURE_WITH_UNIT( LENGTH_MEASURE( 1.00000000000000 ), #1894 );
#950 = DIMENSIONAL_EXPONENTS( 1.00000000000000, 0.00000000000000, 0.00000000000000, 0.00000000000000, 0.00000000000000, 0.00000000000000, 0.00000000000000 );
#952 = DIMENSIONAL_EXPONENTS( 0.00000000000000, 0.00000000000000, 0.00000000000000, 0.00000000000000, 0.00000000000000, 0.00000000000000, 0.00000000000000 );
#958 = SURFACE_STYLE_USAGE( .BOTH., #1895 );
#959 = FACE_OUTER_BOUND( '', #1896, .T. );
#960 = PLANE( '', #1897 );
#961 = SURFACE_STYLE_USAGE( .BOTH., #1898 );
#962 = FACE_OUTER_BOUND( '', #1899, .T. );
#963 = B_SPLINE_SURFACE_WITH_KNOTS( '', 3, 3, ( ( #1900, #1901, #1902, #1903 ), ( #1904, #1905, #1906, #1907 ), ( #1908, #1909, #1910, #1911 ), ( #1912, #1913, #1914, #1915 ), ( #1916, #1917, #1918, #1919 ), ( #1920, #1921, #1922, #1923 ), ( #1924, #1925, #1926, #1927 ) ), .UNSPECIFIED., .F., .F., .F., ( 4, 1, 1, 1, 4 ), ( 4, 4 ), ( -0.0682422137976200, 0.250000000000000, 0.500000000000000, 0.750000000000000, 1.06824221379800 ), ( 6.62310824963700, 7.13991141605100 ), .UNSPECIFIED. );
#964 = SURFACE_STYLE_USAGE( .BOTH., #1928 );
#965 = FACE_OUTER_BOUND( '', #1929, .T. );
#966 = PLANE( '', #1930 );
#967 = SURFACE_STYLE_USAGE( .BOTH., #1931 );
#968 = FACE_OUTER_BOUND( '', #1932, .T. );
#969 = B_SPLINE_SURFACE_WITH_KNOTS( '', 3, 3, ( ( #1933, #1934, #1935, #1936 ), ( #1937, #1938, #1939, #1940 ), ( #1941, #1942, #1943, #1944 ), ( #1945, #1946, #1947, #1948 ), ( #1949, #1950, #1951, #1952 ), ( #1953, #1954, #1955, #1956 ), ( #1957, #1958, #1959, #1960 ) ), .UNSPECIFIED., .F., .F., .F., ( 4, 1, 1, 1, 4 ), ( 4, 4 ), ( -0.0853027672470200, 0.250000000000000, 0.500000000000000, 0.750000000000000, 1.08530276724700 ), ( 6.62312334481700, 7.13991141605100 ), .UNSPECIFIED. );
#970 = SURFACE_STYLE_USAGE( .BOTH., #1961 );
#971 = FACE_OUTER_BOUND( '', #1962, .T. );
#972 = PLANE( '', #1963 );
#973 = SURFACE_STYLE_USAGE( .BOTH., #1964 );
#974 = FACE_OUTER_BOUND( '', #1965, .T. );
#975 = PLANE( '', #1966 );
#976 = SURFACE_STYLE_USAGE( .BOTH., #1967 );
#977 = FACE_OUTER_BOUND( '', #1968, .T. );
#978 = PLANE( '', #1969 );
#979 = SURFACE_STYLE_USAGE( .BOTH., #1970 );
#980 = FACE_OUTER_BOUND( '', #1971, .T. );
#981 = B_SPLINE_SURFACE_WITH_KNOTS( '', 3, 3, ( ( #1972, #1973, #1974, #1975 ), ( #1976, #1977, #1978, #1979 ), ( #1980, #1981, #1982, #1983 ), ( #1984, #1985, #1986, #1987 ), ( #1988, #1989, #1990, #1991 ), ( #1992, #1993, #1994, #1995 ), ( #1996, #1997, #1998, #1999 ) ), .UNSPECIFIED., .F., .F., .F., ( 4, 1, 1, 1, 4 ), ( 4, 4 ), ( -0.0853027672470200, 0.250000000000000, 0.500000000000000, 0.750000000000000, 1.08530276724700 ), ( 6.62312334481700, 7.13991141605100 ), .UNSPECIFIED. );
#982 = SURFACE_STYLE_USAGE( .BOTH., #2000 );
#983 = FACE_OUTER_BOUND( '', #2001, .T. );
#984 = PLANE( '', #2002 );
#985 = SURFACE_STYLE_USAGE( .BOTH., #2003 );
#986 = FACE_OUTER_BOUND( '', #2004, .T. );
#987 = PLANE( '', #2005 );
#988 = SURFACE_STYLE_USAGE( .BOTH., #2006 );
#989 = FACE_OUTER_BOUND( '', #2007, .T. );
#990 = PLANE( '', #2008 );
#991 = SURFACE_STYLE_USAGE( .BOTH., #2009 );
#992 = FACE_OUTER_BOUND( '', #2010, .T. );
#993 = PLANE( '', #2011 );
#994 = SURFACE_STYLE_USAGE( .BOTH., #2012 );
#995 = FACE_OUTER_BOUND( '', #2013, .T. );
#996 = PLANE( '', #2014 );
#997 = SURFACE_STYLE_USAGE( .BOTH., #2015 );
#998 = FACE_OUTER_BOUND( '', #2016, .T. );
#999 = PLANE( '', #2017 );
#1000 = SURFACE_STYLE_USAGE( .BOTH., #2018 );
#1001 = FACE_OUTER_BOUND( '', #2019, .T. );
#1002 = PLANE( '', #2020 );
#1003 = SURFACE_STYLE_USAGE( .BOTH., #2021 );
#1004 = FACE_OUTER_BOUND( '', #2022, .T. );
#1005 = B_SPLINE_SURFACE_WITH_KNOTS( '', 3, 3, ( ( #2023, #2024, #2025, #2026 ), ( #2027, #2028, #2029, #2030 ), ( #2031, #2032, #2033, #2034 ), ( #2035, #2036, #2037, #2038 ), ( #2039, #2040, #2041, #2042 ), ( #2043, #2044, #2045, #2046 ), ( #2047, #2048, #2049, #2050 ) ), .UNSPECIFIED., .F., .F., .F., ( 4, 1, 1, 1, 4 ), ( 4, 4 ), ( -0.0426513836235100, 0.250000000000000, 0.500000000000000, 0.750000000000000, 1.04265138362400 ), ( -0.00724683303305700, 0.308449366522500 ), .UNSPECIFIED. );
#1006 = SURFACE_STYLE_USAGE( .BOTH., #2051 );
#1007 = FACE_OUTER_BOUND( '', #2052, .T. );
#1008 = B_SPLINE_SURFACE_WITH_KNOTS( '', 3, 3, ( ( #2053, #2054, #2055, #2056 ), ( #2057, #2058, #2059, #2060 ), ( #2061, #2062, #2063, #2064 ), ( #2065, #2066, #2067, #2068 ), ( #2069, #2070, #2071, #2072 ), ( #2073, #2074, #2075, #2076 ), ( #2077, #2078, #2079, #2080 ) ), .UNSPECIFIED., .F., .F., .F., ( 4, 1, 1, 1, 4 ), ( 4, 4 ), ( -0.0682422137976200, 0.250000000000000, 0.500000000000000, 0.750000000000000, 1.06824221379800 ), ( 6.62310824963700, 7.13991141605100 ), .UNSPECIFIED. );
#1009 = SURFACE_STYLE_USAGE( .BOTH., #2081 );
#1010 = FACE_OUTER_BOUND( '', #2082, .T. );
#1011 = PLANE( '', #2083 );
#1012 = SURFACE_STYLE_USAGE( .BOTH., #2084 );
#1013 = FACE_OUTER_BOUND( '', #2085, .T. );
#1014 = B_SPLINE_SURFACE_WITH_KNOTS( '', 3, 3, ( ( #2086, #2087, #2088, #2089 ), ( #2090, #2091, #2092, #2093 ), ( #2094, #2095, #2096, #2097 ), ( #2098, #2099, #2100, #2101 ), ( #2102, #2103, #2104, #2105 ), ( #2106, #2107, #2108, #2109 ), ( #2110, #2111, #2112, #2113 ) ), .UNSPECIFIED., .F., .F., .F., ( 4, 1, 1, 1, 4 ), ( 4, 4 ), ( -0.0853027672470200, 0.250000000000000, 0.500000000000000, 0.750000000000000, 1.08530276724700 ), ( 6.62312334481700, 7.13991141605100 ), .UNSPECIFIED. );
#1015 = SURFACE_STYLE_USAGE( .BOTH., #2114 );
#1016 = FACE_OUTER_BOUND( '', #2115, .T. );
#1017 = B_SPLINE_SURFACE_WITH_KNOTS( '', 3, 3, ( ( #2116, #2117, #2118, #2119 ), ( #2120, #2121, #2122, #2123 ), ( #2124, #2125, #2126, #2127 ), ( #2128, #2129, #2130, #2131 ), ( #2132, #2133, #2134, #2135 ), ( #2136, #2137, #2138, #2139 ), ( #2140, #2141, #2142, #2143 ) ), .UNSPECIFIED., .F., .F., .F., ( 4, 1, 1, 1, 4 ), ( 4, 4 ), ( -0.0426513836235100, 0.250000000000000, 0.500000000000000, 0.750000000000000, 1.04265138362400 ), ( -0.00724683303305700, 0.308449366522500 ), .UNSPECIFIED. );
#1018 = SURFACE_STYLE_USAGE( .BOTH., #2144 );
#1019 = FACE_OUTER_BOUND( '', #2145, .T. );
#1020 = PLANE( '', #2146 );
#1021 = SURFACE_STYLE_USAGE( .BOTH., #2147 );
#1022 = FACE_OUTER_BOUND( '', #2148, .T. );
#1023 = PLANE( '', #2149 );
#1024 = SURFACE_STYLE_USAGE( .BOTH., #2150 );
#1025 = FACE_OUTER_BOUND( '', #2151, .T. );
#1026 = B_SPLINE_SURFACE_WITH_KNOTS( '', 3, 3, ( ( #2152, #2153, #2154, #2155 ), ( #2156, #2157, #2158, #2159 ), ( #2160, #2161, #2162, #2163 ), ( #2164, #2165, #2166, #2167 ), ( #2168, #2169, #2170, #2171 ), ( #2172, #2173, #2174, #2175 ), ( #2176, #2177, #2178, #2179 ) ), .UNSPECIFIED., .F., .F., .F., ( 4, 1, 1, 1, 4 ), ( 4, 4 ), ( -0.0853027672470200, 0.250000000000000, 0.500000000000000, 0.750000000000000, 1.08530276724700 ), ( -0.00724683303305700, 0.308593854984500 ), .UNSPECIFIED. );
#1027 = SURFACE_STYLE_USAGE( .BOTH., #2180 );
#1028 = FACE_OUTER_BOUND( '', #2181, .T. );
#1029 = CYLINDRICAL_SURFACE( '', #2182, 0.000975000000000000 );
#1030 = SURFACE_STYLE_USAGE( .BOTH., #2183 );
#1031 = FACE_OUTER_BOUND( '', #2184, .T. );
#1032 = PLANE( '', #2185 );
#1033 = SURFACE_STYLE_USAGE( .BOTH., #2186 );
#1034 = FACE_OUTER_BOUND( '', #2187, .T. );
#1035 = PLANE( '', #2188 );
#1036 = SURFACE_STYLE_USAGE( .BOTH., #2189 );
#1037 = FACE_OUTER_BOUND( '', #2190, .T. );
#1038 = PLANE( '', #2191 );
#1039 = SURFACE_STYLE_USAGE( .BOTH., #2192 );
#1040 = FACE_OUTER_BOUND( '', #2193, .T. );
#1041 = PLANE( '', #2194 );
#1042 = SURFACE_STYLE_USAGE( .BOTH., #2195 );
#1043 = FACE_OUTER_BOUND( '', #2196, .T. );
#1044 = PLANE( '', #2197 );
#1045 = SURFACE_STYLE_USAGE( .BOTH., #2198 );
#1046 = FACE_OUTER_BOUND( '', #2199, .T. );
#1047 = B_SPLINE_SURFACE_WITH_KNOTS( '', 3, 3, ( ( #2200, #2201, #2202, #2203 ), ( #2204, #2205, #2206, #2207 ), ( #2208, #2209, #2210, #2211 ), ( #2212, #2213, #2214, #2215 ), ( #2216, #2217, #2218, #2219 ), ( #2220, #2221, #2222, #2223 ), ( #2224, #2225, #2226, #2227 ) ), .UNSPECIFIED., .F., .F., .F., ( 4, 1, 1, 1, 4 ), ( 4, 4 ), ( -0.0682422137976200, 0.250000000000000, 0.500000000000000, 0.750000000000000, 1.06824221379800 ), ( 6.62310824963700, 7.13991141605100 ), .UNSPECIFIED. );
#1048 = SURFACE_STYLE_USAGE( .BOTH., #2228 );
#1049 = FACE_OUTER_BOUND( '', #2229, .T. );
#1050 = CYLINDRICAL_SURFACE( '', #2230, 0.000975000000000000 );
#1051 = SURFACE_STYLE_USAGE( .BOTH., #2231 );
#1052 = FACE_OUTER_BOUND( '', #2232, .T. );
#1053 = PLANE( '', #2233 );
#1054 = SURFACE_STYLE_USAGE( .BOTH., #2234 );
#1055 = FACE_OUTER_BOUND( '', #2235, .T. );
#1056 = B_SPLINE_SURFACE_WITH_KNOTS( '', 3, 3, ( ( #2236, #2237, #2238, #2239 ), ( #2240, #2241, #2242, #2243 ), ( #2244, #2245, #2246, #2247 ), ( #2248, #2249, #2250, #2251 ), ( #2252, #2253, #2254, #2255 ), ( #2256, #2257, #2258, #2259 ), ( #2260, #2261, #2262, #2263 ) ), .UNSPECIFIED., .F., .F., .F., ( 4, 1, 1, 1, 4 ), ( 4, 4 ), ( -0.0853027672470200, 0.250000000000000, 0.500000000000000, 0.750000000000000, 1.08530276724700 ), ( -0.00724683303305700, 0.308593854984500 ), .UNSPECIFIED. );
#1057 = SURFACE_STYLE_USAGE( .BOTH., #2264 );
#1058 = FACE_OUTER_BOUND( '', #2265, .T. );
#1059 = B_SPLINE_SURFACE_WITH_KNOTS( '', 3, 3, ( ( #2266, #2267, #2268, #2269 ), ( #2270, #2271, #2272, #2273 ), ( #2274, #2275, #2276, #2277 ), ( #2278, #2279, #2280, #2281 ), ( #2282, #2283, #2284, #2285 ), ( #2286, #2287, #2288, #2289 ), ( #2290, #2291, #2292, #2293 ) ), .UNSPECIFIED., .F., .F., .F., ( 4, 1, 1, 1, 4 ), ( 4, 4 ), ( -0.0853027672470200, 0.250000000000000, 0.500000000000000, 0.750000000000000, 1.08530276724700 ), ( -0.00724683303305700, 0.308593854984500 ), .UNSPECIFIED. );
#1060 = SURFACE_STYLE_USAGE( .BOTH., #2294 );
#1061 = FACE_OUTER_BOUND( '', #2295, .T. );
#1062 = PLANE( '', #2296 );
#1063 = SURFACE_STYLE_USAGE( .BOTH., #2297 );
#1064 = FACE_OUTER_BOUND( '', #2298, .T. );
#1065 = B_SPLINE_SURFACE_WITH_KNOTS( '', 3, 3, ( ( #2299, #2300, #2301, #2302 ), ( #2303, #2304, #2305, #2306 ), ( #2307, #2308, #2309, #2310 ), ( #2311, #2312, #2313, #2314 ), ( #2315, #2316, #2317, #2318 ), ( #2319, #2320, #2321, #2322 ), ( #2323, #2324, #2325, #2326 ) ), .UNSPECIFIED., .F., .F., .F., ( 4, 1, 1, 1, 4 ), ( 4, 4 ), ( -0.0426513836235100, 0.250000000000000, 0.500000000000000, 0.750000000000000, 1.04265138362400 ), ( -0.00724683303305700, 0.308449366522500 ), .UNSPECIFIED. );
#1066 = SURFACE_STYLE_USAGE( .BOTH., #2327 );
#1067 = FACE_OUTER_BOUND( '', #2328, .T. );
#1068 = PLANE( '', #2329 );
#1069 = SURFACE_STYLE_USAGE( .BOTH., #2330 );
#1070 = FACE_OUTER_BOUND( '', #2331, .T. );
#1071 = PLANE( '', #2332 );
#1072 = SURFACE_STYLE_USAGE( .BOTH., #2333 );
#1073 = FACE_OUTER_BOUND( '', #2334, .T. );
#1074 = B_SPLINE_SURFACE_WITH_KNOTS( '', 3, 3, ( ( #2335, #2336, #2337, #2338 ), ( #2339, #2340, #2341, #2342 ), ( #2343, #2344, #2345, #2346 ), ( #2347, #2348, #2349, #2350 ), ( #2351, #2352, #2353, #2354 ), ( #2355, #2356, #2357, #2358 ), ( #2359, #2360, #2361, #2362 ) ), .UNSPECIFIED., .F., .F., .F., ( 4, 1, 1, 1, 4 ), ( 4, 4 ), ( -0.0682422137976200, 0.250000000000000, 0.500000000000000, 0.750000000000000, 1.06824221379800 ), ( 6.62310824963700, 7.13991141605100 ), .UNSPECIFIED. );
#1075 = SURFACE_STYLE_USAGE( .BOTH., #2363 );
#1076 = FACE_OUTER_BOUND( '', #2364, .T. );
#1077 = PLANE( '', #2365 );
#1078 = SURFACE_STYLE_USAGE( .BOTH., #2366 );
#1079 = FACE_OUTER_BOUND( '', #2367, .T. );
#1080 = PLANE( '', #2368 );
#1081 = SURFACE_STYLE_USAGE( .BOTH., #2369 );
#1082 = FACE_OUTER_BOUND( '', #2370, .T. );
#1083 = PLANE( '', #2371 );
#1084 = SURFACE_STYLE_USAGE( .BOTH., #2372 );
#1085 = FACE_OUTER_BOUND( '', #2373, .T. );
#1086 = PLANE( '', #2374 );
#1087 = SURFACE_STYLE_USAGE( .BOTH., #2375 );
#1088 = FACE_OUTER_BOUND( '', #2376, .T. );
#1089 = PLANE( '', #2377 );
#1090 = SURFACE_STYLE_USAGE( .BOTH., #2378 );
#1091 = FACE_OUTER_BOUND( '', #2379, .T. );
#1092 = PLANE( '', #2380 );
#1093 = SURFACE_STYLE_USAGE( .BOTH., #2381 );
#1094 = FACE_OUTER_BOUND( '', #2382, .T. );
#1095 = PLANE( '', #2383 );
#1096 = SURFACE_STYLE_USAGE( .BOTH., #2384 );
#1097 = FACE_OUTER_BOUND( '', #2385, .T. );
#1098 = PLANE( '', #2386 );
#1099 = SURFACE_STYLE_USAGE( .BOTH., #2387 );
#1100 = FACE_OUTER_BOUND( '', #2388, .T. );
#1101 = PLANE( '', #2389 );
#1102 = SURFACE_STYLE_USAGE( .BOTH., #2390 );
#1103 = FACE_OUTER_BOUND( '', #2391, .T. );
#1104 = PLANE( '', #2392 );
#1105 = SURFACE_STYLE_USAGE( .BOTH., #2393 );
#1106 = FACE_OUTER_BOUND( '', #2394, .T. );
#1107 = B_SPLINE_SURFACE_WITH_KNOTS( '', 3, 3, ( ( #2395, #2396, #2397, #2398 ), ( #2399, #2400, #2401, #2402 ), ( #2403, #2404, #2405, #2406 ), ( #2407, #2408, #2409, #2410 ), ( #2411, #2412, #2413, #2414 ), ( #2415, #2416, #2417, #2418 ), ( #2419, #2420, #2421, #2422 ) ), .UNSPECIFIED., .F., .F., .F., ( 4, 1, 1, 1, 4 ), ( 4, 4 ), ( -0.0853027672470200, 0.250000000000000, 0.500000000000000, 0.750000000000000, 1.08530276724700 ), ( 6.62312334481700, 7.13991141605100 ), .UNSPECIFIED. );
#1108 = SURFACE_STYLE_USAGE( .BOTH., #2423 );
#1109 = FACE_OUTER_BOUND( '', #2424, .T. );
#1110 = PLANE( '', #2425 );
#1111 = SURFACE_STYLE_USAGE( .BOTH., #2426 );
#1112 = FACE_OUTER_BOUND( '', #2427, .T. );
#1113 = PLANE( '', #2428 );
#1114 = SURFACE_STYLE_USAGE( .BOTH., #2429 );
#1115 = FACE_OUTER_BOUND( '', #2430, .T. );
#1116 = PLANE( '', #2431 );
#1117 = SURFACE_STYLE_USAGE( .BOTH., #2432 );
#1118 = FACE_OUTER_BOUND( '', #2433, .T. );
#1119 = PLANE( '', #2434 );
#1120 = SURFACE_STYLE_USAGE( .BOTH., #2435 );
#1121 = FACE_OUTER_BOUND( '', #2436, .T. );
#1122 = PLANE( '', #2437 );
#1123 = SURFACE_STYLE_USAGE( .BOTH., #2438 );
#1124 = FACE_OUTER_BOUND( '', #2439, .T. );
#1125 = PLANE( '', #2440 );
#1126 = SURFACE_STYLE_USAGE( .BOTH., #2441 );
#1127 = FACE_OUTER_BOUND( '', #2442, .T. );
#1128 = B_SPLINE_SURFACE_WITH_KNOTS( '', 3, 3, ( ( #2443, #2444, #2445, #2446 ), ( #2447, #2448, #2449, #2450 ), ( #2451, #2452, #2453, #2454 ), ( #2455, #2456, #2457, #2458 ), ( #2459, #2460, #2461, #2462 ), ( #2463, #2464, #2465, #2466 ), ( #2467, #2468, #2469, #2470 ) ), .UNSPECIFIED., .F., .F., .F., ( 4, 1, 1, 1, 4 ), ( 4, 4 ), ( -0.0853027672470200, 0.250000000000000, 0.500000000000000, 0.750000000000000, 1.08530276724700 ), ( 6.62312334481700, 7.13991141605100 ), .UNSPECIFIED. );
#1129 = SURFACE_STYLE_USAGE( .BOTH., #2471 );
#1130 = FACE_OUTER_BOUND( '', #2472, .T. );
#1131 = PLANE( '', #2473 );
#1132 = SURFACE_STYLE_USAGE( .BOTH., #2474 );
#1133 = FACE_OUTER_BOUND( '', #2475, .T. );
#1134 = B_SPLINE_SURFACE_WITH_KNOTS( '', 3, 3, ( ( #2476, #2477, #2478, #2479 ), ( #2480, #2481, #2482, #2483 ), ( #2484, #2485, #2486, #2487 ), ( #2488, #2489, #2490, #2491 ), ( #2492, #2493, #2494, #2495 ), ( #2496, #2497, #2498, #2499 ), ( #2500, #2501, #2502, #2503 ) ), .UNSPECIFIED., .F., .F., .F., ( 4, 1, 1, 1, 4 ), ( 4, 4 ), ( -0.0853027672470200, 0.250000000000000, 0.500000000000000, 0.750000000000000, 1.08530276724700 ), ( 6.62312334481700, 7.13991141605100 ), .UNSPECIFIED. );
#1135 = SURFACE_STYLE_USAGE( .BOTH., #2504 );
#1136 = FACE_OUTER_BOUND( '', #2505, .T. );
#1137 = PLANE( '', #2506 );
#1138 = SURFACE_STYLE_USAGE( .BOTH., #2507 );
#1139 = FACE_OUTER_BOUND( '', #2508, .T. );
#1140 = PLANE( '', #2509 );
#1141 = SURFACE_STYLE_USAGE( .BOTH., #2510 );
#1142 = FACE_OUTER_BOUND( '', #2511, .T. );
#1143 = PLANE( '', #2512 );
#1144 = SURFACE_STYLE_USAGE( .BOTH., #2513 );
#1145 = FACE_OUTER_BOUND( '', #2514, .T. );
#1146 = PLANE( '', #2515 );
#1147 = SURFACE_STYLE_USAGE( .BOTH., #2516 );
#1148 = FACE_OUTER_BOUND( '', #2517, .T. );
#1149 = PLANE( '', #2518 );
#1150 = SURFACE_STYLE_USAGE( .BOTH., #2519 );
#1151 = FACE_OUTER_BOUND( '', #2520, .T. );
#1152 = B_SPLINE_SURFACE_WITH_KNOTS( '', 3, 3, ( ( #2521, #2522, #2523, #2524 ), ( #2525, #2526, #2527, #2528 ), ( #2529, #2530, #2531, #2532 ), ( #2533, #2534, #2535, #2536 ), ( #2537, #2538, #2539, #2540 ), ( #2541, #2542, #2543, #2544 ), ( #2545, #2546, #2547, #2548 ) ), .UNSPECIFIED., .F., .F., .F., ( 4, 1, 1, 1, 4 ), ( 4, 4 ), ( -0.0853027672470200, 0.250000000000000, 0.500000000000000, 0.750000000000000, 1.08530276724700 ), ( -0.00724683303305700, 0.308593854984500 ), .UNSPECIFIED. );
#1153 = SURFACE_STYLE_USAGE( .BOTH., #2549 );
#1154 = FACE_OUTER_BOUND( '', #2550, .T. );
#1155 = PLANE( '', #2551 );
#1156 = SURFACE_STYLE_USAGE( .BOTH., #2552 );
#1157 = FACE_OUTER_BOUND( '', #2553, .T. );
#1158 = PLANE( '', #2554 );
#1159 = SURFACE_STYLE_USAGE( .BOTH., #2555 );
#1160 = FACE_OUTER_BOUND( '', #2556, .T. );
#1161 = CYLINDRICAL_SURFACE( '', #2557, 0.000975000000000000 );
#1162 = SURFACE_STYLE_USAGE( .BOTH., #2558 );
#1163 = FACE_OUTER_BOUND( '', #2559, .T. );
#1164 = PLANE( '', #2560 );
#1165 = SURFACE_STYLE_USAGE( .BOTH., #2561 );
#1166 = FACE_OUTER_BOUND( '', #2562, .T. );
#1167 = PLANE( '', #2563 );
#1168 = SURFACE_STYLE_USAGE( .BOTH., #2564 );
#1169 = FACE_OUTER_BOUND( '', #2565, .T. );
#1170 = PLANE( '', #2566 );
#1171 = SURFACE_STYLE_USAGE( .BOTH., #2567 );
#1172 = FACE_OUTER_BOUND( '', #2568, .T. );
#1173 = B_SPLINE_SURFACE_WITH_KNOTS( '', 3, 3, ( ( #2569, #2570, #2571, #2572 ), ( #2573, #2574, #2575, #2576 ), ( #2577, #2578, #2579, #2580 ), ( #2581, #2582, #2583, #2584 ), ( #2585, #2586, #2587, #2588 ), ( #2589, #2590, #2591, #2592 ), ( #2593, #2594, #2595, #2596 ) ), .UNSPECIFIED., .F., .F., .F., ( 4, 1, 1, 1, 4 ), ( 4, 4 ), ( -0.0853027672470200, 0.250000000000000, 0.500000000000000, 0.750000000000000, 1.08530276724700 ), ( -0.00724683303305700, 0.308593854984500 ), .UNSPECIFIED. );
#1174 = SURFACE_STYLE_USAGE( .BOTH., #2597 );
#1175 = FACE_OUTER_BOUND( '', #2598, .T. );
#1176 = PLANE( '', #2599 );
#1177 = SURFACE_STYLE_USAGE( .BOTH., #2600 );
#1178 = FACE_OUTER_BOUND( '', #2601, .T. );
#1179 = PLANE( '', #2602 );
#1180 = SURFACE_STYLE_USAGE( .BOTH., #2603 );
#1181 = FACE_OUTER_BOUND( '', #2604, .T. );
#1182 = B_SPLINE_SURFACE_WITH_KNOTS( '', 3, 3, ( ( #2605, #2606, #2607, #2608 ), ( #2609, #2610, #2611, #2612 ), ( #2613, #2614, #2615, #2616 ), ( #2617, #2618, #2619, #2620 ), ( #2621, #2622, #2623, #2624 ), ( #2625, #2626, #2627, #2628 ), ( #2629, #2630, #2631, #2632 ) ), .UNSPECIFIED., .F., .F., .F., ( 4, 1, 1, 1, 4 ), ( 4, 4 ), ( -0.0853027672470200, 0.250000000000000, 0.500000000000000, 0.750000000000000, 1.08530276724700 ), ( 6.62312334481700, 7.13991141605100 ), .UNSPECIFIED. );
#1183 = SURFACE_STYLE_USAGE( .BOTH., #2633 );
#1184 = FACE_OUTER_BOUND( '', #2634, .T. );
#1185 = PLANE( '', #2635 );
#1186 = SURFACE_STYLE_USAGE( .BOTH., #2636 );
#1187 = FACE_OUTER_BOUND( '', #2637, .T. );
#1188 = PLANE( '', #2638 );
#1189 = SURFACE_STYLE_USAGE( .BOTH., #2639 );
#1190 = FACE_OUTER_BOUND( '', #2640, .T. );
#1191 = PLANE( '', #2641 );
#1192 = SURFACE_STYLE_USAGE( .BOTH., #2642 );
#1193 = FACE_OUTER_BOUND( '', #2643, .T. );
#1194 = PLANE( '', #2644 );
#1195 = SURFACE_STYLE_USAGE( .BOTH., #2645 );
#1196 = FACE_OUTER_BOUND( '', #2646, .T. );
#1197 = B_SPLINE_SURFACE_WITH_KNOTS( '', 3, 3, ( ( #2647, #2648, #2649, #2650 ), ( #2651, #2652, #2653, #2654 ), ( #2655, #2656, #2657, #2658 ), ( #2659, #2660, #2661, #2662 ), ( #2663, #2664, #2665, #2666 ), ( #2667, #2668, #2669, #2670 ), ( #2671, #2672, #2673, #2674 ) ), .UNSPECIFIED., .F., .F., .F., ( 4, 1, 1, 1, 4 ), ( 4, 4 ), ( -0.0426513836235100, 0.250000000000000, 0.500000000000000, 0.750000000000000, 1.04265138362400 ), ( -0.00724683303305700, 0.308449366522500 ), .UNSPECIFIED. );
#1198 = SURFACE_STYLE_USAGE( .BOTH., #2675 );
#1199 = FACE_OUTER_BOUND( '', #2676, .T. );
#1200 = B_SPLINE_SURFACE_WITH_KNOTS( '', 3, 3, ( ( #2677, #2678, #2679, #2680 ), ( #2681, #2682, #2683, #2684 ), ( #2685, #2686, #2687, #2688 ), ( #2689, #2690, #2691, #2692 ), ( #2693, #2694, #2695, #2696 ), ( #2697, #2698, #2699, #2700 ), ( #2701, #2702, #2703, #2704 ) ), .UNSPECIFIED., .F., .F., .F., ( 4, 1, 1, 1, 4 ), ( 4, 4 ), ( -0.0426513836235100, 0.250000000000000, 0.500000000000000, 0.750000000000000, 1.04265138362400 ), ( -0.00724683303305700, 0.308449366522500 ), .UNSPECIFIED. );
#1201 = SURFACE_STYLE_USAGE( .BOTH., #2705 );
#1202 = FACE_OUTER_BOUND( '', #2706, .T. );
#1203 = PLANE( '', #2707 );
#1204 = SURFACE_STYLE_USAGE( .BOTH., #2708 );
#1205 = FACE_OUTER_BOUND( '', #2709, .T. );
#1206 = PLANE( '', #2710 );
#1207 = SURFACE_STYLE_USAGE( .BOTH., #2711 );
#1208 = FACE_OUTER_BOUND( '', #2712, .T. );
#1209 = PLANE( '', #2713 );
#1210 = SURFACE_STYLE_USAGE( .BOTH., #2714 );
#1211 = FACE_OUTER_BOUND( '', #2715, .T. );
#1212 = PLANE( '', #2716 );
#1213 = SURFACE_STYLE_USAGE( .BOTH., #2717 );
#1214 = FACE_OUTER_BOUND( '', #2718, .T. );
#1215 = PLANE( '', #2719 );
#1216 = SURFACE_STYLE_USAGE( .BOTH., #2720 );
#1217 = FACE_OUTER_BOUND( '', #2721, .T. );
#1218 = PLANE( '', #2722 );
#1219 = SURFACE_STYLE_USAGE( .BOTH., #2723 );
#1220 = FACE_OUTER_BOUND( '', #2724, .T. );
#1221 = PLANE( '', #2725 );
#1222 = SURFACE_STYLE_USAGE( .BOTH., #2726 );
#1223 = FACE_OUTER_BOUND( '', #2727, .T. );
#1224 = PLANE( '', #2728 );
#1225 = SURFACE_STYLE_USAGE( .BOTH., #2729 );
#1226 = FACE_OUTER_BOUND( '', #2730, .T. );
#1227 = PLANE( '', #2731 );
#1228 = SURFACE_STYLE_USAGE( .BOTH., #2732 );
#1229 = FACE_OUTER_BOUND( '', #2733, .T. );
#1230 = PLANE( '', #2734 );
#1231 = SURFACE_STYLE_USAGE( .BOTH., #2735 );
#1232 = FACE_OUTER_BOUND( '', #2736, .T. );
#1233 = PLANE( '', #2737 );
#1234 = SURFACE_STYLE_USAGE( .BOTH., #2738 );
#1235 = FACE_OUTER_BOUND( '', #2739, .T. );
#1236 = PLANE( '', #2740 );
#1237 = SURFACE_STYLE_USAGE( .BOTH., #2741 );
#1238 = FACE_OUTER_BOUND( '', #2742, .T. );
#1239 = PLANE( '', #2743 );
#1240 = SURFACE_STYLE_USAGE( .BOTH., #2744 );
#1241 = FACE_OUTER_BOUND( '', #2745, .T. );
#1242 = B_SPLINE_SURFACE_WITH_KNOTS( '', 3, 3, ( ( #2746, #2747, #2748, #2749 ), ( #2750, #2751, #2752, #2753 ), ( #2754, #2755, #2756, #2757 ), ( #2758, #2759, #2760, #2761 ), ( #2762, #2763, #2764, #2765 ), ( #2766, #2767, #2768, #2769 ), ( #2770, #2771, #2772, #2773 ) ), .UNSPECIFIED., .F., .F., .F., ( 4, 1, 1, 1, 4 ), ( 4, 4 ), ( -0.0426513836235100, 0.250000000000000, 0.500000000000000, 0.750000000000000, 1.04265138362400 ), ( -0.00724683303305700, 0.308449366522500 ), .UNSPECIFIED. );
#1243 = SURFACE_STYLE_USAGE( .BOTH., #2774 );
#1244 = FACE_OUTER_BOUND( '', #2775, .T. );
#1245 = PLANE( '', #2776 );
#1246 = SURFACE_STYLE_USAGE( .BOTH., #2777 );
#1247 = FACE_OUTER_BOUND( '', #2778, .T. );
#1248 = PLANE( '', #2779 );
#1249 = SURFACE_STYLE_USAGE( .BOTH., #2780 );
#1250 = FACE_OUTER_BOUND( '', #2781, .T. );
#1251 = PLANE( '', #2782 );
#1252 = SURFACE_STYLE_USAGE( .BOTH., #2783 );
#1253 = FACE_OUTER_BOUND( '', #2784, .T. );
#1254 = PLANE( '', #2785 );
#1255 = SURFACE_STYLE_USAGE( .BOTH., #2786 );
#1256 = FACE_OUTER_BOUND( '', #2787, .T. );
#1257 = PLANE( '', #2788 );
#1258 = SURFACE_STYLE_USAGE( .BOTH., #2789 );
#1259 = FACE_OUTER_BOUND( '', #2790, .T. );
#1260 = PLANE( '', #2791 );
#1261 = SURFACE_STYLE_USAGE( .BOTH., #2792 );
#1262 = FACE_OUTER_BOUND( '', #2793, .T. );
#1263 = B_SPLINE_SURFACE_WITH_KNOTS( '', 3, 3, ( ( #2794, #2795, #2796, #2797 ), ( #2798, #2799, #2800, #2801 ), ( #2802, #2803, #2804, #2805 ), ( #2806, #2807, #2808, #2809 ), ( #2810, #2811, #2812, #2813 ), ( #2814, #2815, #2816, #2817 ), ( #2818, #2819, #2820, #2821 ) ), .UNSPECIFIED., .F., .F., .F., ( 4, 1, 1, 1, 4 ), ( 4, 4 ), ( -0.0426513836235100, 0.250000000000000, 0.500000000000000, 0.750000000000000, 1.04265138362400 ), ( -0.00724683303305700, 0.308449366522500 ), .UNSPECIFIED. );
#1264 = SURFACE_STYLE_USAGE( .BOTH., #2822 );
#1265 = FACE_OUTER_BOUND( '', #2823, .T. );
#1266 = PLANE( '', #2824 );
#1267 = SURFACE_STYLE_USAGE( .BOTH., #2825 );
#1268 = FACE_OUTER_BOUND( '', #2826, .T. );
#1269 = FACE_BOUND( '', #2827, .T. );
#1270 = FACE_BOUND( '', #2828, .T. );
#1271 = FACE_BOUND( '', #2829, .T. );
#1272 = FACE_BOUND( '', #2830, .T. );
#1273 = FACE_BOUND( '', #2831, .T. );
#1274 = FACE_BOUND( '', #2832, .T. );
#1275 = FACE_BOUND( '', #2833, .T. );
#1276 = FACE_BOUND( '', #2834, .T. );
#1277 = PLANE( '', #2835 );
#1278 = SURFACE_STYLE_USAGE( .BOTH., #2836 );
#1279 = FACE_OUTER_BOUND( '', #2837, .T. );
#1280 = PLANE( '', #2838 );
#1281 = SURFACE_STYLE_USAGE( .BOTH., #2839 );
#1282 = FACE_OUTER_BOUND( '', #2840, .T. );
#1283 = PLANE( '', #2841 );
#1284 = SURFACE_STYLE_USAGE( .BOTH., #2842 );
#1285 = FACE_OUTER_BOUND( '', #2843, .T. );
#1286 = PLANE( '', #2844 );
#1287 = SURFACE_STYLE_USAGE( .BOTH., #2845 );
#1288 = FACE_OUTER_BOUND( '', #2846, .T. );
#1289 = PLANE( '', #2847 );
#1290 = SURFACE_STYLE_USAGE( .BOTH., #2848 );
#1291 = FACE_OUTER_BOUND( '', #2849, .T. );
#1292 = PLANE( '', #2850 );
#1293 = SURFACE_STYLE_USAGE( .BOTH., #2851 );
#1294 = FACE_OUTER_BOUND( '', #2852, .T. );
#1295 = PLANE( '', #2853 );
#1296 = SURFACE_STYLE_USAGE( .BOTH., #2854 );
#1297 = FACE_OUTER_BOUND( '', #2855, .T. );
#1298 = PLANE( '', #2856 );
#1299 = SURFACE_STYLE_USAGE( .BOTH., #2857 );
#1300 = FACE_OUTER_BOUND( '', #2858, .T. );
#1301 = PLANE( '', #2859 );
#1302 = SURFACE_STYLE_USAGE( .BOTH., #2860 );
#1303 = FACE_OUTER_BOUND( '', #2861, .T. );
#1304 = PLANE( '', #2862 );
#1305 = SURFACE_STYLE_USAGE( .BOTH., #2863 );
#1306 = FACE_OUTER_BOUND( '', #2864, .T. );
#1307 = PLANE( '', #2865 );
#1308 = SURFACE_STYLE_USAGE( .BOTH., #2866 );
#1309 = FACE_OUTER_BOUND( '', #2867, .T. );
#1310 = PLANE( '', #2868 );
#1311 = SURFACE_STYLE_USAGE( .BOTH., #2869 );
#1312 = FACE_OUTER_BOUND( '', #2870, .T. );
#1313 = PLANE( '', #2871 );
#1314 = SURFACE_STYLE_USAGE( .BOTH., #2872 );
#1315 = FACE_OUTER_BOUND( '', #2873, .T. );
#1316 = PLANE( '', #2874 );
#1317 = SURFACE_STYLE_USAGE( .BOTH., #2875 );
#1318 = FACE_OUTER_BOUND( '', #2876, .T. );
#1319 = PLANE( '', #2877 );
#1320 = SURFACE_STYLE_USAGE( .BOTH., #2878 );
#1321 = FACE_OUTER_BOUND( '', #2879, .T. );
#1322 = PLANE( '', #2880 );
#1323 = SURFACE_STYLE_USAGE( .BOTH., #2881 );
#1324 = FACE_OUTER_BOUND( '', #2882, .T. );
#1325 = PLANE( '', #2883 );
#1326 = SURFACE_STYLE_USAGE( .BOTH., #2884 );
#1327 = FACE_OUTER_BOUND( '', #2885, .T. );
#1328 = PLANE( '', #2886 );
#1329 = SURFACE_STYLE_USAGE( .BOTH., #2887 );
#1330 = FACE_OUTER_BOUND( '', #2888, .T. );
#1331 = PLANE( '', #2889 );
#1332 = SURFACE_STYLE_USAGE( .BOTH., #2890 );
#1333 = FACE_OUTER_BOUND( '', #2891, .T. );
#1334 = B_SPLINE_SURFACE_WITH_KNOTS( '', 3, 3, ( ( #2892, #2893, #2894, #2895 ), ( #2896, #2897, #2898, #2899 ), ( #2900, #2901, #2902, #2903 ), ( #2904, #2905, #2906, #2907 ), ( #2908, #2909, #2910, #2911 ), ( #2912, #2913, #2914, #2915 ), ( #2916, #2917, #2918, #2919 ) ), .UNSPECIFIED., .F., .F., .F., ( 4, 1, 1, 1, 4 ), ( 4, 4 ), ( -0.0682422137976200, 0.250000000000000, 0.500000000000000, 0.750000000000000, 1.06824221379800 ), ( 6.62310824963700, 7.13991141605100 ), .UNSPECIFIED. );
#1335 = SURFACE_STYLE_USAGE( .BOTH., #2920 );
#1336 = FACE_OUTER_BOUND( '', #2921, .T. );
#1337 = B_SPLINE_SURFACE_WITH_KNOTS( '', 3, 3, ( ( #2922, #2923, #2924, #2925 ), ( #2926, #2927, #2928, #2929 ), ( #2930, #2931, #2932, #2933 ), ( #2934, #2935, #2936, #2937 ), ( #2938, #2939, #2940, #2941 ), ( #2942, #2943, #2944, #2945 ), ( #2946, #2947, #2948, #2949 ) ), .UNSPECIFIED., .F., .F., .F., ( 4, 1, 1, 1, 4 ), ( 4, 4 ), ( -0.0853027672470200, 0.250000000000000, 0.500000000000000, 0.750000000000000, 1.08530276724700 ), ( -0.00724683303305700, 0.308593854984500 ), .UNSPECIFIED. );
#1338 = SURFACE_STYLE_USAGE( .BOTH., #2950 );
#1339 = FACE_OUTER_BOUND( '', #2951, .T. );
#1340 = PLANE( '', #2952 );
#1341 = SURFACE_STYLE_USAGE( .BOTH., #2953 );
#1342 = FACE_OUTER_BOUND( '', #2954, .T. );
#1343 = PLANE( '', #2955 );
#1344 = SURFACE_STYLE_USAGE( .BOTH., #2956 );
#1345 = FACE_OUTER_BOUND( '', #2957, .T. );
#1346 = PLANE( '', #2958 );
#1347 = SURFACE_STYLE_USAGE( .BOTH., #2959 );
#1348 = FACE_OUTER_BOUND( '', #2960, .T. );
#1349 = PLANE( '', #2961 );
#1350 = SURFACE_STYLE_USAGE( .BOTH., #2962 );
#1351 = FACE_OUTER_BOUND( '', #2963, .T. );
#1352 = B_SPLINE_SURFACE_WITH_KNOTS( '', 3, 3, ( ( #2964, #2965, #2966, #2967 ), ( #2968, #2969, #2970, #2971 ), ( #2972, #2973, #2974, #2975 ), ( #2976, #2977, #2978, #2979 ), ( #2980, #2981, #2982, #2983 ), ( #2984, #2985, #2986, #2987 ), ( #2988, #2989, #2990, #2991 ) ), .UNSPECIFIED., .F., .F., .F., ( 4, 1, 1, 1, 4 ), ( 4, 4 ), ( -0.0853027672470200, 0.250000000000000, 0.500000000000000, 0.750000000000000, 1.08530276724700 ), ( -0.00724683303305700, 0.308593854984500 ), .UNSPECIFIED. );
#1353 = SURFACE_STYLE_USAGE( .BOTH., #2992 );
#1354 = FACE_OUTER_BOUND( '', #2993, .T. );
#1355 = PLANE( '', #2994 );
#1356 = SURFACE_STYLE_USAGE( .BOTH., #2995 );
#1357 = FACE_OUTER_BOUND( '', #2996, .T. );
#1358 = PLANE( '', #2997 );
#1359 = SURFACE_STYLE_USAGE( .BOTH., #2998 );
#1360 = FACE_OUTER_BOUND( '', #2999, .T. );
#1361 = PLANE( '', #3000 );
#1362 = SURFACE_STYLE_USAGE( .BOTH., #3001 );
#1363 = FACE_OUTER_BOUND( '', #3002, .T. );
#1364 = PLANE( '', #3003 );
#1365 = SURFACE_STYLE_USAGE( .BOTH., #3004 );
#1366 = FACE_OUTER_BOUND( '', #3005, .T. );
#1367 = B_SPLINE_SURFACE_WITH_KNOTS( '', 3, 3, ( ( #3006, #3007, #3008, #3009 ), ( #3010, #3011, #3012, #3013 ), ( #3014, #3015, #3016, #3017 ), ( #3018, #3019, #3020, #3021 ), ( #3022, #3023, #3024, #3025 ), ( #3026, #3027, #3028, #3029 ), ( #3030, #3031, #3032, #3033 ) ), .UNSPECIFIED., .F., .F., .F., ( 4, 1, 1, 1, 4 ), ( 4, 4 ), ( -0.0426513836235100, 0.250000000000000, 0.500000000000000, 0.750000000000000, 1.04265138362400 ), ( -0.00724683303305700, 0.308449366522500 ), .UNSPECIFIED. );
#1368 = SURFACE_STYLE_USAGE( .BOTH., #3034 );
#1369 = FACE_OUTER_BOUND( '', #3035, .T. );
#1370 = PLANE( '', #3036 );
#1371 = SURFACE_STYLE_USAGE( .BOTH., #3037 );
#1372 = FACE_OUTER_BOUND( '', #3038, .T. );
#1373 = B_SPLINE_SURFACE_WITH_KNOTS( '', 3, 3, ( ( #3039, #3040, #3041, #3042 ), ( #3043, #3044, #3045, #3046 ), ( #3047, #3048, #3049, #3050 ), ( #3051, #3052, #3053, #3054 ), ( #3055, #3056, #3057, #3058 ), ( #3059, #3060, #3061, #3062 ), ( #3063, #3064, #3065, #3066 ) ), .UNSPECIFIED., .F., .F., .F., ( 4, 1, 1, 1, 4 ), ( 4, 4 ), ( -0.0853027672470200, 0.250000000000000, 0.500000000000000, 0.750000000000000, 1.08530276724700 ), ( 6.62312334481700, 7.13991141605100 ), .UNSPECIFIED. );
#1374 = SURFACE_STYLE_USAGE( .BOTH., #3067 );
#1375 = FACE_OUTER_BOUND( '', #3068, .T. );
#1376 = PLANE( '', #3069 );
#1377 = SURFACE_STYLE_USAGE( .BOTH., #3070 );
#1378 = FACE_OUTER_BOUND( '', #3071, .T. );
#1379 = B_SPLINE_SURFACE_WITH_KNOTS( '', 3, 3, ( ( #3072, #3073, #3074, #3075 ), ( #3076, #3077, #3078, #3079 ), ( #3080, #3081, #3082, #3083 ), ( #3084, #3085, #3086, #3087 ), ( #3088, #3089, #3090, #3091 ), ( #3092, #3093, #3094, #3095 ), ( #3096, #3097, #3098, #3099 ) ), .UNSPECIFIED., .F., .F., .F., ( 4, 1, 1, 1, 4 ), ( 4, 4 ), ( -0.0853027672470200, 0.250000000000000, 0.500000000000000, 0.750000000000000, 1.08530276724700 ), ( -0.00724683303305700, 0.308593854984500 ), .UNSPECIFIED. );
#1380 = SURFACE_STYLE_USAGE( .BOTH., #3100 );
#1381 = FACE_OUTER_BOUND( '', #3101, .T. );
#1382 = B_SPLINE_SURFACE_WITH_KNOTS( '', 3, 3, ( ( #3102, #3103, #3104, #3105 ), ( #3106, #3107, #3108, #3109 ), ( #3110, #3111, #3112, #3113 ), ( #3114, #3115, #3116, #3117 ), ( #3118, #3119, #3120, #3121 ), ( #3122, #3123, #3124, #3125 ), ( #3126, #3127, #3128, #3129 ) ), .UNSPECIFIED., .F., .F., .F., ( 4, 1, 1, 1, 4 ), ( 4, 4 ), ( -0.0853027672470200, 0.250000000000000, 0.500000000000000, 0.750000000000000, 1.08530276724700 ), ( 6.62312334481700, 7.13991141605100 ), .UNSPECIFIED. );
#1383 = SURFACE_STYLE_USAGE( .BOTH., #3130 );
#1384 = FACE_OUTER_BOUND( '', #3131, .T. );
#1385 = PLANE( '', #3132 );
#1386 = SURFACE_STYLE_USAGE( .BOTH., #3133 );
#1387 = FACE_OUTER_BOUND( '', #3134, .T. );
#1388 = B_SPLINE_SURFACE_WITH_KNOTS( '', 3, 3, ( ( #3135, #3136, #3137, #3138 ), ( #3139, #3140, #3141, #3142 ), ( #3143, #3144, #3145, #3146 ), ( #3147, #3148, #3149, #3150 ), ( #3151, #3152, #3153, #3154 ), ( #3155, #3156, #3157, #3158 ), ( #3159, #3160, #3161, #3162 ) ), .UNSPECIFIED., .F., .F., .F., ( 4, 1, 1, 1, 4 ), ( 4, 4 ), ( -0.0426513836235100, 0.250000000000000, 0.500000000000000, 0.750000000000000, 1.04265138362400 ), ( -0.00724683303305700, 0.308449366522500 ), .UNSPECIFIED. );
#1389 = SURFACE_STYLE_USAGE( .BOTH., #3163 );
#1390 = FACE_OUTER_BOUND( '', #3164, .T. );
#1391 = PLANE( '', #3165 );
#1392 = SURFACE_STYLE_USAGE( .BOTH., #3166 );
#1393 = FACE_OUTER_BOUND( '', #3167, .T. );
#1394 = PLANE( '', #3168 );
#1395 = SURFACE_STYLE_USAGE( .BOTH., #3169 );
#1396 = FACE_OUTER_BOUND( '', #3170, .T. );
#1397 = PLANE( '', #3171 );
#1398 = SURFACE_STYLE_USAGE( .BOTH., #3172 );
#1399 = FACE_OUTER_BOUND( '', #3173, .T. );
#1400 = B_SPLINE_SURFACE_WITH_KNOTS( '', 3, 3, ( ( #3174, #3175, #3176, #3177 ), ( #3178, #3179, #3180, #3181 ), ( #3182, #3183, #3184, #3185 ), ( #3186, #3187, #3188, #3189 ), ( #3190, #3191, #3192, #3193 ), ( #3194, #3195, #3196, #3197 ), ( #3198, #3199, #3200, #3201 ) ), .UNSPECIFIED., .F., .F., .F., ( 4, 1, 1, 1, 4 ), ( 4, 4 ), ( -0.0682422137976200, 0.250000000000000, 0.500000000000000, 0.750000000000000, 1.06824221379800 ), ( 6.62310824963700, 7.13991141605100 ), .UNSPECIFIED. );
#1401 = SURFACE_STYLE_USAGE( .BOTH., #3202 );
#1402 = FACE_OUTER_BOUND( '', #3203, .T. );
#1403 = PLANE( '', #3204 );
#1404 = SURFACE_STYLE_USAGE( .BOTH., #3205 );
#1405 = FACE_OUTER_BOUND( '', #3206, .T. );
#1406 = PLANE( '', #3207 );
#1407 = SURFACE_STYLE_USAGE( .BOTH., #3208 );
#1408 = FACE_OUTER_BOUND( '', #3209, .T. );
#1409 = PLANE( '', #3210 );
#1410 = SURFACE_STYLE_USAGE( .BOTH., #3211 );
#1411 = FACE_OUTER_BOUND( '', #3212, .T. );
#1412 = PLANE( '', #3213 );
#1413 = SURFACE_STYLE_USAGE( .BOTH., #3214 );
#1414 = FACE_OUTER_BOUND( '', #3215, .T. );
#1415 = FACE_BOUND( '', #3216, .T. );
#1416 = FACE_BOUND( '', #3217, .T. );
#1417 = PLANE( '', #3218 );
#1418 = SURFACE_STYLE_USAGE( .BOTH., #3219 );
#1419 = FACE_OUTER_BOUND( '', #3220, .T. );
#1420 = PLANE( '', #3221 );
#1421 = SURFACE_STYLE_USAGE( .BOTH., #3222 );
#1422 = FACE_OUTER_BOUND( '', #3223, .T. );
#1423 = PLANE( '', #3224 );
#1424 = SURFACE_STYLE_USAGE( .BOTH., #3225 );
#1425 = FACE_OUTER_BOUND( '', #3226, .T. );
#1426 = PLANE( '', #3227 );
#1427 = SURFACE_STYLE_USAGE( .BOTH., #3228 );
#1428 = FACE_OUTER_BOUND( '', #3229, .T. );
#1429 = PLANE( '', #3230 );
#1430 = SURFACE_STYLE_USAGE( .BOTH., #3231 );
#1431 = FACE_OUTER_BOUND( '', #3232, .T. );
#1432 = PLANE( '', #3233 );
#1433 = SURFACE_STYLE_USAGE( .BOTH., #3234 );
#1434 = FACE_OUTER_BOUND( '', #3235, .T. );
#1435 = PLANE( '', #3236 );
#1436 = SURFACE_STYLE_USAGE( .BOTH., #3237 );
#1437 = FACE_OUTER_BOUND( '', #3238, .T. );
#1438 = PLANE( '', #3239 );
#1439 = SURFACE_STYLE_USAGE( .BOTH., #3240 );
#1440 = FACE_OUTER_BOUND( '', #3241, .T. );
#1441 = PLANE( '', #3242 );
#1442 = SURFACE_STYLE_USAGE( .BOTH., #3243 );
#1443 = FACE_OUTER_BOUND( '', #3244, .T. );
#1444 = PLANE( '', #3245 );
#1445 = SURFACE_STYLE_USAGE( .BOTH., #3246 );
#1446 = FACE_OUTER_BOUND( '', #3247, .T. );
#1447 = PLANE( '', #3248 );
#1448 = SURFACE_STYLE_USAGE( .BOTH., #3249 );
#1449 = FACE_OUTER_BOUND( '', #3250, .T. );
#1450 = PLANE( '', #3251 );
#1451 = SURFACE_STYLE_USAGE( .BOTH., #3252 );
#1452 = FACE_OUTER_BOUND( '', #3253, .T. );
#1453 = B_SPLINE_SURFACE_WITH_KNOTS( '', 3, 3, ( ( #3254, #3255, #3256, #3257 ), ( #3258, #3259, #3260, #3261 ), ( #3262, #3263, #3264, #3265 ), ( #3266, #3267, #3268, #3269 ), ( #3270, #3271, #3272, #3273 ), ( #3274, #3275, #3276, #3277 ), ( #3278, #3279, #3280, #3281 ) ), .UNSPECIFIED., .F., .F., .F., ( 4, 1, 1, 1, 4 ), ( 4, 4 ), ( -0.0853027672470200, 0.250000000000000, 0.500000000000000, 0.750000000000000, 1.08530276724700 ), ( 6.62312334481700, 7.13991141605100 ), .UNSPECIFIED. );
#1454 = SURFACE_STYLE_USAGE( .BOTH., #3282 );
#1455 = FACE_OUTER_BOUND( '', #3283, .T. );
#1456 = PLANE( '', #3284 );
#1457 = SURFACE_STYLE_USAGE( .BOTH., #3285 );
#1458 = FACE_OUTER_BOUND( '', #3286, .T. );
#1459 = B_SPLINE_SURFACE_WITH_KNOTS( '', 3, 3, ( ( #3287, #3288, #3289, #3290 ), ( #3291, #3292, #3293, #3294 ), ( #3295, #3296, #3297, #3298 ), ( #3299, #3300, #3301, #3302 ), ( #3303, #3304, #3305, #3306 ), ( #3307, #3308, #3309, #3310 ), ( #3311, #3312, #3313, #3314 ) ), .UNSPECIFIED., .F., .F., .F., ( 4, 1, 1, 1, 4 ), ( 4, 4 ), ( -0.0682422137976200, 0.250000000000000, 0.500000000000000, 0.750000000000000, 1.06824221379800 ), ( 6.62310824963700, 7.13991141605100 ), .UNSPECIFIED. );
#1460 = SURFACE_STYLE_USAGE( .BOTH., #3315 );
#1461 = FACE_OUTER_BOUND( '', #3316, .T. );
#1462 = PLANE( '', #3317 );
#1463 = SURFACE_STYLE_USAGE( .BOTH., #3318 );
#1464 = FACE_OUTER_BOUND( '', #3319, .T. );
#1465 = PLANE( '', #3320 );
#1466 = SURFACE_STYLE_USAGE( .BOTH., #3321 );
#1467 = FACE_OUTER_BOUND( '', #3322, .T. );
#1468 = B_SPLINE_SURFACE_WITH_KNOTS( '', 3, 3, ( ( #3323, #3324, #3325, #3326 ), ( #3327, #3328, #3329, #3330 ), ( #3331, #3332, #3333, #3334 ), ( #3335, #3336, #3337, #3338 ), ( #3339, #3340, #3341, #3342 ), ( #3343, #3344, #3345, #3346 ), ( #3347, #3348, #3349, #3350 ) ), .UNSPECIFIED., .F., .F., .F., ( 4, 1, 1, 1, 4 ), ( 4, 4 ), ( -0.0426513836235100, 0.250000000000000, 0.500000000000000, 0.750000000000000, 1.04265138362400 ), ( -0.00724683303305700, 0.308449366522500 ), .UNSPECIFIED. );
#1469 = SURFACE_STYLE_USAGE( .BOTH., #3351 );
#1470 = FACE_OUTER_BOUND( '', #3352, .T. );
#1471 = PLANE( '', #3353 );
#1472 = SURFACE_STYLE_USAGE( .BOTH., #3354 );
#1473 = FACE_OUTER_BOUND( '', #3355, .T. );
#1474 = PLANE( '', #3356 );
#1475 = SURFACE_STYLE_USAGE( .BOTH., #3357 );
#1476 = FACE_OUTER_BOUND( '', #3358, .T. );
#1477 = PLANE( '', #3359 );
#1478 = SURFACE_STYLE_USAGE( .BOTH., #3360 );
#1479 = FACE_OUTER_BOUND( '', #3361, .T. );
#1480 = PLANE( '', #3362 );
#1481 = SURFACE_STYLE_USAGE( .BOTH., #3363 );
#1482 = FACE_OUTER_BOUND( '', #3364, .T. );
#1483 = PLANE( '', #3365 );
#1484 = SURFACE_STYLE_USAGE( .BOTH., #3366 );
#1485 = FACE_OUTER_BOUND( '', #3367, .T. );
#1486 = B_SPLINE_SURFACE_WITH_KNOTS( '', 3, 3, ( ( #3368, #3369, #3370, #3371 ), ( #3372, #3373, #3374, #3375 ), ( #3376, #3377, #3378, #3379 ), ( #3380, #3381, #3382, #3383 ), ( #3384, #3385, #3386, #3387 ), ( #3388, #3389, #3390, #3391 ), ( #3392, #3393, #3394, #3395 ) ), .UNSPECIFIED., .F., .F., .F., ( 4, 1, 1, 1, 4 ), ( 4, 4 ), ( -0.0682422137976200, 0.250000000000000, 0.500000000000000, 0.750000000000000, 1.06824221379800 ), ( 6.62310824963700, 7.13991141605100 ), .UNSPECIFIED. );
#1487 = SURFACE_STYLE_USAGE( .BOTH., #3396 );
#1488 = FACE_OUTER_BOUND( '', #3397, .T. );
#1489 = B_SPLINE_SURFACE_WITH_KNOTS( '', 3, 3, ( ( #3398, #3399, #3400, #3401 ), ( #3402, #3403, #3404, #3405 ), ( #3406, #3407, #3408, #3409 ), ( #3410, #3411, #3412, #3413 ), ( #3414, #3415, #3416, #3417 ), ( #3418, #3419, #3420, #3421 ), ( #3422, #3423, #3424, #3425 ) ), .UNSPECIFIED., .F., .F., .F., ( 4, 1, 1, 1, 4 ), ( 4, 4 ), ( -0.0682422137976200, 0.250000000000000, 0.500000000000000, 0.750000000000000, 1.06824221379800 ), ( 6.62310824963700, 7.13991141605100 ), .UNSPECIFIED. );
#1490 = SURFACE_STYLE_USAGE( .BOTH., #3426 );
#1491 = FACE_OUTER_BOUND( '', #3427, .T. );
#1492 = B_SPLINE_SURFACE_WITH_KNOTS( '', 3, 3, ( ( #3428, #3429, #3430, #3431 ), ( #3432, #3433, #3434, #3435 ), ( #3436, #3437, #3438, #3439 ), ( #3440, #3441, #3442, #3443 ), ( #3444, #3445, #3446, #3447 ), ( #3448, #3449, #3450, #3451 ), ( #3452, #3453, #3454, #3455 ) ), .UNSPECIFIED., .F., .F., .F., ( 4, 1, 1, 1, 4 ), ( 4, 4 ), ( -0.0682422137976200, 0.250000000000000, 0.500000000000000, 0.750000000000000, 1.06824221379800 ), ( 6.62310824963700, 7.13991141605100 ), .UNSPECIFIED. );
#1493 = SURFACE_STYLE_USAGE( .BOTH., #3456 );
#1494 = FACE_OUTER_BOUND( '', #3457, .T. );
#1495 = B_SPLINE_SURFACE_WITH_KNOTS( '', 3, 3, ( ( #3458, #3459, #3460, #3461 ), ( #3462, #3463, #3464, #3465 ), ( #3466, #3467, #3468, #3469 ), ( #3470, #3471, #3472, #3473 ), ( #3474, #3475, #3476, #3477 ), ( #3478, #3479, #3480, #3481 ), ( #3482, #3483, #3484, #3485 ) ), .UNSPECIFIED., .F., .F., .F., ( 4, 1, 1, 1, 4 ), ( 4, 4 ), ( -0.0682422137976200, 0.250000000000000, 0.500000000000000, 0.750000000000000, 1.06824221379800 ), ( 6.62310824963700, 7.13991141605100 ), .UNSPECIFIED. );
#1496 = SURFACE_STYLE_USAGE( .BOTH., #3486 );
#1497 = FACE_OUTER_BOUND( '', #3487, .T. );
#1498 = PLANE( '', #3488 );
#1499 = SURFACE_STYLE_USAGE( .BOTH., #3489 );
#1500 = FACE_OUTER_BOUND( '', #3490, .T. );
#1501 = PLANE( '', #3491 );
#1502 = SURFACE_STYLE_USAGE( .BOTH., #3492 );
#1503 = FACE_OUTER_BOUND( '', #3493, .T. );
#1504 = PLANE( '', #3494 );
#1505 = SURFACE_STYLE_USAGE( .BOTH., #3495 );
#1506 = FACE_OUTER_BOUND( '', #3496, .T. );
#1507 = PLANE( '', #3497 );
#1508 = SURFACE_STYLE_USAGE( .BOTH., #3498 );
#1509 = FACE_OUTER_BOUND( '', #3499, .T. );
#1510 = PLANE( '', #3500 );
#1511 = SURFACE_STYLE_USAGE( .BOTH., #3501 );
#1512 = FACE_OUTER_BOUND( '', #3502, .T. );
#1513 = PLANE( '', #3503 );
#1514 = SURFACE_STYLE_USAGE( .BOTH., #3504 );
#1515 = FACE_OUTER_BOUND( '', #3505, .T. );
#1516 = PLANE( '', #3506 );
#1517 = SURFACE_STYLE_USAGE( .BOTH., #3507 );
#1518 = FACE_OUTER_BOUND( '', #3508, .T. );
#1519 = B_SPLINE_SURFACE_WITH_KNOTS( '', 3, 3, ( ( #3509, #3510, #3511, #3512 ), ( #3513, #3514, #3515, #3516 ), ( #3517, #3518, #3519, #3520 ), ( #3521, #3522, #3523, #3524 ), ( #3525, #3526, #3527, #3528 ), ( #3529, #3530, #3531, #3532 ), ( #3533, #3534, #3535, #3536 ) ), .UNSPECIFIED., .F., .F., .F., ( 4, 1, 1, 1, 4 ), ( 4, 4 ), ( -0.0853027672470200, 0.250000000000000, 0.500000000000000, 0.750000000000000, 1.08530276724700 ), ( -0.00724683303305700, 0.308593854984500 ), .UNSPECIFIED. );
#1520 = SURFACE_STYLE_USAGE( .BOTH., #3537 );
#1521 = FACE_OUTER_BOUND( '', #3538, .T. );
#1522 = PLANE( '', #3539 );
#1523 = SURFACE_STYLE_USAGE( .BOTH., #3540 );
#1524 = FACE_OUTER_BOUND( '', #3541, .T. );
#1525 = PLANE( '', #3542 );
#1526 = SURFACE_STYLE_USAGE( .BOTH., #3543 );
#1527 = FACE_OUTER_BOUND( '', #3544, .T. );
#1528 = PLANE( '', #3545 );
#1529 = SURFACE_STYLE_USAGE( .BOTH., #3546 );
#1530 = FACE_OUTER_BOUND( '', #3547, .T. );
#1531 = PLANE( '', #3548 );
#1532 = SURFACE_STYLE_USAGE( .BOTH., #3549 );
#1533 = FACE_OUTER_BOUND( '', #3550, .T. );
#1534 = PLANE( '', #3551 );
#1535 = SURFACE_STYLE_USAGE( .BOTH., #3552 );
#1536 = FACE_OUTER_BOUND( '', #3553, .T. );
#1537 = PLANE( '', #3554 );
#1538 = SURFACE_STYLE_USAGE( .BOTH., #3555 );
#1539 = FACE_OUTER_BOUND( '', #3556, .T. );
#1540 = PLANE( '', #3557 );
#1541 = SURFACE_STYLE_USAGE( .BOTH., #3558 );
#1542 = FACE_OUTER_BOUND( '', #3559, .T. );
#1543 = PLANE( '', #3560 );
#1544 = SURFACE_STYLE_USAGE( .BOTH., #3561 );
#1545 = FACE_OUTER_BOUND( '', #3562, .T. );
#1546 = PLANE( '', #3563 );
#1547 = SURFACE_STYLE_USAGE( .BOTH., #3564 );
#1548 = FACE_OUTER_BOUND( '', #3565, .T. );
#1549 = PLANE( '', #3566 );
#1550 = SURFACE_STYLE_USAGE( .BOTH., #3567 );
#1551 = FACE_OUTER_BOUND( '', #3568, .T. );
#1552 = PLANE( '', #3569 );
#1553 = SURFACE_STYLE_USAGE( .BOTH., #3570 );
#1554 = FACE_OUTER_BOUND( '', #3571, .T. );
#1555 = PLANE( '', #3572 );
#1556 = SURFACE_STYLE_USAGE( .BOTH., #3573 );
#1557 = FACE_OUTER_BOUND( '', #3574, .T. );
#1558 = PLANE( '', #3575 );
#1559 = SURFACE_STYLE_USAGE( .BOTH., #3576 );
#1560 = FACE_OUTER_BOUND( '', #3577, .T. );
#1561 = PLANE( '', #3578 );
#1562 = SURFACE_STYLE_USAGE( .BOTH., #3579 );
#1563 = FACE_OUTER_BOUND( '', #3580, .T. );
#1564 = PLANE( '', #3581 );
#1565 = SURFACE_STYLE_USAGE( .BOTH., #3582 );
#1566 = FACE_OUTER_BOUND( '', #3583, .T. );
#1567 = PLANE( '', #3584 );
#1568 = SURFACE_STYLE_USAGE( .BOTH., #3585 );
#1569 = FACE_OUTER_BOUND( '', #3586, .T. );
#1570 = PLANE( '', #3587 );
#1571 = SURFACE_STYLE_USAGE( .BOTH., #3588 );
#1572 = FACE_OUTER_BOUND( '', #3589, .T. );
#1573 = PLANE( '', #3590 );
#1574 = SURFACE_STYLE_USAGE( .BOTH., #3591 );
#1575 = FACE_OUTER_BOUND( '', #3592, .T. );
#1576 = PLANE( '', #3593 );
#1577 = SURFACE_STYLE_USAGE( .BOTH., #3594 );
#1578 = FACE_OUTER_BOUND( '', #3595, .T. );
#1579 = PLANE( '', #3596 );
#1580 = SURFACE_STYLE_USAGE( .BOTH., #3597 );
#1581 = FACE_OUTER_BOUND( '', #3598, .T. );
#1582 = PLANE( '', #3599 );
#1583 = SURFACE_STYLE_USAGE( .BOTH., #3600 );
#1584 = FACE_OUTER_BOUND( '', #3601, .T. );
#1585 = CYLINDRICAL_SURFACE( '', #3602, 0.000975000000000000 );
#1586 = SURFACE_STYLE_USAGE( .BOTH., #3603 );
#1587 = FACE_OUTER_BOUND( '', #3604, .T. );
#1588 = PLANE( '', #3605 );
#1589 = SURFACE_STYLE_USAGE( .BOTH., #3606 );
#1590 = FACE_OUTER_BOUND( '', #3607, .T. );
#1591 = PLANE( '', #3608 );
#1592 = SURFACE_STYLE_USAGE( .BOTH., #3609 );
#1593 = FACE_OUTER_BOUND( '', #3610, .T. );
#1594 = PLANE( '', #3611 );
#1595 = SURFACE_STYLE_USAGE( .BOTH., #3612 );
#1596 = FACE_OUTER_BOUND( '', #3613, .T. );
#1597 = PLANE( '', #3614 );
#1598 = SURFACE_STYLE_USAGE( .BOTH., #3615 );
#1599 = FACE_OUTER_BOUND( '', #3616, .T. );
#1600 = PLANE( '', #3617 );
#1601 = SURFACE_STYLE_USAGE( .BOTH., #3618 );
#1602 = FACE_OUTER_BOUND( '', #3619, .T. );
#1603 = PLANE( '', #3620 );
#1604 = SURFACE_STYLE_USAGE( .BOTH., #3621 );
#1605 = FACE_OUTER_BOUND( '', #3622, .T. );
#1606 = PLANE( '', #3623 );
#1607 = SURFACE_STYLE_USAGE( .BOTH., #3624 );
#1608 = FACE_OUTER_BOUND( '', #3625, .T. );
#1609 = PLANE( '', #3626 );
#1610 = SURFACE_STYLE_USAGE( .BOTH., #3627 );
#1611 = FACE_OUTER_BOUND( '', #3628, .T. );
#1612 = PLANE( '', #3629 );
#1613 = SURFACE_STYLE_USAGE( .BOTH., #3630 );
#1614 = FACE_OUTER_BOUND( '', #3631, .T. );
#1615 = PLANE( '', #3632 );
#1616 = SURFACE_STYLE_USAGE( .BOTH., #3633 );
#1617 = FACE_OUTER_BOUND( '', #3634, .T. );
#1618 = PLANE( '', #3635 );
#1619 = SURFACE_STYLE_USAGE( .BOTH., #3636 );
#1620 = FACE_OUTER_BOUND( '', #3637, .T. );
#1621 = PLANE( '', #3638 );
#1622 = SURFACE_STYLE_USAGE( .BOTH., #3639 );
#1623 = FACE_OUTER_BOUND( '', #3640, .T. );
#1624 = PLANE( '', #3641 );
#1625 = SURFACE_STYLE_USAGE( .BOTH., #3642 );
#1626 = FACE_OUTER_BOUND( '', #3643, .T. );
#1627 = PLANE( '', #3644 );
#1628 = SURFACE_STYLE_USAGE( .BOTH., #3645 );
#1629 = FACE_OUTER_BOUND( '', #3646, .T. );
#1630 = B_SPLINE_SURFACE_WITH_KNOTS( '', 3, 3, ( ( #3647, #3648, #3649, #3650 ), ( #3651, #3652, #3653, #3654 ), ( #3655, #3656, #3657, #3658 ), ( #3659, #3660, #3661, #3662 ), ( #3663, #3664, #3665, #3666 ), ( #3667, #3668, #3669, #3670 ), ( #3671, #3672, #3673, #3674 ) ), .UNSPECIFIED., .F., .F., .F., ( 4, 1, 1, 1, 4 ), ( 4, 4 ), ( -0.0682422137976200, 0.250000000000000, 0.500000000000000, 0.750000000000000, 1.06824221379800 ), ( 6.62310824963700, 7.13991141605100 ), .UNSPECIFIED. );
#1631 = SURFACE_STYLE_USAGE( .BOTH., #3675 );
#1632 = FACE_OUTER_BOUND( '', #3676, .T. );
#1633 = PLANE( '', #3677 );
#1634 = SURFACE_STYLE_USAGE( .BOTH., #3678 );
#1635 = FACE_OUTER_BOUND( '', #3679, .T. );
#1636 = PLANE( '', #3680 );
#1637 = SURFACE_STYLE_USAGE( .BOTH., #3681 );
#1638 = FACE_OUTER_BOUND( '', #3682, .T. );
#1639 = PLANE( '', #3683 );
#1640 = SURFACE_STYLE_USAGE( .BOTH., #3684 );
#1641 = FACE_OUTER_BOUND( '', #3685, .T. );
#1642 = PLANE( '', #3686 );
#1643 = SURFACE_STYLE_USAGE( .BOTH., #3687 );
#1644 = FACE_OUTER_BOUND( '', #3688, .T. );
#1645 = PLANE( '', #3689 );
#1646 = SURFACE_STYLE_USAGE( .BOTH., #3690 );
#1647 = FACE_OUTER_BOUND( '', #3691, .T. );
#1648 = PLANE( '', #3692 );
#1649 = SURFACE_STYLE_USAGE( .BOTH., #3693 );
#1650 = FACE_OUTER_BOUND( '', #3694, .T. );
#1651 = PLANE( '', #3695 );
#1652 = SURFACE_STYLE_USAGE( .BOTH., #3696 );
#1653 = FACE_OUTER_BOUND( '', #3697, .T. );
#1654 = B_SPLINE_SURFACE_WITH_KNOTS( '', 3, 3, ( ( #3698, #3699, #3700, #3701 ), ( #3702, #3703, #3704, #3705 ), ( #3706, #3707, #3708, #3709 ), ( #3710, #3711, #3712, #3713 ), ( #3714, #3715, #3716, #3717 ), ( #3718, #3719, #3720, #3721 ), ( #3722, #3723, #3724, #3725 ) ), .UNSPECIFIED., .F., .F., .F., ( 4, 1, 1, 1, 4 ), ( 4, 4 ), ( -0.0853027672470200, 0.250000000000000, 0.500000000000000, 0.750000000000000, 1.08530276724700 ), ( -0.00724683303305700, 0.308593854984500 ), .UNSPECIFIED. );
#1655 = SURFACE_STYLE_USAGE( .BOTH., #3726 );
#1656 = FACE_OUTER_BOUND( '', #3727, .T. );
#1657 = PLANE( '', #3728 );
#1658 = SURFACE_STYLE_USAGE( .BOTH., #3729 );
#1659 = FACE_OUTER_BOUND( '', #3730, .T. );
#1660 = CYLINDRICAL_SURFACE( '', #3731, 0.000975000000000000 );
#1661 = SURFACE_STYLE_USAGE( .BOTH., #3732 );
#1662 = FACE_OUTER_BOUND( '', #3733, .T. );
#1663 = PLANE( '', #3734 );
#1664 = SURFACE_STYLE_USAGE( .BOTH., #3735 );
#1665 = FACE_OUTER_BOUND( '', #3736, .T. );
#1666 = PLANE( '', #3737 );
#1667 = SURFACE_STYLE_USAGE( .BOTH., #3738 );
#1668 = FACE_OUTER_BOUND( '', #3739, .T. );
#1669 = B_SPLINE_SURFACE_WITH_KNOTS( '', 3, 3, ( ( #3740, #3741, #3742, #3743 ), ( #3744, #3745, #3746, #3747 ), ( #3748, #3749, #3750, #3751 ), ( #3752, #3753, #3754, #3755 ), ( #3756, #3757, #3758, #3759 ), ( #3760, #3761, #3762, #3763 ), ( #3764, #3765, #3766, #3767 ) ), .UNSPECIFIED., .F., .F., .F., ( 4, 1, 1, 1, 4 ), ( 4, 4 ), ( -0.0853027672470200, 0.250000000000000, 0.500000000000000, 0.750000000000000, 1.08530276724700 ), ( 6.62312334481700, 7.13991141605100 ), .UNSPECIFIED. );
#1670 = SURFACE_STYLE_USAGE( .BOTH., #3768 );
#1671 = FACE_OUTER_BOUND( '', #3769, .T. );
#1672 = PLANE( '', #3770 );
#1673 = SURFACE_STYLE_USAGE( .BOTH., #3771 );
#1674 = FACE_OUTER_BOUND( '', #3772, .T. );
#1675 = B_SPLINE_SURFACE_WITH_KNOTS( '', 3, 3, ( ( #3773, #3774, #3775, #3776 ), ( #3777, #3778, #3779, #3780 ), ( #3781, #3782, #3783, #3784 ), ( #3785, #3786, #3787, #3788 ), ( #3789, #3790, #3791, #3792 ), ( #3793, #3794, #3795, #3796 ), ( #3797, #3798, #3799, #3800 ) ), .UNSPECIFIED., .F., .F., .F., ( 4, 1, 1, 1, 4 ), ( 4, 4 ), ( -0.0853027672470200, 0.250000000000000, 0.500000000000000, 0.750000000000000, 1.08530276724700 ), ( -0.00724683303305700, 0.308593854984500 ), .UNSPECIFIED. );
#1676 = SURFACE_STYLE_USAGE( .BOTH., #3801 );
#1677 = FACE_OUTER_BOUND( '', #3802, .T. );
#1678 = PLANE( '', #3803 );
#1679 = SURFACE_STYLE_USAGE( .BOTH., #3804 );
#1680 = FACE_OUTER_BOUND( '', #3805, .T. );
#1681 = PLANE( '', #3806 );
#1682 = SURFACE_STYLE_USAGE( .BOTH., #3807 );
#1683 = FACE_OUTER_BOUND( '', #3808, .T. );
#1684 = B_SPLINE_SURFACE_WITH_KNOTS( '', 3, 3, ( ( #3809, #3810, #3811, #3812 ), ( #3813, #3814, #3815, #3816 ), ( #3817, #3818, #3819, #3820 ), ( #3821, #3822, #3823, #3824 ), ( #3825, #3826, #3827, #3828 ), ( #3829, #3830, #3831, #3832 ), ( #3833, #3834, #3835, #3836 ) ), .UNSPECIFIED., .F., .F., .F., ( 4, 1, 1, 1, 4 ), ( 4, 4 ), ( -0.0426513836235100, 0.250000000000000, 0.500000000000000, 0.750000000000000, 1.04265138362400 ), ( -0.00724683303305700, 0.308449366522500 ), .UNSPECIFIED. );
#1685 = SURFACE_STYLE_USAGE( .BOTH., #3837 );
#1686 = FACE_OUTER_BOUND( '', #3838, .T. );
#1687 = B_SPLINE_SURFACE_WITH_KNOTS( '', 3, 3, ( ( #3839, #3840, #3841, #3842 ), ( #3843, #3844, #3845, #3846 ), ( #3847, #3848, #3849, #3850 ), ( #3851, #3852, #3853, #3854 ), ( #3855, #3856, #3857, #3858 ), ( #3859, #3860, #3861, #3862 ), ( #3863, #3864, #3865, #3866 ) ), .UNSPECIFIED., .F., .F., .F., ( 4, 1, 1, 1, 4 ), ( 4, 4 ), ( -0.0426513836235100, 0.250000000000000, 0.500000000000000, 0.750000000000000, 1.04265138362400 ), ( -0.00724683303305700, 0.308449366522500 ), .UNSPECIFIED. );
#1688 = SURFACE_STYLE_USAGE( .BOTH., #3867 );
#1689 = FACE_OUTER_BOUND( '', #3868, .T. );
#1690 = PLANE( '', #3869 );
#1691 = SURFACE_STYLE_USAGE( .BOTH., #3870 );
#1692 = FACE_OUTER_BOUND( '', #3871, .T. );
#1693 = B_SPLINE_SURFACE_WITH_KNOTS( '', 3, 3, ( ( #3872, #3873, #3874, #3875 ), ( #3876, #3877, #3878, #3879 ), ( #3880, #3881, #3882, #3883 ), ( #3884, #3885, #3886, #3887 ), ( #3888, #3889, #3890, #3891 ), ( #3892, #3893, #3894, #3895 ), ( #3896, #3897, #3898, #3899 ) ), .UNSPECIFIED., .F., .F., .F., ( 4, 1, 1, 1, 4 ), ( 4, 4 ), ( -0.0682422137976200, 0.250000000000000, 0.500000000000000, 0.750000000000000, 1.06824221379800 ), ( 6.62310824963700, 7.13991141605100 ), .UNSPECIFIED. );
#1694 = SURFACE_STYLE_USAGE( .BOTH., #3900 );
#1695 = FACE_OUTER_BOUND( '', #3901, .T. );
#1696 = B_SPLINE_SURFACE_WITH_KNOTS( '', 3, 3, ( ( #3902, #3903, #3904, #3905 ), ( #3906, #3907, #3908, #3909 ), ( #3910, #3911, #3912, #3913 ), ( #3914, #3915, #3916, #3917 ), ( #3918, #3919, #3920, #3921 ), ( #3922, #3923, #3924, #3925 ), ( #3926, #3927, #3928, #3929 ) ), .UNSPECIFIED., .F., .F., .F., ( 4, 1, 1, 1, 4 ), ( 4, 4 ), ( -0.0682422137976200, 0.250000000000000, 0.500000000000000, 0.750000000000000, 1.06824221379800 ), ( 6.62310824963700, 7.13991141605100 ), .UNSPECIFIED. );
#1697 = SURFACE_STYLE_USAGE( .BOTH., #3930 );
#1698 = FACE_OUTER_BOUND( '', #3931, .T. );
#1699 = PLANE( '', #3932 );
#1700 = SURFACE_STYLE_USAGE( .BOTH., #3933 );
#1701 = FACE_OUTER_BOUND( '', #3934, .T. );
#1702 = PLANE( '', #3935 );
#1703 = SURFACE_STYLE_USAGE( .BOTH., #3936 );
#1704 = FACE_OUTER_BOUND( '', #3937, .T. );
#1705 = B_SPLINE_SURFACE_WITH_KNOTS( '', 3, 3, ( ( #3938, #3939, #3940, #3941 ), ( #3942, #3943, #3944, #3945 ), ( #3946, #3947, #3948, #3949 ), ( #3950, #3951, #3952, #3953 ), ( #3954, #3955, #3956, #3957 ), ( #3958, #3959, #3960, #3961 ), ( #3962, #3963, #3964, #3965 ) ), .UNSPECIFIED., .F., .F., .F., ( 4, 1, 1, 1, 4 ), ( 4, 4 ), ( -0.0853027672470200, 0.250000000000000, 0.500000000000000, 0.750000000000000, 1.08530276724700 ), ( -0.00724683303305700, 0.308593854984500 ), .UNSPECIFIED. );
#1706 = SURFACE_STYLE_USAGE( .BOTH., #3966 );
#1707 = FACE_OUTER_BOUND( '', #3967, .T. );
#1708 = PLANE( '', #3968 );
#1709 = SURFACE_STYLE_USAGE( .BOTH., #3969 );
#1710 = FACE_OUTER_BOUND( '', #3970, .T. );
#1711 = PLANE( '', #3971 );
#1712 = SURFACE_STYLE_USAGE( .BOTH., #3972 );
#1713 = FACE_OUTER_BOUND( '', #3973, .T. );
#1714 = PLANE( '', #3974 );
#1715 = SURFACE_STYLE_USAGE( .BOTH., #3975 );
#1716 = FACE_OUTER_BOUND( '', #3976, .T. );
#1717 = PLANE( '', #3977 );
#1718 = SURFACE_STYLE_USAGE( .BOTH., #3978 );
#1719 = FACE_OUTER_BOUND( '', #3979, .T. );
#1720 = PLANE( '', #3980 );
#1721 = SURFACE_STYLE_USAGE( .BOTH., #3981 );
#1722 = FACE_OUTER_BOUND( '', #3982, .T. );
#1723 = PLANE( '', #3983 );
#1724 = SURFACE_STYLE_USAGE( .BOTH., #3984 );
#1725 = FACE_OUTER_BOUND( '', #3985, .T. );
#1726 = B_SPLINE_SURFACE_WITH_KNOTS( '', 3, 3, ( ( #3986, #3987, #3988, #3989 ), ( #3990, #3991, #3992, #3993 ), ( #3994, #3995, #3996, #3997 ), ( #3998, #3999, #4000, #4001 ), ( #4002, #4003, #4004, #4005 ), ( #4006, #4007, #4008, #4009 ), ( #4010, #4011, #4012, #4013 ) ), .UNSPECIFIED., .F., .F., .F., ( 4, 1, 1, 1, 4 ), ( 4, 4 ), ( -0.0853027672470200, 0.250000000000000, 0.500000000000000, 0.750000000000000, 1.08530276724700 ), ( -0.00724683303305700, 0.308593854984500 ), .UNSPECIFIED. );
#1727 = SURFACE_STYLE_USAGE( .BOTH., #4014 );
#1728 = FACE_OUTER_BOUND( '', #4015, .T. );
#1729 = PLANE( '', #4016 );
#1730 = SURFACE_STYLE_USAGE( .BOTH., #4017 );
#1731 = FACE_OUTER_BOUND( '', #4018, .T. );
#1732 = PLANE( '', #4019 );
#1733 = SURFACE_STYLE_USAGE( .BOTH., #4020 );
#1734 = FACE_OUTER_BOUND( '', #4021, .T. );
#1735 = CYLINDRICAL_SURFACE( '', #4022, 0.000975000000000000 );
#1736 = SURFACE_STYLE_USAGE( .BOTH., #4023 );
#1737 = FACE_OUTER_BOUND( '', #4024, .T. );
#1738 = FACE_BOUND( '', #4025, .T. );
#1739 = FACE_BOUND( '', #4026, .T. );
#1740 = PLANE( '', #4027 );
#1741 = SURFACE_STYLE_USAGE( .BOTH., #4028 );
#1742 = FACE_OUTER_BOUND( '', #4029, .T. );
#1743 = PLANE( '', #4030 );
#1744 = SURFACE_STYLE_USAGE( .BOTH., #4031 );
#1745 = FACE_OUTER_BOUND( '', #4032, .T. );
#1746 = PLANE( '', #4033 );
#1747 = SURFACE_STYLE_USAGE( .BOTH., #4034 );
#1748 = FACE_OUTER_BOUND( '', #4035, .T. );
#1749 = PLANE( '', #4036 );
#1750 = SURFACE_STYLE_USAGE( .BOTH., #4037 );
#1751 = FACE_OUTER_BOUND( '', #4038, .T. );
#1752 = B_SPLINE_SURFACE_WITH_KNOTS( '', 3, 3, ( ( #4039, #4040, #4041, #4042 ), ( #4043, #4044, #4045, #4046 ), ( #4047, #4048, #4049, #4050 ), ( #4051, #4052, #4053, #4054 ), ( #4055, #4056, #4057, #4058 ), ( #4059, #4060, #4061, #4062 ), ( #4063, #4064, #4065, #4066 ) ), .UNSPECIFIED., .F., .F., .F., ( 4, 1, 1, 1, 4 ), ( 4, 4 ), ( -0.0853027672470200, 0.250000000000000, 0.500000000000000, 0.750000000000000, 1.08530276724700 ), ( 6.62312334481700, 7.13991141605100 ), .UNSPECIFIED. );
#1753 = SURFACE_STYLE_USAGE( .BOTH., #4067 );
#1754 = FACE_OUTER_BOUND( '', #4068, .T. );
#1755 = B_SPLINE_SURFACE_WITH_KNOTS( '', 3, 3, ( ( #4069, #4070, #4071, #4072 ), ( #4073, #4074, #4075, #4076 ), ( #4077, #4078, #4079, #4080 ), ( #4081, #4082, #4083, #4084 ), ( #4085, #4086, #4087, #4088 ), ( #4089, #4090, #4091, #4092 ), ( #4093, #4094, #4095, #4096 ) ), .UNSPECIFIED., .F., .F., .F., ( 4, 1, 1, 1, 4 ), ( 4, 4 ), ( -0.0426513836235100, 0.250000000000000, 0.500000000000000, 0.750000000000000, 1.04265138362400 ), ( -0.00724683303305700, 0.308449366522500 ), .UNSPECIFIED. );
#1756 = SURFACE_STYLE_USAGE( .BOTH., #4097 );
#1757 = FACE_OUTER_BOUND( '', #4098, .T. );
#1758 = B_SPLINE_SURFACE_WITH_KNOTS( '', 3, 3, ( ( #4099, #4100, #4101, #4102 ), ( #4103, #4104, #4105, #4106 ), ( #4107, #4108, #4109, #4110 ), ( #4111, #4112, #4113, #4114 ), ( #4115, #4116, #4117, #4118 ), ( #4119, #4120, #4121, #4122 ), ( #4123, #4124, #4125, #4126 ) ), .UNSPECIFIED., .F., .F., .F., ( 4, 1, 1, 1, 4 ), ( 4, 4 ), ( -0.0426513836235100, 0.250000000000000, 0.500000000000000, 0.750000000000000, 1.04265138362400 ), ( -0.00724683303305700, 0.308449366522500 ), .UNSPECIFIED. );
#1759 = SURFACE_STYLE_USAGE( .BOTH., #4127 );
#1760 = FACE_OUTER_BOUND( '', #4128, .T. );
#1761 = PLANE( '', #4129 );
#1762 = SURFACE_STYLE_USAGE( .BOTH., #4130 );
#1763 = FACE_OUTER_BOUND( '', #4131, .T. );
#1764 = PLANE( '', #4132 );
#1765 = SURFACE_STYLE_USAGE( .BOTH., #4133 );
#1766 = FACE_OUTER_BOUND( '', #4134, .T. );
#1767 = PLANE( '', #4135 );
#1768 = SURFACE_STYLE_USAGE( .BOTH., #4136 );
#1769 = FACE_OUTER_BOUND( '', #4137, .T. );
#1770 = PLANE( '', #4138 );
#1771 = SURFACE_STYLE_USAGE( .BOTH., #4139 );
#1772 = FACE_OUTER_BOUND( '', #4140, .T. );
#1773 = PLANE( '', #4141 );
#1774 = SURFACE_STYLE_USAGE( .BOTH., #4142 );
#1775 = FACE_OUTER_BOUND( '', #4143, .T. );
#1776 = PLANE( '', #4144 );
#1777 = SURFACE_STYLE_USAGE( .BOTH., #4145 );
#1778 = FACE_OUTER_BOUND( '', #4146, .T. );
#1779 = B_SPLINE_SURFACE_WITH_KNOTS( '', 3, 3, ( ( #4147, #4148, #4149, #4150 ), ( #4151, #4152, #4153, #4154 ), ( #4155, #4156, #4157, #4158 ), ( #4159, #4160, #4161, #4162 ), ( #4163, #4164, #4165, #4166 ), ( #4167, #4168, #4169, #4170 ), ( #4171, #4172, #4173, #4174 ) ), .UNSPECIFIED., .F., .F., .F., ( 4, 1, 1, 1, 4 ), ( 4, 4 ), ( -0.0426513836235100, 0.250000000000000, 0.500000000000000, 0.750000000000000, 1.04265138362400 ), ( -0.00724683303305700, 0.308449366522500 ), .UNSPECIFIED. );
#1780 = SURFACE_STYLE_USAGE( .BOTH., #4175 );
#1781 = FACE_OUTER_BOUND( '', #4176, .T. );
#1782 = PLANE( '', #4177 );
#1783 = SURFACE_STYLE_USAGE( .BOTH., #4178 );
#1784 = FACE_OUTER_BOUND( '', #4179, .T. );
#1785 = PLANE( '', #4180 );
#1786 = SURFACE_STYLE_USAGE( .BOTH., #4181 );
#1787 = FACE_OUTER_BOUND( '', #4182, .T. );
#1788 = CYLINDRICAL_SURFACE( '', #4183, 0.000975000000000000 );
#1789 = SURFACE_STYLE_USAGE( .BOTH., #4184 );
#1790 = FACE_OUTER_BOUND( '', #4185, .T. );
#1791 = CYLINDRICAL_SURFACE( '', #4186, 0.000975000000000000 );
#1792 = SURFACE_STYLE_USAGE( .BOTH., #4187 );
#1793 = FACE_OUTER_BOUND( '', #4188, .T. );
#1794 = PLANE( '', #4189 );
#1795 = SURFACE_STYLE_USAGE( .BOTH., #4190 );
#1796 = FACE_OUTER_BOUND( '', #4191, .T. );
#1797 = B_SPLINE_SURFACE_WITH_KNOTS( '', 3, 3, ( ( #4192, #4193, #4194, #4195 ), ( #4196, #4197, #4198, #4199 ), ( #4200, #4201, #4202, #4203 ), ( #4204, #4205, #4206, #4207 ), ( #4208, #4209, #4210, #4211 ), ( #4212, #4213, #4214, #4215 ), ( #4216, #4217, #4218, #4219 ) ), .UNSPECIFIED., .F., .F., .F., ( 4, 1, 1, 1, 4 ), ( 4, 4 ), ( -0.0853027672470200, 0.250000000000000, 0.500000000000000, 0.750000000000000, 1.08530276724700 ), ( -0.00724683303305700, 0.308593854984500 ), .UNSPECIFIED. );
#1798 = SURFACE_STYLE_USAGE( .BOTH., #4220 );
#1799 = FACE_OUTER_BOUND( '', #4221, .T. );
#1800 = PLANE( '', #4222 );
#1801 = SURFACE_STYLE_USAGE( .BOTH., #4223 );
#1802 = FACE_OUTER_BOUND( '', #4224, .T. );
#1803 = PLANE( '', #4225 );
#1804 = SURFACE_STYLE_USAGE( .BOTH., #4226 );
#1805 = FACE_OUTER_BOUND( '', #4227, .T. );
#1806 = PLANE( '', #4228 );
#1807 = SURFACE_STYLE_USAGE( .BOTH., #4229 );
#1808 = FACE_OUTER_BOUND( '', #4230, .T. );
#1809 = PLANE( '', #4231 );
#1810 = SURFACE_STYLE_USAGE( .BOTH., #4232 );
#1811 = FACE_OUTER_BOUND( '', #4233, .T. );
#1812 = PLANE( '', #4234 );
#1813 = SURFACE_STYLE_USAGE( .BOTH., #4235 );
#1814 = FACE_OUTER_BOUND( '', #4236, .T. );
#1815 = B_SPLINE_SURFACE_WITH_KNOTS( '', 3, 3, ( ( #4237, #4238, #4239, #4240 ), ( #4241, #4242, #4243, #4244 ), ( #4245, #4246, #4247, #4248 ), ( #4249, #4250, #4251, #4252 ), ( #4253, #4254, #4255, #4256 ), ( #4257, #4258, #4259, #4260 ), ( #4261, #4262, #4263, #4264 ) ), .UNSPECIFIED., .F., .F., .F., ( 4, 1, 1, 1, 4 ), ( 4, 4 ), ( -0.0853027672470200, 0.250000000000000, 0.500000000000000, 0.750000000000000, 1.08530276724700 ), ( 6.62312334481700, 7.13991141605100 ), .UNSPECIFIED. );
#1816 = SURFACE_STYLE_USAGE( .BOTH., #4265 );
#1817 = FACE_OUTER_BOUND( '', #4266, .T. );
#1818 = PLANE( '', #4267 );
#1819 = SURFACE_STYLE_USAGE( .BOTH., #4268 );
#1820 = FACE_OUTER_BOUND( '', #4269, .T. );
#1821 = PLANE( '', #4270 );
#1822 = SURFACE_STYLE_USAGE( .BOTH., #4271 );
#1823 = FACE_OUTER_BOUND( '', #4272, .T. );
#1824 = B_SPLINE_SURFACE_WITH_KNOTS( '', 3, 3, ( ( #4273, #4274, #4275, #4276 ), ( #4277, #4278, #4279, #4280 ), ( #4281, #4282, #4283, #4284 ), ( #4285, #4286, #4287, #4288 ), ( #4289, #4290, #4291, #4292 ), ( #4293, #4294, #4295, #4296 ), ( #4297, #4298, #4299, #4300 ) ), .UNSPECIFIED., .F., .F., .F., ( 4, 1, 1, 1, 4 ), ( 4, 4 ), ( -0.0853027672470200, 0.250000000000000, 0.500000000000000, 0.750000000000000, 1.08530276724700 ), ( 6.62312334481700, 7.13991141605100 ), .UNSPECIFIED. );
#1825 = SURFACE_STYLE_USAGE( .BOTH., #4301 );
#1826 = FACE_OUTER_BOUND( '', #4302, .T. );
#1827 = PLANE( '', #4303 );
#1828 = SURFACE_STYLE_USAGE( .BOTH., #4304 );
#1829 = FACE_OUTER_BOUND( '', #4305, .T. );
#1830 = B_SPLINE_SURFACE_WITH_KNOTS( '', 3, 3, ( ( #4306, #4307, #4308, #4309 ), ( #4310, #4311, #4312, #4313 ), ( #4314, #4315, #4316, #4317 ), ( #4318, #4319, #4320, #4321 ), ( #4322, #4323, #4324, #4325 ), ( #4326, #4327, #4328, #4329 ), ( #4330, #4331, #4332, #4333 ) ), .UNSPECIFIED., .F., .F., .F., ( 4, 1, 1, 1, 4 ), ( 4, 4 ), ( -0.0682422137976200, 0.250000000000000, 0.500000000000000, 0.750000000000000, 1.06824221379800 ), ( 6.62310824963700, 7.13991141605100 ), .UNSPECIFIED. );
#1831 = SURFACE_STYLE_USAGE( .BOTH., #4334 );
#1832 = FACE_OUTER_BOUND( '', #4335, .T. );
#1833 = PLANE( '', #4336 );
#1834 = SURFACE_STYLE_USAGE( .BOTH., #4337 );
#1835 = FACE_OUTER_BOUND( '', #4338, .T. );
#1836 = PLANE( '', #4339 );
#1837 = SURFACE_STYLE_USAGE( .BOTH., #4340 );
#1838 = FACE_OUTER_BOUND( '', #4341, .T. );
#1839 = B_SPLINE_SURFACE_WITH_KNOTS( '', 3, 3, ( ( #4342, #4343, #4344, #4345 ), ( #4346, #4347, #4348, #4349 ), ( #4350, #4351, #4352, #4353 ), ( #4354, #4355, #4356, #4357 ), ( #4358, #4359, #4360, #4361 ), ( #4362, #4363, #4364, #4365 ), ( #4366, #4367, #4368, #4369 ) ), .UNSPECIFIED., .F., .F., .F., ( 4, 1, 1, 1, 4 ), ( 4, 4 ), ( -0.0426513836235100, 0.250000000000000, 0.500000000000000, 0.750000000000000, 1.04265138362400 ), ( -0.00724683303305700, 0.308449366522500 ), .UNSPECIFIED. );
#1840 = SURFACE_STYLE_USAGE( .BOTH., #4370 );
#1841 = FACE_OUTER_BOUND( '', #4371, .T. );
#1842 = PLANE( '', #4372 );
#1843 = SURFACE_STYLE_USAGE( .BOTH., #4373 );
#1844 = FACE_OUTER_BOUND( '', #4374, .T. );
#1845 = PLANE( '', #4375 );
#1846 = SURFACE_STYLE_USAGE( .BOTH., #4376 );
#1847 = FACE_OUTER_BOUND( '', #4377, .T. );
#1848 = B_SPLINE_SURFACE_WITH_KNOTS( '', 3, 3, ( ( #4378, #4379, #4380, #4381 ), ( #4382, #4383, #4384, #4385 ), ( #4386, #4387, #4388, #4389 ), ( #4390, #4391, #4392, #4393 ), ( #4394, #4395, #4396, #4397 ), ( #4398, #4399, #4400, #4401 ), ( #4402, #4403, #4404, #4405 ) ), .UNSPECIFIED., .F., .F., .F., ( 4, 1, 1, 1, 4 ), ( 4, 4 ), ( -0.0853027672470200, 0.250000000000000, 0.500000000000000, 0.750000000000000, 1.08530276724700 ), ( -0.00724683303305700, 0.308593854984500 ), .UNSPECIFIED. );
#1849 = SURFACE_STYLE_USAGE( .BOTH., #4406 );
#1850 = FACE_OUTER_BOUND( '', #4407, .T. );
#1851 = PLANE( '', #4408 );
#1852 = SURFACE_STYLE_USAGE( .BOTH., #4409 );
#1853 = FACE_OUTER_BOUND( '', #4410, .T. );
#1854 = PLANE( '', #4411 );
#1855 = SURFACE_STYLE_USAGE( .BOTH., #4412 );
#1856 = FACE_OUTER_BOUND( '', #4413, .T. );
#1857 = PLANE( '', #4414 );
#1858 = SURFACE_STYLE_USAGE( .BOTH., #4415 );
#1859 = FACE_OUTER_BOUND( '', #4416, .T. );
#1860 = PLANE( '', #4417 );
#1861 = SURFACE_STYLE_USAGE( .BOTH., #4418 );
#1862 = FACE_OUTER_BOUND( '', #4419, .T. );
#1863 = B_SPLINE_SURFACE_WITH_KNOTS( '', 3, 3, ( ( #4420, #4421, #4422, #4423 ), ( #4424, #4425, #4426, #4427 ), ( #4428, #4429, #4430, #4431 ), ( #4432, #4433, #4434, #4435 ), ( #4436, #4437, #4438, #4439 ), ( #4440, #4441, #4442, #4443 ), ( #4444, #4445, #4446, #4447 ) ), .UNSPECIFIED., .F., .F., .F., ( 4, 1, 1, 1, 4 ), ( 4, 4 ), ( -0.0682422137976200, 0.250000000000000, 0.500000000000000, 0.750000000000000, 1.06824221379800 ), ( 6.62310824963700, 7.13991141605100 ), .UNSPECIFIED. );
#1864 = SURFACE_STYLE_USAGE( .BOTH., #4448 );
#1865 = FACE_OUTER_BOUND( '', #4449, .T. );
#1866 = PLANE( '', #4450 );
#1867 = SURFACE_STYLE_USAGE( .BOTH., #4451 );
#1868 = FACE_OUTER_BOUND( '', #4452, .T. );
#1869 = PLANE( '', #4453 );
#1870 = SURFACE_STYLE_USAGE( .BOTH., #4454 );
#1871 = FACE_OUTER_BOUND( '', #4455, .T. );
#1872 = B_SPLINE_SURFACE_WITH_KNOTS( '', 3, 3, ( ( #4456, #4457, #4458, #4459 ), ( #4460, #4461, #4462, #4463 ), ( #4464, #4465, #4466, #4467 ), ( #4468, #4469, #4470, #4471 ), ( #4472, #4473, #4474, #4475 ), ( #4476, #4477, #4478, #4479 ), ( #4480, #4481, #4482, #4483 ) ), .UNSPECIFIED., .F., .F., .F., ( 4, 1, 1, 1, 4 ), ( 4, 4 ), ( -0.0853027672470200, 0.250000000000000, 0.500000000000000, 0.750000000000000, 1.08530276724700 ), ( -0.00724683303305700, 0.308593854984500 ), .UNSPECIFIED. );
#1873 = SURFACE_STYLE_USAGE( .BOTH., #4484 );
#1874 = FACE_OUTER_BOUND( '', #4485, .T. );
#1875 = B_SPLINE_SURFACE_WITH_KNOTS( '', 3, 3, ( ( #4486, #4487, #4488, #4489 ), ( #4490, #4491, #4492, #4493 ), ( #4494, #4495, #4496, #4497 ), ( #4498, #4499, #4500, #4501 ), ( #4502, #4503, #4504, #4505 ), ( #4506, #4507, #4508, #4509 ), ( #4510, #4511, #4512, #4513 ) ), .UNSPECIFIED., .F., .F., .F., ( 4, 1, 1, 1, 4 ), ( 4, 4 ), ( -0.0853027672470200, 0.250000000000000, 0.500000000000000, 0.750000000000000, 1.08530276724700 ), ( 6.62312334481700, 7.13991141605100 ), .UNSPECIFIED. );
#1876 = SURFACE_STYLE_USAGE( .BOTH., #4514 );
#1877 = FACE_OUTER_BOUND( '', #4515, .T. );
#1878 = B_SPLINE_SURFACE_WITH_KNOTS( '', 3, 3, ( ( #4516, #4517, #4518, #4519 ), ( #4520, #4521, #4522, #4523 ), ( #4524, #4525, #4526, #4527 ), ( #4528, #4529, #4530, #4531 ), ( #4532, #4533, #4534, #4535 ), ( #4536, #4537, #4538, #4539 ), ( #4540, #4541, #4542, #4543 ) ), .UNSPECIFIED., .F., .F., .F., ( 4, 1, 1, 1, 4 ), ( 4, 4 ), ( -0.0853027672470200, 0.250000000000000, 0.500000000000000, 0.750000000000000, 1.08530276724700 ), ( 6.62312334481700, 7.13991141605100 ), .UNSPECIFIED. );
#1879 = SURFACE_STYLE_USAGE( .BOTH., #4544 );
#1880 = FACE_OUTER_BOUND( '', #4545, .T. );
#1881 = PLANE( '', #4546 );
#1882 = SURFACE_STYLE_USAGE( .BOTH., #4547 );
#1883 = FACE_OUTER_BOUND( '', #4548, .T. );
#1884 = PLANE( '', #4549 );
#1885 = SURFACE_STYLE_USAGE( .BOTH., #4550 );
#1886 = FACE_OUTER_BOUND( '', #4551, .T. );
#1887 = PLANE( '', #4552 );
#1888 = PRODUCT_CONTEXT( '', #316, 'mechanical' );
#1889 = PRODUCT_DEFINITION_FORMATION_WITH_SPECIFIED_SOURCE( ' ', 'NONE', #941, .NOT_KNOWN. );
#1890 = CLOSED_SHELL( '', ( #660, #888, #634, #364, #548, #870, #538, #378, #352, #810, #382, #686, #720, #848, #832, #504, #526, #644, #706, #636, #340, #422, #918, #750, #670, #444, #734, #466, #570, #434, #562, #374, #820, #400, #808, #394, #472, #368, #908, #892, #902, #652, #812, #576, #786, #662, #518, #366, #574, #344, #362, #914, #586, #610, #360, #932, #814, #796, #332, #604, #458, #852, #806, #478, #674, #850, #388, #396, #834, #532, #596, #898, #676, #606, #678, #696, #800, #854, #488, #442, #680, #428, #406, #880, #930, #868, #490, #600, #770, #336, #618, #446, #924, #934, #762, #656, #468, #698, #540, #768, #830, #856, #682, #684, #464, #520, #594, #404, #612, #558, #550, #730, #494, #876, #704, #460, #334, #716, #528, #742, #516, #580, #794, #614, #710, #392, #790, #564, #912, #700, #664, #798, #920, #900, #692, #402, #456, #732, #708, #936, #452, #836, #688, #480, #904, #926, #356, #752, #894, #482, #502, #426, #380, #474, #498, #804, #566, #872, #890, #738, #658, #718, #484, #568, #766, #582, #748, #436, #398, #390, #420, #938, #592, #506, #792, #542, #616, #588, #454, #844, #620, #492, #448, #840, #342, #744, #922, #736, #882, #884, #424, #572, #648, #864, #774, #772, #432, #740, #354, #764, #638, #510, #438, #776, #522, #552, #826, #372, #440, #816, #416, #418, #928, #874, #486, #410, #940, #598, #554, #512, #578, #838, #754, #430, #384, #622, #788, #376, #530, #624, #712, #758, #358, #544, #346, #470, #694, #412, #702, #626, #778, #408, #348, #666, #640, #846, #560, #668, #514, #642, #780, #546, #338, #536, #756, #862, #496, #714, #842, #822, #628, #500, #672, #878, #724, #654, #608, #722, #650, #556, #646, #824, #370, #590, #760, #916, #476, #818, #906, #584, #886, #602, #858, #782, #450, #630, #330, #726, #802, #462, #414, #524, #350, #860, #632, #534, #896, #728, #746, #386, #828, #690, #910, #784, #508, #866 ) );
#1891 = CARTESIAN_POINT( '', ( 0.00000000000000, 0.00000000000000, 0.00000000000000 ) );
#1892 = DIRECTION( '', ( 0.00000000000000, 0.00000000000000, 1.00000000000000 ) );
#1893 = DIRECTION( '', ( 1.00000000000000, 0.00000000000000, 0.00000000000000 ) );
#1894 =  ( LENGTH_UNIT(  )NAMED_UNIT( #950 )SI_UNIT( $, .METRE. ) );
#1895 = SURFACE_SIDE_STYLE( '', ( #4554 ) );
#1896 = EDGE_LOOP( '', ( #4555, #4556, #4557, #4558, #4559, #4560, #4561, #4562 ) );
#1897 = AXIS2_PLACEMENT_3D( '', #4563, #4564, #4565 );
#1898 = SURFACE_SIDE_STYLE( '', ( #4566 ) );
#1899 = EDGE_LOOP( '', ( #4567, #4568, #4569, #4570 ) );
#1900 = CARTESIAN_POINT( '', ( 0.00171501745775100, -0.00367386824111000, -0.00369141254016200 ) );
#1901 = CARTESIAN_POINT( '', ( 0.00171431222304000, -0.00367453614799900, -0.00386488472196000 ) );
#1902 = CARTESIAN_POINT( '', ( 0.00173497382935500, -0.00365496815314500, -0.00403715303684300 ) );
#1903 = CARTESIAN_POINT( '', ( 0.00177700227669400, -0.00361516425654700, -0.00420821748481200 ) );
#1904 = CARTESIAN_POINT( '', ( 0.00171501745775100, -0.00363674306938600, -0.00369142280810300 ) );
#1905 = CARTESIAN_POINT( '', ( 0.00171431222304000, -0.00363728628991100, -0.00386468411633600 ) );
#1906 = CARTESIAN_POINT( '', ( 0.00173497382935500, -0.00362137129246400, -0.00403695232744300 ) );
#1907 = CARTESIAN_POINT( '', ( 0.00177700227669400, -0.00358899807704600, -0.00420822744142400 ) );
#1908 = CARTESIAN_POINT( '', ( 0.00171501745775100, -0.00357045365568200, -0.00369143605676200 ) );
#1909 = CARTESIAN_POINT( '', ( 0.00171431222304000, -0.00357077424057800, -0.00386442527617400 ) );
#1910 = CARTESIAN_POINT( '', ( 0.00173497382935500, -0.00356138190808200, -0.00403669335337900 ) );
#1911 = CARTESIAN_POINT( '', ( 0.00177700227669400, -0.00354227665819700, -0.00420824028837800 ) );
#1912 = CARTESIAN_POINT( '', ( 0.00171501745775100, -0.00347500000000000, -0.00369144191911300 ) );
#1913 = CARTESIAN_POINT( '', ( 0.00171431222304000, -0.00347500000000000, -0.00386431074294100 ) );
#1914 = CARTESIAN_POINT( '', ( 0.00173497382935500, -0.00347500000000000, -0.00403657876089700 ) );
#1915 = CARTESIAN_POINT( '', ( 0.00177700227669400, -0.00347500000000000, -0.00420824597298000 ) );
#1916 = CARTESIAN_POINT( '', ( 0.00171501745775100, -0.00337954634431800, -0.00369143605676200 ) );
#1917 = CARTESIAN_POINT( '', ( 0.00171431222304000, -0.00337922575942200, -0.00386442527617400 ) );
#1918 = CARTESIAN_POINT( '', ( 0.00173497382935500, -0.00338861809191800, -0.00403669335337900 ) );
#1919 = CARTESIAN_POINT( '', ( 0.00177700227669400, -0.00340772334180300, -0.00420824028837800 ) );
#1920 = CARTESIAN_POINT( '', ( 0.00171501745775100, -0.00331325693061400, -0.00369142280810300 ) );
#1921 = CARTESIAN_POINT( '', ( 0.00171431222304000, -0.00331271371008900, -0.00386468411633600 ) );
#1922 = CARTESIAN_POINT( '', ( 0.00173497382935500, -0.00332862870753600, -0.00403695232744300 ) );
#1923 = CARTESIAN_POINT( '', ( 0.00177700227669400, -0.00336100192295400, -0.00420822744142400 ) );
#1924 = CARTESIAN_POINT( '', ( 0.00171501745775100, -0.00327613175889000, -0.00369141254016200 ) );
#1925 = CARTESIAN_POINT( '', ( 0.00171431222304000, -0.00327546385200100, -0.00386488472196000 ) );
#1926 = CARTESIAN_POINT( '', ( 0.00173497382935500, -0.00329503184685500, -0.00403715303684300 ) );
#1927 = CARTESIAN_POINT( '', ( 0.00177700227669400, -0.00333483574345300, -0.00420821748481200 ) );
#1928 = SURFACE_SIDE_STYLE( '', ( #4571 ) );
#1929 = EDGE_LOOP( '', ( #4572, #4573, #4574, #4575 ) );
#1930 = AXIS2_PLACEMENT_3D( '', #4576, #4577, #4578 );
#1931 = SURFACE_SIDE_STYLE( '', ( #4579 ) );
#1932 = EDGE_LOOP( '', ( #4580, #4581, #4582, #4583 ) );
#1933 = CARTESIAN_POINT( '', ( -0.00331227652165500, -0.00330001449667400, -0.00369142260266300 ) );
#1934 = CARTESIAN_POINT( '', ( -0.00331310058809200, -0.00329942785838200, -0.00386499535222700 ) );
#1935 = CARTESIAN_POINT( '', ( -0.00328891397329700, -0.00331664588079500, -0.00403725864914100 ) );
#1936 = CARTESIAN_POINT( '', ( -0.00323971667726900, -0.00335166856391200, -0.00420821249340400 ) );
#1937 = CARTESIAN_POINT( '', ( -0.00327651478176800, -0.00330001449667400, -0.00369143861162900 ) );
#1938 = CARTESIAN_POINT( '', ( -0.00327718148705200, -0.00329942785838200, -0.00386468201986900 ) );
#1939 = CARTESIAN_POINT( '', ( -0.00325761347270600, -0.00331664588079500, -0.00403694516431200 ) );
#1940 = CARTESIAN_POINT( '', ( -0.00321781073873100, -0.00335166856391200, -0.00420822804495600 ) );
#1941 = CARTESIAN_POINT( '', ( -0.00321408927455000, -0.00330001449667400, -0.00369145866514800 ) );
#1942 = CARTESIAN_POINT( '', ( -0.00321448129102100, -0.00329942785838200, -0.00386428952627600 ) );
#1943 = CARTESIAN_POINT( '', ( -0.00320297548160700, -0.00331664588079500, -0.00403655247972600 ) );
#1944 = CARTESIAN_POINT( '', ( -0.00317957184630700, -0.00335166856391200, -0.00420824752550000 ) );
#1945 = CARTESIAN_POINT( '', ( -0.00312500000000000, -0.00330001449667400, -0.00369146730246300 ) );
#1946 = CARTESIAN_POINT( '', ( -0.00312500000000000, -0.00329942785838200, -0.00386412047411400 ) );
#1947 = CARTESIAN_POINT( '', ( -0.00312500000000000, -0.00331664588079500, -0.00403638334530100 ) );
#1948 = CARTESIAN_POINT( '', ( -0.00312500000000000, -0.00335166856391200, -0.00420825591602600 ) );
#1949 = CARTESIAN_POINT( '', ( -0.00303591072545000, -0.00330001449667400, -0.00369145866514800 ) );
#1950 = CARTESIAN_POINT( '', ( -0.00303551870897900, -0.00329942785838200, -0.00386428952627600 ) );
#1951 = CARTESIAN_POINT( '', ( -0.00304702451839300, -0.00331664588079500, -0.00403655247972600 ) );
#1952 = CARTESIAN_POINT( '', ( -0.00307042815369300, -0.00335166856391200, -0.00420824752550000 ) );
#1953 = CARTESIAN_POINT( '', ( -0.00297348521823200, -0.00330001449667400, -0.00369143861162900 ) );
#1954 = CARTESIAN_POINT( '', ( -0.00297281851294800, -0.00329942785838200, -0.00386468201986900 ) );
#1955 = CARTESIAN_POINT( '', ( -0.00299238652729400, -0.00331664588079500, -0.00403694516431200 ) );
#1956 = CARTESIAN_POINT( '', ( -0.00303218926126900, -0.00335166856391200, -0.00420822804495600 ) );
#1957 = CARTESIAN_POINT( '', ( -0.00293772347834500, -0.00330001449667400, -0.00369142260266300 ) );
#1958 = CARTESIAN_POINT( '', ( -0.00293689941190800, -0.00329942785838200, -0.00386499535222700 ) );
#1959 = CARTESIAN_POINT( '', ( -0.00296108602670300, -0.00331664588079500, -0.00403725864914100 ) );
#1960 = CARTESIAN_POINT( '', ( -0.00301028332273100, -0.00335166856391200, -0.00420821249340400 ) );
#1961 = SURFACE_SIDE_STYLE( '', ( #4584 ) );
#1962 = EDGE_LOOP( '', ( #4585, #4586, #4587, #4588 ) );
#1963 = AXIS2_PLACEMENT_3D( '', #4589, #4590, #4591 );
#1964 = SURFACE_SIDE_STYLE( '', ( #4592 ) );
#1965 = EDGE_LOOP( '', ( #4593, #4594, #4595, #4596 ) );
#1966 = AXIS2_PLACEMENT_3D( '', #4597, #4598, #4599 );
#1967 = SURFACE_SIDE_STYLE( '', ( #4600 ) );
#1968 = EDGE_LOOP( '', ( #4601, #4602, #4603, #4604 ) );
#1969 = AXIS2_PLACEMENT_3D( '', #4605, #4606, #4607 );
#1970 = SURFACE_SIDE_STYLE( '', ( #4608 ) );
#1971 = EDGE_LOOP( '', ( #4609, #4610, #4611, #4612 ) );
#1972 = CARTESIAN_POINT( '', ( 0.00293772347834500, -0.00330001449667400, -0.00369142260266300 ) );
#1973 = CARTESIAN_POINT( '', ( 0.00293689941190800, -0.00329942785838200, -0.00386499535222700 ) );
#1974 = CARTESIAN_POINT( '', ( 0.00296108602670300, -0.00331664588079500, -0.00403725864914100 ) );
#1975 = CARTESIAN_POINT( '', ( 0.00301028332273100, -0.00335166856391200, -0.00420821249340400 ) );
#1976 = CARTESIAN_POINT( '', ( 0.00297348521823200, -0.00330001449667400, -0.00369143861162900 ) );
#1977 = CARTESIAN_POINT( '', ( 0.00297281851294800, -0.00329942785838200, -0.00386468201986900 ) );
#1978 = CARTESIAN_POINT( '', ( 0.00299238652729400, -0.00331664588079500, -0.00403694516431200 ) );
#1979 = CARTESIAN_POINT( '', ( 0.00303218926126900, -0.00335166856391200, -0.00420822804495600 ) );
#1980 = CARTESIAN_POINT( '', ( 0.00303591072545000, -0.00330001449667400, -0.00369145866514800 ) );
#1981 = CARTESIAN_POINT( '', ( 0.00303551870897900, -0.00329942785838200, -0.00386428952627600 ) );
#1982 = CARTESIAN_POINT( '', ( 0.00304702451839300, -0.00331664588079500, -0.00403655247972600 ) );
#1983 = CARTESIAN_POINT( '', ( 0.00307042815369300, -0.00335166856391200, -0.00420824752550000 ) );
#1984 = CARTESIAN_POINT( '', ( 0.00312500000000000, -0.00330001449667400, -0.00369146730246300 ) );
#1985 = CARTESIAN_POINT( '', ( 0.00312500000000000, -0.00329942785838200, -0.00386412047411400 ) );
#1986 = CARTESIAN_POINT( '', ( 0.00312500000000000, -0.00331664588079500, -0.00403638334530100 ) );
#1987 = CARTESIAN_POINT( '', ( 0.00312500000000000, -0.00335166856391200, -0.00420825591602600 ) );
#1988 = CARTESIAN_POINT( '', ( 0.00321408927455000, -0.00330001449667400, -0.00369145866514800 ) );
#1989 = CARTESIAN_POINT( '', ( 0.00321448129102100, -0.00329942785838200, -0.00386428952627600 ) );
#1990 = CARTESIAN_POINT( '', ( 0.00320297548160700, -0.00331664588079500, -0.00403655247972600 ) );
#1991 = CARTESIAN_POINT( '', ( 0.00317957184630700, -0.00335166856391200, -0.00420824752550000 ) );
#1992 = CARTESIAN_POINT( '', ( 0.00327651478176800, -0.00330001449667400, -0.00369143861162900 ) );
#1993 = CARTESIAN_POINT( '', ( 0.00327718148705200, -0.00329942785838200, -0.00386468201986900 ) );
#1994 = CARTESIAN_POINT( '', ( 0.00325761347270600, -0.00331664588079500, -0.00403694516431200 ) );
#1995 = CARTESIAN_POINT( '', ( 0.00321781073873100, -0.00335166856391200, -0.00420822804495600 ) );
#1996 = CARTESIAN_POINT( '', ( 0.00331227652165500, -0.00330001449667400, -0.00369142260266300 ) );
#1997 = CARTESIAN_POINT( '', ( 0.00331310058809200, -0.00329942785838200, -0.00386499535222700 ) );
#1998 = CARTESIAN_POINT( '', ( 0.00328891397329700, -0.00331664588079500, -0.00403725864914100 ) );
#1999 = CARTESIAN_POINT( '', ( 0.00323971667726900, -0.00335166856391200, -0.00420821249340400 ) );
#2000 = SURFACE_SIDE_STYLE( '', ( #4613 ) );
#2001 = EDGE_LOOP( '', ( #4614, #4615, #4616, #4617 ) );
#2002 = AXIS2_PLACEMENT_3D( '', #4618, #4619, #4620 );
#2003 = SURFACE_SIDE_STYLE( '', ( #4621 ) );
#2004 = EDGE_LOOP( '', ( #4622, #4623, #4624, #4625 ) );
#2005 = AXIS2_PLACEMENT_3D( '', #4626, #4627, #4628 );
#2006 = SURFACE_SIDE_STYLE( '', ( #4629 ) );
#2007 = EDGE_LOOP( '', ( #4630, #4631, #4632, #4633 ) );
#2008 = AXIS2_PLACEMENT_3D( '', #4634, #4635, #4636 );
#2009 = SURFACE_SIDE_STYLE( '', ( #4637 ) );
#2010 = EDGE_LOOP( '', ( #4638, #4639, #4640, #4641 ) );
#2011 = AXIS2_PLACEMENT_3D( '', #4642, #4643, #4644 );
#2012 = SURFACE_SIDE_STYLE( '', ( #4645 ) );
#2013 = EDGE_LOOP( '', ( #4646, #4647, #4648, #4649 ) );
#2014 = AXIS2_PLACEMENT_3D( '', #4650, #4651, #4652 );
#2015 = SURFACE_SIDE_STYLE( '', ( #4653 ) );
#2016 = EDGE_LOOP( '', ( #4654, #4655, #4656, #4657 ) );
#2017 = AXIS2_PLACEMENT_3D( '', #4658, #4659, #4660 );
#2018 = SURFACE_SIDE_STYLE( '', ( #4661 ) );
#2019 = EDGE_LOOP( '', ( #4662, #4663, #4664, #4665 ) );
#2020 = AXIS2_PLACEMENT_3D( '', #4666, #4667, #4668 );
#2021 = SURFACE_SIDE_STYLE( '', ( #4669 ) );
#2022 = EDGE_LOOP( '', ( #4670, #4671, #4672, #4673 ) );
#2023 = CARTESIAN_POINT( '', ( 0.00177793374427300, 0.000281947924536900, -0.000263246114512900 ) );
#2024 = CARTESIAN_POINT( '', ( 0.00173482411871100, 0.000181158717641200, -0.000185267787984300 ) );
#2025 = CARTESIAN_POINT( '', ( 0.00171386206879700, 7.59096629029800E-05, -0.000147350836685700 ) );
#2026 = CARTESIAN_POINT( '', ( 0.00171504759453000, -3.37992396777400E-05, -0.000149495260617300 ) );
#2027 = CARTESIAN_POINT( '', ( 0.00177793374427300, 0.000282026534301300, -0.000301312338639900 ) );
#2028 = CARTESIAN_POINT( '', ( 0.00173482411871100, 0.000180068902443400, -0.000237351891631400 ) );
#2029 = CARTESIAN_POINT( '', ( 0.00171386206879700, 7.48243154268100E-05, -0.000206251132456200 ) );
#2030 = CARTESIAN_POINT( '', ( 0.00171504759453000, -3.37072267484900E-05, -0.000208010061114200 ) );
#2031 = CARTESIAN_POINT( '', ( 0.00177793374427300, 0.000282136839270200, -0.000371896967135600 ) );
#2032 = CARTESIAN_POINT( '', ( 0.00173482411871100, 0.000178539677259800, -0.000333929295636600 ) );
#2033 = CARTESIAN_POINT( '', ( 0.00171386206879700, 7.33013593358000E-05, -0.000315467520227600 ) );
#2034 = CARTESIAN_POINT( '', ( 0.00171504759453000, -3.35781145018300E-05, -0.000316511640908500 ) );
#2035 = CARTESIAN_POINT( '', ( 0.00177793374427300, 0.000282190684913200, -0.000475000000000000 ) );
#2036 = CARTESIAN_POINT( '', ( 0.00173482411871100, 0.000177793182208700, -0.000475000000000000 ) );
#2037 = CARTESIAN_POINT( '', ( 0.00171386206879700, 7.25579245577500E-05, -0.000475000000000000 ) );
#2038 = CARTESIAN_POINT( '', ( 0.00171504759453000, -3.35150880396700E-05, -0.000475000000000000 ) );
#2039 = CARTESIAN_POINT( '', ( 0.00177793374427300, 0.000282136839270200, -0.000578103032864400 ) );
#2040 = CARTESIAN_POINT( '', ( 0.00173482411871100, 0.000178539677259800, -0.000616070704363400 ) );
#2041 = CARTESIAN_POINT( '', ( 0.00171386206879700, 7.33013593358000E-05, -0.000634532479772400 ) );
#2042 = CARTESIAN_POINT( '', ( 0.00171504759453000, -3.35781145018300E-05, -0.000633488359091500 ) );
#2043 = CARTESIAN_POINT( '', ( 0.00177793374427300, 0.000282026534301300, -0.000648687661360100 ) );
#2044 = CARTESIAN_POINT( '', ( 0.00173482411871100, 0.000180068902443400, -0.000712648108368600 ) );
#2045 = CARTESIAN_POINT( '', ( 0.00171386206879700, 7.48243154268100E-05, -0.000743748867543800 ) );
#2046 = CARTESIAN_POINT( '', ( 0.00171504759453000, -3.37072267484900E-05, -0.000741989938885800 ) );
#2047 = CARTESIAN_POINT( '', ( 0.00177793374427300, 0.000281947924536900, -0.000686753885487100 ) );
#2048 = CARTESIAN_POINT( '', ( 0.00173482411871100, 0.000181158717641200, -0.000764732212015700 ) );
#2049 = CARTESIAN_POINT( '', ( 0.00171386206879700, 7.59096629029800E-05, -0.000802649163314300 ) );
#2050 = CARTESIAN_POINT( '', ( 0.00171504759453000, -3.37992396777400E-05, -0.000800504739382700 ) );
#2051 = SURFACE_SIDE_STYLE( '', ( #4674 ) );
#2052 = EDGE_LOOP( '', ( #4675, #4676, #4677, #4678 ) );
#2053 = CARTESIAN_POINT( '', ( 0.00296501745775100, -0.00367386824111000, -0.00369141254016200 ) );
#2054 = CARTESIAN_POINT( '', ( 0.00296431222304000, -0.00367453614799900, -0.00386488472196000 ) );
#2055 = CARTESIAN_POINT( '', ( 0.00298497382935500, -0.00365496815314500, -0.00403715303684300 ) );
#2056 = CARTESIAN_POINT( '', ( 0.00302700227669400, -0.00361516425654700, -0.00420821748481200 ) );
#2057 = CARTESIAN_POINT( '', ( 0.00296501745775100, -0.00363674306938600, -0.00369142280810300 ) );
#2058 = CARTESIAN_POINT( '', ( 0.00296431222304000, -0.00363728628991100, -0.00386468411633600 ) );
#2059 = CARTESIAN_POINT( '', ( 0.00298497382935500, -0.00362137129246400, -0.00403695232744300 ) );
#2060 = CARTESIAN_POINT( '', ( 0.00302700227669400, -0.00358899807704600, -0.00420822744142400 ) );
#2061 = CARTESIAN_POINT( '', ( 0.00296501745775100, -0.00357045365568200, -0.00369143605676200 ) );
#2062 = CARTESIAN_POINT( '', ( 0.00296431222304000, -0.00357077424057800, -0.00386442527617400 ) );
#2063 = CARTESIAN_POINT( '', ( 0.00298497382935500, -0.00356138190808200, -0.00403669335337900 ) );
#2064 = CARTESIAN_POINT( '', ( 0.00302700227669400, -0.00354227665819700, -0.00420824028837800 ) );
#2065 = CARTESIAN_POINT( '', ( 0.00296501745775100, -0.00347500000000000, -0.00369144191911300 ) );
#2066 = CARTESIAN_POINT( '', ( 0.00296431222304000, -0.00347500000000000, -0.00386431074294100 ) );
#2067 = CARTESIAN_POINT( '', ( 0.00298497382935500, -0.00347500000000000, -0.00403657876089700 ) );
#2068 = CARTESIAN_POINT( '', ( 0.00302700227669400, -0.00347500000000000, -0.00420824597298000 ) );
#2069 = CARTESIAN_POINT( '', ( 0.00296501745775100, -0.00337954634431800, -0.00369143605676200 ) );
#2070 = CARTESIAN_POINT( '', ( 0.00296431222304000, -0.00337922575942200, -0.00386442527617400 ) );
#2071 = CARTESIAN_POINT( '', ( 0.00298497382935500, -0.00338861809191800, -0.00403669335337900 ) );
#2072 = CARTESIAN_POINT( '', ( 0.00302700227669400, -0.00340772334180300, -0.00420824028837800 ) );
#2073 = CARTESIAN_POINT( '', ( 0.00296501745775100, -0.00331325693061400, -0.00369142280810300 ) );
#2074 = CARTESIAN_POINT( '', ( 0.00296431222304000, -0.00331271371008900, -0.00386468411633600 ) );
#2075 = CARTESIAN_POINT( '', ( 0.00298497382935500, -0.00332862870753600, -0.00403695232744300 ) );
#2076 = CARTESIAN_POINT( '', ( 0.00302700227669400, -0.00336100192295400, -0.00420822744142400 ) );
#2077 = CARTESIAN_POINT( '', ( 0.00296501745775100, -0.00327613175889000, -0.00369141254016200 ) );
#2078 = CARTESIAN_POINT( '', ( 0.00296431222304000, -0.00327546385200100, -0.00386488472196000 ) );
#2079 = CARTESIAN_POINT( '', ( 0.00298497382935500, -0.00329503184685500, -0.00403715303684300 ) );
#2080 = CARTESIAN_POINT( '', ( 0.00302700227669400, -0.00333483574345300, -0.00420821748481200 ) );
#2081 = SURFACE_SIDE_STYLE( '', ( #4679 ) );
#2082 = EDGE_LOOP( '', ( #4680, #4681, #4682, #4683 ) );
#2083 = AXIS2_PLACEMENT_3D( '', #4684, #4685, #4686 );
#2084 = SURFACE_SIDE_STYLE( '', ( #4687 ) );
#2085 = EDGE_LOOP( '', ( #4688, #4689, #4690, #4691 ) );
#2086 = CARTESIAN_POINT( '', ( 0.00331227652165500, -0.00364998550332600, -0.00369142260266300 ) );
#2087 = CARTESIAN_POINT( '', ( 0.00331310058809200, -0.00365057214161800, -0.00386499535222700 ) );
#2088 = CARTESIAN_POINT( '', ( 0.00328891397329700, -0.00363335411920500, -0.00403725864914100 ) );
#2089 = CARTESIAN_POINT( '', ( 0.00323971667726900, -0.00359833143608800, -0.00420821249340400 ) );
#2090 = CARTESIAN_POINT( '', ( 0.00327651478176800, -0.00364998550332600, -0.00369143861162900 ) );
#2091 = CARTESIAN_POINT( '', ( 0.00327718148705200, -0.00365057214161800, -0.00386468201986900 ) );
#2092 = CARTESIAN_POINT( '', ( 0.00325761347270600, -0.00363335411920500, -0.00403694516431200 ) );
#2093 = CARTESIAN_POINT( '', ( 0.00321781073873100, -0.00359833143608800, -0.00420822804495600 ) );
#2094 = CARTESIAN_POINT( '', ( 0.00321408927455000, -0.00364998550332600, -0.00369145866514800 ) );
#2095 = CARTESIAN_POINT( '', ( 0.00321448129102100, -0.00365057214161800, -0.00386428952627600 ) );
#2096 = CARTESIAN_POINT( '', ( 0.00320297548160700, -0.00363335411920500, -0.00403655247972600 ) );
#2097 = CARTESIAN_POINT( '', ( 0.00317957184630700, -0.00359833143608800, -0.00420824752550000 ) );
#2098 = CARTESIAN_POINT( '', ( 0.00312500000000000, -0.00364998550332600, -0.00369146730246300 ) );
#2099 = CARTESIAN_POINT( '', ( 0.00312500000000000, -0.00365057214161800, -0.00386412047411400 ) );
#2100 = CARTESIAN_POINT( '', ( 0.00312500000000000, -0.00363335411920500, -0.00403638334530100 ) );
#2101 = CARTESIAN_POINT( '', ( 0.00312500000000000, -0.00359833143608800, -0.00420825591602600 ) );
#2102 = CARTESIAN_POINT( '', ( 0.00303591072545000, -0.00364998550332600, -0.00369145866514800 ) );
#2103 = CARTESIAN_POINT( '', ( 0.00303551870897900, -0.00365057214161800, -0.00386428952627600 ) );
#2104 = CARTESIAN_POINT( '', ( 0.00304702451839300, -0.00363335411920500, -0.00403655247972600 ) );
#2105 = CARTESIAN_POINT( '', ( 0.00307042815369300, -0.00359833143608800, -0.00420824752550000 ) );
#2106 = CARTESIAN_POINT( '', ( 0.00297348521823200, -0.00364998550332600, -0.00369143861162900 ) );
#2107 = CARTESIAN_POINT( '', ( 0.00297281851294800, -0.00365057214161800, -0.00386468201986900 ) );
#2108 = CARTESIAN_POINT( '', ( 0.00299238652729400, -0.00363335411920500, -0.00403694516431200 ) );
#2109 = CARTESIAN_POINT( '', ( 0.00303218926126900, -0.00359833143608800, -0.00420822804495600 ) );
#2110 = CARTESIAN_POINT( '', ( 0.00293772347834500, -0.00364998550332600, -0.00369142260266300 ) );
#2111 = CARTESIAN_POINT( '', ( 0.00293689941190800, -0.00365057214161800, -0.00386499535222700 ) );
#2112 = CARTESIAN_POINT( '', ( 0.00296108602670300, -0.00363335411920500, -0.00403725864914100 ) );
#2113 = CARTESIAN_POINT( '', ( 0.00301028332273100, -0.00359833143608800, -0.00420821249340400 ) );
#2114 = SURFACE_SIDE_STYLE( '', ( #4692 ) );
#2115 = EDGE_LOOP( '', ( #4693, #4694, #4695, #4696 ) );
#2116 = CARTESIAN_POINT( '', ( 0.00447206625572700, 0.000281947924536900, -0.000686753885487100 ) );
#2117 = CARTESIAN_POINT( '', ( 0.00451517588128900, 0.000181158717641200, -0.000764732212015700 ) );
#2118 = CARTESIAN_POINT( '', ( 0.00453613793120300, 7.59096629029800E-05, -0.000802649163314300 ) );
#2119 = CARTESIAN_POINT( '', ( 0.00453495240547000, -3.37992396777400E-05, -0.000800504739382700 ) );
#2120 = CARTESIAN_POINT( '', ( 0.00447206625572700, 0.000282026534301300, -0.000648687661360100 ) );
#2121 = CARTESIAN_POINT( '', ( 0.00451517588128900, 0.000180068902443400, -0.000712648108368600 ) );
#2122 = CARTESIAN_POINT( '', ( 0.00453613793120300, 7.48243154268100E-05, -0.000743748867543800 ) );
#2123 = CARTESIAN_POINT( '', ( 0.00453495240547000, -3.37072267484900E-05, -0.000741989938885800 ) );
#2124 = CARTESIAN_POINT( '', ( 0.00447206625572700, 0.000282136839270200, -0.000578103032864400 ) );
#2125 = CARTESIAN_POINT( '', ( 0.00451517588128900, 0.000178539677259800, -0.000616070704363400 ) );
#2126 = CARTESIAN_POINT( '', ( 0.00453613793120300, 7.33013593358000E-05, -0.000634532479772400 ) );
#2127 = CARTESIAN_POINT( '', ( 0.00453495240547000, -3.35781145018300E-05, -0.000633488359091500 ) );
#2128 = CARTESIAN_POINT( '', ( 0.00447206625572700, 0.000282190684913200, -0.000475000000000000 ) );
#2129 = CARTESIAN_POINT( '', ( 0.00451517588128900, 0.000177793182208700, -0.000475000000000000 ) );
#2130 = CARTESIAN_POINT( '', ( 0.00453613793120300, 7.25579245577400E-05, -0.000475000000000000 ) );
#2131 = CARTESIAN_POINT( '', ( 0.00453495240547000, -3.35150880396700E-05, -0.000475000000000000 ) );
#2132 = CARTESIAN_POINT( '', ( 0.00447206625572700, 0.000282136839270200, -0.000371896967135600 ) );
#2133 = CARTESIAN_POINT( '', ( 0.00451517588128900, 0.000178539677259800, -0.000333929295636600 ) );
#2134 = CARTESIAN_POINT( '', ( 0.00453613793120300, 7.33013593358000E-05, -0.000315467520227600 ) );
#2135 = CARTESIAN_POINT( '', ( 0.00453495240547000, -3.35781145018300E-05, -0.000316511640908500 ) );
#2136 = CARTESIAN_POINT( '', ( 0.00447206625572700, 0.000282026534301300, -0.000301312338639900 ) );
#2137 = CARTESIAN_POINT( '', ( 0.00451517588128900, 0.000180068902443400, -0.000237351891631400 ) );
#2138 = CARTESIAN_POINT( '', ( 0.00453613793120300, 7.48243154268100E-05, -0.000206251132456200 ) );
#2139 = CARTESIAN_POINT( '', ( 0.00453495240547000, -3.37072267484900E-05, -0.000208010061114200 ) );
#2140 = CARTESIAN_POINT( '', ( 0.00447206625572700, 0.000281947924536900, -0.000263246114512900 ) );
#2141 = CARTESIAN_POINT( '', ( 0.00451517588128900, 0.000181158717641200, -0.000185267787984300 ) );
#2142 = CARTESIAN_POINT( '', ( 0.00453613793120300, 7.59096629029800E-05, -0.000147350836685700 ) );
#2143 = CARTESIAN_POINT( '', ( 0.00453495240547000, -3.37992396777400E-05, -0.000149495260617300 ) );
#2144 = SURFACE_SIDE_STYLE( '', ( #4697 ) );
#2145 = EDGE_LOOP( '', ( #4698, #4699, #4700, #4701, #4702, #4703, #4704, #4705 ) );
#2146 = AXIS2_PLACEMENT_3D( '', #4706, #4707, #4708 );
#2147 = SURFACE_SIDE_STYLE( '', ( #4709 ) );
#2148 = EDGE_LOOP( '', ( #4710, #4711, #4712, #4713, #4714, #4715 ) );
#2149 = AXIS2_PLACEMENT_3D( '', #4716, #4717, #4718 );
#2150 = SURFACE_SIDE_STYLE( '', ( #4719 ) );
#2151 = EDGE_LOOP( '', ( #4720, #4721, #4722, #4723 ) );
#2152 = CARTESIAN_POINT( '', ( -0.00448862629616700, 0.000281956325050300, -0.000670110426212400 ) );
#2153 = CARTESIAN_POINT( '', ( -0.00453911375907100, 0.000180996069639300, -0.000741992686313400 ) );
#2154 = CARTESIAN_POINT( '', ( -0.00456365141012100, 7.56973372257100E-05, -0.000776928524115400 ) );
#2155 = CARTESIAN_POINT( '', ( -0.00456223924931700, -3.39398721905000E-05, -0.000774917939618300 ) );
#2156 = CARTESIAN_POINT( '', ( -0.00446692857339900, 0.000281991205893700, -0.000670110426212400 ) );
#2157 = CARTESIAN_POINT( '', ( -0.00450777510801200, 0.000180512257907000, -0.000741992686313400 ) );
#2158 = CARTESIAN_POINT( '', ( -0.00452762712582500, 7.52157471288600E-05, -0.000776928524115400 ) );
#2159 = CARTESIAN_POINT( '', ( -0.00452648462684000, -3.38983264407400E-05, -0.000774917939618300 ) );
#2160 = CARTESIAN_POINT( '', ( -0.00442905314134400, 0.000282035275051300, -0.000670110426212400 ) );
#2161 = CARTESIAN_POINT( '', ( -0.00445307052165500, 0.000179901000452800, -0.000741992686313400 ) );
#2162 = CARTESIAN_POINT( '', ( -0.00446474332245200, 7.46072965334900E-05, -0.000776928524115400 ) );
#2163 = CARTESIAN_POINT( '', ( -0.00446407154373400, -3.38458367065300E-05, -0.000774917939618300 ) );
#2164 = CARTESIAN_POINT( '', ( -0.00437500000000000, 0.000282054494301100, -0.000670110426212400 ) );
#2165 = CARTESIAN_POINT( '', ( -0.00437500000000000, 0.000179634421503600, -0.000741992686313400 ) );
#2166 = CARTESIAN_POINT( '', ( -0.00437500000000000, 7.43419416994800E-05, -0.000776928524115400 ) );
#2167 = CARTESIAN_POINT( '', ( -0.00437500000000000, -3.38229451113600E-05, -0.000774917939618300 ) );
#2168 = CARTESIAN_POINT( '', ( -0.00432094685865600, 0.000282035275051300, -0.000670110426212400 ) );
#2169 = CARTESIAN_POINT( '', ( -0.00429692947834500, 0.000179901000452800, -0.000741992686313400 ) );
#2170 = CARTESIAN_POINT( '', ( -0.00428525667754800, 7.46072965334900E-05, -0.000776928524115400 ) );
#2171 = CARTESIAN_POINT( '', ( -0.00428592845626600, -3.38458367065300E-05, -0.000774917939618300 ) );
#2172 = CARTESIAN_POINT( '', ( -0.00428307142660100, 0.000281991205893700, -0.000670110426212400 ) );
#2173 = CARTESIAN_POINT( '', ( -0.00424222489198800, 0.000180512257907000, -0.000741992686313400 ) );
#2174 = CARTESIAN_POINT( '', ( -0.00422237287417500, 7.52157471288600E-05, -0.000776928524115400 ) );
#2175 = CARTESIAN_POINT( '', ( -0.00422351537316000, -3.38983264407400E-05, -0.000774917939618300 ) );
#2176 = CARTESIAN_POINT( '', ( -0.00426137370383300, 0.000281956325050300, -0.000670110426212400 ) );
#2177 = CARTESIAN_POINT( '', ( -0.00421088624092900, 0.000180996069639300, -0.000741992686313400 ) );
#2178 = CARTESIAN_POINT( '', ( -0.00418634858987900, 7.56973372257100E-05, -0.000776928524115400 ) );
#2179 = CARTESIAN_POINT( '', ( -0.00418776075068300, -3.39398721905000E-05, -0.000774917939618300 ) );
#2180 = SURFACE_SIDE_STYLE( '', ( #4724 ) );
#2181 = EDGE_LOOP( '', ( #4725, #4726, #4727, #4728, #4729, #4730 ) );
#2182 = AXIS2_PLACEMENT_3D( '', #4731, #4732, #4733 );
#2183 = SURFACE_SIDE_STYLE( '', ( #4734 ) );
#2184 = EDGE_LOOP( '', ( #4735, #4736, #4737, #4738 ) );
#2185 = AXIS2_PLACEMENT_3D( '', #4739, #4740, #4741 );
#2186 = SURFACE_SIDE_STYLE( '', ( #4742 ) );
#2187 = EDGE_LOOP( '', ( #4743, #4744, #4745, #4746 ) );
#2188 = AXIS2_PLACEMENT_3D( '', #4747, #4748, #4749 );
#2189 = SURFACE_SIDE_STYLE( '', ( #4750 ) );
#2190 = EDGE_LOOP( '', ( #4751, #4752, #4753, #4754, #4755, #4756 ) );
#2191 = AXIS2_PLACEMENT_3D( '', #4757, #4758, #4759 );
#2192 = SURFACE_SIDE_STYLE( '', ( #4760 ) );
#2193 = EDGE_LOOP( '', ( #4761, #4762, #4763, #4764 ) );
#2194 = AXIS2_PLACEMENT_3D( '', #4765, #4766, #4767 );
#2195 = SURFACE_SIDE_STYLE( '', ( #4768 ) );
#2196 = EDGE_LOOP( '', ( #4769, #4770, #4771, #4772, #4773 ) );
#2197 = AXIS2_PLACEMENT_3D( '', #4774, #4775, #4776 );
#2198 = SURFACE_SIDE_STYLE( '', ( #4777 ) );
#2199 = EDGE_LOOP( '', ( #4778, #4779, #4780, #4781 ) );
#2200 = CARTESIAN_POINT( '', ( 0.000465017457751400, -0.00367386824111000, -0.00369141254016200 ) );
#2201 = CARTESIAN_POINT( '', ( 0.000464312223040400, -0.00367453614799900, -0.00386488472196000 ) );
#2202 = CARTESIAN_POINT( '', ( 0.000484973829354700, -0.00365496815314500, -0.00403715303684300 ) );
#2203 = CARTESIAN_POINT( '', ( 0.000527002276694300, -0.00361516425654700, -0.00420821748481200 ) );
#2204 = CARTESIAN_POINT( '', ( 0.000465017457751400, -0.00363674306938600, -0.00369142280810300 ) );
#2205 = CARTESIAN_POINT( '', ( 0.000464312223040400, -0.00363728628991100, -0.00386468411633600 ) );
#2206 = CARTESIAN_POINT( '', ( 0.000484973829354700, -0.00362137129246400, -0.00403695232744300 ) );
#2207 = CARTESIAN_POINT( '', ( 0.000527002276694300, -0.00358899807704600, -0.00420822744142400 ) );
#2208 = CARTESIAN_POINT( '', ( 0.000465017457751400, -0.00357045365568200, -0.00369143605676200 ) );
#2209 = CARTESIAN_POINT( '', ( 0.000464312223040400, -0.00357077424057800, -0.00386442527617400 ) );
#2210 = CARTESIAN_POINT( '', ( 0.000484973829354700, -0.00356138190808200, -0.00403669335337900 ) );
#2211 = CARTESIAN_POINT( '', ( 0.000527002276694300, -0.00354227665819700, -0.00420824028837800 ) );
#2212 = CARTESIAN_POINT( '', ( 0.000465017457751400, -0.00347500000000000, -0.00369144191911300 ) );
#2213 = CARTESIAN_POINT( '', ( 0.000464312223040400, -0.00347500000000000, -0.00386431074294100 ) );
#2214 = CARTESIAN_POINT( '', ( 0.000484973829354700, -0.00347500000000000, -0.00403657876089700 ) );
#2215 = CARTESIAN_POINT( '', ( 0.000527002276694300, -0.00347500000000000, -0.00420824597298000 ) );
#2216 = CARTESIAN_POINT( '', ( 0.000465017457751400, -0.00337954634431800, -0.00369143605676200 ) );
#2217 = CARTESIAN_POINT( '', ( 0.000464312223040400, -0.00337922575942200, -0.00386442527617400 ) );
#2218 = CARTESIAN_POINT( '', ( 0.000484973829354700, -0.00338861809191800, -0.00403669335337900 ) );
#2219 = CARTESIAN_POINT( '', ( 0.000527002276694300, -0.00340772334180300, -0.00420824028837800 ) );
#2220 = CARTESIAN_POINT( '', ( 0.000465017457751400, -0.00331325693061400, -0.00369142280810300 ) );
#2221 = CARTESIAN_POINT( '', ( 0.000464312223040400, -0.00331271371008900, -0.00386468411633600 ) );
#2222 = CARTESIAN_POINT( '', ( 0.000484973829354700, -0.00332862870753600, -0.00403695232744300 ) );
#2223 = CARTESIAN_POINT( '', ( 0.000527002276694300, -0.00336100192295400, -0.00420822744142400 ) );
#2224 = CARTESIAN_POINT( '', ( 0.000465017457751400, -0.00327613175889000, -0.00369141254016200 ) );
#2225 = CARTESIAN_POINT( '', ( 0.000464312223040400, -0.00327546385200100, -0.00386488472196000 ) );
#2226 = CARTESIAN_POINT( '', ( 0.000484973829354700, -0.00329503184685500, -0.00403715303684300 ) );
#2227 = CARTESIAN_POINT( '', ( 0.000527002276694300, -0.00333483574345300, -0.00420821748481200 ) );
#2228 = SURFACE_SIDE_STYLE( '', ( #4782 ) );
#2229 = EDGE_LOOP( '', ( #4783, #4784, #4785, #4786, #4787, #4788 ) );
#2230 = AXIS2_PLACEMENT_3D( '', #4789, #4790, #4791 );
#2231 = SURFACE_SIDE_STYLE( '', ( #4792 ) );
#2232 = EDGE_LOOP( '', ( #4793, #4794, #4795, #4796 ) );
#2233 = AXIS2_PLACEMENT_3D( '', #4797, #4798, #4799 );
#2234 = SURFACE_SIDE_STYLE( '', ( #4800 ) );
#2235 = EDGE_LOOP( '', ( #4801, #4802, #4803, #4804 ) );
#2236 = CARTESIAN_POINT( '', ( 0.00426137370383300, 0.000281956325050300, -0.000670110426212400 ) );
#2237 = CARTESIAN_POINT( '', ( 0.00421088624092900, 0.000180996069639300, -0.000741992686313400 ) );
#2238 = CARTESIAN_POINT( '', ( 0.00418634858987900, 7.56973372257100E-05, -0.000776928524115400 ) );
#2239 = CARTESIAN_POINT( '', ( 0.00418776075068300, -3.39398721905000E-05, -0.000774917939618300 ) );
#2240 = CARTESIAN_POINT( '', ( 0.00428307142660100, 0.000281991205893700, -0.000670110426212400 ) );
#2241 = CARTESIAN_POINT( '', ( 0.00424222489198800, 0.000180512257907000, -0.000741992686313400 ) );
#2242 = CARTESIAN_POINT( '', ( 0.00422237287417500, 7.52157471288600E-05, -0.000776928524115400 ) );
#2243 = CARTESIAN_POINT( '', ( 0.00422351537316000, -3.38983264407400E-05, -0.000774917939618300 ) );
#2244 = CARTESIAN_POINT( '', ( 0.00432094685865600, 0.000282035275051300, -0.000670110426212400 ) );
#2245 = CARTESIAN_POINT( '', ( 0.00429692947834500, 0.000179901000452800, -0.000741992686313400 ) );
#2246 = CARTESIAN_POINT( '', ( 0.00428525667754800, 7.46072965334900E-05, -0.000776928524115400 ) );
#2247 = CARTESIAN_POINT( '', ( 0.00428592845626600, -3.38458367065300E-05, -0.000774917939618300 ) );
#2248 = CARTESIAN_POINT( '', ( 0.00437500000000000, 0.000282054494301100, -0.000670110426212400 ) );
#2249 = CARTESIAN_POINT( '', ( 0.00437500000000000, 0.000179634421503600, -0.000741992686313400 ) );
#2250 = CARTESIAN_POINT( '', ( 0.00437500000000000, 7.43419416994800E-05, -0.000776928524115400 ) );
#2251 = CARTESIAN_POINT( '', ( 0.00437500000000000, -3.38229451113600E-05, -0.000774917939618300 ) );
#2252 = CARTESIAN_POINT( '', ( 0.00442905314134400, 0.000282035275051300, -0.000670110426212400 ) );
#2253 = CARTESIAN_POINT( '', ( 0.00445307052165500, 0.000179901000452800, -0.000741992686313400 ) );
#2254 = CARTESIAN_POINT( '', ( 0.00446474332245200, 7.46072965334900E-05, -0.000776928524115400 ) );
#2255 = CARTESIAN_POINT( '', ( 0.00446407154373400, -3.38458367065300E-05, -0.000774917939618300 ) );
#2256 = CARTESIAN_POINT( '', ( 0.00446692857339900, 0.000281991205893700, -0.000670110426212400 ) );
#2257 = CARTESIAN_POINT( '', ( 0.00450777510801200, 0.000180512257907000, -0.000741992686313400 ) );
#2258 = CARTESIAN_POINT( '', ( 0.00452762712582500, 7.52157471288600E-05, -0.000776928524115400 ) );
#2259 = CARTESIAN_POINT( '', ( 0.00452648462684000, -3.38983264407400E-05, -0.000774917939618300 ) );
#2260 = CARTESIAN_POINT( '', ( 0.00448862629616700, 0.000281956325050300, -0.000670110426212400 ) );
#2261 = CARTESIAN_POINT( '', ( 0.00453911375907100, 0.000180996069639300, -0.000741992686313400 ) );
#2262 = CARTESIAN_POINT( '', ( 0.00456365141012100, 7.56973372257100E-05, -0.000776928524115400 ) );
#2263 = CARTESIAN_POINT( '', ( 0.00456223924931700, -3.39398721905000E-05, -0.000774917939618300 ) );
#2264 = SURFACE_SIDE_STYLE( '', ( #4805 ) );
#2265 = EDGE_LOOP( '', ( #4806, #4807, #4808, #4809 ) );
#2266 = CARTESIAN_POINT( '', ( -0.000738626296167200, 0.000281956325050300, -0.000670110426212400 ) );
#2267 = CARTESIAN_POINT( '', ( -0.000789113759070900, 0.000180996069639300, -0.000741992686313400 ) );
#2268 = CARTESIAN_POINT( '', ( -0.000813651410120800, 7.56973372257100E-05, -0.000776928524115400 ) );
#2269 = CARTESIAN_POINT( '', ( -0.000812239249316900, -3.39398721905000E-05, -0.000774917939618300 ) );
#2270 = CARTESIAN_POINT( '', ( -0.000716928573399300, 0.000281991205893700, -0.000670110426212400 ) );
#2271 = CARTESIAN_POINT( '', ( -0.000757775108011900, 0.000180512257907000, -0.000741992686313400 ) );
#2272 = CARTESIAN_POINT( '', ( -0.000777627125825400, 7.52157471288600E-05, -0.000776928524115400 ) );
#2273 = CARTESIAN_POINT( '', ( -0.000776484626839800, -3.38983264407400E-05, -0.000774917939618300 ) );
#2274 = CARTESIAN_POINT( '', ( -0.000679053141343600, 0.000282035275051300, -0.000670110426212400 ) );
#2275 = CARTESIAN_POINT( '', ( -0.000703070521655000, 0.000179901000452800, -0.000741992686313400 ) );
#2276 = CARTESIAN_POINT( '', ( -0.000714743322451800, 7.46072965334900E-05, -0.000776928524115400 ) );
#2277 = CARTESIAN_POINT( '', ( -0.000714071543734100, -3.38458367065300E-05, -0.000774917939618300 ) );
#2278 = CARTESIAN_POINT( '', ( -0.000625000000000000, 0.000282054494301100, -0.000670110426212400 ) );
#2279 = CARTESIAN_POINT( '', ( -0.000625000000000000, 0.000179634421503600, -0.000741992686313400 ) );
#2280 = CARTESIAN_POINT( '', ( -0.000625000000000000, 7.43419416994800E-05, -0.000776928524115400 ) );
#2281 = CARTESIAN_POINT( '', ( -0.000625000000000000, -3.38229451113600E-05, -0.000774917939618300 ) );
#2282 = CARTESIAN_POINT( '', ( -0.000570946858656400, 0.000282035275051300, -0.000670110426212400 ) );
#2283 = CARTESIAN_POINT( '', ( -0.000546929478345000, 0.000179901000452800, -0.000741992686313400 ) );
#2284 = CARTESIAN_POINT( '', ( -0.000535256677548200, 7.46072965334900E-05, -0.000776928524115400 ) );
#2285 = CARTESIAN_POINT( '', ( -0.000535928456265900, -3.38458367065300E-05, -0.000774917939618300 ) );
#2286 = CARTESIAN_POINT( '', ( -0.000533071426600700, 0.000281991205893700, -0.000670110426212400 ) );
#2287 = CARTESIAN_POINT( '', ( -0.000492224891988100, 0.000180512257907000, -0.000741992686313400 ) );
#2288 = CARTESIAN_POINT( '', ( -0.000472372874174600, 7.52157471288600E-05, -0.000776928524115400 ) );
#2289 = CARTESIAN_POINT( '', ( -0.000473515373160200, -3.38983264407400E-05, -0.000774917939618300 ) );
#2290 = CARTESIAN_POINT( '', ( -0.000511373703832800, 0.000281956325050300, -0.000670110426212400 ) );
#2291 = CARTESIAN_POINT( '', ( -0.000460886240929100, 0.000180996069639300, -0.000741992686313400 ) );
#2292 = CARTESIAN_POINT( '', ( -0.000436348589879200, 7.56973372257100E-05, -0.000776928524115400 ) );
#2293 = CARTESIAN_POINT( '', ( -0.000437760750683100, -3.39398721905000E-05, -0.000774917939618300 ) );
#2294 = SURFACE_SIDE_STYLE( '', ( #4810 ) );
#2295 = EDGE_LOOP( '', ( #4811, #4812, #4813, #4814 ) );
#2296 = AXIS2_PLACEMENT_3D( '', #4815, #4816, #4817 );
#2297 = SURFACE_SIDE_STYLE( '', ( #4818 ) );
#2298 = EDGE_LOOP( '', ( #4819, #4820, #4821, #4822 ) );
#2299 = CARTESIAN_POINT( '', ( -0.00427793374427300, 0.000281947924536900, -0.000686753885487100 ) );
#2300 = CARTESIAN_POINT( '', ( -0.00423482411871100, 0.000181158717641200, -0.000764732212015700 ) );
#2301 = CARTESIAN_POINT( '', ( -0.00421386206879700, 7.59096629029800E-05, -0.000802649163314300 ) );
#2302 = CARTESIAN_POINT( '', ( -0.00421504759453000, -3.37992396777400E-05, -0.000800504739382700 ) );
#2303 = CARTESIAN_POINT( '', ( -0.00427793374427300, 0.000282026534301300, -0.000648687661360100 ) );
#2304 = CARTESIAN_POINT( '', ( -0.00423482411871100, 0.000180068902443400, -0.000712648108368600 ) );
#2305 = CARTESIAN_POINT( '', ( -0.00421386206879700, 7.48243154268100E-05, -0.000743748867543800 ) );
#2306 = CARTESIAN_POINT( '', ( -0.00421504759453000, -3.37072267484900E-05, -0.000741989938885800 ) );
#2307 = CARTESIAN_POINT( '', ( -0.00427793374427300, 0.000282136839270200, -0.000578103032864400 ) );
#2308 = CARTESIAN_POINT( '', ( -0.00423482411871100, 0.000178539677259800, -0.000616070704363400 ) );
#2309 = CARTESIAN_POINT( '', ( -0.00421386206879700, 7.33013593358000E-05, -0.000634532479772400 ) );
#2310 = CARTESIAN_POINT( '', ( -0.00421504759453000, -3.35781145018300E-05, -0.000633488359091500 ) );
#2311 = CARTESIAN_POINT( '', ( -0.00427793374427300, 0.000282190684913200, -0.000475000000000000 ) );
#2312 = CARTESIAN_POINT( '', ( -0.00423482411871100, 0.000177793182208700, -0.000475000000000000 ) );
#2313 = CARTESIAN_POINT( '', ( -0.00421386206879700, 7.25579245577400E-05, -0.000475000000000000 ) );
#2314 = CARTESIAN_POINT( '', ( -0.00421504759453000, -3.35150880396700E-05, -0.000475000000000000 ) );
#2315 = CARTESIAN_POINT( '', ( -0.00427793374427300, 0.000282136839270200, -0.000371896967135600 ) );
#2316 = CARTESIAN_POINT( '', ( -0.00423482411871100, 0.000178539677259800, -0.000333929295636600 ) );
#2317 = CARTESIAN_POINT( '', ( -0.00421386206879700, 7.33013593358000E-05, -0.000315467520227600 ) );
#2318 = CARTESIAN_POINT( '', ( -0.00421504759453000, -3.35781145018300E-05, -0.000316511640908500 ) );
#2319 = CARTESIAN_POINT( '', ( -0.00427793374427300, 0.000282026534301300, -0.000301312338639900 ) );
#2320 = CARTESIAN_POINT( '', ( -0.00423482411871100, 0.000180068902443400, -0.000237351891631400 ) );
#2321 = CARTESIAN_POINT( '', ( -0.00421386206879700, 7.48243154268100E-05, -0.000206251132456200 ) );
#2322 = CARTESIAN_POINT( '', ( -0.00421504759453000, -3.37072267484900E-05, -0.000208010061114200 ) );
#2323 = CARTESIAN_POINT( '', ( -0.00427793374427300, 0.000281947924536900, -0.000263246114512900 ) );
#2324 = CARTESIAN_POINT( '', ( -0.00423482411871100, 0.000181158717641200, -0.000185267787984300 ) );
#2325 = CARTESIAN_POINT( '', ( -0.00421386206879700, 7.59096629029800E-05, -0.000147350836685700 ) );
#2326 = CARTESIAN_POINT( '', ( -0.00421504759453000, -3.37992396777400E-05, -0.000149495260617300 ) );
#2327 = SURFACE_SIDE_STYLE( '', ( #4823 ) );
#2328 = EDGE_LOOP( '', ( #4824, #4825, #4826, #4827, #4828, #4829, #4830, #4831 ) );
#2329 = AXIS2_PLACEMENT_3D( '', #4832, #4833, #4834 );
#2330 = SURFACE_SIDE_STYLE( '', ( #4835 ) );
#2331 = EDGE_LOOP( '', ( #4836, #4837, #4838, #4839 ) );
#2332 = AXIS2_PLACEMENT_3D( '', #4840, #4841, #4842 );
#2333 = SURFACE_SIDE_STYLE( '', ( #4843 ) );
#2334 = EDGE_LOOP( '', ( #4844, #4845, #4846, #4847 ) );
#2335 = CARTESIAN_POINT( '', ( -0.00203498254224900, -0.00367386824111000, -0.00369141254016200 ) );
#2336 = CARTESIAN_POINT( '', ( -0.00203568777696000, -0.00367453614799900, -0.00386488472196000 ) );
#2337 = CARTESIAN_POINT( '', ( -0.00201502617064500, -0.00365496815314500, -0.00403715303684300 ) );
#2338 = CARTESIAN_POINT( '', ( -0.00197299772330600, -0.00361516425654700, -0.00420821748481200 ) );
#2339 = CARTESIAN_POINT( '', ( -0.00203498254224900, -0.00363674306938600, -0.00369142280810300 ) );
#2340 = CARTESIAN_POINT( '', ( -0.00203568777696000, -0.00363728628991100, -0.00386468411633600 ) );
#2341 = CARTESIAN_POINT( '', ( -0.00201502617064500, -0.00362137129246400, -0.00403695232744300 ) );
#2342 = CARTESIAN_POINT( '', ( -0.00197299772330600, -0.00358899807704600, -0.00420822744142400 ) );
#2343 = CARTESIAN_POINT( '', ( -0.00203498254224900, -0.00357045365568200, -0.00369143605676200 ) );
#2344 = CARTESIAN_POINT( '', ( -0.00203568777696000, -0.00357077424057800, -0.00386442527617400 ) );
#2345 = CARTESIAN_POINT( '', ( -0.00201502617064500, -0.00356138190808200, -0.00403669335337900 ) );
#2346 = CARTESIAN_POINT( '', ( -0.00197299772330600, -0.00354227665819700, -0.00420824028837800 ) );
#2347 = CARTESIAN_POINT( '', ( -0.00203498254224900, -0.00347500000000000, -0.00369144191911300 ) );
#2348 = CARTESIAN_POINT( '', ( -0.00203568777696000, -0.00347500000000000, -0.00386431074294100 ) );
#2349 = CARTESIAN_POINT( '', ( -0.00201502617064500, -0.00347500000000000, -0.00403657876089700 ) );
#2350 = CARTESIAN_POINT( '', ( -0.00197299772330600, -0.00347500000000000, -0.00420824597298000 ) );
#2351 = CARTESIAN_POINT( '', ( -0.00203498254224900, -0.00337954634431800, -0.00369143605676200 ) );
#2352 = CARTESIAN_POINT( '', ( -0.00203568777696000, -0.00337922575942200, -0.00386442527617400 ) );
#2353 = CARTESIAN_POINT( '', ( -0.00201502617064500, -0.00338861809191800, -0.00403669335337900 ) );
#2354 = CARTESIAN_POINT( '', ( -0.00197299772330600, -0.00340772334180300, -0.00420824028837800 ) );
#2355 = CARTESIAN_POINT( '', ( -0.00203498254224900, -0.00331325693061400, -0.00369142280810300 ) );
#2356 = CARTESIAN_POINT( '', ( -0.00203568777696000, -0.00331271371008900, -0.00386468411633600 ) );
#2357 = CARTESIAN_POINT( '', ( -0.00201502617064500, -0.00332862870753600, -0.00403695232744300 ) );
#2358 = CARTESIAN_POINT( '', ( -0.00197299772330600, -0.00336100192295400, -0.00420822744142400 ) );
#2359 = CARTESIAN_POINT( '', ( -0.00203498254224900, -0.00327613175889000, -0.00369141254016200 ) );
#2360 = CARTESIAN_POINT( '', ( -0.00203568777696000, -0.00327546385200100, -0.00386488472196000 ) );
#2361 = CARTESIAN_POINT( '', ( -0.00201502617064500, -0.00329503184685500, -0.00403715303684300 ) );
#2362 = CARTESIAN_POINT( '', ( -0.00197299772330600, -0.00333483574345300, -0.00420821748481200 ) );
#2363 = SURFACE_SIDE_STYLE( '', ( #4848 ) );
#2364 = EDGE_LOOP( '', ( #4849, #4850, #4851, #4852 ) );
#2365 = AXIS2_PLACEMENT_3D( '', #4853, #4854, #4855 );
#2366 = SURFACE_SIDE_STYLE( '', ( #4856 ) );
#2367 = EDGE_LOOP( '', ( #4857, #4858, #4859, #4860 ) );
#2368 = AXIS2_PLACEMENT_3D( '', #4861, #4862, #4863 );
#2369 = SURFACE_SIDE_STYLE( '', ( #4864 ) );
#2370 = EDGE_LOOP( '', ( #4865, #4866, #4867, #4868, #4869, #4870 ) );
#2371 = AXIS2_PLACEMENT_3D( '', #4871, #4872, #4873 );
#2372 = SURFACE_SIDE_STYLE( '', ( #4874 ) );
#2373 = EDGE_LOOP( '', ( #4875, #4876, #4877, #4878, #4879, #4880, #4881, #4882, #4883, #4884 ) );
#2374 = AXIS2_PLACEMENT_3D( '', #4885, #4886, #4887 );
#2375 = SURFACE_SIDE_STYLE( '', ( #4888 ) );
#2376 = EDGE_LOOP( '', ( #4889, #4890, #4891, #4892 ) );
#2377 = AXIS2_PLACEMENT_3D( '', #4893, #4894, #4895 );
#2378 = SURFACE_SIDE_STYLE( '', ( #4896 ) );
#2379 = EDGE_LOOP( '', ( #4897, #4898, #4899, #4900 ) );
#2380 = AXIS2_PLACEMENT_3D( '', #4901, #4902, #4903 );
#2381 = SURFACE_SIDE_STYLE( '', ( #4904 ) );
#2382 = EDGE_LOOP( '', ( #4905, #4906, #4907, #4908 ) );
#2383 = AXIS2_PLACEMENT_3D( '', #4909, #4910, #4911 );
#2384 = SURFACE_SIDE_STYLE( '', ( #4912 ) );
#2385 = EDGE_LOOP( '', ( #4913, #4914, #4915, #4916 ) );
#2386 = AXIS2_PLACEMENT_3D( '', #4917, #4918, #4919 );
#2387 = SURFACE_SIDE_STYLE( '', ( #4920 ) );
#2388 = EDGE_LOOP( '', ( #4921, #4922, #4923, #4924 ) );
#2389 = AXIS2_PLACEMENT_3D( '', #4925, #4926, #4927 );
#2390 = SURFACE_SIDE_STYLE( '', ( #4928 ) );
#2391 = EDGE_LOOP( '', ( #4929, #4930, #4931, #4932 ) );
#2392 = AXIS2_PLACEMENT_3D( '', #4933, #4934, #4935 );
#2393 = SURFACE_SIDE_STYLE( '', ( #4936 ) );
#2394 = EDGE_LOOP( '', ( #4937, #4938, #4939, #4940 ) );
#2395 = CARTESIAN_POINT( '', ( -0.00206227652165500, -0.00330001449667400, -0.00369142260266300 ) );
#2396 = CARTESIAN_POINT( '', ( -0.00206310058809200, -0.00329942785838200, -0.00386499535222700 ) );
#2397 = CARTESIAN_POINT( '', ( -0.00203891397329700, -0.00331664588079500, -0.00403725864914100 ) );
#2398 = CARTESIAN_POINT( '', ( -0.00198971667726900, -0.00335166856391200, -0.00420821249340400 ) );
#2399 = CARTESIAN_POINT( '', ( -0.00202651478176800, -0.00330001449667400, -0.00369143861162900 ) );
#2400 = CARTESIAN_POINT( '', ( -0.00202718148705200, -0.00329942785838200, -0.00386468201986900 ) );
#2401 = CARTESIAN_POINT( '', ( -0.00200761347270600, -0.00331664588079500, -0.00403694516431200 ) );
#2402 = CARTESIAN_POINT( '', ( -0.00196781073873100, -0.00335166856391200, -0.00420822804495600 ) );
#2403 = CARTESIAN_POINT( '', ( -0.00196408927455000, -0.00330001449667400, -0.00369145866514800 ) );
#2404 = CARTESIAN_POINT( '', ( -0.00196448129102100, -0.00329942785838200, -0.00386428952627600 ) );
#2405 = CARTESIAN_POINT( '', ( -0.00195297548160700, -0.00331664588079500, -0.00403655247972600 ) );
#2406 = CARTESIAN_POINT( '', ( -0.00192957184630700, -0.00335166856391200, -0.00420824752550000 ) );
#2407 = CARTESIAN_POINT( '', ( -0.00187500000000000, -0.00330001449667400, -0.00369146730246300 ) );
#2408 = CARTESIAN_POINT( '', ( -0.00187500000000000, -0.00329942785838200, -0.00386412047411400 ) );
#2409 = CARTESIAN_POINT( '', ( -0.00187500000000000, -0.00331664588079500, -0.00403638334530100 ) );
#2410 = CARTESIAN_POINT( '', ( -0.00187500000000000, -0.00335166856391200, -0.00420825591602600 ) );
#2411 = CARTESIAN_POINT( '', ( -0.00178591072545000, -0.00330001449667400, -0.00369145866514800 ) );
#2412 = CARTESIAN_POINT( '', ( -0.00178551870897900, -0.00329942785838200, -0.00386428952627600 ) );
#2413 = CARTESIAN_POINT( '', ( -0.00179702451839300, -0.00331664588079500, -0.00403655247972600 ) );
#2414 = CARTESIAN_POINT( '', ( -0.00182042815369300, -0.00335166856391200, -0.00420824752550000 ) );
#2415 = CARTESIAN_POINT( '', ( -0.00172348521823200, -0.00330001449667400, -0.00369143861162900 ) );
#2416 = CARTESIAN_POINT( '', ( -0.00172281851294800, -0.00329942785838200, -0.00386468201986900 ) );
#2417 = CARTESIAN_POINT( '', ( -0.00174238652729400, -0.00331664588079500, -0.00403694516431200 ) );
#2418 = CARTESIAN_POINT( '', ( -0.00178218926126900, -0.00335166856391200, -0.00420822804495600 ) );
#2419 = CARTESIAN_POINT( '', ( -0.00168772347834500, -0.00330001449667400, -0.00369142260266300 ) );
#2420 = CARTESIAN_POINT( '', ( -0.00168689941190800, -0.00329942785838200, -0.00386499535222700 ) );
#2421 = CARTESIAN_POINT( '', ( -0.00171108602670300, -0.00331664588079500, -0.00403725864914100 ) );
#2422 = CARTESIAN_POINT( '', ( -0.00176028332273100, -0.00335166856391200, -0.00420821249340400 ) );
#2423 = SURFACE_SIDE_STYLE( '', ( #4941 ) );
#2424 = EDGE_LOOP( '', ( #4942, #4943, #4944 ) );
#2425 = AXIS2_PLACEMENT_3D( '', #4945, #4946, #4947 );
#2426 = SURFACE_SIDE_STYLE( '', ( #4948 ) );
#2427 = EDGE_LOOP( '', ( #4949, #4950, #4951, #4952 ) );
#2428 = AXIS2_PLACEMENT_3D( '', #4953, #4954, #4955 );
#2429 = SURFACE_SIDE_STYLE( '', ( #4956 ) );
#2430 = EDGE_LOOP( '', ( #4957, #4958, #4959, #4960 ) );
#2431 = AXIS2_PLACEMENT_3D( '', #4961, #4962, #4963 );
#2432 = SURFACE_SIDE_STYLE( '', ( #4964 ) );
#2433 = EDGE_LOOP( '', ( #4965, #4966, #4967, #4968 ) );
#2434 = AXIS2_PLACEMENT_3D( '', #4969, #4970, #4971 );
#2435 = SURFACE_SIDE_STYLE( '', ( #4972 ) );
#2436 = EDGE_LOOP( '', ( #4973, #4974, #4975, #4976 ) );
#2437 = AXIS2_PLACEMENT_3D( '', #4977, #4978, #4979 );
#2438 = SURFACE_SIDE_STYLE( '', ( #4980 ) );
#2439 = EDGE_LOOP( '', ( #4981, #4982, #4983 ) );
#2440 = AXIS2_PLACEMENT_3D( '', #4984, #4985, #4986 );
#2441 = SURFACE_SIDE_STYLE( '', ( #4987 ) );
#2442 = EDGE_LOOP( '', ( #4988, #4989, #4990, #4991 ) );
#2443 = CARTESIAN_POINT( '', ( -0.00168772347834500, -0.00364998550332600, -0.00369142260266300 ) );
#2444 = CARTESIAN_POINT( '', ( -0.00168689941190800, -0.00365057214161800, -0.00386499535222700 ) );
#2445 = CARTESIAN_POINT( '', ( -0.00171108602670300, -0.00363335411920500, -0.00403725864914100 ) );
#2446 = CARTESIAN_POINT( '', ( -0.00176028332273100, -0.00359833143608800, -0.00420821249340400 ) );
#2447 = CARTESIAN_POINT( '', ( -0.00172348521823200, -0.00364998550332600, -0.00369143861162900 ) );
#2448 = CARTESIAN_POINT( '', ( -0.00172281851294800, -0.00365057214161800, -0.00386468201986900 ) );
#2449 = CARTESIAN_POINT( '', ( -0.00174238652729400, -0.00363335411920500, -0.00403694516431200 ) );
#2450 = CARTESIAN_POINT( '', ( -0.00178218926126900, -0.00359833143608800, -0.00420822804495600 ) );
#2451 = CARTESIAN_POINT( '', ( -0.00178591072545000, -0.00364998550332600, -0.00369145866514800 ) );
#2452 = CARTESIAN_POINT( '', ( -0.00178551870897900, -0.00365057214161800, -0.00386428952627600 ) );
#2453 = CARTESIAN_POINT( '', ( -0.00179702451839300, -0.00363335411920500, -0.00403655247972600 ) );
#2454 = CARTESIAN_POINT( '', ( -0.00182042815369300, -0.00359833143608800, -0.00420824752550000 ) );
#2455 = CARTESIAN_POINT( '', ( -0.00187500000000000, -0.00364998550332600, -0.00369146730246300 ) );
#2456 = CARTESIAN_POINT( '', ( -0.00187500000000000, -0.00365057214161800, -0.00386412047411400 ) );
#2457 = CARTESIAN_POINT( '', ( -0.00187500000000000, -0.00363335411920500, -0.00403638334530100 ) );
#2458 = CARTESIAN_POINT( '', ( -0.00187500000000000, -0.00359833143608800, -0.00420825591602600 ) );
#2459 = CARTESIAN_POINT( '', ( -0.00196408927455000, -0.00364998550332600, -0.00369145866514800 ) );
#2460 = CARTESIAN_POINT( '', ( -0.00196448129102100, -0.00365057214161800, -0.00386428952627600 ) );
#2461 = CARTESIAN_POINT( '', ( -0.00195297548160700, -0.00363335411920500, -0.00403655247972600 ) );
#2462 = CARTESIAN_POINT( '', ( -0.00192957184630700, -0.00359833143608800, -0.00420824752550000 ) );
#2463 = CARTESIAN_POINT( '', ( -0.00202651478176800, -0.00364998550332600, -0.00369143861162900 ) );
#2464 = CARTESIAN_POINT( '', ( -0.00202718148705200, -0.00365057214161800, -0.00386468201986900 ) );
#2465 = CARTESIAN_POINT( '', ( -0.00200761347270600, -0.00363335411920500, -0.00403694516431200 ) );
#2466 = CARTESIAN_POINT( '', ( -0.00196781073873100, -0.00359833143608800, -0.00420822804495600 ) );
#2467 = CARTESIAN_POINT( '', ( -0.00206227652165500, -0.00364998550332600, -0.00369142260266300 ) );
#2468 = CARTESIAN_POINT( '', ( -0.00206310058809200, -0.00365057214161800, -0.00386499535222700 ) );
#2469 = CARTESIAN_POINT( '', ( -0.00203891397329700, -0.00363335411920500, -0.00403725864914100 ) );
#2470 = CARTESIAN_POINT( '', ( -0.00198971667726900, -0.00359833143608800, -0.00420821249340400 ) );
#2471 = SURFACE_SIDE_STYLE( '', ( #4992 ) );
#2472 = EDGE_LOOP( '', ( #4993, #4994, #4995, #4996 ) );
#2473 = AXIS2_PLACEMENT_3D( '', #4997, #4998, #4999 );
#2474 = SURFACE_SIDE_STYLE( '', ( #5000 ) );
#2475 = EDGE_LOOP( '', ( #5001, #5002, #5003, #5004 ) );
#2476 = CARTESIAN_POINT( '', ( -0.00418772347834500, -0.00364998550332600, -0.00369142260266300 ) );
#2477 = CARTESIAN_POINT( '', ( -0.00418689941190800, -0.00365057214161800, -0.00386499535222700 ) );
#2478 = CARTESIAN_POINT( '', ( -0.00421108602670300, -0.00363335411920500, -0.00403725864914100 ) );
#2479 = CARTESIAN_POINT( '', ( -0.00426028332273100, -0.00359833143608800, -0.00420821249340400 ) );
#2480 = CARTESIAN_POINT( '', ( -0.00422348521823200, -0.00364998550332600, -0.00369143861162900 ) );
#2481 = CARTESIAN_POINT( '', ( -0.00422281851294800, -0.00365057214161800, -0.00386468201986900 ) );
#2482 = CARTESIAN_POINT( '', ( -0.00424238652729400, -0.00363335411920500, -0.00403694516431200 ) );
#2483 = CARTESIAN_POINT( '', ( -0.00428218926126900, -0.00359833143608800, -0.00420822804495600 ) );
#2484 = CARTESIAN_POINT( '', ( -0.00428591072545000, -0.00364998550332600, -0.00369145866514800 ) );
#2485 = CARTESIAN_POINT( '', ( -0.00428551870897900, -0.00365057214161800, -0.00386428952627600 ) );
#2486 = CARTESIAN_POINT( '', ( -0.00429702451839300, -0.00363335411920500, -0.00403655247972600 ) );
#2487 = CARTESIAN_POINT( '', ( -0.00432042815369300, -0.00359833143608800, -0.00420824752550000 ) );
#2488 = CARTESIAN_POINT( '', ( -0.00437500000000000, -0.00364998550332600, -0.00369146730246300 ) );
#2489 = CARTESIAN_POINT( '', ( -0.00437500000000000, -0.00365057214161800, -0.00386412047411400 ) );
#2490 = CARTESIAN_POINT( '', ( -0.00437500000000000, -0.00363335411920500, -0.00403638334530100 ) );
#2491 = CARTESIAN_POINT( '', ( -0.00437500000000000, -0.00359833143608800, -0.00420825591602600 ) );
#2492 = CARTESIAN_POINT( '', ( -0.00446408927455000, -0.00364998550332600, -0.00369145866514800 ) );
#2493 = CARTESIAN_POINT( '', ( -0.00446448129102100, -0.00365057214161800, -0.00386428952627600 ) );
#2494 = CARTESIAN_POINT( '', ( -0.00445297548160700, -0.00363335411920500, -0.00403655247972600 ) );
#2495 = CARTESIAN_POINT( '', ( -0.00442957184630700, -0.00359833143608800, -0.00420824752550000 ) );
#2496 = CARTESIAN_POINT( '', ( -0.00452651478176800, -0.00364998550332600, -0.00369143861162900 ) );
#2497 = CARTESIAN_POINT( '', ( -0.00452718148705200, -0.00365057214161800, -0.00386468201986900 ) );
#2498 = CARTESIAN_POINT( '', ( -0.00450761347270600, -0.00363335411920500, -0.00403694516431200 ) );
#2499 = CARTESIAN_POINT( '', ( -0.00446781073873100, -0.00359833143608800, -0.00420822804495600 ) );
#2500 = CARTESIAN_POINT( '', ( -0.00456227652165500, -0.00364998550332600, -0.00369142260266300 ) );
#2501 = CARTESIAN_POINT( '', ( -0.00456310058809200, -0.00365057214161800, -0.00386499535222700 ) );
#2502 = CARTESIAN_POINT( '', ( -0.00453891397329700, -0.00363335411920500, -0.00403725864914100 ) );
#2503 = CARTESIAN_POINT( '', ( -0.00448971667726900, -0.00359833143608800, -0.00420821249340400 ) );
#2504 = SURFACE_SIDE_STYLE( '', ( #5005 ) );
#2505 = EDGE_LOOP( '', ( #5006, #5007, #5008, #5009 ) );
#2506 = AXIS2_PLACEMENT_3D( '', #5010, #5011, #5012 );
#2507 = SURFACE_SIDE_STYLE( '', ( #5013 ) );
#2508 = EDGE_LOOP( '', ( #5014, #5015, #5016, #5017 ) );
#2509 = AXIS2_PLACEMENT_3D( '', #5018, #5019, #5020 );
#2510 = SURFACE_SIDE_STYLE( '', ( #5021 ) );
#2511 = EDGE_LOOP( '', ( #5022, #5023, #5024, #5025 ) );
#2512 = AXIS2_PLACEMENT_3D( '', #5026, #5027, #5028 );
#2513 = SURFACE_SIDE_STYLE( '', ( #5029 ) );
#2514 = EDGE_LOOP( '', ( #5030, #5031, #5032 ) );
#2515 = AXIS2_PLACEMENT_3D( '', #5033, #5034, #5035 );
#2516 = SURFACE_SIDE_STYLE( '', ( #5036 ) );
#2517 = EDGE_LOOP( '', ( #5037, #5038, #5039, #5040, #5041, #5042, #5043, #5044, #5045, #5046, #5047, #5048, #5049, #5050, #5051, #5052, #5053, #5054, #5055, #5056, #5057, #5058, #5059, #5060, #5061, #5062, #5063, #5064, #5065, #5066, #5067, #5068, #5069, #5070, #5071, #5072, #5073, #5074, #5075, #5076, #5077, #5078, #5079, #5080, #5081, #5082, #5083, #5084, #5085, #5086, #5087, #5088, #5089, #5090, #5091, #5092, #5093, #5094, #5095, #5096, #5097, #5098, #5099, #5100, #5101, #5102, #5103, #5104, #5105, #5106, #5107, #5108, #5109, #5110, #5111, #5112 ) );
#2518 = AXIS2_PLACEMENT_3D( '', #5113, #5114, #5115 );
#2519 = SURFACE_SIDE_STYLE( '', ( #5116 ) );
#2520 = EDGE_LOOP( '', ( #5117, #5118, #5119, #5120 ) );
#2521 = CARTESIAN_POINT( '', ( 0.000738626296167200, 0.000281956325050300, -0.000279889573787600 ) );
#2522 = CARTESIAN_POINT( '', ( 0.000789113759070900, 0.000180996069639300, -0.000208007313686600 ) );
#2523 = CARTESIAN_POINT( '', ( 0.000813651410120800, 7.56973372257100E-05, -0.000173071475884600 ) );
#2524 = CARTESIAN_POINT( '', ( 0.000812239249316900, -3.39398721905000E-05, -0.000175082060381700 ) );
#2525 = CARTESIAN_POINT( '', ( 0.000716928573399300, 0.000281991205893700, -0.000279889573787600 ) );
#2526 = CARTESIAN_POINT( '', ( 0.000757775108011900, 0.000180512257907000, -0.000208007313686600 ) );
#2527 = CARTESIAN_POINT( '', ( 0.000777627125825400, 7.52157471288600E-05, -0.000173071475884600 ) );
#2528 = CARTESIAN_POINT( '', ( 0.000776484626839800, -3.38983264407400E-05, -0.000175082060381700 ) );
#2529 = CARTESIAN_POINT( '', ( 0.000679053141343600, 0.000282035275051300, -0.000279889573787600 ) );
#2530 = CARTESIAN_POINT( '', ( 0.000703070521655000, 0.000179901000452800, -0.000208007313686600 ) );
#2531 = CARTESIAN_POINT( '', ( 0.000714743322451800, 7.46072965334900E-05, -0.000173071475884600 ) );
#2532 = CARTESIAN_POINT( '', ( 0.000714071543734100, -3.38458367065300E-05, -0.000175082060381700 ) );
#2533 = CARTESIAN_POINT( '', ( 0.000625000000000000, 0.000282054494301100, -0.000279889573787600 ) );
#2534 = CARTESIAN_POINT( '', ( 0.000625000000000000, 0.000179634421503600, -0.000208007313686600 ) );
#2535 = CARTESIAN_POINT( '', ( 0.000625000000000000, 7.43419416994800E-05, -0.000173071475884600 ) );
#2536 = CARTESIAN_POINT( '', ( 0.000625000000000000, -3.38229451113600E-05, -0.000175082060381700 ) );
#2537 = CARTESIAN_POINT( '', ( 0.000570946858656400, 0.000282035275051300, -0.000279889573787600 ) );
#2538 = CARTESIAN_POINT( '', ( 0.000546929478345000, 0.000179901000452800, -0.000208007313686600 ) );
#2539 = CARTESIAN_POINT( '', ( 0.000535256677548200, 7.46072965334900E-05, -0.000173071475884600 ) );
#2540 = CARTESIAN_POINT( '', ( 0.000535928456265900, -3.38458367065300E-05, -0.000175082060381700 ) );
#2541 = CARTESIAN_POINT( '', ( 0.000533071426600700, 0.000281991205893700, -0.000279889573787600 ) );
#2542 = CARTESIAN_POINT( '', ( 0.000492224891988100, 0.000180512257907000, -0.000208007313686600 ) );
#2543 = CARTESIAN_POINT( '', ( 0.000472372874174600, 7.52157471288600E-05, -0.000173071475884600 ) );
#2544 = CARTESIAN_POINT( '', ( 0.000473515373160200, -3.38983264407400E-05, -0.000175082060381700 ) );
#2545 = CARTESIAN_POINT( '', ( 0.000511373703832800, 0.000281956325050300, -0.000279889573787600 ) );
#2546 = CARTESIAN_POINT( '', ( 0.000460886240929100, 0.000180996069639300, -0.000208007313686600 ) );
#2547 = CARTESIAN_POINT( '', ( 0.000436348589879200, 7.56973372257100E-05, -0.000173071475884600 ) );
#2548 = CARTESIAN_POINT( '', ( 0.000437760750683100, -3.39398721905000E-05, -0.000175082060381700 ) );
#2549 = SURFACE_SIDE_STYLE( '', ( #5121 ) );
#2550 = EDGE_LOOP( '', ( #5122, #5123, #5124, #5125 ) );
#2551 = AXIS2_PLACEMENT_3D( '', #5126, #5127, #5128 );
#2552 = SURFACE_SIDE_STYLE( '', ( #5129 ) );
#2553 = EDGE_LOOP( '', ( #5130, #5131, #5132, #5133 ) );
#2554 = AXIS2_PLACEMENT_3D( '', #5134, #5135, #5136 );
#2555 = SURFACE_SIDE_STYLE( '', ( #5137 ) );
#2556 = EDGE_LOOP( '', ( #5138, #5139, #5140, #5141, #5142, #5143 ) );
#2557 = AXIS2_PLACEMENT_3D( '', #5144, #5145, #5146 );
#2558 = SURFACE_SIDE_STYLE( '', ( #5147 ) );
#2559 = EDGE_LOOP( '', ( #5148, #5149, #5150, #5151 ) );
#2560 = AXIS2_PLACEMENT_3D( '', #5152, #5153, #5154 );
#2561 = SURFACE_SIDE_STYLE( '', ( #5155 ) );
#2562 = EDGE_LOOP( '', ( #5156, #5157, #5158, #5159 ) );
#2563 = AXIS2_PLACEMENT_3D( '', #5160, #5161, #5162 );
#2564 = SURFACE_SIDE_STYLE( '', ( #5163 ) );
#2565 = EDGE_LOOP( '', ( #5164, #5165, #5166, #5167 ) );
#2566 = AXIS2_PLACEMENT_3D( '', #5168, #5169, #5170 );
#2567 = SURFACE_SIDE_STYLE( '', ( #5171 ) );
#2568 = EDGE_LOOP( '', ( #5172, #5173, #5174, #5175 ) );
#2569 = CARTESIAN_POINT( '', ( 0.00448862629616700, 0.000281956325050300, -0.000279889573787600 ) );
#2570 = CARTESIAN_POINT( '', ( 0.00453911375907100, 0.000180996069639300, -0.000208007313686600 ) );
#2571 = CARTESIAN_POINT( '', ( 0.00456365141012100, 7.56973372257100E-05, -0.000173071475884600 ) );
#2572 = CARTESIAN_POINT( '', ( 0.00456223924931700, -3.39398721905000E-05, -0.000175082060381700 ) );
#2573 = CARTESIAN_POINT( '', ( 0.00446692857339900, 0.000281991205893700, -0.000279889573787600 ) );
#2574 = CARTESIAN_POINT( '', ( 0.00450777510801200, 0.000180512257907000, -0.000208007313686600 ) );
#2575 = CARTESIAN_POINT( '', ( 0.00452762712582500, 7.52157471288600E-05, -0.000173071475884600 ) );
#2576 = CARTESIAN_POINT( '', ( 0.00452648462684000, -3.38983264407400E-05, -0.000175082060381700 ) );
#2577 = CARTESIAN_POINT( '', ( 0.00442905314134400, 0.000282035275051300, -0.000279889573787600 ) );
#2578 = CARTESIAN_POINT( '', ( 0.00445307052165500, 0.000179901000452800, -0.000208007313686600 ) );
#2579 = CARTESIAN_POINT( '', ( 0.00446474332245200, 7.46072965334900E-05, -0.000173071475884600 ) );
#2580 = CARTESIAN_POINT( '', ( 0.00446407154373400, -3.38458367065300E-05, -0.000175082060381700 ) );
#2581 = CARTESIAN_POINT( '', ( 0.00437500000000000, 0.000282054494301100, -0.000279889573787600 ) );
#2582 = CARTESIAN_POINT( '', ( 0.00437500000000000, 0.000179634421503600, -0.000208007313686600 ) );
#2583 = CARTESIAN_POINT( '', ( 0.00437500000000000, 7.43419416994800E-05, -0.000173071475884600 ) );
#2584 = CARTESIAN_POINT( '', ( 0.00437500000000000, -3.38229451113600E-05, -0.000175082060381700 ) );
#2585 = CARTESIAN_POINT( '', ( 0.00432094685865600, 0.000282035275051300, -0.000279889573787600 ) );
#2586 = CARTESIAN_POINT( '', ( 0.00429692947834500, 0.000179901000452800, -0.000208007313686600 ) );
#2587 = CARTESIAN_POINT( '', ( 0.00428525667754800, 7.46072965334900E-05, -0.000173071475884600 ) );
#2588 = CARTESIAN_POINT( '', ( 0.00428592845626600, -3.38458367065300E-05, -0.000175082060381700 ) );
#2589 = CARTESIAN_POINT( '', ( 0.00428307142660100, 0.000281991205893700, -0.000279889573787600 ) );
#2590 = CARTESIAN_POINT( '', ( 0.00424222489198800, 0.000180512257907000, -0.000208007313686600 ) );
#2591 = CARTESIAN_POINT( '', ( 0.00422237287417500, 7.52157471288600E-05, -0.000173071475884600 ) );
#2592 = CARTESIAN_POINT( '', ( 0.00422351537316000, -3.38983264407400E-05, -0.000175082060381700 ) );
#2593 = CARTESIAN_POINT( '', ( 0.00426137370383300, 0.000281956325050300, -0.000279889573787600 ) );
#2594 = CARTESIAN_POINT( '', ( 0.00421088624092900, 0.000180996069639300, -0.000208007313686600 ) );
#2595 = CARTESIAN_POINT( '', ( 0.00418634858987900, 7.56973372257100E-05, -0.000173071475884600 ) );
#2596 = CARTESIAN_POINT( '', ( 0.00418776075068300, -3.39398721905000E-05, -0.000175082060381700 ) );
#2597 = SURFACE_SIDE_STYLE( '', ( #5176 ) );
#2598 = EDGE_LOOP( '', ( #5177, #5178, #5179, #5180 ) );
#2599 = AXIS2_PLACEMENT_3D( '', #5181, #5182, #5183 );
#2600 = SURFACE_SIDE_STYLE( '', ( #5184 ) );
#2601 = EDGE_LOOP( '', ( #5185, #5186, #5187, #5188, #5189, #5190 ) );
#2602 = AXIS2_PLACEMENT_3D( '', #5191, #5192, #5193 );
#2603 = SURFACE_SIDE_STYLE( '', ( #5194 ) );
#2604 = EDGE_LOOP( '', ( #5195, #5196, #5197, #5198 ) );
#2605 = CARTESIAN_POINT( '', ( 0.000812276521654700, -0.00364998550332600, -0.00369142260266300 ) );
#2606 = CARTESIAN_POINT( '', ( 0.000813100588092400, -0.00365057214161800, -0.00386499535222700 ) );
#2607 = CARTESIAN_POINT( '', ( 0.000788913973297300, -0.00363335411920500, -0.00403725864914100 ) );
#2608 = CARTESIAN_POINT( '', ( 0.000739716677269400, -0.00359833143608800, -0.00420821249340400 ) );
#2609 = CARTESIAN_POINT( '', ( 0.000776514781768300, -0.00364998550332600, -0.00369143861162900 ) );
#2610 = CARTESIAN_POINT( '', ( 0.000777181487051800, -0.00365057214161800, -0.00386468201986900 ) );
#2611 = CARTESIAN_POINT( '', ( 0.000757613472705900, -0.00363335411920500, -0.00403694516431200 ) );
#2612 = CARTESIAN_POINT( '', ( 0.000717810738730600, -0.00359833143608800, -0.00420822804495600 ) );
#2613 = CARTESIAN_POINT( '', ( 0.000714089274550100, -0.00364998550332600, -0.00369145866514800 ) );
#2614 = CARTESIAN_POINT( '', ( 0.000714481291021000, -0.00365057214161800, -0.00386428952627600 ) );
#2615 = CARTESIAN_POINT( '', ( 0.000702975481606800, -0.00363335411920500, -0.00403655247972600 ) );
#2616 = CARTESIAN_POINT( '', ( 0.000679571846307400, -0.00359833143608800, -0.00420824752550000 ) );
#2617 = CARTESIAN_POINT( '', ( 0.000625000000000000, -0.00364998550332600, -0.00369146730246300 ) );
#2618 = CARTESIAN_POINT( '', ( 0.000625000000000000, -0.00365057214161800, -0.00386412047411400 ) );
#2619 = CARTESIAN_POINT( '', ( 0.000625000000000000, -0.00363335411920500, -0.00403638334530100 ) );
#2620 = CARTESIAN_POINT( '', ( 0.000625000000000000, -0.00359833143608800, -0.00420825591602600 ) );
#2621 = CARTESIAN_POINT( '', ( 0.000535910725449900, -0.00364998550332600, -0.00369145866514800 ) );
#2622 = CARTESIAN_POINT( '', ( 0.000535518708979000, -0.00365057214161800, -0.00386428952627600 ) );
#2623 = CARTESIAN_POINT( '', ( 0.000547024518393200, -0.00363335411920500, -0.00403655247972600 ) );
#2624 = CARTESIAN_POINT( '', ( 0.000570428153692600, -0.00359833143608800, -0.00420824752550000 ) );
#2625 = CARTESIAN_POINT( '', ( 0.000473485218231700, -0.00364998550332600, -0.00369143861162900 ) );
#2626 = CARTESIAN_POINT( '', ( 0.000472818512948200, -0.00365057214161800, -0.00386468201986900 ) );
#2627 = CARTESIAN_POINT( '', ( 0.000492386527294100, -0.00363335411920500, -0.00403694516431200 ) );
#2628 = CARTESIAN_POINT( '', ( 0.000532189261269400, -0.00359833143608800, -0.00420822804495600 ) );
#2629 = CARTESIAN_POINT( '', ( 0.000437723478345300, -0.00364998550332600, -0.00369142260266300 ) );
#2630 = CARTESIAN_POINT( '', ( 0.000436899411907600, -0.00365057214161800, -0.00386499535222700 ) );
#2631 = CARTESIAN_POINT( '', ( 0.000461086026702700, -0.00363335411920500, -0.00403725864914100 ) );
#2632 = CARTESIAN_POINT( '', ( 0.000510283322730600, -0.00359833143608800, -0.00420821249340400 ) );
#2633 = SURFACE_SIDE_STYLE( '', ( #5199 ) );
#2634 = EDGE_LOOP( '', ( #5200, #5201, #5202, #5203 ) );
#2635 = AXIS2_PLACEMENT_3D( '', #5204, #5205, #5206 );
#2636 = SURFACE_SIDE_STYLE( '', ( #5207 ) );
#2637 = EDGE_LOOP( '', ( #5208, #5209, #5210, #5211 ) );
#2638 = AXIS2_PLACEMENT_3D( '', #5212, #5213, #5214 );
#2639 = SURFACE_SIDE_STYLE( '', ( #5215 ) );
#2640 = EDGE_LOOP( '', ( #5216, #5217, #5218, #5219 ) );
#2641 = AXIS2_PLACEMENT_3D( '', #5220, #5221, #5222 );
#2642 = SURFACE_SIDE_STYLE( '', ( #5223 ) );
#2643 = EDGE_LOOP( '', ( #5224, #5225, #5226, #5227 ) );
#2644 = AXIS2_PLACEMENT_3D( '', #5228, #5229, #5230 );
#2645 = SURFACE_SIDE_STYLE( '', ( #5231 ) );
#2646 = EDGE_LOOP( '', ( #5232, #5233, #5234, #5235 ) );
#2647 = CARTESIAN_POINT( '', ( -0.00197206625572700, 0.000281947924536900, -0.000263246114512900 ) );
#2648 = CARTESIAN_POINT( '', ( -0.00201517588128900, 0.000181158717641200, -0.000185267787984300 ) );
#2649 = CARTESIAN_POINT( '', ( -0.00203613793120300, 7.59096629029800E-05, -0.000147350836685700 ) );
#2650 = CARTESIAN_POINT( '', ( -0.00203495240547000, -3.37992396777400E-05, -0.000149495260617300 ) );
#2651 = CARTESIAN_POINT( '', ( -0.00197206625572700, 0.000282026534301300, -0.000301312338639900 ) );
#2652 = CARTESIAN_POINT( '', ( -0.00201517588128900, 0.000180068902443400, -0.000237351891631400 ) );
#2653 = CARTESIAN_POINT( '', ( -0.00203613793120300, 7.48243154268100E-05, -0.000206251132456200 ) );
#2654 = CARTESIAN_POINT( '', ( -0.00203495240547000, -3.37072267484900E-05, -0.000208010061114200 ) );
#2655 = CARTESIAN_POINT( '', ( -0.00197206625572700, 0.000282136839270200, -0.000371896967135600 ) );
#2656 = CARTESIAN_POINT( '', ( -0.00201517588128900, 0.000178539677259800, -0.000333929295636600 ) );
#2657 = CARTESIAN_POINT( '', ( -0.00203613793120300, 7.33013593358000E-05, -0.000315467520227600 ) );
#2658 = CARTESIAN_POINT( '', ( -0.00203495240547000, -3.35781145018300E-05, -0.000316511640908500 ) );
#2659 = CARTESIAN_POINT( '', ( -0.00197206625572700, 0.000282190684913200, -0.000475000000000000 ) );
#2660 = CARTESIAN_POINT( '', ( -0.00201517588128900, 0.000177793182208700, -0.000475000000000000 ) );
#2661 = CARTESIAN_POINT( '', ( -0.00203613793120300, 7.25579245577500E-05, -0.000475000000000000 ) );
#2662 = CARTESIAN_POINT( '', ( -0.00203495240547000, -3.35150880396700E-05, -0.000475000000000000 ) );
#2663 = CARTESIAN_POINT( '', ( -0.00197206625572700, 0.000282136839270200, -0.000578103032864400 ) );
#2664 = CARTESIAN_POINT( '', ( -0.00201517588128900, 0.000178539677259800, -0.000616070704363400 ) );
#2665 = CARTESIAN_POINT( '', ( -0.00203613793120300, 7.33013593358000E-05, -0.000634532479772400 ) );
#2666 = CARTESIAN_POINT( '', ( -0.00203495240547000, -3.35781145018300E-05, -0.000633488359091500 ) );
#2667 = CARTESIAN_POINT( '', ( -0.00197206625572700, 0.000282026534301300, -0.000648687661360100 ) );
#2668 = CARTESIAN_POINT( '', ( -0.00201517588128900, 0.000180068902443400, -0.000712648108368600 ) );
#2669 = CARTESIAN_POINT( '', ( -0.00203613793120300, 7.48243154268100E-05, -0.000743748867543800 ) );
#2670 = CARTESIAN_POINT( '', ( -0.00203495240547000, -3.37072267484900E-05, -0.000741989938885800 ) );
#2671 = CARTESIAN_POINT( '', ( -0.00197206625572700, 0.000281947924536900, -0.000686753885487100 ) );
#2672 = CARTESIAN_POINT( '', ( -0.00201517588128900, 0.000181158717641200, -0.000764732212015700 ) );
#2673 = CARTESIAN_POINT( '', ( -0.00203613793120300, 7.59096629029800E-05, -0.000802649163314300 ) );
#2674 = CARTESIAN_POINT( '', ( -0.00203495240547000, -3.37992396777400E-05, -0.000800504739382700 ) );
#2675 = SURFACE_SIDE_STYLE( '', ( #5236 ) );
#2676 = EDGE_LOOP( '', ( #5237, #5238, #5239, #5240 ) );
#2677 = CARTESIAN_POINT( '', ( -0.00322206625572700, 0.000281947924536900, -0.000263246114512900 ) );
#2678 = CARTESIAN_POINT( '', ( -0.00326517588128900, 0.000181158717641200, -0.000185267787984300 ) );
#2679 = CARTESIAN_POINT( '', ( -0.00328613793120300, 7.59096629029800E-05, -0.000147350836685700 ) );
#2680 = CARTESIAN_POINT( '', ( -0.00328495240547000, -3.37992396777400E-05, -0.000149495260617300 ) );
#2681 = CARTESIAN_POINT( '', ( -0.00322206625572700, 0.000282026534301300, -0.000301312338639900 ) );
#2682 = CARTESIAN_POINT( '', ( -0.00326517588128900, 0.000180068902443400, -0.000237351891631400 ) );
#2683 = CARTESIAN_POINT( '', ( -0.00328613793120300, 7.48243154268100E-05, -0.000206251132456200 ) );
#2684 = CARTESIAN_POINT( '', ( -0.00328495240547000, -3.37072267484900E-05, -0.000208010061114200 ) );
#2685 = CARTESIAN_POINT( '', ( -0.00322206625572700, 0.000282136839270200, -0.000371896967135600 ) );
#2686 = CARTESIAN_POINT( '', ( -0.00326517588128900, 0.000178539677259800, -0.000333929295636600 ) );
#2687 = CARTESIAN_POINT( '', ( -0.00328613793120300, 7.33013593358000E-05, -0.000315467520227600 ) );
#2688 = CARTESIAN_POINT( '', ( -0.00328495240547000, -3.35781145018300E-05, -0.000316511640908500 ) );
#2689 = CARTESIAN_POINT( '', ( -0.00322206625572700, 0.000282190684913200, -0.000475000000000000 ) );
#2690 = CARTESIAN_POINT( '', ( -0.00326517588128900, 0.000177793182208700, -0.000475000000000000 ) );
#2691 = CARTESIAN_POINT( '', ( -0.00328613793120300, 7.25579245577500E-05, -0.000475000000000000 ) );
#2692 = CARTESIAN_POINT( '', ( -0.00328495240547000, -3.35150880396700E-05, -0.000475000000000000 ) );
#2693 = CARTESIAN_POINT( '', ( -0.00322206625572700, 0.000282136839270200, -0.000578103032864400 ) );
#2694 = CARTESIAN_POINT( '', ( -0.00326517588128900, 0.000178539677259800, -0.000616070704363400 ) );
#2695 = CARTESIAN_POINT( '', ( -0.00328613793120300, 7.33013593358000E-05, -0.000634532479772400 ) );
#2696 = CARTESIAN_POINT( '', ( -0.00328495240547000, -3.35781145018300E-05, -0.000633488359091500 ) );
#2697 = CARTESIAN_POINT( '', ( -0.00322206625572700, 0.000282026534301300, -0.000648687661360100 ) );
#2698 = CARTESIAN_POINT( '', ( -0.00326517588128900, 0.000180068902443400, -0.000712648108368600 ) );
#2699 = CARTESIAN_POINT( '', ( -0.00328613793120300, 7.48243154268100E-05, -0.000743748867543800 ) );
#2700 = CARTESIAN_POINT( '', ( -0.00328495240547000, -3.37072267484900E-05, -0.000741989938885800 ) );
#2701 = CARTESIAN_POINT( '', ( -0.00322206625572700, 0.000281947924536900, -0.000686753885487100 ) );
#2702 = CARTESIAN_POINT( '', ( -0.00326517588128900, 0.000181158717641200, -0.000764732212015700 ) );
#2703 = CARTESIAN_POINT( '', ( -0.00328613793120300, 7.59096629029800E-05, -0.000802649163314300 ) );
#2704 = CARTESIAN_POINT( '', ( -0.00328495240547000, -3.37992396777400E-05, -0.000800504739382700 ) );
#2705 = SURFACE_SIDE_STYLE( '', ( #5241 ) );
#2706 = EDGE_LOOP( '', ( #5242, #5243, #5244, #5245 ) );
#2707 = AXIS2_PLACEMENT_3D( '', #5246, #5247, #5248 );
#2708 = SURFACE_SIDE_STYLE( '', ( #5249 ) );
#2709 = EDGE_LOOP( '', ( #5250, #5251, #5252, #5253 ) );
#2710 = AXIS2_PLACEMENT_3D( '', #5254, #5255, #5256 );
#2711 = SURFACE_SIDE_STYLE( '', ( #5257 ) );
#2712 = EDGE_LOOP( '', ( #5258, #5259, #5260, #5261, #5262, #5263 ) );
#2713 = AXIS2_PLACEMENT_3D( '', #5264, #5265, #5266 );
#2714 = SURFACE_SIDE_STYLE( '', ( #5267 ) );
#2715 = EDGE_LOOP( '', ( #5268, #5269, #5270, #5271 ) );
#2716 = AXIS2_PLACEMENT_3D( '', #5272, #5273, #5274 );
#2717 = SURFACE_SIDE_STYLE( '', ( #5275 ) );
#2718 = EDGE_LOOP( '', ( #5276, #5277, #5278, #5279 ) );
#2719 = AXIS2_PLACEMENT_3D( '', #5280, #5281, #5282 );
#2720 = SURFACE_SIDE_STYLE( '', ( #5283 ) );
#2721 = EDGE_LOOP( '', ( #5284, #5285, #5286, #5287 ) );
#2722 = AXIS2_PLACEMENT_3D( '', #5288, #5289, #5290 );
#2723 = SURFACE_SIDE_STYLE( '', ( #5291 ) );
#2724 = EDGE_LOOP( '', ( #5292, #5293, #5294, #5295, #5296, #5297 ) );
#2725 = AXIS2_PLACEMENT_3D( '', #5298, #5299, #5300 );
#2726 = SURFACE_SIDE_STYLE( '', ( #5301 ) );
#2727 = EDGE_LOOP( '', ( #5302, #5303, #5304, #5305 ) );
#2728 = AXIS2_PLACEMENT_3D( '', #5306, #5307, #5308 );
#2729 = SURFACE_SIDE_STYLE( '', ( #5309 ) );
#2730 = EDGE_LOOP( '', ( #5310, #5311, #5312, #5313 ) );
#2731 = AXIS2_PLACEMENT_3D( '', #5314, #5315, #5316 );
#2732 = SURFACE_SIDE_STYLE( '', ( #5317 ) );
#2733 = EDGE_LOOP( '', ( #5318, #5319, #5320, #5321 ) );
#2734 = AXIS2_PLACEMENT_3D( '', #5322, #5323, #5324 );
#2735 = SURFACE_SIDE_STYLE( '', ( #5325 ) );
#2736 = EDGE_LOOP( '', ( #5326, #5327, #5328, #5329, #5330, #5331 ) );
#2737 = AXIS2_PLACEMENT_3D( '', #5332, #5333, #5334 );
#2738 = SURFACE_SIDE_STYLE( '', ( #5335 ) );
#2739 = EDGE_LOOP( '', ( #5336, #5337, #5338, #5339 ) );
#2740 = AXIS2_PLACEMENT_3D( '', #5340, #5341, #5342 );
#2741 = SURFACE_SIDE_STYLE( '', ( #5343 ) );
#2742 = EDGE_LOOP( '', ( #5344, #5345, #5346, #5347, #5348, #5349 ) );
#2743 = AXIS2_PLACEMENT_3D( '', #5350, #5351, #5352 );
#2744 = SURFACE_SIDE_STYLE( '', ( #5353 ) );
#2745 = EDGE_LOOP( '', ( #5354, #5355, #5356, #5357 ) );
#2746 = CARTESIAN_POINT( '', ( 0.00302793374427300, 0.000281947924536900, -0.000263246114512900 ) );
#2747 = CARTESIAN_POINT( '', ( 0.00298482411871100, 0.000181158717641200, -0.000185267787984300 ) );
#2748 = CARTESIAN_POINT( '', ( 0.00296386206879700, 7.59096629029800E-05, -0.000147350836685700 ) );
#2749 = CARTESIAN_POINT( '', ( 0.00296504759453000, -3.37992396777400E-05, -0.000149495260617300 ) );
#2750 = CARTESIAN_POINT( '', ( 0.00302793374427300, 0.000282026534301300, -0.000301312338639900 ) );
#2751 = CARTESIAN_POINT( '', ( 0.00298482411871100, 0.000180068902443400, -0.000237351891631400 ) );
#2752 = CARTESIAN_POINT( '', ( 0.00296386206879700, 7.48243154268100E-05, -0.000206251132456200 ) );
#2753 = CARTESIAN_POINT( '', ( 0.00296504759453000, -3.37072267484900E-05, -0.000208010061114200 ) );
#2754 = CARTESIAN_POINT( '', ( 0.00302793374427300, 0.000282136839270200, -0.000371896967135600 ) );
#2755 = CARTESIAN_POINT( '', ( 0.00298482411871100, 0.000178539677259800, -0.000333929295636600 ) );
#2756 = CARTESIAN_POINT( '', ( 0.00296386206879700, 7.33013593358000E-05, -0.000315467520227600 ) );
#2757 = CARTESIAN_POINT( '', ( 0.00296504759453000, -3.35781145018300E-05, -0.000316511640908500 ) );
#2758 = CARTESIAN_POINT( '', ( 0.00302793374427300, 0.000282190684913200, -0.000475000000000000 ) );
#2759 = CARTESIAN_POINT( '', ( 0.00298482411871100, 0.000177793182208700, -0.000475000000000000 ) );
#2760 = CARTESIAN_POINT( '', ( 0.00296386206879700, 7.25579245577500E-05, -0.000475000000000000 ) );
#2761 = CARTESIAN_POINT( '', ( 0.00296504759453000, -3.35150880396700E-05, -0.000475000000000000 ) );
#2762 = CARTESIAN_POINT( '', ( 0.00302793374427300, 0.000282136839270200, -0.000578103032864400 ) );
#2763 = CARTESIAN_POINT( '', ( 0.00298482411871100, 0.000178539677259800, -0.000616070704363400 ) );
#2764 = CARTESIAN_POINT( '', ( 0.00296386206879700, 7.33013593358000E-05, -0.000634532479772400 ) );
#2765 = CARTESIAN_POINT( '', ( 0.00296504759453000, -3.35781145018300E-05, -0.000633488359091500 ) );
#2766 = CARTESIAN_POINT( '', ( 0.00302793374427300, 0.000282026534301300, -0.000648687661360100 ) );
#2767 = CARTESIAN_POINT( '', ( 0.00298482411871100, 0.000180068902443400, -0.000712648108368600 ) );
#2768 = CARTESIAN_POINT( '', ( 0.00296386206879700, 7.48243154268100E-05, -0.000743748867543800 ) );
#2769 = CARTESIAN_POINT( '', ( 0.00296504759453000, -3.37072267484900E-05, -0.000741989938885800 ) );
#2770 = CARTESIAN_POINT( '', ( 0.00302793374427300, 0.000281947924536900, -0.000686753885487100 ) );
#2771 = CARTESIAN_POINT( '', ( 0.00298482411871100, 0.000181158717641200, -0.000764732212015700 ) );
#2772 = CARTESIAN_POINT( '', ( 0.00296386206879700, 7.59096629029800E-05, -0.000802649163314300 ) );
#2773 = CARTESIAN_POINT( '', ( 0.00296504759453000, -3.37992396777400E-05, -0.000800504739382700 ) );
#2774 = SURFACE_SIDE_STYLE( '', ( #5358 ) );
#2775 = EDGE_LOOP( '', ( #5359, #5360, #5361, #5362 ) );
#2776 = AXIS2_PLACEMENT_3D( '', #5363, #5364, #5365 );
#2777 = SURFACE_SIDE_STYLE( '', ( #5366 ) );
#2778 = EDGE_LOOP( '', ( #5367, #5368, #5369 ) );
#2779 = AXIS2_PLACEMENT_3D( '', #5370, #5371, #5372 );
#2780 = SURFACE_SIDE_STYLE( '', ( #5373 ) );
#2781 = EDGE_LOOP( '', ( #5374, #5375, #5376, #5377, #5378, #5379, #5380, #5381, #5382, #5383, #5384, #5385, #5386, #5387, #5388, #5389, #5390, #5391, #5392, #5393, #5394, #5395, #5396, #5397, #5398, #5399, #5400, #5401, #5402, #5403, #5404, #5405, #5406, #5407, #5408, #5409, #5410, #5411, #5412, #5413, #5414, #5415, #5416, #5417 ) );
#2782 = AXIS2_PLACEMENT_3D( '', #5418, #5419, #5420 );
#2783 = SURFACE_SIDE_STYLE( '', ( #5421 ) );
#2784 = EDGE_LOOP( '', ( #5422, #5423, #5424, #5425 ) );
#2785 = AXIS2_PLACEMENT_3D( '', #5426, #5427, #5428 );
#2786 = SURFACE_SIDE_STYLE( '', ( #5429 ) );
#2787 = EDGE_LOOP( '', ( #5430, #5431, #5432, #5433 ) );
#2788 = AXIS2_PLACEMENT_3D( '', #5434, #5435, #5436 );
#2789 = SURFACE_SIDE_STYLE( '', ( #5437 ) );
#2790 = EDGE_LOOP( '', ( #5438, #5439, #5440, #5441 ) );
#2791 = AXIS2_PLACEMENT_3D( '', #5442, #5443, #5444 );
#2792 = SURFACE_SIDE_STYLE( '', ( #5445 ) );
#2793 = EDGE_LOOP( '', ( #5446, #5447, #5448, #5449 ) );
#2794 = CARTESIAN_POINT( '', ( -0.000527933744272600, 0.000281947924536900, -0.000686753885487100 ) );
#2795 = CARTESIAN_POINT( '', ( -0.000484824118710800, 0.000181158717641200, -0.000764732212015700 ) );
#2796 = CARTESIAN_POINT( '', ( -0.000463862068796500, 7.59096629029800E-05, -0.000802649163314300 ) );
#2797 = CARTESIAN_POINT( '', ( -0.000465047594529800, -3.37992396777400E-05, -0.000800504739382700 ) );
#2798 = CARTESIAN_POINT( '', ( -0.000527933744272600, 0.000282026534301300, -0.000648687661360100 ) );
#2799 = CARTESIAN_POINT( '', ( -0.000484824118710800, 0.000180068902443400, -0.000712648108368600 ) );
#2800 = CARTESIAN_POINT( '', ( -0.000463862068796500, 7.48243154268100E-05, -0.000743748867543800 ) );
#2801 = CARTESIAN_POINT( '', ( -0.000465047594529800, -3.37072267484900E-05, -0.000741989938885800 ) );
#2802 = CARTESIAN_POINT( '', ( -0.000527933744272600, 0.000282136839270200, -0.000578103032864400 ) );
#2803 = CARTESIAN_POINT( '', ( -0.000484824118710800, 0.000178539677259800, -0.000616070704363400 ) );
#2804 = CARTESIAN_POINT( '', ( -0.000463862068796500, 7.33013593358000E-05, -0.000634532479772400 ) );
#2805 = CARTESIAN_POINT( '', ( -0.000465047594529800, -3.35781145018300E-05, -0.000633488359091500 ) );
#2806 = CARTESIAN_POINT( '', ( -0.000527933744272600, 0.000282190684913200, -0.000475000000000000 ) );
#2807 = CARTESIAN_POINT( '', ( -0.000484824118710800, 0.000177793182208700, -0.000475000000000000 ) );
#2808 = CARTESIAN_POINT( '', ( -0.000463862068796500, 7.25579245577400E-05, -0.000475000000000000 ) );
#2809 = CARTESIAN_POINT( '', ( -0.000465047594529800, -3.35150880396700E-05, -0.000475000000000000 ) );
#2810 = CARTESIAN_POINT( '', ( -0.000527933744272600, 0.000282136839270200, -0.000371896967135600 ) );
#2811 = CARTESIAN_POINT( '', ( -0.000484824118710800, 0.000178539677259800, -0.000333929295636600 ) );
#2812 = CARTESIAN_POINT( '', ( -0.000463862068796500, 7.33013593358000E-05, -0.000315467520227600 ) );
#2813 = CARTESIAN_POINT( '', ( -0.000465047594529800, -3.35781145018300E-05, -0.000316511640908500 ) );
#2814 = CARTESIAN_POINT( '', ( -0.000527933744272600, 0.000282026534301300, -0.000301312338639900 ) );
#2815 = CARTESIAN_POINT( '', ( -0.000484824118710800, 0.000180068902443400, -0.000237351891631400 ) );
#2816 = CARTESIAN_POINT( '', ( -0.000463862068796500, 7.48243154268100E-05, -0.000206251132456200 ) );
#2817 = CARTESIAN_POINT( '', ( -0.000465047594529800, -3.37072267484900E-05, -0.000208010061114200 ) );
#2818 = CARTESIAN_POINT( '', ( -0.000527933744272600, 0.000281947924536900, -0.000263246114512900 ) );
#2819 = CARTESIAN_POINT( '', ( -0.000484824118710800, 0.000181158717641200, -0.000185267787984300 ) );
#2820 = CARTESIAN_POINT( '', ( -0.000463862068796500, 7.59096629029800E-05, -0.000147350836685700 ) );
#2821 = CARTESIAN_POINT( '', ( -0.000465047594529800, -3.37992396777400E-05, -0.000149495260617300 ) );
#2822 = SURFACE_SIDE_STYLE( '', ( #5450 ) );
#2823 = EDGE_LOOP( '', ( #5451, #5452, #5453, #5454 ) );
#2824 = AXIS2_PLACEMENT_3D( '', #5455, #5456, #5457 );
#2825 = SURFACE_SIDE_STYLE( '', ( #5458 ) );
#2826 = EDGE_LOOP( '', ( #5459, #5460, #5461, #5462, #5463, #5464, #5465, #5466, #5467, #5468, #5469, #5470 ) );
#2827 = EDGE_LOOP( '', ( #5471, #5472, #5473, #5474 ) );
#2828 = EDGE_LOOP( '', ( #5475, #5476, #5477, #5478 ) );
#2829 = EDGE_LOOP( '', ( #5479, #5480, #5481, #5482 ) );
#2830 = EDGE_LOOP( '', ( #5483, #5484, #5485, #5486 ) );
#2831 = EDGE_LOOP( '', ( #5487, #5488, #5489, #5490 ) );
#2832 = EDGE_LOOP( '', ( #5491, #5492, #5493, #5494 ) );
#2833 = EDGE_LOOP( '', ( #5495, #5496, #5497, #5498 ) );
#2834 = EDGE_LOOP( '', ( #5499, #5500, #5501, #5502 ) );
#2835 = AXIS2_PLACEMENT_3D( '', #5503, #5504, #5505 );
#2836 = SURFACE_SIDE_STYLE( '', ( #5506 ) );
#2837 = EDGE_LOOP( '', ( #5507, #5508, #5509, #5510 ) );
#2838 = AXIS2_PLACEMENT_3D( '', #5511, #5512, #5513 );
#2839 = SURFACE_SIDE_STYLE( '', ( #5514 ) );
#2840 = EDGE_LOOP( '', ( #5515, #5516, #5517, #5518 ) );
#2841 = AXIS2_PLACEMENT_3D( '', #5519, #5520, #5521 );
#2842 = SURFACE_SIDE_STYLE( '', ( #5522 ) );
#2843 = EDGE_LOOP( '', ( #5523, #5524, #5525 ) );
#2844 = AXIS2_PLACEMENT_3D( '', #5526, #5527, #5528 );
#2845 = SURFACE_SIDE_STYLE( '', ( #5529 ) );
#2846 = EDGE_LOOP( '', ( #5530, #5531, #5532 ) );
#2847 = AXIS2_PLACEMENT_3D( '', #5533, #5534, #5535 );
#2848 = SURFACE_SIDE_STYLE( '', ( #5536 ) );
#2849 = EDGE_LOOP( '', ( #5537, #5538, #5539, #5540 ) );
#2850 = AXIS2_PLACEMENT_3D( '', #5541, #5542, #5543 );
#2851 = SURFACE_SIDE_STYLE( '', ( #5544 ) );
#2852 = EDGE_LOOP( '', ( #5545, #5546, #5547, #5548 ) );
#2853 = AXIS2_PLACEMENT_3D( '', #5549, #5550, #5551 );
#2854 = SURFACE_SIDE_STYLE( '', ( #5552 ) );
#2855 = EDGE_LOOP( '', ( #5553, #5554, #5555, #5556, #5557, #5558 ) );
#2856 = AXIS2_PLACEMENT_3D( '', #5559, #5560, #5561 );
#2857 = SURFACE_SIDE_STYLE( '', ( #5562 ) );
#2858 = EDGE_LOOP( '', ( #5563, #5564, #5565, #5566 ) );
#2859 = AXIS2_PLACEMENT_3D( '', #5567, #5568, #5569 );
#2860 = SURFACE_SIDE_STYLE( '', ( #5570 ) );
#2861 = EDGE_LOOP( '', ( #5571, #5572, #5573, #5574 ) );
#2862 = AXIS2_PLACEMENT_3D( '', #5575, #5576, #5577 );
#2863 = SURFACE_SIDE_STYLE( '', ( #5578 ) );
#2864 = EDGE_LOOP( '', ( #5579, #5580, #5581, #5582 ) );
#2865 = AXIS2_PLACEMENT_3D( '', #5583, #5584, #5585 );
#2866 = SURFACE_SIDE_STYLE( '', ( #5586 ) );
#2867 = EDGE_LOOP( '', ( #5587, #5588, #5589 ) );
#2868 = AXIS2_PLACEMENT_3D( '', #5590, #5591, #5592 );
#2869 = SURFACE_SIDE_STYLE( '', ( #5593 ) );
#2870 = EDGE_LOOP( '', ( #5594, #5595, #5596, #5597 ) );
#2871 = AXIS2_PLACEMENT_3D( '', #5598, #5599, #5600 );
#2872 = SURFACE_SIDE_STYLE( '', ( #5601 ) );
#2873 = EDGE_LOOP( '', ( #5602, #5603, #5604, #5605 ) );
#2874 = AXIS2_PLACEMENT_3D( '', #5606, #5607, #5608 );
#2875 = SURFACE_SIDE_STYLE( '', ( #5609 ) );
#2876 = EDGE_LOOP( '', ( #5610, #5611, #5612, #5613 ) );
#2877 = AXIS2_PLACEMENT_3D( '', #5614, #5615, #5616 );
#2878 = SURFACE_SIDE_STYLE( '', ( #5617 ) );
#2879 = EDGE_LOOP( '', ( #5618, #5619, #5620, #5621 ) );
#2880 = AXIS2_PLACEMENT_3D( '', #5622, #5623, #5624 );
#2881 = SURFACE_SIDE_STYLE( '', ( #5625 ) );
#2882 = EDGE_LOOP( '', ( #5626, #5627, #5628, #5629 ) );
#2883 = AXIS2_PLACEMENT_3D( '', #5630, #5631, #5632 );
#2884 = SURFACE_SIDE_STYLE( '', ( #5633 ) );
#2885 = EDGE_LOOP( '', ( #5634, #5635, #5636, #5637, #5638, #5639 ) );
#2886 = AXIS2_PLACEMENT_3D( '', #5640, #5641, #5642 );
#2887 = SURFACE_SIDE_STYLE( '', ( #5643 ) );
#2888 = EDGE_LOOP( '', ( #5644, #5645, #5646, #5647, #5648, #5649 ) );
#2889 = AXIS2_PLACEMENT_3D( '', #5650, #5651, #5652 );
#2890 = SURFACE_SIDE_STYLE( '', ( #5653 ) );
#2891 = EDGE_LOOP( '', ( #5654, #5655, #5656, #5657 ) );
#2892 = CARTESIAN_POINT( '', ( 0.00328498254224900, -0.00327613175889000, -0.00369141254016200 ) );
#2893 = CARTESIAN_POINT( '', ( 0.00328568777696000, -0.00327546385200100, -0.00386488472196000 ) );
#2894 = CARTESIAN_POINT( '', ( 0.00326502617064500, -0.00329503184685500, -0.00403715303684300 ) );
#2895 = CARTESIAN_POINT( '', ( 0.00322299772330600, -0.00333483574345300, -0.00420821748481200 ) );
#2896 = CARTESIAN_POINT( '', ( 0.00328498254224900, -0.00331325693061400, -0.00369142280810300 ) );
#2897 = CARTESIAN_POINT( '', ( 0.00328568777696000, -0.00331271371008900, -0.00386468411633600 ) );
#2898 = CARTESIAN_POINT( '', ( 0.00326502617064500, -0.00332862870753600, -0.00403695232744300 ) );
#2899 = CARTESIAN_POINT( '', ( 0.00322299772330600, -0.00336100192295400, -0.00420822744142400 ) );
#2900 = CARTESIAN_POINT( '', ( 0.00328498254224900, -0.00337954634431800, -0.00369143605676200 ) );
#2901 = CARTESIAN_POINT( '', ( 0.00328568777696000, -0.00337922575942200, -0.00386442527617400 ) );
#2902 = CARTESIAN_POINT( '', ( 0.00326502617064500, -0.00338861809191800, -0.00403669335337900 ) );
#2903 = CARTESIAN_POINT( '', ( 0.00322299772330600, -0.00340772334180300, -0.00420824028837800 ) );
#2904 = CARTESIAN_POINT( '', ( 0.00328498254224900, -0.00347500000000000, -0.00369144191911300 ) );
#2905 = CARTESIAN_POINT( '', ( 0.00328568777696000, -0.00347500000000000, -0.00386431074294100 ) );
#2906 = CARTESIAN_POINT( '', ( 0.00326502617064500, -0.00347500000000000, -0.00403657876089700 ) );
#2907 = CARTESIAN_POINT( '', ( 0.00322299772330600, -0.00347500000000000, -0.00420824597298000 ) );
#2908 = CARTESIAN_POINT( '', ( 0.00328498254224900, -0.00357045365568200, -0.00369143605676200 ) );
#2909 = CARTESIAN_POINT( '', ( 0.00328568777696000, -0.00357077424057800, -0.00386442527617400 ) );
#2910 = CARTESIAN_POINT( '', ( 0.00326502617064500, -0.00356138190808200, -0.00403669335337900 ) );
#2911 = CARTESIAN_POINT( '', ( 0.00322299772330600, -0.00354227665819700, -0.00420824028837800 ) );
#2912 = CARTESIAN_POINT( '', ( 0.00328498254224900, -0.00363674306938600, -0.00369142280810300 ) );
#2913 = CARTESIAN_POINT( '', ( 0.00328568777696000, -0.00363728628991100, -0.00386468411633600 ) );
#2914 = CARTESIAN_POINT( '', ( 0.00326502617064500, -0.00362137129246400, -0.00403695232744300 ) );
#2915 = CARTESIAN_POINT( '', ( 0.00322299772330600, -0.00358899807704600, -0.00420822744142400 ) );
#2916 = CARTESIAN_POINT( '', ( 0.00328498254224900, -0.00367386824111000, -0.00369141254016200 ) );
#2917 = CARTESIAN_POINT( '', ( 0.00328568777696000, -0.00367453614799900, -0.00386488472196000 ) );
#2918 = CARTESIAN_POINT( '', ( 0.00326502617064500, -0.00365496815314500, -0.00403715303684300 ) );
#2919 = CARTESIAN_POINT( '', ( 0.00322299772330600, -0.00361516425654700, -0.00420821748481200 ) );
#2920 = SURFACE_SIDE_STYLE( '', ( #5658 ) );
#2921 = EDGE_LOOP( '', ( #5659, #5660, #5661, #5662 ) );
#2922 = CARTESIAN_POINT( '', ( 0.00301137370383300, 0.000281956325050300, -0.000670110426212400 ) );
#2923 = CARTESIAN_POINT( '', ( 0.00296088624092900, 0.000180996069639300, -0.000741992686313400 ) );
#2924 = CARTESIAN_POINT( '', ( 0.00293634858987900, 7.56973372257100E-05, -0.000776928524115400 ) );
#2925 = CARTESIAN_POINT( '', ( 0.00293776075068300, -3.39398721905000E-05, -0.000774917939618300 ) );
#2926 = CARTESIAN_POINT( '', ( 0.00303307142660100, 0.000281991205893700, -0.000670110426212400 ) );
#2927 = CARTESIAN_POINT( '', ( 0.00299222489198800, 0.000180512257907000, -0.000741992686313400 ) );
#2928 = CARTESIAN_POINT( '', ( 0.00297237287417500, 7.52157471288600E-05, -0.000776928524115400 ) );
#2929 = CARTESIAN_POINT( '', ( 0.00297351537316000, -3.38983264407400E-05, -0.000774917939618300 ) );
#2930 = CARTESIAN_POINT( '', ( 0.00307094685865600, 0.000282035275051300, -0.000670110426212400 ) );
#2931 = CARTESIAN_POINT( '', ( 0.00304692947834500, 0.000179901000452800, -0.000741992686313400 ) );
#2932 = CARTESIAN_POINT( '', ( 0.00303525667754800, 7.46072965334900E-05, -0.000776928524115400 ) );
#2933 = CARTESIAN_POINT( '', ( 0.00303592845626600, -3.38458367065300E-05, -0.000774917939618300 ) );
#2934 = CARTESIAN_POINT( '', ( 0.00312500000000000, 0.000282054494301100, -0.000670110426212400 ) );
#2935 = CARTESIAN_POINT( '', ( 0.00312500000000000, 0.000179634421503600, -0.000741992686313400 ) );
#2936 = CARTESIAN_POINT( '', ( 0.00312500000000000, 7.43419416994800E-05, -0.000776928524115400 ) );
#2937 = CARTESIAN_POINT( '', ( 0.00312500000000000, -3.38229451113600E-05, -0.000774917939618300 ) );
#2938 = CARTESIAN_POINT( '', ( 0.00317905314134400, 0.000282035275051300, -0.000670110426212400 ) );
#2939 = CARTESIAN_POINT( '', ( 0.00320307052165500, 0.000179901000452800, -0.000741992686313400 ) );
#2940 = CARTESIAN_POINT( '', ( 0.00321474332245200, 7.46072965334900E-05, -0.000776928524115400 ) );
#2941 = CARTESIAN_POINT( '', ( 0.00321407154373400, -3.38458367065300E-05, -0.000774917939618300 ) );
#2942 = CARTESIAN_POINT( '', ( 0.00321692857339900, 0.000281991205893700, -0.000670110426212400 ) );
#2943 = CARTESIAN_POINT( '', ( 0.00325777510801200, 0.000180512257907000, -0.000741992686313400 ) );
#2944 = CARTESIAN_POINT( '', ( 0.00327762712582500, 7.52157471288600E-05, -0.000776928524115400 ) );
#2945 = CARTESIAN_POINT( '', ( 0.00327648462684000, -3.38983264407400E-05, -0.000774917939618300 ) );
#2946 = CARTESIAN_POINT( '', ( 0.00323862629616700, 0.000281956325050300, -0.000670110426212400 ) );
#2947 = CARTESIAN_POINT( '', ( 0.00328911375907100, 0.000180996069639300, -0.000741992686313400 ) );
#2948 = CARTESIAN_POINT( '', ( 0.00331365141012100, 7.56973372257100E-05, -0.000776928524115400 ) );
#2949 = CARTESIAN_POINT( '', ( 0.00331223924931700, -3.39398721905000E-05, -0.000774917939618300 ) );
#2950 = SURFACE_SIDE_STYLE( '', ( #5663 ) );
#2951 = EDGE_LOOP( '', ( #5664, #5665, #5666 ) );
#2952 = AXIS2_PLACEMENT_3D( '', #5667, #5668, #5669 );
#2953 = SURFACE_SIDE_STYLE( '', ( #5670 ) );
#2954 = EDGE_LOOP( '', ( #5671, #5672, #5673, #5674 ) );
#2955 = AXIS2_PLACEMENT_3D( '', #5675, #5676, #5677 );
#2956 = SURFACE_SIDE_STYLE( '', ( #5678 ) );
#2957 = EDGE_LOOP( '', ( #5679, #5680, #5681, #5682 ) );
#2958 = AXIS2_PLACEMENT_3D( '', #5683, #5684, #5685 );
#2959 = SURFACE_SIDE_STYLE( '', ( #5686 ) );
#2960 = EDGE_LOOP( '', ( #5687, #5688, #5689 ) );
#2961 = AXIS2_PLACEMENT_3D( '', #5690, #5691, #5692 );
#2962 = SURFACE_SIDE_STYLE( '', ( #5693 ) );
#2963 = EDGE_LOOP( '', ( #5694, #5695, #5696, #5697 ) );
#2964 = CARTESIAN_POINT( '', ( 0.00198862629616700, 0.000281956325050300, -0.000279889573787600 ) );
#2965 = CARTESIAN_POINT( '', ( 0.00203911375907100, 0.000180996069639300, -0.000208007313686600 ) );
#2966 = CARTESIAN_POINT( '', ( 0.00206365141012100, 7.56973372257100E-05, -0.000173071475884600 ) );
#2967 = CARTESIAN_POINT( '', ( 0.00206223924931700, -3.39398721905000E-05, -0.000175082060381700 ) );
#2968 = CARTESIAN_POINT( '', ( 0.00196692857339900, 0.000281991205893700, -0.000279889573787600 ) );
#2969 = CARTESIAN_POINT( '', ( 0.00200777510801200, 0.000180512257907000, -0.000208007313686600 ) );
#2970 = CARTESIAN_POINT( '', ( 0.00202762712582500, 7.52157471288600E-05, -0.000173071475884600 ) );
#2971 = CARTESIAN_POINT( '', ( 0.00202648462684000, -3.38983264407400E-05, -0.000175082060381700 ) );
#2972 = CARTESIAN_POINT( '', ( 0.00192905314134400, 0.000282035275051300, -0.000279889573787600 ) );
#2973 = CARTESIAN_POINT( '', ( 0.00195307052165500, 0.000179901000452800, -0.000208007313686600 ) );
#2974 = CARTESIAN_POINT( '', ( 0.00196474332245200, 7.46072965334900E-05, -0.000173071475884600 ) );
#2975 = CARTESIAN_POINT( '', ( 0.00196407154373400, -3.38458367065300E-05, -0.000175082060381700 ) );
#2976 = CARTESIAN_POINT( '', ( 0.00187500000000000, 0.000282054494301100, -0.000279889573787600 ) );
#2977 = CARTESIAN_POINT( '', ( 0.00187500000000000, 0.000179634421503600, -0.000208007313686600 ) );
#2978 = CARTESIAN_POINT( '', ( 0.00187500000000000, 7.43419416994800E-05, -0.000173071475884600 ) );
#2979 = CARTESIAN_POINT( '', ( 0.00187500000000000, -3.38229451113600E-05, -0.000175082060381700 ) );
#2980 = CARTESIAN_POINT( '', ( 0.00182094685865600, 0.000282035275051300, -0.000279889573787600 ) );
#2981 = CARTESIAN_POINT( '', ( 0.00179692947834500, 0.000179901000452800, -0.000208007313686600 ) );
#2982 = CARTESIAN_POINT( '', ( 0.00178525667754800, 7.46072965334900E-05, -0.000173071475884600 ) );
#2983 = CARTESIAN_POINT( '', ( 0.00178592845626600, -3.38458367065300E-05, -0.000175082060381700 ) );
#2984 = CARTESIAN_POINT( '', ( 0.00178307142660100, 0.000281991205893700, -0.000279889573787600 ) );
#2985 = CARTESIAN_POINT( '', ( 0.00174222489198800, 0.000180512257907000, -0.000208007313686600 ) );
#2986 = CARTESIAN_POINT( '', ( 0.00172237287417500, 7.52157471288600E-05, -0.000173071475884600 ) );
#2987 = CARTESIAN_POINT( '', ( 0.00172351537316000, -3.38983264407400E-05, -0.000175082060381700 ) );
#2988 = CARTESIAN_POINT( '', ( 0.00176137370383300, 0.000281956325050300, -0.000279889573787600 ) );
#2989 = CARTESIAN_POINT( '', ( 0.00171088624092900, 0.000180996069639300, -0.000208007313686600 ) );
#2990 = CARTESIAN_POINT( '', ( 0.00168634858987900, 7.56973372257100E-05, -0.000173071475884600 ) );
#2991 = CARTESIAN_POINT( '', ( 0.00168776075068300, -3.39398721905000E-05, -0.000175082060381700 ) );
#2992 = SURFACE_SIDE_STYLE( '', ( #5698 ) );
#2993 = EDGE_LOOP( '', ( #5699, #5700, #5701, #5702 ) );
#2994 = AXIS2_PLACEMENT_3D( '', #5703, #5704, #5705 );
#2995 = SURFACE_SIDE_STYLE( '', ( #5706 ) );
#2996 = EDGE_LOOP( '', ( #5707, #5708, #5709, #5710, #5711, #5712, #5713, #5714 ) );
#2997 = AXIS2_PLACEMENT_3D( '', #5715, #5716, #5717 );
#2998 = SURFACE_SIDE_STYLE( '', ( #5718 ) );
#2999 = EDGE_LOOP( '', ( #5719, #5720, #5721, #5722 ) );
#3000 = AXIS2_PLACEMENT_3D( '', #5723, #5724, #5725 );
#3001 = SURFACE_SIDE_STYLE( '', ( #5726 ) );
#3002 = EDGE_LOOP( '', ( #5727, #5728, #5729, #5730 ) );
#3003 = AXIS2_PLACEMENT_3D( '', #5731, #5732, #5733 );
#3004 = SURFACE_SIDE_STYLE( '', ( #5734 ) );
#3005 = EDGE_LOOP( '', ( #5735, #5736, #5737, #5738 ) );
#3006 = CARTESIAN_POINT( '', ( -0.000722066255727400, 0.000281947924536900, -0.000263246114512900 ) );
#3007 = CARTESIAN_POINT( '', ( -0.000765175881289200, 0.000181158717641200, -0.000185267787984300 ) );
#3008 = CARTESIAN_POINT( '', ( -0.000786137931203500, 7.59096629029800E-05, -0.000147350836685700 ) );
#3009 = CARTESIAN_POINT( '', ( -0.000784952405470200, -3.37992396777400E-05, -0.000149495260617300 ) );
#3010 = CARTESIAN_POINT( '', ( -0.000722066255727400, 0.000282026534301300, -0.000301312338639900 ) );
#3011 = CARTESIAN_POINT( '', ( -0.000765175881289200, 0.000180068902443400, -0.000237351891631400 ) );
#3012 = CARTESIAN_POINT( '', ( -0.000786137931203500, 7.48243154268100E-05, -0.000206251132456200 ) );
#3013 = CARTESIAN_POINT( '', ( -0.000784952405470200, -3.37072267484900E-05, -0.000208010061114200 ) );
#3014 = CARTESIAN_POINT( '', ( -0.000722066255727400, 0.000282136839270200, -0.000371896967135600 ) );
#3015 = CARTESIAN_POINT( '', ( -0.000765175881289200, 0.000178539677259800, -0.000333929295636600 ) );
#3016 = CARTESIAN_POINT( '', ( -0.000786137931203500, 7.33013593358000E-05, -0.000315467520227600 ) );
#3017 = CARTESIAN_POINT( '', ( -0.000784952405470200, -3.35781145018300E-05, -0.000316511640908500 ) );
#3018 = CARTESIAN_POINT( '', ( -0.000722066255727400, 0.000282190684913200, -0.000475000000000000 ) );
#3019 = CARTESIAN_POINT( '', ( -0.000765175881289200, 0.000177793182208700, -0.000475000000000000 ) );
#3020 = CARTESIAN_POINT( '', ( -0.000786137931203500, 7.25579245577500E-05, -0.000475000000000000 ) );
#3021 = CARTESIAN_POINT( '', ( -0.000784952405470200, -3.35150880396700E-05, -0.000475000000000000 ) );
#3022 = CARTESIAN_POINT( '', ( -0.000722066255727400, 0.000282136839270200, -0.000578103032864400 ) );
#3023 = CARTESIAN_POINT( '', ( -0.000765175881289200, 0.000178539677259800, -0.000616070704363400 ) );
#3024 = CARTESIAN_POINT( '', ( -0.000786137931203500, 7.33013593358000E-05, -0.000634532479772400 ) );
#3025 = CARTESIAN_POINT( '', ( -0.000784952405470200, -3.35781145018300E-05, -0.000633488359091500 ) );
#3026 = CARTESIAN_POINT( '', ( -0.000722066255727400, 0.000282026534301300, -0.000648687661360100 ) );
#3027 = CARTESIAN_POINT( '', ( -0.000765175881289200, 0.000180068902443400, -0.000712648108368600 ) );
#3028 = CARTESIAN_POINT( '', ( -0.000786137931203500, 7.48243154268100E-05, -0.000743748867543800 ) );
#3029 = CARTESIAN_POINT( '', ( -0.000784952405470200, -3.37072267484900E-05, -0.000741989938885800 ) );
#3030 = CARTESIAN_POINT( '', ( -0.000722066255727400, 0.000281947924536900, -0.000686753885487100 ) );
#3031 = CARTESIAN_POINT( '', ( -0.000765175881289200, 0.000181158717641200, -0.000764732212015700 ) );
#3032 = CARTESIAN_POINT( '', ( -0.000786137931203500, 7.59096629029800E-05, -0.000802649163314300 ) );
#3033 = CARTESIAN_POINT( '', ( -0.000784952405470200, -3.37992396777400E-05, -0.000800504739382700 ) );
#3034 = SURFACE_SIDE_STYLE( '', ( #5739 ) );
#3035 = EDGE_LOOP( '', ( #5740, #5741, #5742, #5743 ) );
#3036 = AXIS2_PLACEMENT_3D( '', #5744, #5745, #5746 );
#3037 = SURFACE_SIDE_STYLE( '', ( #5747 ) );
#3038 = EDGE_LOOP( '', ( #5748, #5749, #5750, #5751 ) );
#3039 = CARTESIAN_POINT( '', ( -0.00293772347834500, -0.00364998550332600, -0.00369142260266300 ) );
#3040 = CARTESIAN_POINT( '', ( -0.00293689941190800, -0.00365057214161800, -0.00386499535222700 ) );
#3041 = CARTESIAN_POINT( '', ( -0.00296108602670300, -0.00363335411920500, -0.00403725864914100 ) );
#3042 = CARTESIAN_POINT( '', ( -0.00301028332273100, -0.00359833143608800, -0.00420821249340400 ) );
#3043 = CARTESIAN_POINT( '', ( -0.00297348521823200, -0.00364998550332600, -0.00369143861162900 ) );
#3044 = CARTESIAN_POINT( '', ( -0.00297281851294800, -0.00365057214161800, -0.00386468201986900 ) );
#3045 = CARTESIAN_POINT( '', ( -0.00299238652729400, -0.00363335411920500, -0.00403694516431200 ) );
#3046 = CARTESIAN_POINT( '', ( -0.00303218926126900, -0.00359833143608800, -0.00420822804495600 ) );
#3047 = CARTESIAN_POINT( '', ( -0.00303591072545000, -0.00364998550332600, -0.00369145866514800 ) );
#3048 = CARTESIAN_POINT( '', ( -0.00303551870897900, -0.00365057214161800, -0.00386428952627600 ) );
#3049 = CARTESIAN_POINT( '', ( -0.00304702451839300, -0.00363335411920500, -0.00403655247972600 ) );
#3050 = CARTESIAN_POINT( '', ( -0.00307042815369300, -0.00359833143608800, -0.00420824752550000 ) );
#3051 = CARTESIAN_POINT( '', ( -0.00312500000000000, -0.00364998550332600, -0.00369146730246300 ) );
#3052 = CARTESIAN_POINT( '', ( -0.00312500000000000, -0.00365057214161800, -0.00386412047411400 ) );
#3053 = CARTESIAN_POINT( '', ( -0.00312500000000000, -0.00363335411920500, -0.00403638334530100 ) );
#3054 = CARTESIAN_POINT( '', ( -0.00312500000000000, -0.00359833143608800, -0.00420825591602600 ) );
#3055 = CARTESIAN_POINT( '', ( -0.00321408927455000, -0.00364998550332600, -0.00369145866514800 ) );
#3056 = CARTESIAN_POINT( '', ( -0.00321448129102100, -0.00365057214161800, -0.00386428952627600 ) );
#3057 = CARTESIAN_POINT( '', ( -0.00320297548160700, -0.00363335411920500, -0.00403655247972600 ) );
#3058 = CARTESIAN_POINT( '', ( -0.00317957184630700, -0.00359833143608800, -0.00420824752550000 ) );
#3059 = CARTESIAN_POINT( '', ( -0.00327651478176800, -0.00364998550332600, -0.00369143861162900 ) );
#3060 = CARTESIAN_POINT( '', ( -0.00327718148705200, -0.00365057214161800, -0.00386468201986900 ) );
#3061 = CARTESIAN_POINT( '', ( -0.00325761347270600, -0.00363335411920500, -0.00403694516431200 ) );
#3062 = CARTESIAN_POINT( '', ( -0.00321781073873100, -0.00359833143608800, -0.00420822804495600 ) );
#3063 = CARTESIAN_POINT( '', ( -0.00331227652165500, -0.00364998550332600, -0.00369142260266300 ) );
#3064 = CARTESIAN_POINT( '', ( -0.00331310058809200, -0.00365057214161800, -0.00386499535222700 ) );
#3065 = CARTESIAN_POINT( '', ( -0.00328891397329700, -0.00363335411920500, -0.00403725864914100 ) );
#3066 = CARTESIAN_POINT( '', ( -0.00323971667726900, -0.00359833143608800, -0.00420821249340400 ) );
#3067 = SURFACE_SIDE_STYLE( '', ( #5752 ) );
#3068 = EDGE_LOOP( '', ( #5753, #5754, #5755 ) );
#3069 = AXIS2_PLACEMENT_3D( '', #5756, #5757, #5758 );
#3070 = SURFACE_SIDE_STYLE( '', ( #5759 ) );
#3071 = EDGE_LOOP( '', ( #5760, #5761, #5762, #5763 ) );
#3072 = CARTESIAN_POINT( '', ( 0.000511373703832800, 0.000281956325050300, -0.000670110426212400 ) );
#3073 = CARTESIAN_POINT( '', ( 0.000460886240929100, 0.000180996069639300, -0.000741992686313400 ) );
#3074 = CARTESIAN_POINT( '', ( 0.000436348589879200, 7.56973372257100E-05, -0.000776928524115400 ) );
#3075 = CARTESIAN_POINT( '', ( 0.000437760750683100, -3.39398721905000E-05, -0.000774917939618300 ) );
#3076 = CARTESIAN_POINT( '', ( 0.000533071426600700, 0.000281991205893700, -0.000670110426212400 ) );
#3077 = CARTESIAN_POINT( '', ( 0.000492224891988100, 0.000180512257907000, -0.000741992686313400 ) );
#3078 = CARTESIAN_POINT( '', ( 0.000472372874174600, 7.52157471288600E-05, -0.000776928524115400 ) );
#3079 = CARTESIAN_POINT( '', ( 0.000473515373160200, -3.38983264407400E-05, -0.000774917939618300 ) );
#3080 = CARTESIAN_POINT( '', ( 0.000570946858656400, 0.000282035275051300, -0.000670110426212400 ) );
#3081 = CARTESIAN_POINT( '', ( 0.000546929478345000, 0.000179901000452800, -0.000741992686313400 ) );
#3082 = CARTESIAN_POINT( '', ( 0.000535256677548200, 7.46072965334900E-05, -0.000776928524115400 ) );
#3083 = CARTESIAN_POINT( '', ( 0.000535928456265900, -3.38458367065300E-05, -0.000774917939618300 ) );
#3084 = CARTESIAN_POINT( '', ( 0.000625000000000000, 0.000282054494301100, -0.000670110426212400 ) );
#3085 = CARTESIAN_POINT( '', ( 0.000625000000000000, 0.000179634421503600, -0.000741992686313400 ) );
#3086 = CARTESIAN_POINT( '', ( 0.000625000000000000, 7.43419416994800E-05, -0.000776928524115400 ) );
#3087 = CARTESIAN_POINT( '', ( 0.000625000000000000, -3.38229451113600E-05, -0.000774917939618300 ) );
#3088 = CARTESIAN_POINT( '', ( 0.000679053141343600, 0.000282035275051300, -0.000670110426212400 ) );
#3089 = CARTESIAN_POINT( '', ( 0.000703070521655000, 0.000179901000452800, -0.000741992686313400 ) );
#3090 = CARTESIAN_POINT( '', ( 0.000714743322451800, 7.46072965334900E-05, -0.000776928524115400 ) );
#3091 = CARTESIAN_POINT( '', ( 0.000714071543734100, -3.38458367065300E-05, -0.000774917939618300 ) );
#3092 = CARTESIAN_POINT( '', ( 0.000716928573399300, 0.000281991205893700, -0.000670110426212400 ) );
#3093 = CARTESIAN_POINT( '', ( 0.000757775108011900, 0.000180512257907000, -0.000741992686313400 ) );
#3094 = CARTESIAN_POINT( '', ( 0.000777627125825400, 7.52157471288600E-05, -0.000776928524115400 ) );
#3095 = CARTESIAN_POINT( '', ( 0.000776484626839800, -3.38983264407400E-05, -0.000774917939618300 ) );
#3096 = CARTESIAN_POINT( '', ( 0.000738626296167200, 0.000281956325050300, -0.000670110426212400 ) );
#3097 = CARTESIAN_POINT( '', ( 0.000789113759070900, 0.000180996069639300, -0.000741992686313400 ) );
#3098 = CARTESIAN_POINT( '', ( 0.000813651410120800, 7.56973372257100E-05, -0.000776928524115400 ) );
#3099 = CARTESIAN_POINT( '', ( 0.000812239249316900, -3.39398721905000E-05, -0.000774917939618300 ) );
#3100 = SURFACE_SIDE_STYLE( '', ( #5764 ) );
#3101 = EDGE_LOOP( '', ( #5765, #5766, #5767, #5768 ) );
#3102 = CARTESIAN_POINT( '', ( -0.000812276521654700, -0.00330001449667400, -0.00369142260266300 ) );
#3103 = CARTESIAN_POINT( '', ( -0.000813100588092400, -0.00329942785838200, -0.00386499535222700 ) );
#3104 = CARTESIAN_POINT( '', ( -0.000788913973297300, -0.00331664588079500, -0.00403725864914100 ) );
#3105 = CARTESIAN_POINT( '', ( -0.000739716677269400, -0.00335166856391200, -0.00420821249340400 ) );
#3106 = CARTESIAN_POINT( '', ( -0.000776514781768300, -0.00330001449667400, -0.00369143861162900 ) );
#3107 = CARTESIAN_POINT( '', ( -0.000777181487051800, -0.00329942785838200, -0.00386468201986900 ) );
#3108 = CARTESIAN_POINT( '', ( -0.000757613472705900, -0.00331664588079500, -0.00403694516431200 ) );
#3109 = CARTESIAN_POINT( '', ( -0.000717810738730600, -0.00335166856391200, -0.00420822804495600 ) );
#3110 = CARTESIAN_POINT( '', ( -0.000714089274550100, -0.00330001449667400, -0.00369145866514800 ) );
#3111 = CARTESIAN_POINT( '', ( -0.000714481291021000, -0.00329942785838200, -0.00386428952627600 ) );
#3112 = CARTESIAN_POINT( '', ( -0.000702975481606800, -0.00331664588079500, -0.00403655247972600 ) );
#3113 = CARTESIAN_POINT( '', ( -0.000679571846307400, -0.00335166856391200, -0.00420824752550000 ) );
#3114 = CARTESIAN_POINT( '', ( -0.000625000000000000, -0.00330001449667400, -0.00369146730246300 ) );
#3115 = CARTESIAN_POINT( '', ( -0.000625000000000000, -0.00329942785838200, -0.00386412047411400 ) );
#3116 = CARTESIAN_POINT( '', ( -0.000625000000000000, -0.00331664588079500, -0.00403638334530100 ) );
#3117 = CARTESIAN_POINT( '', ( -0.000625000000000000, -0.00335166856391200, -0.00420825591602600 ) );
#3118 = CARTESIAN_POINT( '', ( -0.000535910725449900, -0.00330001449667400, -0.00369145866514800 ) );
#3119 = CARTESIAN_POINT( '', ( -0.000535518708979000, -0.00329942785838200, -0.00386428952627600 ) );
#3120 = CARTESIAN_POINT( '', ( -0.000547024518393200, -0.00331664588079500, -0.00403655247972600 ) );
#3121 = CARTESIAN_POINT( '', ( -0.000570428153692600, -0.00335166856391200, -0.00420824752550000 ) );
#3122 = CARTESIAN_POINT( '', ( -0.000473485218231700, -0.00330001449667400, -0.00369143861162900 ) );
#3123 = CARTESIAN_POINT( '', ( -0.000472818512948200, -0.00329942785838200, -0.00386468201986900 ) );
#3124 = CARTESIAN_POINT( '', ( -0.000492386527294100, -0.00331664588079500, -0.00403694516431200 ) );
#3125 = CARTESIAN_POINT( '', ( -0.000532189261269400, -0.00335166856391200, -0.00420822804495600 ) );
#3126 = CARTESIAN_POINT( '', ( -0.000437723478345300, -0.00330001449667400, -0.00369142260266300 ) );
#3127 = CARTESIAN_POINT( '', ( -0.000436899411907600, -0.00329942785838200, -0.00386499535222700 ) );
#3128 = CARTESIAN_POINT( '', ( -0.000461086026702700, -0.00331664588079500, -0.00403725864914100 ) );
#3129 = CARTESIAN_POINT( '', ( -0.000510283322730600, -0.00335166856391200, -0.00420821249340400 ) );
#3130 = SURFACE_SIDE_STYLE( '', ( #5769 ) );
#3131 = EDGE_LOOP( '', ( #5770, #5771, #5772, #5773 ) );
#3132 = AXIS2_PLACEMENT_3D( '', #5774, #5775, #5776 );
#3133 = SURFACE_SIDE_STYLE( '', ( #5777 ) );
#3134 = EDGE_LOOP( '', ( #5778, #5779, #5780, #5781 ) );
#3135 = CARTESIAN_POINT( '', ( 0.00197206625572700, 0.000281947924536900, -0.000686753885487100 ) );
#3136 = CARTESIAN_POINT( '', ( 0.00201517588128900, 0.000181158717641200, -0.000764732212015700 ) );
#3137 = CARTESIAN_POINT( '', ( 0.00203613793120300, 7.59096629029800E-05, -0.000802649163314300 ) );
#3138 = CARTESIAN_POINT( '', ( 0.00203495240547000, -3.37992396777400E-05, -0.000800504739382700 ) );
#3139 = CARTESIAN_POINT( '', ( 0.00197206625572700, 0.000282026534301300, -0.000648687661360100 ) );
#3140 = CARTESIAN_POINT( '', ( 0.00201517588128900, 0.000180068902443400, -0.000712648108368600 ) );
#3141 = CARTESIAN_POINT( '', ( 0.00203613793120300, 7.48243154268100E-05, -0.000743748867543800 ) );
#3142 = CARTESIAN_POINT( '', ( 0.00203495240547000, -3.37072267484900E-05, -0.000741989938885800 ) );
#3143 = CARTESIAN_POINT( '', ( 0.00197206625572700, 0.000282136839270200, -0.000578103032864400 ) );
#3144 = CARTESIAN_POINT( '', ( 0.00201517588128900, 0.000178539677259800, -0.000616070704363400 ) );
#3145 = CARTESIAN_POINT( '', ( 0.00203613793120300, 7.33013593358000E-05, -0.000634532479772400 ) );
#3146 = CARTESIAN_POINT( '', ( 0.00203495240547000, -3.35781145018300E-05, -0.000633488359091500 ) );
#3147 = CARTESIAN_POINT( '', ( 0.00197206625572700, 0.000282190684913200, -0.000475000000000000 ) );
#3148 = CARTESIAN_POINT( '', ( 0.00201517588128900, 0.000177793182208700, -0.000475000000000000 ) );
#3149 = CARTESIAN_POINT( '', ( 0.00203613793120300, 7.25579245577500E-05, -0.000475000000000000 ) );
#3150 = CARTESIAN_POINT( '', ( 0.00203495240547000, -3.35150880396700E-05, -0.000475000000000000 ) );
#3151 = CARTESIAN_POINT( '', ( 0.00197206625572700, 0.000282136839270200, -0.000371896967135600 ) );
#3152 = CARTESIAN_POINT( '', ( 0.00201517588128900, 0.000178539677259800, -0.000333929295636600 ) );
#3153 = CARTESIAN_POINT( '', ( 0.00203613793120300, 7.33013593358000E-05, -0.000315467520227600 ) );
#3154 = CARTESIAN_POINT( '', ( 0.00203495240547000, -3.35781145018300E-05, -0.000316511640908500 ) );
#3155 = CARTESIAN_POINT( '', ( 0.00197206625572700, 0.000282026534301300, -0.000301312338639900 ) );
#3156 = CARTESIAN_POINT( '', ( 0.00201517588128900, 0.000180068902443400, -0.000237351891631400 ) );
#3157 = CARTESIAN_POINT( '', ( 0.00203613793120300, 7.48243154268100E-05, -0.000206251132456200 ) );
#3158 = CARTESIAN_POINT( '', ( 0.00203495240547000, -3.37072267484900E-05, -0.000208010061114200 ) );
#3159 = CARTESIAN_POINT( '', ( 0.00197206625572700, 0.000281947924536900, -0.000263246114512900 ) );
#3160 = CARTESIAN_POINT( '', ( 0.00201517588128900, 0.000181158717641200, -0.000185267787984300 ) );
#3161 = CARTESIAN_POINT( '', ( 0.00203613793120300, 7.59096629029800E-05, -0.000147350836685700 ) );
#3162 = CARTESIAN_POINT( '', ( 0.00203495240547000, -3.37992396777400E-05, -0.000149495260617300 ) );
#3163 = SURFACE_SIDE_STYLE( '', ( #5782 ) );
#3164 = EDGE_LOOP( '', ( #5783, #5784, #5785, #5786 ) );
#3165 = AXIS2_PLACEMENT_3D( '', #5787, #5788, #5789 );
#3166 = SURFACE_SIDE_STYLE( '', ( #5790 ) );
#3167 = EDGE_LOOP( '', ( #5791, #5792, #5793, #5794, #5795, #5796 ) );
#3168 = AXIS2_PLACEMENT_3D( '', #5797, #5798, #5799 );
#3169 = SURFACE_SIDE_STYLE( '', ( #5800 ) );
#3170 = EDGE_LOOP( '', ( #5801, #5802, #5803, #5804 ) );
#3171 = AXIS2_PLACEMENT_3D( '', #5805, #5806, #5807 );
#3172 = SURFACE_SIDE_STYLE( '', ( #5808 ) );
#3173 = EDGE_LOOP( '', ( #5809, #5810, #5811, #5812 ) );
#3174 = CARTESIAN_POINT( '', ( -0.00328498254224900, -0.00367386824111000, -0.00369141254016200 ) );
#3175 = CARTESIAN_POINT( '', ( -0.00328568777696000, -0.00367453614799900, -0.00386488472196000 ) );
#3176 = CARTESIAN_POINT( '', ( -0.00326502617064500, -0.00365496815314500, -0.00403715303684300 ) );
#3177 = CARTESIAN_POINT( '', ( -0.00322299772330600, -0.00361516425654700, -0.00420821748481200 ) );
#3178 = CARTESIAN_POINT( '', ( -0.00328498254224900, -0.00363674306938600, -0.00369142280810300 ) );
#3179 = CARTESIAN_POINT( '', ( -0.00328568777696000, -0.00363728628991100, -0.00386468411633600 ) );
#3180 = CARTESIAN_POINT( '', ( -0.00326502617064500, -0.00362137129246400, -0.00403695232744300 ) );
#3181 = CARTESIAN_POINT( '', ( -0.00322299772330600, -0.00358899807704600, -0.00420822744142400 ) );
#3182 = CARTESIAN_POINT( '', ( -0.00328498254224900, -0.00357045365568200, -0.00369143605676200 ) );
#3183 = CARTESIAN_POINT( '', ( -0.00328568777696000, -0.00357077424057800, -0.00386442527617400 ) );
#3184 = CARTESIAN_POINT( '', ( -0.00326502617064500, -0.00356138190808200, -0.00403669335337900 ) );
#3185 = CARTESIAN_POINT( '', ( -0.00322299772330600, -0.00354227665819700, -0.00420824028837800 ) );
#3186 = CARTESIAN_POINT( '', ( -0.00328498254224900, -0.00347500000000000, -0.00369144191911300 ) );
#3187 = CARTESIAN_POINT( '', ( -0.00328568777696000, -0.00347500000000000, -0.00386431074294100 ) );
#3188 = CARTESIAN_POINT( '', ( -0.00326502617064500, -0.00347500000000000, -0.00403657876089700 ) );
#3189 = CARTESIAN_POINT( '', ( -0.00322299772330600, -0.00347500000000000, -0.00420824597298000 ) );
#3190 = CARTESIAN_POINT( '', ( -0.00328498254224900, -0.00337954634431800, -0.00369143605676200 ) );
#3191 = CARTESIAN_POINT( '', ( -0.00328568777696000, -0.00337922575942200, -0.00386442527617400 ) );
#3192 = CARTESIAN_POINT( '', ( -0.00326502617064500, -0.00338861809191800, -0.00403669335337900 ) );
#3193 = CARTESIAN_POINT( '', ( -0.00322299772330600, -0.00340772334180300, -0.00420824028837800 ) );
#3194 = CARTESIAN_POINT( '', ( -0.00328498254224900, -0.00331325693061400, -0.00369142280810300 ) );
#3195 = CARTESIAN_POINT( '', ( -0.00328568777696000, -0.00331271371008900, -0.00386468411633600 ) );
#3196 = CARTESIAN_POINT( '', ( -0.00326502617064500, -0.00332862870753600, -0.00403695232744300 ) );
#3197 = CARTESIAN_POINT( '', ( -0.00322299772330600, -0.00336100192295400, -0.00420822744142400 ) );
#3198 = CARTESIAN_POINT( '', ( -0.00328498254224900, -0.00327613175889000, -0.00369141254016200 ) );
#3199 = CARTESIAN_POINT( '', ( -0.00328568777696000, -0.00327546385200100, -0.00386488472196000 ) );
#3200 = CARTESIAN_POINT( '', ( -0.00326502617064500, -0.00329503184685500, -0.00403715303684300 ) );
#3201 = CARTESIAN_POINT( '', ( -0.00322299772330600, -0.00333483574345300, -0.00420821748481200 ) );
#3202 = SURFACE_SIDE_STYLE( '', ( #5813 ) );
#3203 = EDGE_LOOP( '', ( #5814, #5815, #5816, #5817 ) );
#3204 = AXIS2_PLACEMENT_3D( '', #5818, #5819, #5820 );
#3205 = SURFACE_SIDE_STYLE( '', ( #5821 ) );
#3206 = EDGE_LOOP( '', ( #5822, #5823, #5824, #5825 ) );
#3207 = AXIS2_PLACEMENT_3D( '', #5826, #5827, #5828 );
#3208 = SURFACE_SIDE_STYLE( '', ( #5829 ) );
#3209 = EDGE_LOOP( '', ( #5830, #5831, #5832, #5833 ) );
#3210 = AXIS2_PLACEMENT_3D( '', #5834, #5835, #5836 );
#3211 = SURFACE_SIDE_STYLE( '', ( #5837 ) );
#3212 = EDGE_LOOP( '', ( #5838, #5839, #5840, #5841 ) );
#3213 = AXIS2_PLACEMENT_3D( '', #5842, #5843, #5844 );
#3214 = SURFACE_SIDE_STYLE( '', ( #5845 ) );
#3215 = EDGE_LOOP( '', ( #5846, #5847, #5848, #5849, #5850, #5851, #5852, #5853, #5854, #5855, #5856, #5857, #5858, #5859, #5860, #5861, #5862, #5863, #5864, #5865, #5866, #5867, #5868, #5869, #5870, #5871, #5872, #5873, #5874, #5875, #5876, #5877, #5878, #5879, #5880, #5881, #5882, #5883, #5884, #5885, #5886, #5887, #5888, #5889, #5890, #5891, #5892, #5893, #5894, #5895, #5896, #5897, #5898, #5899, #5900, #5901, #5902, #5903, #5904, #5905, #5906, #5907, #5908, #5909, #5910, #5911, #5912, #5913 ) );
#3216 = EDGE_LOOP( '', ( #5914, #5915, #5916, #5917 ) );
#3217 = EDGE_LOOP( '', ( #5918, #5919, #5920, #5921 ) );
#3218 = AXIS2_PLACEMENT_3D( '', #5922, #5923, #5924 );
#3219 = SURFACE_SIDE_STYLE( '', ( #5925 ) );
#3220 = EDGE_LOOP( '', ( #5926, #5927, #5928, #5929 ) );
#3221 = AXIS2_PLACEMENT_3D( '', #5930, #5931, #5932 );
#3222 = SURFACE_SIDE_STYLE( '', ( #5933 ) );
#3223 = EDGE_LOOP( '', ( #5934, #5935, #5936, #5937 ) );
#3224 = AXIS2_PLACEMENT_3D( '', #5938, #5939, #5940 );
#3225 = SURFACE_SIDE_STYLE( '', ( #5941 ) );
#3226 = EDGE_LOOP( '', ( #5942, #5943, #5944, #5945, #5946, #5947, #5948, #5949 ) );
#3227 = AXIS2_PLACEMENT_3D( '', #5950, #5951, #5952 );
#3228 = SURFACE_SIDE_STYLE( '', ( #5953 ) );
#3229 = EDGE_LOOP( '', ( #5954, #5955, #5956, #5957 ) );
#3230 = AXIS2_PLACEMENT_3D( '', #5958, #5959, #5960 );
#3231 = SURFACE_SIDE_STYLE( '', ( #5961 ) );
#3232 = EDGE_LOOP( '', ( #5962, #5963, #5964, #5965 ) );
#3233 = AXIS2_PLACEMENT_3D( '', #5966, #5967, #5968 );
#3234 = SURFACE_SIDE_STYLE( '', ( #5969 ) );
#3235 = EDGE_LOOP( '', ( #5970, #5971, #5972, #5973 ) );
#3236 = AXIS2_PLACEMENT_3D( '', #5974, #5975, #5976 );
#3237 = SURFACE_SIDE_STYLE( '', ( #5977 ) );
#3238 = EDGE_LOOP( '', ( #5978, #5979, #5980, #5981, #5982, #5983, #5984 ) );
#3239 = AXIS2_PLACEMENT_3D( '', #5985, #5986, #5987 );
#3240 = SURFACE_SIDE_STYLE( '', ( #5988 ) );
#3241 = EDGE_LOOP( '', ( #5989, #5990, #5991, #5992 ) );
#3242 = AXIS2_PLACEMENT_3D( '', #5993, #5994, #5995 );
#3243 = SURFACE_SIDE_STYLE( '', ( #5996 ) );
#3244 = EDGE_LOOP( '', ( #5997, #5998, #5999, #6000, #6001, #6002 ) );
#3245 = AXIS2_PLACEMENT_3D( '', #6003, #6004, #6005 );
#3246 = SURFACE_SIDE_STYLE( '', ( #6006 ) );
#3247 = EDGE_LOOP( '', ( #6007, #6008, #6009 ) );
#3248 = AXIS2_PLACEMENT_3D( '', #6010, #6011, #6012 );
#3249 = SURFACE_SIDE_STYLE( '', ( #6013 ) );
#3250 = EDGE_LOOP( '', ( #6014, #6015, #6016, #6017, #6018, #6019 ) );
#3251 = AXIS2_PLACEMENT_3D( '', #6020, #6021, #6022 );
#3252 = SURFACE_SIDE_STYLE( '', ( #6023 ) );
#3253 = EDGE_LOOP( '', ( #6024, #6025, #6026, #6027 ) );
#3254 = CARTESIAN_POINT( '', ( 0.00418772347834500, -0.00330001449667400, -0.00369142260266300 ) );
#3255 = CARTESIAN_POINT( '', ( 0.00418689941190800, -0.00329942785838200, -0.00386499535222700 ) );
#3256 = CARTESIAN_POINT( '', ( 0.00421108602670300, -0.00331664588079500, -0.00403725864914100 ) );
#3257 = CARTESIAN_POINT( '', ( 0.00426028332273100, -0.00335166856391200, -0.00420821249340400 ) );
#3258 = CARTESIAN_POINT( '', ( 0.00422348521823200, -0.00330001449667400, -0.00369143861162900 ) );
#3259 = CARTESIAN_POINT( '', ( 0.00422281851294800, -0.00329942785838200, -0.00386468201986900 ) );
#3260 = CARTESIAN_POINT( '', ( 0.00424238652729400, -0.00331664588079500, -0.00403694516431200 ) );
#3261 = CARTESIAN_POINT( '', ( 0.00428218926126900, -0.00335166856391200, -0.00420822804495600 ) );
#3262 = CARTESIAN_POINT( '', ( 0.00428591072545000, -0.00330001449667400, -0.00369145866514800 ) );
#3263 = CARTESIAN_POINT( '', ( 0.00428551870897900, -0.00329942785838200, -0.00386428952627600 ) );
#3264 = CARTESIAN_POINT( '', ( 0.00429702451839300, -0.00331664588079500, -0.00403655247972600 ) );
#3265 = CARTESIAN_POINT( '', ( 0.00432042815369300, -0.00335166856391200, -0.00420824752550000 ) );
#3266 = CARTESIAN_POINT( '', ( 0.00437500000000000, -0.00330001449667400, -0.00369146730246300 ) );
#3267 = CARTESIAN_POINT( '', ( 0.00437500000000000, -0.00329942785838200, -0.00386412047411400 ) );
#3268 = CARTESIAN_POINT( '', ( 0.00437500000000000, -0.00331664588079500, -0.00403638334530100 ) );
#3269 = CARTESIAN_POINT( '', ( 0.00437500000000000, -0.00335166856391200, -0.00420825591602600 ) );
#3270 = CARTESIAN_POINT( '', ( 0.00446408927455000, -0.00330001449667400, -0.00369145866514800 ) );
#3271 = CARTESIAN_POINT( '', ( 0.00446448129102100, -0.00329942785838200, -0.00386428952627600 ) );
#3272 = CARTESIAN_POINT( '', ( 0.00445297548160700, -0.00331664588079500, -0.00403655247972600 ) );
#3273 = CARTESIAN_POINT( '', ( 0.00442957184630700, -0.00335166856391200, -0.00420824752550000 ) );
#3274 = CARTESIAN_POINT( '', ( 0.00452651478176800, -0.00330001449667400, -0.00369143861162900 ) );
#3275 = CARTESIAN_POINT( '', ( 0.00452718148705200, -0.00329942785838200, -0.00386468201986900 ) );
#3276 = CARTESIAN_POINT( '', ( 0.00450761347270600, -0.00331664588079500, -0.00403694516431200 ) );
#3277 = CARTESIAN_POINT( '', ( 0.00446781073873100, -0.00335166856391200, -0.00420822804495600 ) );
#3278 = CARTESIAN_POINT( '', ( 0.00456227652165500, -0.00330001449667400, -0.00369142260266300 ) );
#3279 = CARTESIAN_POINT( '', ( 0.00456310058809200, -0.00329942785838200, -0.00386499535222700 ) );
#3280 = CARTESIAN_POINT( '', ( 0.00453891397329700, -0.00331664588079500, -0.00403725864914100 ) );
#3281 = CARTESIAN_POINT( '', ( 0.00448971667726900, -0.00335166856391200, -0.00420821249340400 ) );
#3282 = SURFACE_SIDE_STYLE( '', ( #6028 ) );
#3283 = EDGE_LOOP( '', ( #6029, #6030, #6031 ) );
#3284 = AXIS2_PLACEMENT_3D( '', #6032, #6033, #6034 );
#3285 = SURFACE_SIDE_STYLE( '', ( #6035 ) );
#3286 = EDGE_LOOP( '', ( #6036, #6037, #6038, #6039 ) );
#3287 = CARTESIAN_POINT( '', ( -0.00453498254224900, -0.00367386824111000, -0.00369141254016200 ) );
#3288 = CARTESIAN_POINT( '', ( -0.00453568777696000, -0.00367453614799900, -0.00386488472196000 ) );
#3289 = CARTESIAN_POINT( '', ( -0.00451502617064500, -0.00365496815314500, -0.00403715303684300 ) );
#3290 = CARTESIAN_POINT( '', ( -0.00447299772330600, -0.00361516425654700, -0.00420821748481200 ) );
#3291 = CARTESIAN_POINT( '', ( -0.00453498254224900, -0.00363674306938600, -0.00369142280810300 ) );
#3292 = CARTESIAN_POINT( '', ( -0.00453568777696000, -0.00363728628991100, -0.00386468411633600 ) );
#3293 = CARTESIAN_POINT( '', ( -0.00451502617064500, -0.00362137129246400, -0.00403695232744300 ) );
#3294 = CARTESIAN_POINT( '', ( -0.00447299772330600, -0.00358899807704600, -0.00420822744142400 ) );
#3295 = CARTESIAN_POINT( '', ( -0.00453498254224900, -0.00357045365568200, -0.00369143605676200 ) );
#3296 = CARTESIAN_POINT( '', ( -0.00453568777696000, -0.00357077424057800, -0.00386442527617400 ) );
#3297 = CARTESIAN_POINT( '', ( -0.00451502617064500, -0.00356138190808200, -0.00403669335337900 ) );
#3298 = CARTESIAN_POINT( '', ( -0.00447299772330600, -0.00354227665819700, -0.00420824028837800 ) );
#3299 = CARTESIAN_POINT( '', ( -0.00453498254224900, -0.00347500000000000, -0.00369144191911300 ) );
#3300 = CARTESIAN_POINT( '', ( -0.00453568777696000, -0.00347500000000000, -0.00386431074294100 ) );
#3301 = CARTESIAN_POINT( '', ( -0.00451502617064500, -0.00347500000000000, -0.00403657876089700 ) );
#3302 = CARTESIAN_POINT( '', ( -0.00447299772330600, -0.00347500000000000, -0.00420824597298000 ) );
#3303 = CARTESIAN_POINT( '', ( -0.00453498254224900, -0.00337954634431800, -0.00369143605676200 ) );
#3304 = CARTESIAN_POINT( '', ( -0.00453568777696000, -0.00337922575942200, -0.00386442527617400 ) );
#3305 = CARTESIAN_POINT( '', ( -0.00451502617064500, -0.00338861809191800, -0.00403669335337900 ) );
#3306 = CARTESIAN_POINT( '', ( -0.00447299772330600, -0.00340772334180300, -0.00420824028837800 ) );
#3307 = CARTESIAN_POINT( '', ( -0.00453498254224900, -0.00331325693061400, -0.00369142280810300 ) );
#3308 = CARTESIAN_POINT( '', ( -0.00453568777696000, -0.00331271371008900, -0.00386468411633600 ) );
#3309 = CARTESIAN_POINT( '', ( -0.00451502617064500, -0.00332862870753600, -0.00403695232744300 ) );
#3310 = CARTESIAN_POINT( '', ( -0.00447299772330600, -0.00336100192295400, -0.00420822744142400 ) );
#3311 = CARTESIAN_POINT( '', ( -0.00453498254224900, -0.00327613175889000, -0.00369141254016200 ) );
#3312 = CARTESIAN_POINT( '', ( -0.00453568777696000, -0.00327546385200100, -0.00386488472196000 ) );
#3313 = CARTESIAN_POINT( '', ( -0.00451502617064500, -0.00329503184685500, -0.00403715303684300 ) );
#3314 = CARTESIAN_POINT( '', ( -0.00447299772330600, -0.00333483574345300, -0.00420821748481200 ) );
#3315 = SURFACE_SIDE_STYLE( '', ( #6040 ) );
#3316 = EDGE_LOOP( '', ( #6041, #6042, #6043, #6044 ) );
#3317 = AXIS2_PLACEMENT_3D( '', #6045, #6046, #6047 );
#3318 = SURFACE_SIDE_STYLE( '', ( #6048 ) );
#3319 = EDGE_LOOP( '', ( #6049, #6050, #6051 ) );
#3320 = AXIS2_PLACEMENT_3D( '', #6052, #6053, #6054 );
#3321 = SURFACE_SIDE_STYLE( '', ( #6055 ) );
#3322 = EDGE_LOOP( '', ( #6056, #6057, #6058, #6059 ) );
#3323 = CARTESIAN_POINT( '', ( 0.00322206625572700, 0.000281947924536900, -0.000686753885487100 ) );
#3324 = CARTESIAN_POINT( '', ( 0.00326517588128900, 0.000181158717641200, -0.000764732212015700 ) );
#3325 = CARTESIAN_POINT( '', ( 0.00328613793120300, 7.59096629029800E-05, -0.000802649163314300 ) );
#3326 = CARTESIAN_POINT( '', ( 0.00328495240547000, -3.37992396777400E-05, -0.000800504739382700 ) );
#3327 = CARTESIAN_POINT( '', ( 0.00322206625572700, 0.000282026534301300, -0.000648687661360100 ) );
#3328 = CARTESIAN_POINT( '', ( 0.00326517588128900, 0.000180068902443400, -0.000712648108368600 ) );
#3329 = CARTESIAN_POINT( '', ( 0.00328613793120300, 7.48243154268100E-05, -0.000743748867543800 ) );
#3330 = CARTESIAN_POINT( '', ( 0.00328495240547000, -3.37072267484900E-05, -0.000741989938885800 ) );
#3331 = CARTESIAN_POINT( '', ( 0.00322206625572700, 0.000282136839270200, -0.000578103032864400 ) );
#3332 = CARTESIAN_POINT( '', ( 0.00326517588128900, 0.000178539677259800, -0.000616070704363400 ) );
#3333 = CARTESIAN_POINT( '', ( 0.00328613793120300, 7.33013593358000E-05, -0.000634532479772400 ) );
#3334 = CARTESIAN_POINT( '', ( 0.00328495240547000, -3.35781145018300E-05, -0.000633488359091500 ) );
#3335 = CARTESIAN_POINT( '', ( 0.00322206625572700, 0.000282190684913200, -0.000475000000000000 ) );
#3336 = CARTESIAN_POINT( '', ( 0.00326517588128900, 0.000177793182208700, -0.000475000000000000 ) );
#3337 = CARTESIAN_POINT( '', ( 0.00328613793120300, 7.25579245577500E-05, -0.000475000000000000 ) );
#3338 = CARTESIAN_POINT( '', ( 0.00328495240547000, -3.35150880396700E-05, -0.000475000000000000 ) );
#3339 = CARTESIAN_POINT( '', ( 0.00322206625572700, 0.000282136839270200, -0.000371896967135600 ) );
#3340 = CARTESIAN_POINT( '', ( 0.00326517588128900, 0.000178539677259800, -0.000333929295636600 ) );
#3341 = CARTESIAN_POINT( '', ( 0.00328613793120300, 7.33013593358000E-05, -0.000315467520227600 ) );
#3342 = CARTESIAN_POINT( '', ( 0.00328495240547000, -3.35781145018300E-05, -0.000316511640908500 ) );
#3343 = CARTESIAN_POINT( '', ( 0.00322206625572700, 0.000282026534301300, -0.000301312338639900 ) );
#3344 = CARTESIAN_POINT( '', ( 0.00326517588128900, 0.000180068902443400, -0.000237351891631400 ) );
#3345 = CARTESIAN_POINT( '', ( 0.00328613793120300, 7.48243154268100E-05, -0.000206251132456200 ) );
#3346 = CARTESIAN_POINT( '', ( 0.00328495240547000, -3.37072267484900E-05, -0.000208010061114200 ) );
#3347 = CARTESIAN_POINT( '', ( 0.00322206625572700, 0.000281947924536900, -0.000263246114512900 ) );
#3348 = CARTESIAN_POINT( '', ( 0.00326517588128900, 0.000181158717641200, -0.000185267787984300 ) );
#3349 = CARTESIAN_POINT( '', ( 0.00328613793120300, 7.59096629029800E-05, -0.000147350836685700 ) );
#3350 = CARTESIAN_POINT( '', ( 0.00328495240547000, -3.37992396777400E-05, -0.000149495260617300 ) );
#3351 = SURFACE_SIDE_STYLE( '', ( #6060 ) );
#3352 = EDGE_LOOP( '', ( #6061, #6062, #6063, #6064 ) );
#3353 = AXIS2_PLACEMENT_3D( '', #6065, #6066, #6067 );
#3354 = SURFACE_SIDE_STYLE( '', ( #6068 ) );
#3355 = EDGE_LOOP( '', ( #6069, #6070, #6071, #6072, #6073, #6074, #6075, #6076, #6077, #6078 ) );
#3356 = AXIS2_PLACEMENT_3D( '', #6079, #6080, #6081 );
#3357 = SURFACE_SIDE_STYLE( '', ( #6082 ) );
#3358 = EDGE_LOOP( '', ( #6083, #6084, #6085, #6086 ) );
#3359 = AXIS2_PLACEMENT_3D( '', #6087, #6088, #6089 );
#3360 = SURFACE_SIDE_STYLE( '', ( #6090 ) );
#3361 = EDGE_LOOP( '', ( #6091, #6092, #6093, #6094, #6095 ) );
#3362 = AXIS2_PLACEMENT_3D( '', #6096, #6097, #6098 );
#3363 = SURFACE_SIDE_STYLE( '', ( #6099 ) );
#3364 = EDGE_LOOP( '', ( #6100, #6101, #6102, #6103 ) );
#3365 = AXIS2_PLACEMENT_3D( '', #6104, #6105, #6106 );
#3366 = SURFACE_SIDE_STYLE( '', ( #6107 ) );
#3367 = EDGE_LOOP( '', ( #6108, #6109, #6110, #6111 ) );
#3368 = CARTESIAN_POINT( '', ( 0.000784982542248600, -0.00327613175889000, -0.00369141254016200 ) );
#3369 = CARTESIAN_POINT( '', ( 0.000785687776959600, -0.00327546385200100, -0.00386488472196000 ) );
#3370 = CARTESIAN_POINT( '', ( 0.000765026170645300, -0.00329503184685500, -0.00403715303684300 ) );
#3371 = CARTESIAN_POINT( '', ( 0.000722997723305700, -0.00333483574345300, -0.00420821748481200 ) );
#3372 = CARTESIAN_POINT( '', ( 0.000784982542248600, -0.00331325693061400, -0.00369142280810300 ) );
#3373 = CARTESIAN_POINT( '', ( 0.000785687776959600, -0.00331271371008900, -0.00386468411633600 ) );
#3374 = CARTESIAN_POINT( '', ( 0.000765026170645300, -0.00332862870753600, -0.00403695232744300 ) );
#3375 = CARTESIAN_POINT( '', ( 0.000722997723305700, -0.00336100192295400, -0.00420822744142400 ) );
#3376 = CARTESIAN_POINT( '', ( 0.000784982542248600, -0.00337954634431800, -0.00369143605676200 ) );
#3377 = CARTESIAN_POINT( '', ( 0.000785687776959600, -0.00337922575942200, -0.00386442527617400 ) );
#3378 = CARTESIAN_POINT( '', ( 0.000765026170645300, -0.00338861809191800, -0.00403669335337900 ) );
#3379 = CARTESIAN_POINT( '', ( 0.000722997723305700, -0.00340772334180300, -0.00420824028837800 ) );
#3380 = CARTESIAN_POINT( '', ( 0.000784982542248600, -0.00347500000000000, -0.00369144191911300 ) );
#3381 = CARTESIAN_POINT( '', ( 0.000785687776959600, -0.00347500000000000, -0.00386431074294100 ) );
#3382 = CARTESIAN_POINT( '', ( 0.000765026170645300, -0.00347500000000000, -0.00403657876089700 ) );
#3383 = CARTESIAN_POINT( '', ( 0.000722997723305700, -0.00347500000000000, -0.00420824597298000 ) );
#3384 = CARTESIAN_POINT( '', ( 0.000784982542248600, -0.00357045365568200, -0.00369143605676200 ) );
#3385 = CARTESIAN_POINT( '', ( 0.000785687776959600, -0.00357077424057800, -0.00386442527617400 ) );
#3386 = CARTESIAN_POINT( '', ( 0.000765026170645300, -0.00356138190808200, -0.00403669335337900 ) );
#3387 = CARTESIAN_POINT( '', ( 0.000722997723305700, -0.00354227665819700, -0.00420824028837800 ) );
#3388 = CARTESIAN_POINT( '', ( 0.000784982542248600, -0.00363674306938600, -0.00369142280810300 ) );
#3389 = CARTESIAN_POINT( '', ( 0.000785687776959600, -0.00363728628991100, -0.00386468411633600 ) );
#3390 = CARTESIAN_POINT( '', ( 0.000765026170645300, -0.00362137129246400, -0.00403695232744300 ) );
#3391 = CARTESIAN_POINT( '', ( 0.000722997723305700, -0.00358899807704600, -0.00420822744142400 ) );
#3392 = CARTESIAN_POINT( '', ( 0.000784982542248600, -0.00367386824111000, -0.00369141254016200 ) );
#3393 = CARTESIAN_POINT( '', ( 0.000785687776959600, -0.00367453614799900, -0.00386488472196000 ) );
#3394 = CARTESIAN_POINT( '', ( 0.000765026170645300, -0.00365496815314500, -0.00403715303684300 ) );
#3395 = CARTESIAN_POINT( '', ( 0.000722997723305700, -0.00361516425654700, -0.00420821748481200 ) );
#3396 = SURFACE_SIDE_STYLE( '', ( #6112 ) );
#3397 = EDGE_LOOP( '', ( #6113, #6114, #6115, #6116 ) );
#3398 = CARTESIAN_POINT( '', ( -0.000465017457751400, -0.00327613175889000, -0.00369141254016200 ) );
#3399 = CARTESIAN_POINT( '', ( -0.000464312223040400, -0.00327546385200100, -0.00386488472196000 ) );
#3400 = CARTESIAN_POINT( '', ( -0.000484973829354700, -0.00329503184685500, -0.00403715303684300 ) );
#3401 = CARTESIAN_POINT( '', ( -0.000527002276694300, -0.00333483574345300, -0.00420821748481200 ) );
#3402 = CARTESIAN_POINT( '', ( -0.000465017457751400, -0.00331325693061400, -0.00369142280810300 ) );
#3403 = CARTESIAN_POINT( '', ( -0.000464312223040400, -0.00331271371008900, -0.00386468411633600 ) );
#3404 = CARTESIAN_POINT( '', ( -0.000484973829354700, -0.00332862870753600, -0.00403695232744300 ) );
#3405 = CARTESIAN_POINT( '', ( -0.000527002276694300, -0.00336100192295400, -0.00420822744142400 ) );
#3406 = CARTESIAN_POINT( '', ( -0.000465017457751400, -0.00337954634431800, -0.00369143605676200 ) );
#3407 = CARTESIAN_POINT( '', ( -0.000464312223040400, -0.00337922575942200, -0.00386442527617400 ) );
#3408 = CARTESIAN_POINT( '', ( -0.000484973829354700, -0.00338861809191800, -0.00403669335337900 ) );
#3409 = CARTESIAN_POINT( '', ( -0.000527002276694300, -0.00340772334180300, -0.00420824028837800 ) );
#3410 = CARTESIAN_POINT( '', ( -0.000465017457751400, -0.00347500000000000, -0.00369144191911300 ) );
#3411 = CARTESIAN_POINT( '', ( -0.000464312223040400, -0.00347500000000000, -0.00386431074294100 ) );
#3412 = CARTESIAN_POINT( '', ( -0.000484973829354700, -0.00347500000000000, -0.00403657876089700 ) );
#3413 = CARTESIAN_POINT( '', ( -0.000527002276694300, -0.00347500000000000, -0.00420824597298000 ) );
#3414 = CARTESIAN_POINT( '', ( -0.000465017457751400, -0.00357045365568200, -0.00369143605676200 ) );
#3415 = CARTESIAN_POINT( '', ( -0.000464312223040400, -0.00357077424057800, -0.00386442527617400 ) );
#3416 = CARTESIAN_POINT( '', ( -0.000484973829354700, -0.00356138190808200, -0.00403669335337900 ) );
#3417 = CARTESIAN_POINT( '', ( -0.000527002276694300, -0.00354227665819700, -0.00420824028837800 ) );
#3418 = CARTESIAN_POINT( '', ( -0.000465017457751400, -0.00363674306938600, -0.00369142280810300 ) );
#3419 = CARTESIAN_POINT( '', ( -0.000464312223040400, -0.00363728628991100, -0.00386468411633600 ) );
#3420 = CARTESIAN_POINT( '', ( -0.000484973829354700, -0.00362137129246400, -0.00403695232744300 ) );
#3421 = CARTESIAN_POINT( '', ( -0.000527002276694300, -0.00358899807704600, -0.00420822744142400 ) );
#3422 = CARTESIAN_POINT( '', ( -0.000465017457751400, -0.00367386824111000, -0.00369141254016200 ) );
#3423 = CARTESIAN_POINT( '', ( -0.000464312223040400, -0.00367453614799900, -0.00386488472196000 ) );
#3424 = CARTESIAN_POINT( '', ( -0.000484973829354700, -0.00365496815314500, -0.00403715303684300 ) );
#3425 = CARTESIAN_POINT( '', ( -0.000527002276694300, -0.00361516425654700, -0.00420821748481200 ) );
#3426 = SURFACE_SIDE_STYLE( '', ( #6117 ) );
#3427 = EDGE_LOOP( '', ( #6118, #6119, #6120, #6121 ) );
#3428 = CARTESIAN_POINT( '', ( -0.000784982542248600, -0.00367386824111000, -0.00369141254016200 ) );
#3429 = CARTESIAN_POINT( '', ( -0.000785687776959600, -0.00367453614799900, -0.00386488472196000 ) );
#3430 = CARTESIAN_POINT( '', ( -0.000765026170645300, -0.00365496815314500, -0.00403715303684300 ) );
#3431 = CARTESIAN_POINT( '', ( -0.000722997723305700, -0.00361516425654700, -0.00420821748481200 ) );
#3432 = CARTESIAN_POINT( '', ( -0.000784982542248600, -0.00363674306938600, -0.00369142280810300 ) );
#3433 = CARTESIAN_POINT( '', ( -0.000785687776959600, -0.00363728628991100, -0.00386468411633600 ) );
#3434 = CARTESIAN_POINT( '', ( -0.000765026170645300, -0.00362137129246400, -0.00403695232744300 ) );
#3435 = CARTESIAN_POINT( '', ( -0.000722997723305700, -0.00358899807704600, -0.00420822744142400 ) );
#3436 = CARTESIAN_POINT( '', ( -0.000784982542248600, -0.00357045365568200, -0.00369143605676200 ) );
#3437 = CARTESIAN_POINT( '', ( -0.000785687776959600, -0.00357077424057800, -0.00386442527617400 ) );
#3438 = CARTESIAN_POINT( '', ( -0.000765026170645300, -0.00356138190808200, -0.00403669335337900 ) );
#3439 = CARTESIAN_POINT( '', ( -0.000722997723305700, -0.00354227665819700, -0.00420824028837800 ) );
#3440 = CARTESIAN_POINT( '', ( -0.000784982542248600, -0.00347500000000000, -0.00369144191911300 ) );
#3441 = CARTESIAN_POINT( '', ( -0.000785687776959600, -0.00347500000000000, -0.00386431074294100 ) );
#3442 = CARTESIAN_POINT( '', ( -0.000765026170645300, -0.00347500000000000, -0.00403657876089700 ) );
#3443 = CARTESIAN_POINT( '', ( -0.000722997723305700, -0.00347500000000000, -0.00420824597298000 ) );
#3444 = CARTESIAN_POINT( '', ( -0.000784982542248600, -0.00337954634431800, -0.00369143605676200 ) );
#3445 = CARTESIAN_POINT( '', ( -0.000785687776959600, -0.00337922575942200, -0.00386442527617400 ) );
#3446 = CARTESIAN_POINT( '', ( -0.000765026170645300, -0.00338861809191800, -0.00403669335337900 ) );
#3447 = CARTESIAN_POINT( '', ( -0.000722997723305700, -0.00340772334180300, -0.00420824028837800 ) );
#3448 = CARTESIAN_POINT( '', ( -0.000784982542248600, -0.00331325693061400, -0.00369142280810300 ) );
#3449 = CARTESIAN_POINT( '', ( -0.000785687776959600, -0.00331271371008900, -0.00386468411633600 ) );
#3450 = CARTESIAN_POINT( '', ( -0.000765026170645300, -0.00332862870753600, -0.00403695232744300 ) );
#3451 = CARTESIAN_POINT( '', ( -0.000722997723305700, -0.00336100192295400, -0.00420822744142400 ) );
#3452 = CARTESIAN_POINT( '', ( -0.000784982542248600, -0.00327613175889000, -0.00369141254016200 ) );
#3453 = CARTESIAN_POINT( '', ( -0.000785687776959600, -0.00327546385200100, -0.00386488472196000 ) );
#3454 = CARTESIAN_POINT( '', ( -0.000765026170645300, -0.00329503184685500, -0.00403715303684300 ) );
#3455 = CARTESIAN_POINT( '', ( -0.000722997723305700, -0.00333483574345300, -0.00420821748481200 ) );
#3456 = SURFACE_SIDE_STYLE( '', ( #6122 ) );
#3457 = EDGE_LOOP( '', ( #6123, #6124, #6125, #6126 ) );
#3458 = CARTESIAN_POINT( '', ( -0.00171501745775100, -0.00327613175889000, -0.00369141254016200 ) );
#3459 = CARTESIAN_POINT( '', ( -0.00171431222304000, -0.00327546385200100, -0.00386488472196000 ) );
#3460 = CARTESIAN_POINT( '', ( -0.00173497382935500, -0.00329503184685500, -0.00403715303684300 ) );
#3461 = CARTESIAN_POINT( '', ( -0.00177700227669400, -0.00333483574345300, -0.00420821748481200 ) );
#3462 = CARTESIAN_POINT( '', ( -0.00171501745775100, -0.00331325693061400, -0.00369142280810300 ) );
#3463 = CARTESIAN_POINT( '', ( -0.00171431222304000, -0.00331271371008900, -0.00386468411633600 ) );
#3464 = CARTESIAN_POINT( '', ( -0.00173497382935500, -0.00332862870753600, -0.00403695232744300 ) );
#3465 = CARTESIAN_POINT( '', ( -0.00177700227669400, -0.00336100192295400, -0.00420822744142400 ) );
#3466 = CARTESIAN_POINT( '', ( -0.00171501745775100, -0.00337954634431800, -0.00369143605676200 ) );
#3467 = CARTESIAN_POINT( '', ( -0.00171431222304000, -0.00337922575942200, -0.00386442527617400 ) );
#3468 = CARTESIAN_POINT( '', ( -0.00173497382935500, -0.00338861809191800, -0.00403669335337900 ) );
#3469 = CARTESIAN_POINT( '', ( -0.00177700227669400, -0.00340772334180300, -0.00420824028837800 ) );
#3470 = CARTESIAN_POINT( '', ( -0.00171501745775100, -0.00347500000000000, -0.00369144191911300 ) );
#3471 = CARTESIAN_POINT( '', ( -0.00171431222304000, -0.00347500000000000, -0.00386431074294100 ) );
#3472 = CARTESIAN_POINT( '', ( -0.00173497382935500, -0.00347500000000000, -0.00403657876089700 ) );
#3473 = CARTESIAN_POINT( '', ( -0.00177700227669400, -0.00347500000000000, -0.00420824597298000 ) );
#3474 = CARTESIAN_POINT( '', ( -0.00171501745775100, -0.00357045365568200, -0.00369143605676200 ) );
#3475 = CARTESIAN_POINT( '', ( -0.00171431222304000, -0.00357077424057800, -0.00386442527617400 ) );
#3476 = CARTESIAN_POINT( '', ( -0.00173497382935500, -0.00356138190808200, -0.00403669335337900 ) );
#3477 = CARTESIAN_POINT( '', ( -0.00177700227669400, -0.00354227665819700, -0.00420824028837800 ) );
#3478 = CARTESIAN_POINT( '', ( -0.00171501745775100, -0.00363674306938600, -0.00369142280810300 ) );
#3479 = CARTESIAN_POINT( '', ( -0.00171431222304000, -0.00363728628991100, -0.00386468411633600 ) );
#3480 = CARTESIAN_POINT( '', ( -0.00173497382935500, -0.00362137129246400, -0.00403695232744300 ) );
#3481 = CARTESIAN_POINT( '', ( -0.00177700227669400, -0.00358899807704600, -0.00420822744142400 ) );
#3482 = CARTESIAN_POINT( '', ( -0.00171501745775100, -0.00367386824111000, -0.00369141254016200 ) );
#3483 = CARTESIAN_POINT( '', ( -0.00171431222304000, -0.00367453614799900, -0.00386488472196000 ) );
#3484 = CARTESIAN_POINT( '', ( -0.00173497382935500, -0.00365496815314500, -0.00403715303684300 ) );
#3485 = CARTESIAN_POINT( '', ( -0.00177700227669400, -0.00361516425654700, -0.00420821748481200 ) );
#3486 = SURFACE_SIDE_STYLE( '', ( #6127 ) );
#3487 = EDGE_LOOP( '', ( #6128, #6129, #6130, #6131 ) );
#3488 = AXIS2_PLACEMENT_3D( '', #6132, #6133, #6134 );
#3489 = SURFACE_SIDE_STYLE( '', ( #6135 ) );
#3490 = EDGE_LOOP( '', ( #6136, #6137, #6138, #6139 ) );
#3491 = AXIS2_PLACEMENT_3D( '', #6140, #6141, #6142 );
#3492 = SURFACE_SIDE_STYLE( '', ( #6143 ) );
#3493 = EDGE_LOOP( '', ( #6144, #6145, #6146, #6147 ) );
#3494 = AXIS2_PLACEMENT_3D( '', #6148, #6149, #6150 );
#3495 = SURFACE_SIDE_STYLE( '', ( #6151 ) );
#3496 = EDGE_LOOP( '', ( #6152, #6153, #6154, #6155 ) );
#3497 = AXIS2_PLACEMENT_3D( '', #6156, #6157, #6158 );
#3498 = SURFACE_SIDE_STYLE( '', ( #6159 ) );
#3499 = EDGE_LOOP( '', ( #6160, #6161, #6162, #6163, #6164, #6165 ) );
#3500 = AXIS2_PLACEMENT_3D( '', #6166, #6167, #6168 );
#3501 = SURFACE_SIDE_STYLE( '', ( #6169 ) );
#3502 = EDGE_LOOP( '', ( #6170, #6171, #6172, #6173 ) );
#3503 = AXIS2_PLACEMENT_3D( '', #6174, #6175, #6176 );
#3504 = SURFACE_SIDE_STYLE( '', ( #6177 ) );
#3505 = EDGE_LOOP( '', ( #6178, #6179, #6180, #6181 ) );
#3506 = AXIS2_PLACEMENT_3D( '', #6182, #6183, #6184 );
#3507 = SURFACE_SIDE_STYLE( '', ( #6185 ) );
#3508 = EDGE_LOOP( '', ( #6186, #6187, #6188, #6189 ) );
#3509 = CARTESIAN_POINT( '', ( -0.00198862629616700, 0.000281956325050300, -0.000670110426212400 ) );
#3510 = CARTESIAN_POINT( '', ( -0.00203911375907100, 0.000180996069639300, -0.000741992686313400 ) );
#3511 = CARTESIAN_POINT( '', ( -0.00206365141012100, 7.56973372257100E-05, -0.000776928524115400 ) );
#3512 = CARTESIAN_POINT( '', ( -0.00206223924931700, -3.39398721905000E-05, -0.000774917939618300 ) );
#3513 = CARTESIAN_POINT( '', ( -0.00196692857339900, 0.000281991205893700, -0.000670110426212400 ) );
#3514 = CARTESIAN_POINT( '', ( -0.00200777510801200, 0.000180512257907000, -0.000741992686313400 ) );
#3515 = CARTESIAN_POINT( '', ( -0.00202762712582500, 7.52157471288600E-05, -0.000776928524115400 ) );
#3516 = CARTESIAN_POINT( '', ( -0.00202648462684000, -3.38983264407400E-05, -0.000774917939618300 ) );
#3517 = CARTESIAN_POINT( '', ( -0.00192905314134400, 0.000282035275051300, -0.000670110426212400 ) );
#3518 = CARTESIAN_POINT( '', ( -0.00195307052165500, 0.000179901000452800, -0.000741992686313400 ) );
#3519 = CARTESIAN_POINT( '', ( -0.00196474332245200, 7.46072965334900E-05, -0.000776928524115400 ) );
#3520 = CARTESIAN_POINT( '', ( -0.00196407154373400, -3.38458367065300E-05, -0.000774917939618300 ) );
#3521 = CARTESIAN_POINT( '', ( -0.00187500000000000, 0.000282054494301100, -0.000670110426212400 ) );
#3522 = CARTESIAN_POINT( '', ( -0.00187500000000000, 0.000179634421503600, -0.000741992686313400 ) );
#3523 = CARTESIAN_POINT( '', ( -0.00187500000000000, 7.43419416994800E-05, -0.000776928524115400 ) );
#3524 = CARTESIAN_POINT( '', ( -0.00187500000000000, -3.38229451113600E-05, -0.000774917939618300 ) );
#3525 = CARTESIAN_POINT( '', ( -0.00182094685865600, 0.000282035275051300, -0.000670110426212400 ) );
#3526 = CARTESIAN_POINT( '', ( -0.00179692947834500, 0.000179901000452800, -0.000741992686313400 ) );
#3527 = CARTESIAN_POINT( '', ( -0.00178525667754800, 7.46072965334900E-05, -0.000776928524115400 ) );
#3528 = CARTESIAN_POINT( '', ( -0.00178592845626600, -3.38458367065300E-05, -0.000774917939618300 ) );
#3529 = CARTESIAN_POINT( '', ( -0.00178307142660100, 0.000281991205893700, -0.000670110426212400 ) );
#3530 = CARTESIAN_POINT( '', ( -0.00174222489198800, 0.000180512257907000, -0.000741992686313400 ) );
#3531 = CARTESIAN_POINT( '', ( -0.00172237287417500, 7.52157471288600E-05, -0.000776928524115400 ) );
#3532 = CARTESIAN_POINT( '', ( -0.00172351537316000, -3.38983264407400E-05, -0.000774917939618300 ) );
#3533 = CARTESIAN_POINT( '', ( -0.00176137370383300, 0.000281956325050300, -0.000670110426212400 ) );
#3534 = CARTESIAN_POINT( '', ( -0.00171088624092900, 0.000180996069639300, -0.000741992686313400 ) );
#3535 = CARTESIAN_POINT( '', ( -0.00168634858987900, 7.56973372257100E-05, -0.000776928524115400 ) );
#3536 = CARTESIAN_POINT( '', ( -0.00168776075068300, -3.39398721905000E-05, -0.000774917939618300 ) );
#3537 = SURFACE_SIDE_STYLE( '', ( #6190 ) );
#3538 = EDGE_LOOP( '', ( #6191, #6192, #6193, #6194 ) );
#3539 = AXIS2_PLACEMENT_3D( '', #6195, #6196, #6197 );
#3540 = SURFACE_SIDE_STYLE( '', ( #6198 ) );
#3541 = EDGE_LOOP( '', ( #6199, #6200, #6201, #6202 ) );
#3542 = AXIS2_PLACEMENT_3D( '', #6203, #6204, #6205 );
#3543 = SURFACE_SIDE_STYLE( '', ( #6206 ) );
#3544 = EDGE_LOOP( '', ( #6207, #6208, #6209, #6210 ) );
#3545 = AXIS2_PLACEMENT_3D( '', #6211, #6212, #6213 );
#3546 = SURFACE_SIDE_STYLE( '', ( #6214 ) );
#3547 = EDGE_LOOP( '', ( #6215, #6216, #6217, #6218 ) );
#3548 = AXIS2_PLACEMENT_3D( '', #6219, #6220, #6221 );
#3549 = SURFACE_SIDE_STYLE( '', ( #6222 ) );
#3550 = EDGE_LOOP( '', ( #6223, #6224, #6225, #6226 ) );
#3551 = AXIS2_PLACEMENT_3D( '', #6227, #6228, #6229 );
#3552 = SURFACE_SIDE_STYLE( '', ( #6230 ) );
#3553 = EDGE_LOOP( '', ( #6231, #6232, #6233, #6234 ) );
#3554 = AXIS2_PLACEMENT_3D( '', #6235, #6236, #6237 );
#3555 = SURFACE_SIDE_STYLE( '', ( #6238 ) );
#3556 = EDGE_LOOP( '', ( #6239, #6240, #6241, #6242 ) );
#3557 = AXIS2_PLACEMENT_3D( '', #6243, #6244, #6245 );
#3558 = SURFACE_SIDE_STYLE( '', ( #6246 ) );
#3559 = EDGE_LOOP( '', ( #6247, #6248, #6249, #6250 ) );
#3560 = AXIS2_PLACEMENT_3D( '', #6251, #6252, #6253 );
#3561 = SURFACE_SIDE_STYLE( '', ( #6254 ) );
#3562 = EDGE_LOOP( '', ( #6255, #6256, #6257, #6258 ) );
#3563 = AXIS2_PLACEMENT_3D( '', #6259, #6260, #6261 );
#3564 = SURFACE_SIDE_STYLE( '', ( #6262 ) );
#3565 = EDGE_LOOP( '', ( #6263, #6264, #6265, #6266 ) );
#3566 = AXIS2_PLACEMENT_3D( '', #6267, #6268, #6269 );
#3567 = SURFACE_SIDE_STYLE( '', ( #6270 ) );
#3568 = EDGE_LOOP( '', ( #6271, #6272, #6273, #6274 ) );
#3569 = AXIS2_PLACEMENT_3D( '', #6275, #6276, #6277 );
#3570 = SURFACE_SIDE_STYLE( '', ( #6278 ) );
#3571 = EDGE_LOOP( '', ( #6279, #6280, #6281, #6282 ) );
#3572 = AXIS2_PLACEMENT_3D( '', #6283, #6284, #6285 );
#3573 = SURFACE_SIDE_STYLE( '', ( #6286 ) );
#3574 = EDGE_LOOP( '', ( #6287, #6288, #6289, #6290 ) );
#3575 = AXIS2_PLACEMENT_3D( '', #6291, #6292, #6293 );
#3576 = SURFACE_SIDE_STYLE( '', ( #6294 ) );
#3577 = EDGE_LOOP( '', ( #6295, #6296, #6297, #6298 ) );
#3578 = AXIS2_PLACEMENT_3D( '', #6299, #6300, #6301 );
#3579 = SURFACE_SIDE_STYLE( '', ( #6302 ) );
#3580 = EDGE_LOOP( '', ( #6303, #6304, #6305, #6306 ) );
#3581 = AXIS2_PLACEMENT_3D( '', #6307, #6308, #6309 );
#3582 = SURFACE_SIDE_STYLE( '', ( #6310 ) );
#3583 = EDGE_LOOP( '', ( #6311, #6312, #6313, #6314 ) );
#3584 = AXIS2_PLACEMENT_3D( '', #6315, #6316, #6317 );
#3585 = SURFACE_SIDE_STYLE( '', ( #6318 ) );
#3586 = EDGE_LOOP( '', ( #6319, #6320, #6321, #6322 ) );
#3587 = AXIS2_PLACEMENT_3D( '', #6323, #6324, #6325 );
#3588 = SURFACE_SIDE_STYLE( '', ( #6326 ) );
#3589 = EDGE_LOOP( '', ( #6327, #6328, #6329, #6330 ) );
#3590 = AXIS2_PLACEMENT_3D( '', #6331, #6332, #6333 );
#3591 = SURFACE_SIDE_STYLE( '', ( #6334 ) );
#3592 = EDGE_LOOP( '', ( #6335, #6336, #6337, #6338 ) );
#3593 = AXIS2_PLACEMENT_3D( '', #6339, #6340, #6341 );
#3594 = SURFACE_SIDE_STYLE( '', ( #6342 ) );
#3595 = EDGE_LOOP( '', ( #6343, #6344, #6345, #6346 ) );
#3596 = AXIS2_PLACEMENT_3D( '', #6347, #6348, #6349 );
#3597 = SURFACE_SIDE_STYLE( '', ( #6350 ) );
#3598 = EDGE_LOOP( '', ( #6351, #6352, #6353, #6354 ) );
#3599 = AXIS2_PLACEMENT_3D( '', #6355, #6356, #6357 );
#3600 = SURFACE_SIDE_STYLE( '', ( #6358 ) );
#3601 = EDGE_LOOP( '', ( #6359, #6360, #6361, #6362, #6363, #6364 ) );
#3602 = AXIS2_PLACEMENT_3D( '', #6365, #6366, #6367 );
#3603 = SURFACE_SIDE_STYLE( '', ( #6368 ) );
#3604 = EDGE_LOOP( '', ( #6369, #6370, #6371 ) );
#3605 = AXIS2_PLACEMENT_3D( '', #6372, #6373, #6374 );
#3606 = SURFACE_SIDE_STYLE( '', ( #6375 ) );
#3607 = EDGE_LOOP( '', ( #6376, #6377, #6378, #6379 ) );
#3608 = AXIS2_PLACEMENT_3D( '', #6380, #6381, #6382 );
#3609 = SURFACE_SIDE_STYLE( '', ( #6383 ) );
#3610 = EDGE_LOOP( '', ( #6384, #6385, #6386, #6387 ) );
#3611 = AXIS2_PLACEMENT_3D( '', #6388, #6389, #6390 );
#3612 = SURFACE_SIDE_STYLE( '', ( #6391 ) );
#3613 = EDGE_LOOP( '', ( #6392, #6393, #6394, #6395, #6396, #6397, #6398, #6399 ) );
#3614 = AXIS2_PLACEMENT_3D( '', #6400, #6401, #6402 );
#3615 = SURFACE_SIDE_STYLE( '', ( #6403 ) );
#3616 = EDGE_LOOP( '', ( #6404, #6405, #6406, #6407 ) );
#3617 = AXIS2_PLACEMENT_3D( '', #6408, #6409, #6410 );
#3618 = SURFACE_SIDE_STYLE( '', ( #6411 ) );
#3619 = EDGE_LOOP( '', ( #6412, #6413, #6414, #6415 ) );
#3620 = AXIS2_PLACEMENT_3D( '', #6416, #6417, #6418 );
#3621 = SURFACE_SIDE_STYLE( '', ( #6419 ) );
#3622 = EDGE_LOOP( '', ( #6420, #6421, #6422, #6423, #6424, #6425 ) );
#3623 = AXIS2_PLACEMENT_3D( '', #6426, #6427, #6428 );
#3624 = SURFACE_SIDE_STYLE( '', ( #6429 ) );
#3625 = EDGE_LOOP( '', ( #6430, #6431, #6432, #6433, #6434, #6435, #6436 ) );
#3626 = AXIS2_PLACEMENT_3D( '', #6437, #6438, #6439 );
#3627 = SURFACE_SIDE_STYLE( '', ( #6440 ) );
#3628 = EDGE_LOOP( '', ( #6441, #6442, #6443, #6444 ) );
#3629 = AXIS2_PLACEMENT_3D( '', #6445, #6446, #6447 );
#3630 = SURFACE_SIDE_STYLE( '', ( #6448 ) );
#3631 = EDGE_LOOP( '', ( #6449, #6450, #6451, #6452, #6453, #6454, #6455, #6456 ) );
#3632 = AXIS2_PLACEMENT_3D( '', #6457, #6458, #6459 );
#3633 = SURFACE_SIDE_STYLE( '', ( #6460 ) );
#3634 = EDGE_LOOP( '', ( #6461, #6462, #6463, #6464 ) );
#3635 = AXIS2_PLACEMENT_3D( '', #6465, #6466, #6467 );
#3636 = SURFACE_SIDE_STYLE( '', ( #6468 ) );
#3637 = EDGE_LOOP( '', ( #6469, #6470, #6471, #6472 ) );
#3638 = AXIS2_PLACEMENT_3D( '', #6473, #6474, #6475 );
#3639 = SURFACE_SIDE_STYLE( '', ( #6476 ) );
#3640 = EDGE_LOOP( '', ( #6477, #6478, #6479, #6480 ) );
#3641 = AXIS2_PLACEMENT_3D( '', #6481, #6482, #6483 );
#3642 = SURFACE_SIDE_STYLE( '', ( #6484 ) );
#3643 = EDGE_LOOP( '', ( #6485, #6486, #6487, #6488 ) );
#3644 = AXIS2_PLACEMENT_3D( '', #6489, #6490, #6491 );
#3645 = SURFACE_SIDE_STYLE( '', ( #6492 ) );
#3646 = EDGE_LOOP( '', ( #6493, #6494, #6495, #6496 ) );
#3647 = CARTESIAN_POINT( '', ( -0.00296501745775100, -0.00327613175889000, -0.00369141254016200 ) );
#3648 = CARTESIAN_POINT( '', ( -0.00296431222304000, -0.00327546385200100, -0.00386488472196000 ) );
#3649 = CARTESIAN_POINT( '', ( -0.00298497382935500, -0.00329503184685500, -0.00403715303684300 ) );
#3650 = CARTESIAN_POINT( '', ( -0.00302700227669400, -0.00333483574345300, -0.00420821748481200 ) );
#3651 = CARTESIAN_POINT( '', ( -0.00296501745775100, -0.00331325693061400, -0.00369142280810300 ) );
#3652 = CARTESIAN_POINT( '', ( -0.00296431222304000, -0.00331271371008900, -0.00386468411633600 ) );
#3653 = CARTESIAN_POINT( '', ( -0.00298497382935500, -0.00332862870753600, -0.00403695232744300 ) );
#3654 = CARTESIAN_POINT( '', ( -0.00302700227669400, -0.00336100192295400, -0.00420822744142400 ) );
#3655 = CARTESIAN_POINT( '', ( -0.00296501745775100, -0.00337954634431800, -0.00369143605676200 ) );
#3656 = CARTESIAN_POINT( '', ( -0.00296431222304000, -0.00337922575942200, -0.00386442527617400 ) );
#3657 = CARTESIAN_POINT( '', ( -0.00298497382935500, -0.00338861809191800, -0.00403669335337900 ) );
#3658 = CARTESIAN_POINT( '', ( -0.00302700227669400, -0.00340772334180300, -0.00420824028837800 ) );
#3659 = CARTESIAN_POINT( '', ( -0.00296501745775100, -0.00347500000000000, -0.00369144191911300 ) );
#3660 = CARTESIAN_POINT( '', ( -0.00296431222304000, -0.00347500000000000, -0.00386431074294100 ) );
#3661 = CARTESIAN_POINT( '', ( -0.00298497382935500, -0.00347500000000000, -0.00403657876089700 ) );
#3662 = CARTESIAN_POINT( '', ( -0.00302700227669400, -0.00347500000000000, -0.00420824597298000 ) );
#3663 = CARTESIAN_POINT( '', ( -0.00296501745775100, -0.00357045365568200, -0.00369143605676200 ) );
#3664 = CARTESIAN_POINT( '', ( -0.00296431222304000, -0.00357077424057800, -0.00386442527617400 ) );
#3665 = CARTESIAN_POINT( '', ( -0.00298497382935500, -0.00356138190808200, -0.00403669335337900 ) );
#3666 = CARTESIAN_POINT( '', ( -0.00302700227669400, -0.00354227665819700, -0.00420824028837800 ) );
#3667 = CARTESIAN_POINT( '', ( -0.00296501745775100, -0.00363674306938600, -0.00369142280810300 ) );
#3668 = CARTESIAN_POINT( '', ( -0.00296431222304000, -0.00363728628991100, -0.00386468411633600 ) );
#3669 = CARTESIAN_POINT( '', ( -0.00298497382935500, -0.00362137129246400, -0.00403695232744300 ) );
#3670 = CARTESIAN_POINT( '', ( -0.00302700227669400, -0.00358899807704600, -0.00420822744142400 ) );
#3671 = CARTESIAN_POINT( '', ( -0.00296501745775100, -0.00367386824111000, -0.00369141254016200 ) );
#3672 = CARTESIAN_POINT( '', ( -0.00296431222304000, -0.00367453614799900, -0.00386488472196000 ) );
#3673 = CARTESIAN_POINT( '', ( -0.00298497382935500, -0.00365496815314500, -0.00403715303684300 ) );
#3674 = CARTESIAN_POINT( '', ( -0.00302700227669400, -0.00361516425654700, -0.00420821748481200 ) );
#3675 = SURFACE_SIDE_STYLE( '', ( #6497 ) );
#3676 = EDGE_LOOP( '', ( #6498, #6499, #6500, #6501 ) );
#3677 = AXIS2_PLACEMENT_3D( '', #6502, #6503, #6504 );
#3678 = SURFACE_SIDE_STYLE( '', ( #6505 ) );
#3679 = EDGE_LOOP( '', ( #6506, #6507, #6508, #6509 ) );
#3680 = AXIS2_PLACEMENT_3D( '', #6510, #6511, #6512 );
#3681 = SURFACE_SIDE_STYLE( '', ( #6513 ) );
#3682 = EDGE_LOOP( '', ( #6514, #6515, #6516, #6517, #6518, #6519 ) );
#3683 = AXIS2_PLACEMENT_3D( '', #6520, #6521, #6522 );
#3684 = SURFACE_SIDE_STYLE( '', ( #6523 ) );
#3685 = EDGE_LOOP( '', ( #6524, #6525, #6526, #6527 ) );
#3686 = AXIS2_PLACEMENT_3D( '', #6528, #6529, #6530 );
#3687 = SURFACE_SIDE_STYLE( '', ( #6531 ) );
#3688 = EDGE_LOOP( '', ( #6532, #6533, #6534, #6535 ) );
#3689 = AXIS2_PLACEMENT_3D( '', #6536, #6537, #6538 );
#3690 = SURFACE_SIDE_STYLE( '', ( #6539 ) );
#3691 = EDGE_LOOP( '', ( #6540, #6541, #6542, #6543 ) );
#3692 = AXIS2_PLACEMENT_3D( '', #6544, #6545, #6546 );
#3693 = SURFACE_SIDE_STYLE( '', ( #6547 ) );
#3694 = EDGE_LOOP( '', ( #6548, #6549, #6550, #6551 ) );
#3695 = AXIS2_PLACEMENT_3D( '', #6552, #6553, #6554 );
#3696 = SURFACE_SIDE_STYLE( '', ( #6555 ) );
#3697 = EDGE_LOOP( '', ( #6556, #6557, #6558, #6559 ) );
#3698 = CARTESIAN_POINT( '', ( 0.00323862629616700, 0.000281956325050300, -0.000279889573787600 ) );
#3699 = CARTESIAN_POINT( '', ( 0.00328911375907100, 0.000180996069639300, -0.000208007313686600 ) );
#3700 = CARTESIAN_POINT( '', ( 0.00331365141012100, 7.56973372257100E-05, -0.000173071475884600 ) );
#3701 = CARTESIAN_POINT( '', ( 0.00331223924931700, -3.39398721905000E-05, -0.000175082060381700 ) );
#3702 = CARTESIAN_POINT( '', ( 0.00321692857339900, 0.000281991205893700, -0.000279889573787600 ) );
#3703 = CARTESIAN_POINT( '', ( 0.00325777510801200, 0.000180512257907000, -0.000208007313686600 ) );
#3704 = CARTESIAN_POINT( '', ( 0.00327762712582500, 7.52157471288600E-05, -0.000173071475884600 ) );
#3705 = CARTESIAN_POINT( '', ( 0.00327648462684000, -3.38983264407400E-05, -0.000175082060381700 ) );
#3706 = CARTESIAN_POINT( '', ( 0.00317905314134400, 0.000282035275051300, -0.000279889573787600 ) );
#3707 = CARTESIAN_POINT( '', ( 0.00320307052165500, 0.000179901000452800, -0.000208007313686600 ) );
#3708 = CARTESIAN_POINT( '', ( 0.00321474332245200, 7.46072965334900E-05, -0.000173071475884600 ) );
#3709 = CARTESIAN_POINT( '', ( 0.00321407154373400, -3.38458367065300E-05, -0.000175082060381700 ) );
#3710 = CARTESIAN_POINT( '', ( 0.00312500000000000, 0.000282054494301100, -0.000279889573787600 ) );
#3711 = CARTESIAN_POINT( '', ( 0.00312500000000000, 0.000179634421503600, -0.000208007313686600 ) );
#3712 = CARTESIAN_POINT( '', ( 0.00312500000000000, 7.43419416994800E-05, -0.000173071475884600 ) );
#3713 = CARTESIAN_POINT( '', ( 0.00312500000000000, -3.38229451113600E-05, -0.000175082060381700 ) );
#3714 = CARTESIAN_POINT( '', ( 0.00307094685865600, 0.000282035275051300, -0.000279889573787600 ) );
#3715 = CARTESIAN_POINT( '', ( 0.00304692947834500, 0.000179901000452800, -0.000208007313686600 ) );
#3716 = CARTESIAN_POINT( '', ( 0.00303525667754800, 7.46072965334900E-05, -0.000173071475884600 ) );
#3717 = CARTESIAN_POINT( '', ( 0.00303592845626600, -3.38458367065300E-05, -0.000175082060381700 ) );
#3718 = CARTESIAN_POINT( '', ( 0.00303307142660100, 0.000281991205893700, -0.000279889573787600 ) );
#3719 = CARTESIAN_POINT( '', ( 0.00299222489198800, 0.000180512257907000, -0.000208007313686600 ) );
#3720 = CARTESIAN_POINT( '', ( 0.00297237287417500, 7.52157471288600E-05, -0.000173071475884600 ) );
#3721 = CARTESIAN_POINT( '', ( 0.00297351537316000, -3.38983264407400E-05, -0.000175082060381700 ) );
#3722 = CARTESIAN_POINT( '', ( 0.00301137370383300, 0.000281956325050300, -0.000279889573787600 ) );
#3723 = CARTESIAN_POINT( '', ( 0.00296088624092900, 0.000180996069639300, -0.000208007313686600 ) );
#3724 = CARTESIAN_POINT( '', ( 0.00293634858987900, 7.56973372257100E-05, -0.000173071475884600 ) );
#3725 = CARTESIAN_POINT( '', ( 0.00293776075068300, -3.39398721905000E-05, -0.000175082060381700 ) );
#3726 = SURFACE_SIDE_STYLE( '', ( #6560 ) );
#3727 = EDGE_LOOP( '', ( #6561, #6562, #6563, #6564 ) );
#3728 = AXIS2_PLACEMENT_3D( '', #6565, #6566, #6567 );
#3729 = SURFACE_SIDE_STYLE( '', ( #6568 ) );
#3730 = EDGE_LOOP( '', ( #6569, #6570, #6571, #6572, #6573, #6574 ) );
#3731 = AXIS2_PLACEMENT_3D( '', #6575, #6576, #6577 );
#3732 = SURFACE_SIDE_STYLE( '', ( #6578 ) );
#3733 = EDGE_LOOP( '', ( #6579, #6580, #6581, #6582, #6583, #6584 ) );
#3734 = AXIS2_PLACEMENT_3D( '', #6585, #6586, #6587 );
#3735 = SURFACE_SIDE_STYLE( '', ( #6588 ) );
#3736 = EDGE_LOOP( '', ( #6589, #6590, #6591 ) );
#3737 = AXIS2_PLACEMENT_3D( '', #6592, #6593, #6594 );
#3738 = SURFACE_SIDE_STYLE( '', ( #6595 ) );
#3739 = EDGE_LOOP( '', ( #6596, #6597, #6598, #6599 ) );
#3740 = CARTESIAN_POINT( '', ( 0.00168772347834500, -0.00330001449667400, -0.00369142260266300 ) );
#3741 = CARTESIAN_POINT( '', ( 0.00168689941190800, -0.00329942785838200, -0.00386499535222700 ) );
#3742 = CARTESIAN_POINT( '', ( 0.00171108602670300, -0.00331664588079500, -0.00403725864914100 ) );
#3743 = CARTESIAN_POINT( '', ( 0.00176028332273100, -0.00335166856391200, -0.00420821249340400 ) );
#3744 = CARTESIAN_POINT( '', ( 0.00172348521823200, -0.00330001449667400, -0.00369143861162900 ) );
#3745 = CARTESIAN_POINT( '', ( 0.00172281851294800, -0.00329942785838200, -0.00386468201986900 ) );
#3746 = CARTESIAN_POINT( '', ( 0.00174238652729400, -0.00331664588079500, -0.00403694516431200 ) );
#3747 = CARTESIAN_POINT( '', ( 0.00178218926126900, -0.00335166856391200, -0.00420822804495600 ) );
#3748 = CARTESIAN_POINT( '', ( 0.00178591072545000, -0.00330001449667400, -0.00369145866514800 ) );
#3749 = CARTESIAN_POINT( '', ( 0.00178551870897900, -0.00329942785838200, -0.00386428952627600 ) );
#3750 = CARTESIAN_POINT( '', ( 0.00179702451839300, -0.00331664588079500, -0.00403655247972600 ) );
#3751 = CARTESIAN_POINT( '', ( 0.00182042815369300, -0.00335166856391200, -0.00420824752550000 ) );
#3752 = CARTESIAN_POINT( '', ( 0.00187500000000000, -0.00330001449667400, -0.00369146730246300 ) );
#3753 = CARTESIAN_POINT( '', ( 0.00187500000000000, -0.00329942785838200, -0.00386412047411400 ) );
#3754 = CARTESIAN_POINT( '', ( 0.00187500000000000, -0.00331664588079500, -0.00403638334530100 ) );
#3755 = CARTESIAN_POINT( '', ( 0.00187500000000000, -0.00335166856391200, -0.00420825591602600 ) );
#3756 = CARTESIAN_POINT( '', ( 0.00196408927455000, -0.00330001449667400, -0.00369145866514800 ) );
#3757 = CARTESIAN_POINT( '', ( 0.00196448129102100, -0.00329942785838200, -0.00386428952627600 ) );
#3758 = CARTESIAN_POINT( '', ( 0.00195297548160700, -0.00331664588079500, -0.00403655247972600 ) );
#3759 = CARTESIAN_POINT( '', ( 0.00192957184630700, -0.00335166856391200, -0.00420824752550000 ) );
#3760 = CARTESIAN_POINT( '', ( 0.00202651478176800, -0.00330001449667400, -0.00369143861162900 ) );
#3761 = CARTESIAN_POINT( '', ( 0.00202718148705200, -0.00329942785838200, -0.00386468201986900 ) );
#3762 = CARTESIAN_POINT( '', ( 0.00200761347270600, -0.00331664588079500, -0.00403694516431200 ) );
#3763 = CARTESIAN_POINT( '', ( 0.00196781073873100, -0.00335166856391200, -0.00420822804495600 ) );
#3764 = CARTESIAN_POINT( '', ( 0.00206227652165500, -0.00330001449667400, -0.00369142260266300 ) );
#3765 = CARTESIAN_POINT( '', ( 0.00206310058809200, -0.00329942785838200, -0.00386499535222700 ) );
#3766 = CARTESIAN_POINT( '', ( 0.00203891397329700, -0.00331664588079500, -0.00403725864914100 ) );
#3767 = CARTESIAN_POINT( '', ( 0.00198971667726900, -0.00335166856391200, -0.00420821249340400 ) );
#3768 = SURFACE_SIDE_STYLE( '', ( #6600 ) );
#3769 = EDGE_LOOP( '', ( #6601, #6602, #6603, #6604 ) );
#3770 = AXIS2_PLACEMENT_3D( '', #6605, #6606, #6607 );
#3771 = SURFACE_SIDE_STYLE( '', ( #6608 ) );
#3772 = EDGE_LOOP( '', ( #6609, #6610, #6611, #6612 ) );
#3773 = CARTESIAN_POINT( '', ( -0.00176137370383300, 0.000281956325050300, -0.000279889573787600 ) );
#3774 = CARTESIAN_POINT( '', ( -0.00171088624092900, 0.000180996069639300, -0.000208007313686600 ) );
#3775 = CARTESIAN_POINT( '', ( -0.00168634858987900, 7.56973372257100E-05, -0.000173071475884600 ) );
#3776 = CARTESIAN_POINT( '', ( -0.00168776075068300, -3.39398721905000E-05, -0.000175082060381700 ) );
#3777 = CARTESIAN_POINT( '', ( -0.00178307142660100, 0.000281991205893700, -0.000279889573787600 ) );
#3778 = CARTESIAN_POINT( '', ( -0.00174222489198800, 0.000180512257907000, -0.000208007313686600 ) );
#3779 = CARTESIAN_POINT( '', ( -0.00172237287417500, 7.52157471288600E-05, -0.000173071475884600 ) );
#3780 = CARTESIAN_POINT( '', ( -0.00172351537316000, -3.38983264407400E-05, -0.000175082060381700 ) );
#3781 = CARTESIAN_POINT( '', ( -0.00182094685865600, 0.000282035275051300, -0.000279889573787600 ) );
#3782 = CARTESIAN_POINT( '', ( -0.00179692947834500, 0.000179901000452800, -0.000208007313686600 ) );
#3783 = CARTESIAN_POINT( '', ( -0.00178525667754800, 7.46072965334900E-05, -0.000173071475884600 ) );
#3784 = CARTESIAN_POINT( '', ( -0.00178592845626600, -3.38458367065300E-05, -0.000175082060381700 ) );
#3785 = CARTESIAN_POINT( '', ( -0.00187500000000000, 0.000282054494301100, -0.000279889573787600 ) );
#3786 = CARTESIAN_POINT( '', ( -0.00187500000000000, 0.000179634421503600, -0.000208007313686600 ) );
#3787 = CARTESIAN_POINT( '', ( -0.00187500000000000, 7.43419416994800E-05, -0.000173071475884600 ) );
#3788 = CARTESIAN_POINT( '', ( -0.00187500000000000, -3.38229451113600E-05, -0.000175082060381700 ) );
#3789 = CARTESIAN_POINT( '', ( -0.00192905314134400, 0.000282035275051300, -0.000279889573787600 ) );
#3790 = CARTESIAN_POINT( '', ( -0.00195307052165500, 0.000179901000452800, -0.000208007313686600 ) );
#3791 = CARTESIAN_POINT( '', ( -0.00196474332245200, 7.46072965334900E-05, -0.000173071475884600 ) );
#3792 = CARTESIAN_POINT( '', ( -0.00196407154373400, -3.38458367065300E-05, -0.000175082060381700 ) );
#3793 = CARTESIAN_POINT( '', ( -0.00196692857339900, 0.000281991205893700, -0.000279889573787600 ) );
#3794 = CARTESIAN_POINT( '', ( -0.00200777510801200, 0.000180512257907000, -0.000208007313686600 ) );
#3795 = CARTESIAN_POINT( '', ( -0.00202762712582500, 7.52157471288600E-05, -0.000173071475884600 ) );
#3796 = CARTESIAN_POINT( '', ( -0.00202648462684000, -3.38983264407400E-05, -0.000175082060381700 ) );
#3797 = CARTESIAN_POINT( '', ( -0.00198862629616700, 0.000281956325050300, -0.000279889573787600 ) );
#3798 = CARTESIAN_POINT( '', ( -0.00203911375907100, 0.000180996069639300, -0.000208007313686600 ) );
#3799 = CARTESIAN_POINT( '', ( -0.00206365141012100, 7.56973372257100E-05, -0.000173071475884600 ) );
#3800 = CARTESIAN_POINT( '', ( -0.00206223924931700, -3.39398721905000E-05, -0.000175082060381700 ) );
#3801 = SURFACE_SIDE_STYLE( '', ( #6613 ) );
#3802 = EDGE_LOOP( '', ( #6614, #6615, #6616, #6617, #6618, #6619, #6620, #6621, #6622, #6623, #6624, #6625, #6626, #6627, #6628, #6629 ) );
#3803 = AXIS2_PLACEMENT_3D( '', #6630, #6631, #6632 );
#3804 = SURFACE_SIDE_STYLE( '', ( #6633 ) );
#3805 = EDGE_LOOP( '', ( #6634, #6635, #6636, #6637 ) );
#3806 = AXIS2_PLACEMENT_3D( '', #6638, #6639, #6640 );
#3807 = SURFACE_SIDE_STYLE( '', ( #6641 ) );
#3808 = EDGE_LOOP( '', ( #6642, #6643, #6644, #6645 ) );
#3809 = CARTESIAN_POINT( '', ( 0.000527933744272600, 0.000281947924536900, -0.000263246114512900 ) );
#3810 = CARTESIAN_POINT( '', ( 0.000484824118710800, 0.000181158717641200, -0.000185267787984300 ) );
#3811 = CARTESIAN_POINT( '', ( 0.000463862068796500, 7.59096629029800E-05, -0.000147350836685700 ) );
#3812 = CARTESIAN_POINT( '', ( 0.000465047594529800, -3.37992396777400E-05, -0.000149495260617300 ) );
#3813 = CARTESIAN_POINT( '', ( 0.000527933744272600, 0.000282026534301300, -0.000301312338639900 ) );
#3814 = CARTESIAN_POINT( '', ( 0.000484824118710800, 0.000180068902443400, -0.000237351891631400 ) );
#3815 = CARTESIAN_POINT( '', ( 0.000463862068796500, 7.48243154268100E-05, -0.000206251132456200 ) );
#3816 = CARTESIAN_POINT( '', ( 0.000465047594529800, -3.37072267484900E-05, -0.000208010061114200 ) );
#3817 = CARTESIAN_POINT( '', ( 0.000527933744272600, 0.000282136839270200, -0.000371896967135600 ) );
#3818 = CARTESIAN_POINT( '', ( 0.000484824118710800, 0.000178539677259800, -0.000333929295636600 ) );
#3819 = CARTESIAN_POINT( '', ( 0.000463862068796500, 7.33013593358000E-05, -0.000315467520227600 ) );
#3820 = CARTESIAN_POINT( '', ( 0.000465047594529800, -3.35781145018300E-05, -0.000316511640908500 ) );
#3821 = CARTESIAN_POINT( '', ( 0.000527933744272600, 0.000282190684913200, -0.000475000000000000 ) );
#3822 = CARTESIAN_POINT( '', ( 0.000484824118710800, 0.000177793182208700, -0.000475000000000000 ) );
#3823 = CARTESIAN_POINT( '', ( 0.000463862068796500, 7.25579245577400E-05, -0.000475000000000000 ) );
#3824 = CARTESIAN_POINT( '', ( 0.000465047594529800, -3.35150880396700E-05, -0.000475000000000000 ) );
#3825 = CARTESIAN_POINT( '', ( 0.000527933744272600, 0.000282136839270200, -0.000578103032864400 ) );
#3826 = CARTESIAN_POINT( '', ( 0.000484824118710800, 0.000178539677259800, -0.000616070704363400 ) );
#3827 = CARTESIAN_POINT( '', ( 0.000463862068796500, 7.33013593358000E-05, -0.000634532479772400 ) );
#3828 = CARTESIAN_POINT( '', ( 0.000465047594529800, -3.35781145018300E-05, -0.000633488359091500 ) );
#3829 = CARTESIAN_POINT( '', ( 0.000527933744272600, 0.000282026534301300, -0.000648687661360100 ) );
#3830 = CARTESIAN_POINT( '', ( 0.000484824118710800, 0.000180068902443400, -0.000712648108368600 ) );
#3831 = CARTESIAN_POINT( '', ( 0.000463862068796500, 7.48243154268100E-05, -0.000743748867543800 ) );
#3832 = CARTESIAN_POINT( '', ( 0.000465047594529800, -3.37072267484900E-05, -0.000741989938885800 ) );
#3833 = CARTESIAN_POINT( '', ( 0.000527933744272600, 0.000281947924536900, -0.000686753885487100 ) );
#3834 = CARTESIAN_POINT( '', ( 0.000484824118710800, 0.000181158717641200, -0.000764732212015700 ) );
#3835 = CARTESIAN_POINT( '', ( 0.000463862068796500, 7.59096629029800E-05, -0.000802649163314300 ) );
#3836 = CARTESIAN_POINT( '', ( 0.000465047594529800, -3.37992396777400E-05, -0.000800504739382700 ) );
#3837 = SURFACE_SIDE_STYLE( '', ( #6646 ) );
#3838 = EDGE_LOOP( '', ( #6647, #6648, #6649, #6650 ) );
#3839 = CARTESIAN_POINT( '', ( -0.00447206625572700, 0.000281947924536900, -0.000263246114512900 ) );
#3840 = CARTESIAN_POINT( '', ( -0.00451517588128900, 0.000181158717641200, -0.000185267787984300 ) );
#3841 = CARTESIAN_POINT( '', ( -0.00453613793120300, 7.59096629029800E-05, -0.000147350836685700 ) );
#3842 = CARTESIAN_POINT( '', ( -0.00453495240547000, -3.37992396777400E-05, -0.000149495260617300 ) );
#3843 = CARTESIAN_POINT( '', ( -0.00447206625572700, 0.000282026534301300, -0.000301312338639900 ) );
#3844 = CARTESIAN_POINT( '', ( -0.00451517588128900, 0.000180068902443400, -0.000237351891631400 ) );
#3845 = CARTESIAN_POINT( '', ( -0.00453613793120300, 7.48243154268100E-05, -0.000206251132456200 ) );
#3846 = CARTESIAN_POINT( '', ( -0.00453495240547000, -3.37072267484900E-05, -0.000208010061114200 ) );
#3847 = CARTESIAN_POINT( '', ( -0.00447206625572700, 0.000282136839270200, -0.000371896967135600 ) );
#3848 = CARTESIAN_POINT( '', ( -0.00451517588128900, 0.000178539677259800, -0.000333929295636600 ) );
#3849 = CARTESIAN_POINT( '', ( -0.00453613793120300, 7.33013593358000E-05, -0.000315467520227600 ) );
#3850 = CARTESIAN_POINT( '', ( -0.00453495240547000, -3.35781145018300E-05, -0.000316511640908500 ) );
#3851 = CARTESIAN_POINT( '', ( -0.00447206625572700, 0.000282190684913200, -0.000475000000000000 ) );
#3852 = CARTESIAN_POINT( '', ( -0.00451517588128900, 0.000177793182208700, -0.000475000000000000 ) );
#3853 = CARTESIAN_POINT( '', ( -0.00453613793120300, 7.25579245577400E-05, -0.000475000000000000 ) );
#3854 = CARTESIAN_POINT( '', ( -0.00453495240547000, -3.35150880396700E-05, -0.000475000000000000 ) );
#3855 = CARTESIAN_POINT( '', ( -0.00447206625572700, 0.000282136839270200, -0.000578103032864400 ) );
#3856 = CARTESIAN_POINT( '', ( -0.00451517588128900, 0.000178539677259800, -0.000616070704363400 ) );
#3857 = CARTESIAN_POINT( '', ( -0.00453613793120300, 7.33013593358000E-05, -0.000634532479772400 ) );
#3858 = CARTESIAN_POINT( '', ( -0.00453495240547000, -3.35781145018300E-05, -0.000633488359091500 ) );
#3859 = CARTESIAN_POINT( '', ( -0.00447206625572700, 0.000282026534301300, -0.000648687661360100 ) );
#3860 = CARTESIAN_POINT( '', ( -0.00451517588128900, 0.000180068902443400, -0.000712648108368600 ) );
#3861 = CARTESIAN_POINT( '', ( -0.00453613793120300, 7.48243154268100E-05, -0.000743748867543800 ) );
#3862 = CARTESIAN_POINT( '', ( -0.00453495240547000, -3.37072267484900E-05, -0.000741989938885800 ) );
#3863 = CARTESIAN_POINT( '', ( -0.00447206625572700, 0.000281947924536900, -0.000686753885487100 ) );
#3864 = CARTESIAN_POINT( '', ( -0.00451517588128900, 0.000181158717641200, -0.000764732212015700 ) );
#3865 = CARTESIAN_POINT( '', ( -0.00453613793120300, 7.59096629029800E-05, -0.000802649163314300 ) );
#3866 = CARTESIAN_POINT( '', ( -0.00453495240547000, -3.37992396777400E-05, -0.000800504739382700 ) );
#3867 = SURFACE_SIDE_STYLE( '', ( #6651 ) );
#3868 = EDGE_LOOP( '', ( #6652, #6653, #6654, #6655 ) );
#3869 = AXIS2_PLACEMENT_3D( '', #6656, #6657, #6658 );
#3870 = SURFACE_SIDE_STYLE( '', ( #6659 ) );
#3871 = EDGE_LOOP( '', ( #6660, #6661, #6662, #6663 ) );
#3872 = CARTESIAN_POINT( '', ( 0.00421501745775100, -0.00367386824111000, -0.00369141254016200 ) );
#3873 = CARTESIAN_POINT( '', ( 0.00421431222304000, -0.00367453614799900, -0.00386488472196000 ) );
#3874 = CARTESIAN_POINT( '', ( 0.00423497382935500, -0.00365496815314500, -0.00403715303684300 ) );
#3875 = CARTESIAN_POINT( '', ( 0.00427700227669400, -0.00361516425654700, -0.00420821748481200 ) );
#3876 = CARTESIAN_POINT( '', ( 0.00421501745775100, -0.00363674306938600, -0.00369142280810300 ) );
#3877 = CARTESIAN_POINT( '', ( 0.00421431222304000, -0.00363728628991100, -0.00386468411633600 ) );
#3878 = CARTESIAN_POINT( '', ( 0.00423497382935500, -0.00362137129246400, -0.00403695232744300 ) );
#3879 = CARTESIAN_POINT( '', ( 0.00427700227669400, -0.00358899807704600, -0.00420822744142400 ) );
#3880 = CARTESIAN_POINT( '', ( 0.00421501745775100, -0.00357045365568200, -0.00369143605676200 ) );
#3881 = CARTESIAN_POINT( '', ( 0.00421431222304000, -0.00357077424057800, -0.00386442527617400 ) );
#3882 = CARTESIAN_POINT( '', ( 0.00423497382935500, -0.00356138190808200, -0.00403669335337900 ) );
#3883 = CARTESIAN_POINT( '', ( 0.00427700227669400, -0.00354227665819700, -0.00420824028837800 ) );
#3884 = CARTESIAN_POINT( '', ( 0.00421501745775100, -0.00347500000000000, -0.00369144191911300 ) );
#3885 = CARTESIAN_POINT( '', ( 0.00421431222304000, -0.00347500000000000, -0.00386431074294100 ) );
#3886 = CARTESIAN_POINT( '', ( 0.00423497382935500, -0.00347500000000000, -0.00403657876089700 ) );
#3887 = CARTESIAN_POINT( '', ( 0.00427700227669400, -0.00347500000000000, -0.00420824597298000 ) );
#3888 = CARTESIAN_POINT( '', ( 0.00421501745775100, -0.00337954634431800, -0.00369143605676200 ) );
#3889 = CARTESIAN_POINT( '', ( 0.00421431222304000, -0.00337922575942200, -0.00386442527617400 ) );
#3890 = CARTESIAN_POINT( '', ( 0.00423497382935500, -0.00338861809191800, -0.00403669335337900 ) );
#3891 = CARTESIAN_POINT( '', ( 0.00427700227669400, -0.00340772334180300, -0.00420824028837800 ) );
#3892 = CARTESIAN_POINT( '', ( 0.00421501745775100, -0.00331325693061400, -0.00369142280810300 ) );
#3893 = CARTESIAN_POINT( '', ( 0.00421431222304000, -0.00331271371008900, -0.00386468411633600 ) );
#3894 = CARTESIAN_POINT( '', ( 0.00423497382935500, -0.00332862870753600, -0.00403695232744300 ) );
#3895 = CARTESIAN_POINT( '', ( 0.00427700227669400, -0.00336100192295400, -0.00420822744142400 ) );
#3896 = CARTESIAN_POINT( '', ( 0.00421501745775100, -0.00327613175889000, -0.00369141254016200 ) );
#3897 = CARTESIAN_POINT( '', ( 0.00421431222304000, -0.00327546385200100, -0.00386488472196000 ) );
#3898 = CARTESIAN_POINT( '', ( 0.00423497382935500, -0.00329503184685500, -0.00403715303684300 ) );
#3899 = CARTESIAN_POINT( '', ( 0.00427700227669400, -0.00333483574345300, -0.00420821748481200 ) );
#3900 = SURFACE_SIDE_STYLE( '', ( #6664 ) );
#3901 = EDGE_LOOP( '', ( #6665, #6666, #6667, #6668 ) );
#3902 = CARTESIAN_POINT( '', ( 0.00203498254224900, -0.00327613175889000, -0.00369141254016200 ) );
#3903 = CARTESIAN_POINT( '', ( 0.00203568777696000, -0.00327546385200100, -0.00386488472196000 ) );
#3904 = CARTESIAN_POINT( '', ( 0.00201502617064500, -0.00329503184685500, -0.00403715303684300 ) );
#3905 = CARTESIAN_POINT( '', ( 0.00197299772330600, -0.00333483574345300, -0.00420821748481200 ) );
#3906 = CARTESIAN_POINT( '', ( 0.00203498254224900, -0.00331325693061400, -0.00369142280810300 ) );
#3907 = CARTESIAN_POINT( '', ( 0.00203568777696000, -0.00331271371008900, -0.00386468411633600 ) );
#3908 = CARTESIAN_POINT( '', ( 0.00201502617064500, -0.00332862870753600, -0.00403695232744300 ) );
#3909 = CARTESIAN_POINT( '', ( 0.00197299772330600, -0.00336100192295400, -0.00420822744142400 ) );
#3910 = CARTESIAN_POINT( '', ( 0.00203498254224900, -0.00337954634431800, -0.00369143605676200 ) );
#3911 = CARTESIAN_POINT( '', ( 0.00203568777696000, -0.00337922575942200, -0.00386442527617400 ) );
#3912 = CARTESIAN_POINT( '', ( 0.00201502617064500, -0.00338861809191800, -0.00403669335337900 ) );
#3913 = CARTESIAN_POINT( '', ( 0.00197299772330600, -0.00340772334180300, -0.00420824028837800 ) );
#3914 = CARTESIAN_POINT( '', ( 0.00203498254224900, -0.00347500000000000, -0.00369144191911300 ) );
#3915 = CARTESIAN_POINT( '', ( 0.00203568777696000, -0.00347500000000000, -0.00386431074294100 ) );
#3916 = CARTESIAN_POINT( '', ( 0.00201502617064500, -0.00347500000000000, -0.00403657876089700 ) );
#3917 = CARTESIAN_POINT( '', ( 0.00197299772330600, -0.00347500000000000, -0.00420824597298000 ) );
#3918 = CARTESIAN_POINT( '', ( 0.00203498254224900, -0.00357045365568200, -0.00369143605676200 ) );
#3919 = CARTESIAN_POINT( '', ( 0.00203568777696000, -0.00357077424057800, -0.00386442527617400 ) );
#3920 = CARTESIAN_POINT( '', ( 0.00201502617064500, -0.00356138190808200, -0.00403669335337900 ) );
#3921 = CARTESIAN_POINT( '', ( 0.00197299772330600, -0.00354227665819700, -0.00420824028837800 ) );
#3922 = CARTESIAN_POINT( '', ( 0.00203498254224900, -0.00363674306938600, -0.00369142280810300 ) );
#3923 = CARTESIAN_POINT( '', ( 0.00203568777696000, -0.00363728628991100, -0.00386468411633600 ) );
#3924 = CARTESIAN_POINT( '', ( 0.00201502617064500, -0.00362137129246400, -0.00403695232744300 ) );
#3925 = CARTESIAN_POINT( '', ( 0.00197299772330600, -0.00358899807704600, -0.00420822744142400 ) );
#3926 = CARTESIAN_POINT( '', ( 0.00203498254224900, -0.00367386824111000, -0.00369141254016200 ) );
#3927 = CARTESIAN_POINT( '', ( 0.00203568777696000, -0.00367453614799900, -0.00386488472196000 ) );
#3928 = CARTESIAN_POINT( '', ( 0.00201502617064500, -0.00365496815314500, -0.00403715303684300 ) );
#3929 = CARTESIAN_POINT( '', ( 0.00197299772330600, -0.00361516425654700, -0.00420821748481200 ) );
#3930 = SURFACE_SIDE_STYLE( '', ( #6669 ) );
#3931 = EDGE_LOOP( '', ( #6670, #6671, #6672, #6673 ) );
#3932 = AXIS2_PLACEMENT_3D( '', #6674, #6675, #6676 );
#3933 = SURFACE_SIDE_STYLE( '', ( #6677 ) );
#3934 = EDGE_LOOP( '', ( #6678, #6679, #6680, #6681, #6682, #6683, #6684, #6685 ) );
#3935 = AXIS2_PLACEMENT_3D( '', #6686, #6687, #6688 );
#3936 = SURFACE_SIDE_STYLE( '', ( #6689 ) );
#3937 = EDGE_LOOP( '', ( #6690, #6691, #6692, #6693 ) );
#3938 = CARTESIAN_POINT( '', ( -0.00426137370383300, 0.000281956325050300, -0.000279889573787600 ) );
#3939 = CARTESIAN_POINT( '', ( -0.00421088624092900, 0.000180996069639300, -0.000208007313686600 ) );
#3940 = CARTESIAN_POINT( '', ( -0.00418634858987900, 7.56973372257100E-05, -0.000173071475884600 ) );
#3941 = CARTESIAN_POINT( '', ( -0.00418776075068300, -3.39398721905000E-05, -0.000175082060381700 ) );
#3942 = CARTESIAN_POINT( '', ( -0.00428307142660100, 0.000281991205893700, -0.000279889573787600 ) );
#3943 = CARTESIAN_POINT( '', ( -0.00424222489198800, 0.000180512257907000, -0.000208007313686600 ) );
#3944 = CARTESIAN_POINT( '', ( -0.00422237287417500, 7.52157471288600E-05, -0.000173071475884600 ) );
#3945 = CARTESIAN_POINT( '', ( -0.00422351537316000, -3.38983264407400E-05, -0.000175082060381700 ) );
#3946 = CARTESIAN_POINT( '', ( -0.00432094685865600, 0.000282035275051300, -0.000279889573787600 ) );
#3947 = CARTESIAN_POINT( '', ( -0.00429692947834500, 0.000179901000452800, -0.000208007313686600 ) );
#3948 = CARTESIAN_POINT( '', ( -0.00428525667754800, 7.46072965334900E-05, -0.000173071475884600 ) );
#3949 = CARTESIAN_POINT( '', ( -0.00428592845626600, -3.38458367065300E-05, -0.000175082060381700 ) );
#3950 = CARTESIAN_POINT( '', ( -0.00437500000000000, 0.000282054494301100, -0.000279889573787600 ) );
#3951 = CARTESIAN_POINT( '', ( -0.00437500000000000, 0.000179634421503600, -0.000208007313686600 ) );
#3952 = CARTESIAN_POINT( '', ( -0.00437500000000000, 7.43419416994800E-05, -0.000173071475884600 ) );
#3953 = CARTESIAN_POINT( '', ( -0.00437500000000000, -3.38229451113600E-05, -0.000175082060381700 ) );
#3954 = CARTESIAN_POINT( '', ( -0.00442905314134400, 0.000282035275051300, -0.000279889573787600 ) );
#3955 = CARTESIAN_POINT( '', ( -0.00445307052165500, 0.000179901000452800, -0.000208007313686600 ) );
#3956 = CARTESIAN_POINT( '', ( -0.00446474332245200, 7.46072965334900E-05, -0.000173071475884600 ) );
#3957 = CARTESIAN_POINT( '', ( -0.00446407154373400, -3.38458367065300E-05, -0.000175082060381700 ) );
#3958 = CARTESIAN_POINT( '', ( -0.00446692857339900, 0.000281991205893700, -0.000279889573787600 ) );
#3959 = CARTESIAN_POINT( '', ( -0.00450777510801200, 0.000180512257907000, -0.000208007313686600 ) );
#3960 = CARTESIAN_POINT( '', ( -0.00452762712582500, 7.52157471288600E-05, -0.000173071475884600 ) );
#3961 = CARTESIAN_POINT( '', ( -0.00452648462684000, -3.38983264407400E-05, -0.000175082060381700 ) );
#3962 = CARTESIAN_POINT( '', ( -0.00448862629616700, 0.000281956325050300, -0.000279889573787600 ) );
#3963 = CARTESIAN_POINT( '', ( -0.00453911375907100, 0.000180996069639300, -0.000208007313686600 ) );
#3964 = CARTESIAN_POINT( '', ( -0.00456365141012100, 7.56973372257100E-05, -0.000173071475884600 ) );
#3965 = CARTESIAN_POINT( '', ( -0.00456223924931700, -3.39398721905000E-05, -0.000175082060381700 ) );
#3966 = SURFACE_SIDE_STYLE( '', ( #6694 ) );
#3967 = EDGE_LOOP( '', ( #6695, #6696, #6697, #6698 ) );
#3968 = AXIS2_PLACEMENT_3D( '', #6699, #6700, #6701 );
#3969 = SURFACE_SIDE_STYLE( '', ( #6702 ) );
#3970 = EDGE_LOOP( '', ( #6703, #6704, #6705, #6706, #6707, #6708, #6709, #6710 ) );
#3971 = AXIS2_PLACEMENT_3D( '', #6711, #6712, #6713 );
#3972 = SURFACE_SIDE_STYLE( '', ( #6714 ) );
#3973 = EDGE_LOOP( '', ( #6715, #6716, #6717, #6718 ) );
#3974 = AXIS2_PLACEMENT_3D( '', #6719, #6720, #6721 );
#3975 = SURFACE_SIDE_STYLE( '', ( #6722 ) );
#3976 = EDGE_LOOP( '', ( #6723, #6724, #6725, #6726, #6727, #6728 ) );
#3977 = AXIS2_PLACEMENT_3D( '', #6729, #6730, #6731 );
#3978 = SURFACE_SIDE_STYLE( '', ( #6732 ) );
#3979 = EDGE_LOOP( '', ( #6733, #6734, #6735, #6736 ) );
#3980 = AXIS2_PLACEMENT_3D( '', #6737, #6738, #6739 );
#3981 = SURFACE_SIDE_STYLE( '', ( #6740 ) );
#3982 = EDGE_LOOP( '', ( #6741, #6742, #6743, #6744 ) );
#3983 = AXIS2_PLACEMENT_3D( '', #6745, #6746, #6747 );
#3984 = SURFACE_SIDE_STYLE( '', ( #6748 ) );
#3985 = EDGE_LOOP( '', ( #6749, #6750, #6751, #6752 ) );
#3986 = CARTESIAN_POINT( '', ( -0.000511373703832800, 0.000281956325050300, -0.000279889573787600 ) );
#3987 = CARTESIAN_POINT( '', ( -0.000460886240929100, 0.000180996069639300, -0.000208007313686600 ) );
#3988 = CARTESIAN_POINT( '', ( -0.000436348589879200, 7.56973372257100E-05, -0.000173071475884600 ) );
#3989 = CARTESIAN_POINT( '', ( -0.000437760750683100, -3.39398721905000E-05, -0.000175082060381700 ) );
#3990 = CARTESIAN_POINT( '', ( -0.000533071426600700, 0.000281991205893700, -0.000279889573787600 ) );
#3991 = CARTESIAN_POINT( '', ( -0.000492224891988100, 0.000180512257907000, -0.000208007313686600 ) );
#3992 = CARTESIAN_POINT( '', ( -0.000472372874174600, 7.52157471288600E-05, -0.000173071475884600 ) );
#3993 = CARTESIAN_POINT( '', ( -0.000473515373160200, -3.38983264407400E-05, -0.000175082060381700 ) );
#3994 = CARTESIAN_POINT( '', ( -0.000570946858656400, 0.000282035275051300, -0.000279889573787600 ) );
#3995 = CARTESIAN_POINT( '', ( -0.000546929478345000, 0.000179901000452800, -0.000208007313686600 ) );
#3996 = CARTESIAN_POINT( '', ( -0.000535256677548200, 7.46072965334900E-05, -0.000173071475884600 ) );
#3997 = CARTESIAN_POINT( '', ( -0.000535928456265900, -3.38458367065300E-05, -0.000175082060381700 ) );
#3998 = CARTESIAN_POINT( '', ( -0.000625000000000000, 0.000282054494301100, -0.000279889573787600 ) );
#3999 = CARTESIAN_POINT( '', ( -0.000625000000000000, 0.000179634421503600, -0.000208007313686600 ) );
#4000 = CARTESIAN_POINT( '', ( -0.000625000000000000, 7.43419416994800E-05, -0.000173071475884600 ) );
#4001 = CARTESIAN_POINT( '', ( -0.000625000000000000, -3.38229451113600E-05, -0.000175082060381700 ) );
#4002 = CARTESIAN_POINT( '', ( -0.000679053141343600, 0.000282035275051300, -0.000279889573787600 ) );
#4003 = CARTESIAN_POINT( '', ( -0.000703070521655000, 0.000179901000452800, -0.000208007313686600 ) );
#4004 = CARTESIAN_POINT( '', ( -0.000714743322451800, 7.46072965334900E-05, -0.000173071475884600 ) );
#4005 = CARTESIAN_POINT( '', ( -0.000714071543734100, -3.38458367065300E-05, -0.000175082060381700 ) );
#4006 = CARTESIAN_POINT( '', ( -0.000716928573399300, 0.000281991205893700, -0.000279889573787600 ) );
#4007 = CARTESIAN_POINT( '', ( -0.000757775108011900, 0.000180512257907000, -0.000208007313686600 ) );
#4008 = CARTESIAN_POINT( '', ( -0.000777627125825400, 7.52157471288600E-05, -0.000173071475884600 ) );
#4009 = CARTESIAN_POINT( '', ( -0.000776484626839800, -3.38983264407400E-05, -0.000175082060381700 ) );
#4010 = CARTESIAN_POINT( '', ( -0.000738626296167200, 0.000281956325050300, -0.000279889573787600 ) );
#4011 = CARTESIAN_POINT( '', ( -0.000789113759070900, 0.000180996069639300, -0.000208007313686600 ) );
#4012 = CARTESIAN_POINT( '', ( -0.000813651410120800, 7.56973372257100E-05, -0.000173071475884600 ) );
#4013 = CARTESIAN_POINT( '', ( -0.000812239249316900, -3.39398721905000E-05, -0.000175082060381700 ) );
#4014 = SURFACE_SIDE_STYLE( '', ( #6753 ) );
#4015 = EDGE_LOOP( '', ( #6754, #6755, #6756, #6757 ) );
#4016 = AXIS2_PLACEMENT_3D( '', #6758, #6759, #6760 );
#4017 = SURFACE_SIDE_STYLE( '', ( #6761 ) );
#4018 = EDGE_LOOP( '', ( #6762, #6763, #6764, #6765 ) );
#4019 = AXIS2_PLACEMENT_3D( '', #6766, #6767, #6768 );
#4020 = SURFACE_SIDE_STYLE( '', ( #6769 ) );
#4021 = EDGE_LOOP( '', ( #6770, #6771, #6772, #6773, #6774, #6775 ) );
#4022 = AXIS2_PLACEMENT_3D( '', #6776, #6777, #6778 );
#4023 = SURFACE_SIDE_STYLE( '', ( #6779 ) );
#4024 = EDGE_LOOP( '', ( #6780, #6781, #6782, #6783 ) );
#4025 = EDGE_LOOP( '', ( #6784, #6785, #6786, #6787 ) );
#4026 = EDGE_LOOP( '', ( #6788, #6789, #6790, #6791 ) );
#4027 = AXIS2_PLACEMENT_3D( '', #6792, #6793, #6794 );
#4028 = SURFACE_SIDE_STYLE( '', ( #6795 ) );
#4029 = EDGE_LOOP( '', ( #6796, #6797, #6798, #6799 ) );
#4030 = AXIS2_PLACEMENT_3D( '', #6800, #6801, #6802 );
#4031 = SURFACE_SIDE_STYLE( '', ( #6803 ) );
#4032 = EDGE_LOOP( '', ( #6804, #6805, #6806, #6807 ) );
#4033 = AXIS2_PLACEMENT_3D( '', #6808, #6809, #6810 );
#4034 = SURFACE_SIDE_STYLE( '', ( #6811 ) );
#4035 = EDGE_LOOP( '', ( #6812, #6813, #6814, #6815 ) );
#4036 = AXIS2_PLACEMENT_3D( '', #6816, #6817, #6818 );
#4037 = SURFACE_SIDE_STYLE( '', ( #6819 ) );
#4038 = EDGE_LOOP( '', ( #6820, #6821, #6822, #6823 ) );
#4039 = CARTESIAN_POINT( '', ( 0.000437723478345300, -0.00330001449667400, -0.00369142260266300 ) );
#4040 = CARTESIAN_POINT( '', ( 0.000436899411907600, -0.00329942785838200, -0.00386499535222700 ) );
#4041 = CARTESIAN_POINT( '', ( 0.000461086026702700, -0.00331664588079500, -0.00403725864914100 ) );
#4042 = CARTESIAN_POINT( '', ( 0.000510283322730600, -0.00335166856391200, -0.00420821249340400 ) );
#4043 = CARTESIAN_POINT( '', ( 0.000473485218231700, -0.00330001449667400, -0.00369143861162900 ) );
#4044 = CARTESIAN_POINT( '', ( 0.000472818512948200, -0.00329942785838200, -0.00386468201986900 ) );
#4045 = CARTESIAN_POINT( '', ( 0.000492386527294100, -0.00331664588079500, -0.00403694516431200 ) );
#4046 = CARTESIAN_POINT( '', ( 0.000532189261269400, -0.00335166856391200, -0.00420822804495600 ) );
#4047 = CARTESIAN_POINT( '', ( 0.000535910725449900, -0.00330001449667400, -0.00369145866514800 ) );
#4048 = CARTESIAN_POINT( '', ( 0.000535518708979000, -0.00329942785838200, -0.00386428952627600 ) );
#4049 = CARTESIAN_POINT( '', ( 0.000547024518393200, -0.00331664588079500, -0.00403655247972600 ) );
#4050 = CARTESIAN_POINT( '', ( 0.000570428153692600, -0.00335166856391200, -0.00420824752550000 ) );
#4051 = CARTESIAN_POINT( '', ( 0.000625000000000000, -0.00330001449667400, -0.00369146730246300 ) );
#4052 = CARTESIAN_POINT( '', ( 0.000625000000000000, -0.00329942785838200, -0.00386412047411400 ) );
#4053 = CARTESIAN_POINT( '', ( 0.000625000000000000, -0.00331664588079500, -0.00403638334530100 ) );
#4054 = CARTESIAN_POINT( '', ( 0.000625000000000000, -0.00335166856391200, -0.00420825591602600 ) );
#4055 = CARTESIAN_POINT( '', ( 0.000714089274550100, -0.00330001449667400, -0.00369145866514800 ) );
#4056 = CARTESIAN_POINT( '', ( 0.000714481291021000, -0.00329942785838200, -0.00386428952627600 ) );
#4057 = CARTESIAN_POINT( '', ( 0.000702975481606800, -0.00331664588079500, -0.00403655247972600 ) );
#4058 = CARTESIAN_POINT( '', ( 0.000679571846307400, -0.00335166856391200, -0.00420824752550000 ) );
#4059 = CARTESIAN_POINT( '', ( 0.000776514781768300, -0.00330001449667400, -0.00369143861162900 ) );
#4060 = CARTESIAN_POINT( '', ( 0.000777181487051800, -0.00329942785838200, -0.00386468201986900 ) );
#4061 = CARTESIAN_POINT( '', ( 0.000757613472705900, -0.00331664588079500, -0.00403694516431200 ) );
#4062 = CARTESIAN_POINT( '', ( 0.000717810738730600, -0.00335166856391200, -0.00420822804495600 ) );
#4063 = CARTESIAN_POINT( '', ( 0.000812276521654700, -0.00330001449667400, -0.00369142260266300 ) );
#4064 = CARTESIAN_POINT( '', ( 0.000813100588092400, -0.00329942785838200, -0.00386499535222700 ) );
#4065 = CARTESIAN_POINT( '', ( 0.000788913973297300, -0.00331664588079500, -0.00403725864914100 ) );
#4066 = CARTESIAN_POINT( '', ( 0.000739716677269400, -0.00335166856391200, -0.00420821249340400 ) );
#4067 = SURFACE_SIDE_STYLE( '', ( #6824 ) );
#4068 = EDGE_LOOP( '', ( #6825, #6826, #6827, #6828 ) );
#4069 = CARTESIAN_POINT( '', ( 0.000722066255727400, 0.000281947924536900, -0.000686753885487100 ) );
#4070 = CARTESIAN_POINT( '', ( 0.000765175881289200, 0.000181158717641200, -0.000764732212015700 ) );
#4071 = CARTESIAN_POINT( '', ( 0.000786137931203500, 7.59096629029800E-05, -0.000802649163314300 ) );
#4072 = CARTESIAN_POINT( '', ( 0.000784952405470200, -3.37992396777400E-05, -0.000800504739382700 ) );
#4073 = CARTESIAN_POINT( '', ( 0.000722066255727400, 0.000282026534301300, -0.000648687661360100 ) );
#4074 = CARTESIAN_POINT( '', ( 0.000765175881289200, 0.000180068902443400, -0.000712648108368600 ) );
#4075 = CARTESIAN_POINT( '', ( 0.000786137931203500, 7.48243154268100E-05, -0.000743748867543800 ) );
#4076 = CARTESIAN_POINT( '', ( 0.000784952405470200, -3.37072267484900E-05, -0.000741989938885800 ) );
#4077 = CARTESIAN_POINT( '', ( 0.000722066255727400, 0.000282136839270200, -0.000578103032864400 ) );
#4078 = CARTESIAN_POINT( '', ( 0.000765175881289200, 0.000178539677259800, -0.000616070704363400 ) );
#4079 = CARTESIAN_POINT( '', ( 0.000786137931203500, 7.33013593358000E-05, -0.000634532479772400 ) );
#4080 = CARTESIAN_POINT( '', ( 0.000784952405470200, -3.35781145018300E-05, -0.000633488359091500 ) );
#4081 = CARTESIAN_POINT( '', ( 0.000722066255727400, 0.000282190684913200, -0.000475000000000000 ) );
#4082 = CARTESIAN_POINT( '', ( 0.000765175881289200, 0.000177793182208700, -0.000475000000000000 ) );
#4083 = CARTESIAN_POINT( '', ( 0.000786137931203500, 7.25579245577500E-05, -0.000475000000000000 ) );
#4084 = CARTESIAN_POINT( '', ( 0.000784952405470200, -3.35150880396700E-05, -0.000475000000000000 ) );
#4085 = CARTESIAN_POINT( '', ( 0.000722066255727400, 0.000282136839270200, -0.000371896967135600 ) );
#4086 = CARTESIAN_POINT( '', ( 0.000765175881289200, 0.000178539677259800, -0.000333929295636600 ) );
#4087 = CARTESIAN_POINT( '', ( 0.000786137931203500, 7.33013593358000E-05, -0.000315467520227600 ) );
#4088 = CARTESIAN_POINT( '', ( 0.000784952405470200, -3.35781145018300E-05, -0.000316511640908500 ) );
#4089 = CARTESIAN_POINT( '', ( 0.000722066255727400, 0.000282026534301300, -0.000301312338639900 ) );
#4090 = CARTESIAN_POINT( '', ( 0.000765175881289200, 0.000180068902443400, -0.000237351891631400 ) );
#4091 = CARTESIAN_POINT( '', ( 0.000786137931203500, 7.48243154268100E-05, -0.000206251132456200 ) );
#4092 = CARTESIAN_POINT( '', ( 0.000784952405470200, -3.37072267484900E-05, -0.000208010061114200 ) );
#4093 = CARTESIAN_POINT( '', ( 0.000722066255727400, 0.000281947924536900, -0.000263246114512900 ) );
#4094 = CARTESIAN_POINT( '', ( 0.000765175881289200, 0.000181158717641200, -0.000185267787984300 ) );
#4095 = CARTESIAN_POINT( '', ( 0.000786137931203500, 7.59096629029800E-05, -0.000147350836685700 ) );
#4096 = CARTESIAN_POINT( '', ( 0.000784952405470200, -3.37992396777400E-05, -0.000149495260617300 ) );
#4097 = SURFACE_SIDE_STYLE( '', ( #6829 ) );
#4098 = EDGE_LOOP( '', ( #6830, #6831, #6832, #6833 ) );
#4099 = CARTESIAN_POINT( '', ( -0.00177793374427300, 0.000281947924536900, -0.000686753885487100 ) );
#4100 = CARTESIAN_POINT( '', ( -0.00173482411871100, 0.000181158717641200, -0.000764732212015700 ) );
#4101 = CARTESIAN_POINT( '', ( -0.00171386206879700, 7.59096629029800E-05, -0.000802649163314300 ) );
#4102 = CARTESIAN_POINT( '', ( -0.00171504759453000, -3.37992396777400E-05, -0.000800504739382700 ) );
#4103 = CARTESIAN_POINT( '', ( -0.00177793374427300, 0.000282026534301300, -0.000648687661360100 ) );
#4104 = CARTESIAN_POINT( '', ( -0.00173482411871100, 0.000180068902443400, -0.000712648108368600 ) );
#4105 = CARTESIAN_POINT( '', ( -0.00171386206879700, 7.48243154268100E-05, -0.000743748867543800 ) );
#4106 = CARTESIAN_POINT( '', ( -0.00171504759453000, -3.37072267484900E-05, -0.000741989938885800 ) );
#4107 = CARTESIAN_POINT( '', ( -0.00177793374427300, 0.000282136839270200, -0.000578103032864400 ) );
#4108 = CARTESIAN_POINT( '', ( -0.00173482411871100, 0.000178539677259800, -0.000616070704363400 ) );
#4109 = CARTESIAN_POINT( '', ( -0.00171386206879700, 7.33013593358000E-05, -0.000634532479772400 ) );
#4110 = CARTESIAN_POINT( '', ( -0.00171504759453000, -3.35781145018300E-05, -0.000633488359091500 ) );
#4111 = CARTESIAN_POINT( '', ( -0.00177793374427300, 0.000282190684913200, -0.000475000000000000 ) );
#4112 = CARTESIAN_POINT( '', ( -0.00173482411871100, 0.000177793182208700, -0.000475000000000000 ) );
#4113 = CARTESIAN_POINT( '', ( -0.00171386206879700, 7.25579245577500E-05, -0.000475000000000000 ) );
#4114 = CARTESIAN_POINT( '', ( -0.00171504759453000, -3.35150880396700E-05, -0.000475000000000000 ) );
#4115 = CARTESIAN_POINT( '', ( -0.00177793374427300, 0.000282136839270200, -0.000371896967135600 ) );
#4116 = CARTESIAN_POINT( '', ( -0.00173482411871100, 0.000178539677259800, -0.000333929295636600 ) );
#4117 = CARTESIAN_POINT( '', ( -0.00171386206879700, 7.33013593358000E-05, -0.000315467520227600 ) );
#4118 = CARTESIAN_POINT( '', ( -0.00171504759453000, -3.35781145018300E-05, -0.000316511640908500 ) );
#4119 = CARTESIAN_POINT( '', ( -0.00177793374427300, 0.000282026534301300, -0.000301312338639900 ) );
#4120 = CARTESIAN_POINT( '', ( -0.00173482411871100, 0.000180068902443400, -0.000237351891631400 ) );
#4121 = CARTESIAN_POINT( '', ( -0.00171386206879700, 7.48243154268100E-05, -0.000206251132456200 ) );
#4122 = CARTESIAN_POINT( '', ( -0.00171504759453000, -3.37072267484900E-05, -0.000208010061114200 ) );
#4123 = CARTESIAN_POINT( '', ( -0.00177793374427300, 0.000281947924536900, -0.000263246114512900 ) );
#4124 = CARTESIAN_POINT( '', ( -0.00173482411871100, 0.000181158717641200, -0.000185267787984300 ) );
#4125 = CARTESIAN_POINT( '', ( -0.00171386206879700, 7.59096629029800E-05, -0.000147350836685700 ) );
#4126 = CARTESIAN_POINT( '', ( -0.00171504759453000, -3.37992396777400E-05, -0.000149495260617300 ) );
#4127 = SURFACE_SIDE_STYLE( '', ( #6834 ) );
#4128 = EDGE_LOOP( '', ( #6835, #6836, #6837, #6838 ) );
#4129 = AXIS2_PLACEMENT_3D( '', #6839, #6840, #6841 );
#4130 = SURFACE_SIDE_STYLE( '', ( #6842 ) );
#4131 = EDGE_LOOP( '', ( #6843, #6844, #6845, #6846 ) );
#4132 = AXIS2_PLACEMENT_3D( '', #6847, #6848, #6849 );
#4133 = SURFACE_SIDE_STYLE( '', ( #6850 ) );
#4134 = EDGE_LOOP( '', ( #6851, #6852, #6853, #6854 ) );
#4135 = AXIS2_PLACEMENT_3D( '', #6855, #6856, #6857 );
#4136 = SURFACE_SIDE_STYLE( '', ( #6858 ) );
#4137 = EDGE_LOOP( '', ( #6859, #6860, #6861, #6862 ) );
#4138 = AXIS2_PLACEMENT_3D( '', #6863, #6864, #6865 );
#4139 = SURFACE_SIDE_STYLE( '', ( #6866 ) );
#4140 = EDGE_LOOP( '', ( #6867, #6868, #6869, #6870 ) );
#4141 = AXIS2_PLACEMENT_3D( '', #6871, #6872, #6873 );
#4142 = SURFACE_SIDE_STYLE( '', ( #6874 ) );
#4143 = EDGE_LOOP( '', ( #6875, #6876, #6877, #6878, #6879, #6880 ) );
#4144 = AXIS2_PLACEMENT_3D( '', #6881, #6882, #6883 );
#4145 = SURFACE_SIDE_STYLE( '', ( #6884 ) );
#4146 = EDGE_LOOP( '', ( #6885, #6886, #6887, #6888 ) );
#4147 = CARTESIAN_POINT( '', ( -0.00302793374427300, 0.000281947924536900, -0.000686753885487100 ) );
#4148 = CARTESIAN_POINT( '', ( -0.00298482411871100, 0.000181158717641200, -0.000764732212015700 ) );
#4149 = CARTESIAN_POINT( '', ( -0.00296386206879700, 7.59096629029800E-05, -0.000802649163314300 ) );
#4150 = CARTESIAN_POINT( '', ( -0.00296504759453000, -3.37992396777400E-05, -0.000800504739382700 ) );
#4151 = CARTESIAN_POINT( '', ( -0.00302793374427300, 0.000282026534301300, -0.000648687661360100 ) );
#4152 = CARTESIAN_POINT( '', ( -0.00298482411871100, 0.000180068902443400, -0.000712648108368600 ) );
#4153 = CARTESIAN_POINT( '', ( -0.00296386206879700, 7.48243154268100E-05, -0.000743748867543800 ) );
#4154 = CARTESIAN_POINT( '', ( -0.00296504759453000, -3.37072267484900E-05, -0.000741989938885800 ) );
#4155 = CARTESIAN_POINT( '', ( -0.00302793374427300, 0.000282136839270200, -0.000578103032864400 ) );
#4156 = CARTESIAN_POINT( '', ( -0.00298482411871100, 0.000178539677259800, -0.000616070704363400 ) );
#4157 = CARTESIAN_POINT( '', ( -0.00296386206879700, 7.33013593358000E-05, -0.000634532479772400 ) );
#4158 = CARTESIAN_POINT( '', ( -0.00296504759453000, -3.35781145018300E-05, -0.000633488359091500 ) );
#4159 = CARTESIAN_POINT( '', ( -0.00302793374427300, 0.000282190684913200, -0.000475000000000000 ) );
#4160 = CARTESIAN_POINT( '', ( -0.00298482411871100, 0.000177793182208700, -0.000475000000000000 ) );
#4161 = CARTESIAN_POINT( '', ( -0.00296386206879700, 7.25579245577500E-05, -0.000475000000000000 ) );
#4162 = CARTESIAN_POINT( '', ( -0.00296504759453000, -3.35150880396700E-05, -0.000475000000000000 ) );
#4163 = CARTESIAN_POINT( '', ( -0.00302793374427300, 0.000282136839270200, -0.000371896967135600 ) );
#4164 = CARTESIAN_POINT( '', ( -0.00298482411871100, 0.000178539677259800, -0.000333929295636600 ) );
#4165 = CARTESIAN_POINT( '', ( -0.00296386206879700, 7.33013593358000E-05, -0.000315467520227600 ) );
#4166 = CARTESIAN_POINT( '', ( -0.00296504759453000, -3.35781145018300E-05, -0.000316511640908500 ) );
#4167 = CARTESIAN_POINT( '', ( -0.00302793374427300, 0.000282026534301300, -0.000301312338639900 ) );
#4168 = CARTESIAN_POINT( '', ( -0.00298482411871100, 0.000180068902443400, -0.000237351891631400 ) );
#4169 = CARTESIAN_POINT( '', ( -0.00296386206879700, 7.48243154268100E-05, -0.000206251132456200 ) );
#4170 = CARTESIAN_POINT( '', ( -0.00296504759453000, -3.37072267484900E-05, -0.000208010061114200 ) );
#4171 = CARTESIAN_POINT( '', ( -0.00302793374427300, 0.000281947924536900, -0.000263246114512900 ) );
#4172 = CARTESIAN_POINT( '', ( -0.00298482411871100, 0.000181158717641200, -0.000185267787984300 ) );
#4173 = CARTESIAN_POINT( '', ( -0.00296386206879700, 7.59096629029800E-05, -0.000147350836685700 ) );
#4174 = CARTESIAN_POINT( '', ( -0.00296504759453000, -3.37992396777400E-05, -0.000149495260617300 ) );
#4175 = SURFACE_SIDE_STYLE( '', ( #6889 ) );
#4176 = EDGE_LOOP( '', ( #6890, #6891, #6892, #6893 ) );
#4177 = AXIS2_PLACEMENT_3D( '', #6894, #6895, #6896 );
#4178 = SURFACE_SIDE_STYLE( '', ( #6897 ) );
#4179 = EDGE_LOOP( '', ( #6898, #6899, #6900, #6901 ) );
#4180 = AXIS2_PLACEMENT_3D( '', #6902, #6903, #6904 );
#4181 = SURFACE_SIDE_STYLE( '', ( #6905 ) );
#4182 = EDGE_LOOP( '', ( #6906, #6907, #6908, #6909, #6910, #6911 ) );
#4183 = AXIS2_PLACEMENT_3D( '', #6912, #6913, #6914 );
#4184 = SURFACE_SIDE_STYLE( '', ( #6915 ) );
#4185 = EDGE_LOOP( '', ( #6916, #6917, #6918, #6919, #6920, #6921 ) );
#4186 = AXIS2_PLACEMENT_3D( '', #6922, #6923, #6924 );
#4187 = SURFACE_SIDE_STYLE( '', ( #6925 ) );
#4188 = EDGE_LOOP( '', ( #6926, #6927, #6928, #6929 ) );
#4189 = AXIS2_PLACEMENT_3D( '', #6930, #6931, #6932 );
#4190 = SURFACE_SIDE_STYLE( '', ( #6933 ) );
#4191 = EDGE_LOOP( '', ( #6934, #6935, #6936, #6937 ) );
#4192 = CARTESIAN_POINT( '', ( -0.00323862629616700, 0.000281956325050300, -0.000670110426212400 ) );
#4193 = CARTESIAN_POINT( '', ( -0.00328911375907100, 0.000180996069639300, -0.000741992686313400 ) );
#4194 = CARTESIAN_POINT( '', ( -0.00331365141012100, 7.56973372257100E-05, -0.000776928524115400 ) );
#4195 = CARTESIAN_POINT( '', ( -0.00331223924931700, -3.39398721905000E-05, -0.000774917939618300 ) );
#4196 = CARTESIAN_POINT( '', ( -0.00321692857339900, 0.000281991205893700, -0.000670110426212400 ) );
#4197 = CARTESIAN_POINT( '', ( -0.00325777510801200, 0.000180512257907000, -0.000741992686313400 ) );
#4198 = CARTESIAN_POINT( '', ( -0.00327762712582500, 7.52157471288600E-05, -0.000776928524115400 ) );
#4199 = CARTESIAN_POINT( '', ( -0.00327648462684000, -3.38983264407400E-05, -0.000774917939618300 ) );
#4200 = CARTESIAN_POINT( '', ( -0.00317905314134400, 0.000282035275051300, -0.000670110426212400 ) );
#4201 = CARTESIAN_POINT( '', ( -0.00320307052165500, 0.000179901000452800, -0.000741992686313400 ) );
#4202 = CARTESIAN_POINT( '', ( -0.00321474332245200, 7.46072965334900E-05, -0.000776928524115400 ) );
#4203 = CARTESIAN_POINT( '', ( -0.00321407154373400, -3.38458367065300E-05, -0.000774917939618300 ) );
#4204 = CARTESIAN_POINT( '', ( -0.00312500000000000, 0.000282054494301100, -0.000670110426212400 ) );
#4205 = CARTESIAN_POINT( '', ( -0.00312500000000000, 0.000179634421503600, -0.000741992686313400 ) );
#4206 = CARTESIAN_POINT( '', ( -0.00312500000000000, 7.43419416994800E-05, -0.000776928524115400 ) );
#4207 = CARTESIAN_POINT( '', ( -0.00312500000000000, -3.38229451113600E-05, -0.000774917939618300 ) );
#4208 = CARTESIAN_POINT( '', ( -0.00307094685865600, 0.000282035275051300, -0.000670110426212400 ) );
#4209 = CARTESIAN_POINT( '', ( -0.00304692947834500, 0.000179901000452800, -0.000741992686313400 ) );
#4210 = CARTESIAN_POINT( '', ( -0.00303525667754800, 7.46072965334900E-05, -0.000776928524115400 ) );
#4211 = CARTESIAN_POINT( '', ( -0.00303592845626600, -3.38458367065300E-05, -0.000774917939618300 ) );
#4212 = CARTESIAN_POINT( '', ( -0.00303307142660100, 0.000281991205893700, -0.000670110426212400 ) );
#4213 = CARTESIAN_POINT( '', ( -0.00299222489198800, 0.000180512257907000, -0.000741992686313400 ) );
#4214 = CARTESIAN_POINT( '', ( -0.00297237287417500, 7.52157471288600E-05, -0.000776928524115400 ) );
#4215 = CARTESIAN_POINT( '', ( -0.00297351537316000, -3.38983264407400E-05, -0.000774917939618300 ) );
#4216 = CARTESIAN_POINT( '', ( -0.00301137370383300, 0.000281956325050300, -0.000670110426212400 ) );
#4217 = CARTESIAN_POINT( '', ( -0.00296088624092900, 0.000180996069639300, -0.000741992686313400 ) );
#4218 = CARTESIAN_POINT( '', ( -0.00293634858987900, 7.56973372257100E-05, -0.000776928524115400 ) );
#4219 = CARTESIAN_POINT( '', ( -0.00293776075068300, -3.39398721905000E-05, -0.000774917939618300 ) );
#4220 = SURFACE_SIDE_STYLE( '', ( #6938 ) );
#4221 = EDGE_LOOP( '', ( #6939, #6940, #6941 ) );
#4222 = AXIS2_PLACEMENT_3D( '', #6942, #6943, #6944 );
#4223 = SURFACE_SIDE_STYLE( '', ( #6945 ) );
#4224 = EDGE_LOOP( '', ( #6946, #6947, #6948, #6949 ) );
#4225 = AXIS2_PLACEMENT_3D( '', #6950, #6951, #6952 );
#4226 = SURFACE_SIDE_STYLE( '', ( #6953 ) );
#4227 = EDGE_LOOP( '', ( #6954, #6955, #6956, #6957, #6958, #6959 ) );
#4228 = AXIS2_PLACEMENT_3D( '', #6960, #6961, #6962 );
#4229 = SURFACE_SIDE_STYLE( '', ( #6963 ) );
#4230 = EDGE_LOOP( '', ( #6964, #6965, #6966, #6967 ) );
#4231 = AXIS2_PLACEMENT_3D( '', #6968, #6969, #6970 );
#4232 = SURFACE_SIDE_STYLE( '', ( #6971 ) );
#4233 = EDGE_LOOP( '', ( #6972, #6973, #6974, #6975 ) );
#4234 = AXIS2_PLACEMENT_3D( '', #6976, #6977, #6978 );
#4235 = SURFACE_SIDE_STYLE( '', ( #6979 ) );
#4236 = EDGE_LOOP( '', ( #6980, #6981, #6982, #6983 ) );
#4237 = CARTESIAN_POINT( '', ( 0.00456227652165500, -0.00364998550332600, -0.00369142260266300 ) );
#4238 = CARTESIAN_POINT( '', ( 0.00456310058809200, -0.00365057214161800, -0.00386499535222700 ) );
#4239 = CARTESIAN_POINT( '', ( 0.00453891397329700, -0.00363335411920500, -0.00403725864914100 ) );
#4240 = CARTESIAN_POINT( '', ( 0.00448971667726900, -0.00359833143608800, -0.00420821249340400 ) );
#4241 = CARTESIAN_POINT( '', ( 0.00452651478176800, -0.00364998550332600, -0.00369143861162900 ) );
#4242 = CARTESIAN_POINT( '', ( 0.00452718148705200, -0.00365057214161800, -0.00386468201986900 ) );
#4243 = CARTESIAN_POINT( '', ( 0.00450761347270600, -0.00363335411920500, -0.00403694516431200 ) );
#4244 = CARTESIAN_POINT( '', ( 0.00446781073873100, -0.00359833143608800, -0.00420822804495600 ) );
#4245 = CARTESIAN_POINT( '', ( 0.00446408927455000, -0.00364998550332600, -0.00369145866514800 ) );
#4246 = CARTESIAN_POINT( '', ( 0.00446448129102100, -0.00365057214161800, -0.00386428952627600 ) );
#4247 = CARTESIAN_POINT( '', ( 0.00445297548160700, -0.00363335411920500, -0.00403655247972600 ) );
#4248 = CARTESIAN_POINT( '', ( 0.00442957184630700, -0.00359833143608800, -0.00420824752550000 ) );
#4249 = CARTESIAN_POINT( '', ( 0.00437500000000000, -0.00364998550332600, -0.00369146730246300 ) );
#4250 = CARTESIAN_POINT( '', ( 0.00437500000000000, -0.00365057214161800, -0.00386412047411400 ) );
#4251 = CARTESIAN_POINT( '', ( 0.00437500000000000, -0.00363335411920500, -0.00403638334530100 ) );
#4252 = CARTESIAN_POINT( '', ( 0.00437500000000000, -0.00359833143608800, -0.00420825591602600 ) );
#4253 = CARTESIAN_POINT( '', ( 0.00428591072545000, -0.00364998550332600, -0.00369145866514800 ) );
#4254 = CARTESIAN_POINT( '', ( 0.00428551870897900, -0.00365057214161800, -0.00386428952627600 ) );
#4255 = CARTESIAN_POINT( '', ( 0.00429702451839300, -0.00363335411920500, -0.00403655247972600 ) );
#4256 = CARTESIAN_POINT( '', ( 0.00432042815369300, -0.00359833143608800, -0.00420824752550000 ) );
#4257 = CARTESIAN_POINT( '', ( 0.00422348521823200, -0.00364998550332600, -0.00369143861162900 ) );
#4258 = CARTESIAN_POINT( '', ( 0.00422281851294800, -0.00365057214161800, -0.00386468201986900 ) );
#4259 = CARTESIAN_POINT( '', ( 0.00424238652729400, -0.00363335411920500, -0.00403694516431200 ) );
#4260 = CARTESIAN_POINT( '', ( 0.00428218926126900, -0.00359833143608800, -0.00420822804495600 ) );
#4261 = CARTESIAN_POINT( '', ( 0.00418772347834500, -0.00364998550332600, -0.00369142260266300 ) );
#4262 = CARTESIAN_POINT( '', ( 0.00418689941190800, -0.00365057214161800, -0.00386499535222700 ) );
#4263 = CARTESIAN_POINT( '', ( 0.00421108602670300, -0.00363335411920500, -0.00403725864914100 ) );
#4264 = CARTESIAN_POINT( '', ( 0.00426028332273100, -0.00359833143608800, -0.00420821249340400 ) );
#4265 = SURFACE_SIDE_STYLE( '', ( #6984 ) );
#4266 = EDGE_LOOP( '', ( #6985, #6986, #6987, #6988 ) );
#4267 = AXIS2_PLACEMENT_3D( '', #6989, #6990, #6991 );
#4268 = SURFACE_SIDE_STYLE( '', ( #6992 ) );
#4269 = EDGE_LOOP( '', ( #6993, #6994, #6995, #6996 ) );
#4270 = AXIS2_PLACEMENT_3D( '', #6997, #6998, #6999 );
#4271 = SURFACE_SIDE_STYLE( '', ( #7000 ) );
#4272 = EDGE_LOOP( '', ( #7001, #7002, #7003, #7004 ) );
#4273 = CARTESIAN_POINT( '', ( -0.000437723478345300, -0.00364998550332600, -0.00369142260266300 ) );
#4274 = CARTESIAN_POINT( '', ( -0.000436899411907600, -0.00365057214161800, -0.00386499535222700 ) );
#4275 = CARTESIAN_POINT( '', ( -0.000461086026702700, -0.00363335411920500, -0.00403725864914100 ) );
#4276 = CARTESIAN_POINT( '', ( -0.000510283322730600, -0.00359833143608800, -0.00420821249340400 ) );
#4277 = CARTESIAN_POINT( '', ( -0.000473485218231700, -0.00364998550332600, -0.00369143861162900 ) );
#4278 = CARTESIAN_POINT( '', ( -0.000472818512948200, -0.00365057214161800, -0.00386468201986900 ) );
#4279 = CARTESIAN_POINT( '', ( -0.000492386527294100, -0.00363335411920500, -0.00403694516431200 ) );
#4280 = CARTESIAN_POINT( '', ( -0.000532189261269400, -0.00359833143608800, -0.00420822804495600 ) );
#4281 = CARTESIAN_POINT( '', ( -0.000535910725449900, -0.00364998550332600, -0.00369145866514800 ) );
#4282 = CARTESIAN_POINT( '', ( -0.000535518708979000, -0.00365057214161800, -0.00386428952627600 ) );
#4283 = CARTESIAN_POINT( '', ( -0.000547024518393200, -0.00363335411920500, -0.00403655247972600 ) );
#4284 = CARTESIAN_POINT( '', ( -0.000570428153692600, -0.00359833143608800, -0.00420824752550000 ) );
#4285 = CARTESIAN_POINT( '', ( -0.000625000000000000, -0.00364998550332600, -0.00369146730246300 ) );
#4286 = CARTESIAN_POINT( '', ( -0.000625000000000000, -0.00365057214161800, -0.00386412047411400 ) );
#4287 = CARTESIAN_POINT( '', ( -0.000625000000000000, -0.00363335411920500, -0.00403638334530100 ) );
#4288 = CARTESIAN_POINT( '', ( -0.000625000000000000, -0.00359833143608800, -0.00420825591602600 ) );
#4289 = CARTESIAN_POINT( '', ( -0.000714089274550100, -0.00364998550332600, -0.00369145866514800 ) );
#4290 = CARTESIAN_POINT( '', ( -0.000714481291021000, -0.00365057214161800, -0.00386428952627600 ) );
#4291 = CARTESIAN_POINT( '', ( -0.000702975481606800, -0.00363335411920500, -0.00403655247972600 ) );
#4292 = CARTESIAN_POINT( '', ( -0.000679571846307400, -0.00359833143608800, -0.00420824752550000 ) );
#4293 = CARTESIAN_POINT( '', ( -0.000776514781768300, -0.00364998550332600, -0.00369143861162900 ) );
#4294 = CARTESIAN_POINT( '', ( -0.000777181487051800, -0.00365057214161800, -0.00386468201986900 ) );
#4295 = CARTESIAN_POINT( '', ( -0.000757613472705900, -0.00363335411920500, -0.00403694516431200 ) );
#4296 = CARTESIAN_POINT( '', ( -0.000717810738730600, -0.00359833143608800, -0.00420822804495600 ) );
#4297 = CARTESIAN_POINT( '', ( -0.000812276521654700, -0.00364998550332600, -0.00369142260266300 ) );
#4298 = CARTESIAN_POINT( '', ( -0.000813100588092400, -0.00365057214161800, -0.00386499535222700 ) );
#4299 = CARTESIAN_POINT( '', ( -0.000788913973297300, -0.00363335411920500, -0.00403725864914100 ) );
#4300 = CARTESIAN_POINT( '', ( -0.000739716677269400, -0.00359833143608800, -0.00420821249340400 ) );
#4301 = SURFACE_SIDE_STYLE( '', ( #7005 ) );
#4302 = EDGE_LOOP( '', ( #7006, #7007, #7008, #7009 ) );
#4303 = AXIS2_PLACEMENT_3D( '', #7010, #7011, #7012 );
#4304 = SURFACE_SIDE_STYLE( '', ( #7013 ) );
#4305 = EDGE_LOOP( '', ( #7014, #7015, #7016, #7017 ) );
#4306 = CARTESIAN_POINT( '', ( 0.00453498254224900, -0.00327613175889000, -0.00369141254016200 ) );
#4307 = CARTESIAN_POINT( '', ( 0.00453568777696000, -0.00327546385200100, -0.00386488472196000 ) );
#4308 = CARTESIAN_POINT( '', ( 0.00451502617064500, -0.00329503184685500, -0.00403715303684300 ) );
#4309 = CARTESIAN_POINT( '', ( 0.00447299772330600, -0.00333483574345300, -0.00420821748481200 ) );
#4310 = CARTESIAN_POINT( '', ( 0.00453498254224900, -0.00331325693061400, -0.00369142280810300 ) );
#4311 = CARTESIAN_POINT( '', ( 0.00453568777696000, -0.00331271371008900, -0.00386468411633600 ) );
#4312 = CARTESIAN_POINT( '', ( 0.00451502617064500, -0.00332862870753600, -0.00403695232744300 ) );
#4313 = CARTESIAN_POINT( '', ( 0.00447299772330600, -0.00336100192295400, -0.00420822744142400 ) );
#4314 = CARTESIAN_POINT( '', ( 0.00453498254224900, -0.00337954634431800, -0.00369143605676200 ) );
#4315 = CARTESIAN_POINT( '', ( 0.00453568777696000, -0.00337922575942200, -0.00386442527617400 ) );
#4316 = CARTESIAN_POINT( '', ( 0.00451502617064500, -0.00338861809191800, -0.00403669335337900 ) );
#4317 = CARTESIAN_POINT( '', ( 0.00447299772330600, -0.00340772334180300, -0.00420824028837800 ) );
#4318 = CARTESIAN_POINT( '', ( 0.00453498254224900, -0.00347500000000000, -0.00369144191911300 ) );
#4319 = CARTESIAN_POINT( '', ( 0.00453568777696000, -0.00347500000000000, -0.00386431074294100 ) );
#4320 = CARTESIAN_POINT( '', ( 0.00451502617064500, -0.00347500000000000, -0.00403657876089700 ) );
#4321 = CARTESIAN_POINT( '', ( 0.00447299772330600, -0.00347500000000000, -0.00420824597298000 ) );
#4322 = CARTESIAN_POINT( '', ( 0.00453498254224900, -0.00357045365568200, -0.00369143605676200 ) );
#4323 = CARTESIAN_POINT( '', ( 0.00453568777696000, -0.00357077424057800, -0.00386442527617400 ) );
#4324 = CARTESIAN_POINT( '', ( 0.00451502617064500, -0.00356138190808200, -0.00403669335337900 ) );
#4325 = CARTESIAN_POINT( '', ( 0.00447299772330600, -0.00354227665819700, -0.00420824028837800 ) );
#4326 = CARTESIAN_POINT( '', ( 0.00453498254224900, -0.00363674306938600, -0.00369142280810300 ) );
#4327 = CARTESIAN_POINT( '', ( 0.00453568777696000, -0.00363728628991100, -0.00386468411633600 ) );
#4328 = CARTESIAN_POINT( '', ( 0.00451502617064500, -0.00362137129246400, -0.00403695232744300 ) );
#4329 = CARTESIAN_POINT( '', ( 0.00447299772330600, -0.00358899807704600, -0.00420822744142400 ) );
#4330 = CARTESIAN_POINT( '', ( 0.00453498254224900, -0.00367386824111000, -0.00369141254016200 ) );
#4331 = CARTESIAN_POINT( '', ( 0.00453568777696000, -0.00367453614799900, -0.00386488472196000 ) );
#4332 = CARTESIAN_POINT( '', ( 0.00451502617064500, -0.00365496815314500, -0.00403715303684300 ) );
#4333 = CARTESIAN_POINT( '', ( 0.00447299772330600, -0.00361516425654700, -0.00420821748481200 ) );
#4334 = SURFACE_SIDE_STYLE( '', ( #7018 ) );
#4335 = EDGE_LOOP( '', ( #7019, #7020, #7021, #7022 ) );
#4336 = AXIS2_PLACEMENT_3D( '', #7023, #7024, #7025 );
#4337 = SURFACE_SIDE_STYLE( '', ( #7026 ) );
#4338 = EDGE_LOOP( '', ( #7027, #7028, #7029, #7030 ) );
#4339 = AXIS2_PLACEMENT_3D( '', #7031, #7032, #7033 );
#4340 = SURFACE_SIDE_STYLE( '', ( #7034 ) );
#4341 = EDGE_LOOP( '', ( #7035, #7036, #7037, #7038 ) );
#4342 = CARTESIAN_POINT( '', ( 0.00427793374427300, 0.000281947924536900, -0.000263246114512900 ) );
#4343 = CARTESIAN_POINT( '', ( 0.00423482411871100, 0.000181158717641200, -0.000185267787984300 ) );
#4344 = CARTESIAN_POINT( '', ( 0.00421386206879700, 7.59096629029800E-05, -0.000147350836685700 ) );
#4345 = CARTESIAN_POINT( '', ( 0.00421504759453000, -3.37992396777400E-05, -0.000149495260617300 ) );
#4346 = CARTESIAN_POINT( '', ( 0.00427793374427300, 0.000282026534301300, -0.000301312338639900 ) );
#4347 = CARTESIAN_POINT( '', ( 0.00423482411871100, 0.000180068902443400, -0.000237351891631400 ) );
#4348 = CARTESIAN_POINT( '', ( 0.00421386206879700, 7.48243154268100E-05, -0.000206251132456200 ) );
#4349 = CARTESIAN_POINT( '', ( 0.00421504759453000, -3.37072267484900E-05, -0.000208010061114200 ) );
#4350 = CARTESIAN_POINT( '', ( 0.00427793374427300, 0.000282136839270200, -0.000371896967135600 ) );
#4351 = CARTESIAN_POINT( '', ( 0.00423482411871100, 0.000178539677259800, -0.000333929295636600 ) );
#4352 = CARTESIAN_POINT( '', ( 0.00421386206879700, 7.33013593358000E-05, -0.000315467520227600 ) );
#4353 = CARTESIAN_POINT( '', ( 0.00421504759453000, -3.35781145018300E-05, -0.000316511640908500 ) );
#4354 = CARTESIAN_POINT( '', ( 0.00427793374427300, 0.000282190684913200, -0.000475000000000000 ) );
#4355 = CARTESIAN_POINT( '', ( 0.00423482411871100, 0.000177793182208700, -0.000475000000000000 ) );
#4356 = CARTESIAN_POINT( '', ( 0.00421386206879700, 7.25579245577400E-05, -0.000475000000000000 ) );
#4357 = CARTESIAN_POINT( '', ( 0.00421504759453000, -3.35150880396700E-05, -0.000475000000000000 ) );
#4358 = CARTESIAN_POINT( '', ( 0.00427793374427300, 0.000282136839270200, -0.000578103032864400 ) );
#4359 = CARTESIAN_POINT( '', ( 0.00423482411871100, 0.000178539677259800, -0.000616070704363400 ) );
#4360 = CARTESIAN_POINT( '', ( 0.00421386206879700, 7.33013593358000E-05, -0.000634532479772400 ) );
#4361 = CARTESIAN_POINT( '', ( 0.00421504759453000, -3.35781145018300E-05, -0.000633488359091500 ) );
#4362 = CARTESIAN_POINT( '', ( 0.00427793374427300, 0.000282026534301300, -0.000648687661360100 ) );
#4363 = CARTESIAN_POINT( '', ( 0.00423482411871100, 0.000180068902443400, -0.000712648108368600 ) );
#4364 = CARTESIAN_POINT( '', ( 0.00421386206879700, 7.48243154268100E-05, -0.000743748867543800 ) );
#4365 = CARTESIAN_POINT( '', ( 0.00421504759453000, -3.37072267484900E-05, -0.000741989938885800 ) );
#4366 = CARTESIAN_POINT( '', ( 0.00427793374427300, 0.000281947924536900, -0.000686753885487100 ) );
#4367 = CARTESIAN_POINT( '', ( 0.00423482411871100, 0.000181158717641200, -0.000764732212015700 ) );
#4368 = CARTESIAN_POINT( '', ( 0.00421386206879700, 7.59096629029800E-05, -0.000802649163314300 ) );
#4369 = CARTESIAN_POINT( '', ( 0.00421504759453000, -3.37992396777400E-05, -0.000800504739382700 ) );
#4370 = SURFACE_SIDE_STYLE( '', ( #7039 ) );
#4371 = EDGE_LOOP( '', ( #7040, #7041, #7042, #7043, #7044, #7045 ) );
#4372 = AXIS2_PLACEMENT_3D( '', #7046, #7047, #7048 );
#4373 = SURFACE_SIDE_STYLE( '', ( #7049 ) );
#4374 = EDGE_LOOP( '', ( #7050, #7051, #7052, #7053 ) );
#4375 = AXIS2_PLACEMENT_3D( '', #7054, #7055, #7056 );
#4376 = SURFACE_SIDE_STYLE( '', ( #7057 ) );
#4377 = EDGE_LOOP( '', ( #7058, #7059, #7060, #7061 ) );
#4378 = CARTESIAN_POINT( '', ( 0.00176137370383300, 0.000281956325050300, -0.000670110426212400 ) );
#4379 = CARTESIAN_POINT( '', ( 0.00171088624092900, 0.000180996069639300, -0.000741992686313400 ) );
#4380 = CARTESIAN_POINT( '', ( 0.00168634858987900, 7.56973372257100E-05, -0.000776928524115400 ) );
#4381 = CARTESIAN_POINT( '', ( 0.00168776075068300, -3.39398721905000E-05, -0.000774917939618300 ) );
#4382 = CARTESIAN_POINT( '', ( 0.00178307142660100, 0.000281991205893700, -0.000670110426212400 ) );
#4383 = CARTESIAN_POINT( '', ( 0.00174222489198800, 0.000180512257907000, -0.000741992686313400 ) );
#4384 = CARTESIAN_POINT( '', ( 0.00172237287417500, 7.52157471288600E-05, -0.000776928524115400 ) );
#4385 = CARTESIAN_POINT( '', ( 0.00172351537316000, -3.38983264407400E-05, -0.000774917939618300 ) );
#4386 = CARTESIAN_POINT( '', ( 0.00182094685865600, 0.000282035275051300, -0.000670110426212400 ) );
#4387 = CARTESIAN_POINT( '', ( 0.00179692947834500, 0.000179901000452800, -0.000741992686313400 ) );
#4388 = CARTESIAN_POINT( '', ( 0.00178525667754800, 7.46072965334900E-05, -0.000776928524115400 ) );
#4389 = CARTESIAN_POINT( '', ( 0.00178592845626600, -3.38458367065300E-05, -0.000774917939618300 ) );
#4390 = CARTESIAN_POINT( '', ( 0.00187500000000000, 0.000282054494301100, -0.000670110426212400 ) );
#4391 = CARTESIAN_POINT( '', ( 0.00187500000000000, 0.000179634421503600, -0.000741992686313400 ) );
#4392 = CARTESIAN_POINT( '', ( 0.00187500000000000, 7.43419416994800E-05, -0.000776928524115400 ) );
#4393 = CARTESIAN_POINT( '', ( 0.00187500000000000, -3.38229451113600E-05, -0.000774917939618300 ) );
#4394 = CARTESIAN_POINT( '', ( 0.00192905314134400, 0.000282035275051300, -0.000670110426212400 ) );
#4395 = CARTESIAN_POINT( '', ( 0.00195307052165500, 0.000179901000452800, -0.000741992686313400 ) );
#4396 = CARTESIAN_POINT( '', ( 0.00196474332245200, 7.46072965334900E-05, -0.000776928524115400 ) );
#4397 = CARTESIAN_POINT( '', ( 0.00196407154373400, -3.38458367065300E-05, -0.000774917939618300 ) );
#4398 = CARTESIAN_POINT( '', ( 0.00196692857339900, 0.000281991205893700, -0.000670110426212400 ) );
#4399 = CARTESIAN_POINT( '', ( 0.00200777510801200, 0.000180512257907000, -0.000741992686313400 ) );
#4400 = CARTESIAN_POINT( '', ( 0.00202762712582500, 7.52157471288600E-05, -0.000776928524115400 ) );
#4401 = CARTESIAN_POINT( '', ( 0.00202648462684000, -3.38983264407400E-05, -0.000774917939618300 ) );
#4402 = CARTESIAN_POINT( '', ( 0.00198862629616700, 0.000281956325050300, -0.000670110426212400 ) );
#4403 = CARTESIAN_POINT( '', ( 0.00203911375907100, 0.000180996069639300, -0.000741992686313400 ) );
#4404 = CARTESIAN_POINT( '', ( 0.00206365141012100, 7.56973372257100E-05, -0.000776928524115400 ) );
#4405 = CARTESIAN_POINT( '', ( 0.00206223924931700, -3.39398721905000E-05, -0.000774917939618300 ) );
#4406 = SURFACE_SIDE_STYLE( '', ( #7062 ) );
#4407 = EDGE_LOOP( '', ( #7063, #7064, #7065, #7066, #7067, #7068, #7069, #7070 ) );
#4408 = AXIS2_PLACEMENT_3D( '', #7071, #7072, #7073 );
#4409 = SURFACE_SIDE_STYLE( '', ( #7074 ) );
#4410 = EDGE_LOOP( '', ( #7075, #7076, #7077, #7078 ) );
#4411 = AXIS2_PLACEMENT_3D( '', #7079, #7080, #7081 );
#4412 = SURFACE_SIDE_STYLE( '', ( #7082 ) );
#4413 = EDGE_LOOP( '', ( #7083, #7084, #7085, #7086 ) );
#4414 = AXIS2_PLACEMENT_3D( '', #7087, #7088, #7089 );
#4415 = SURFACE_SIDE_STYLE( '', ( #7090 ) );
#4416 = EDGE_LOOP( '', ( #7091, #7092, #7093, #7094 ) );
#4417 = AXIS2_PLACEMENT_3D( '', #7095, #7096, #7097 );
#4418 = SURFACE_SIDE_STYLE( '', ( #7098 ) );
#4419 = EDGE_LOOP( '', ( #7099, #7100, #7101, #7102 ) );
#4420 = CARTESIAN_POINT( '', ( -0.00421501745775100, -0.00327613175889000, -0.00369141254016200 ) );
#4421 = CARTESIAN_POINT( '', ( -0.00421431222304000, -0.00327546385200100, -0.00386488472196000 ) );
#4422 = CARTESIAN_POINT( '', ( -0.00423497382935500, -0.00329503184685500, -0.00403715303684300 ) );
#4423 = CARTESIAN_POINT( '', ( -0.00427700227669400, -0.00333483574345300, -0.00420821748481200 ) );
#4424 = CARTESIAN_POINT( '', ( -0.00421501745775100, -0.00331325693061400, -0.00369142280810300 ) );
#4425 = CARTESIAN_POINT( '', ( -0.00421431222304000, -0.00331271371008900, -0.00386468411633600 ) );
#4426 = CARTESIAN_POINT( '', ( -0.00423497382935500, -0.00332862870753600, -0.00403695232744300 ) );
#4427 = CARTESIAN_POINT( '', ( -0.00427700227669400, -0.00336100192295400, -0.00420822744142400 ) );
#4428 = CARTESIAN_POINT( '', ( -0.00421501745775100, -0.00337954634431800, -0.00369143605676200 ) );
#4429 = CARTESIAN_POINT( '', ( -0.00421431222304000, -0.00337922575942200, -0.00386442527617400 ) );
#4430 = CARTESIAN_POINT( '', ( -0.00423497382935500, -0.00338861809191800, -0.00403669335337900 ) );
#4431 = CARTESIAN_POINT( '', ( -0.00427700227669400, -0.00340772334180300, -0.00420824028837800 ) );
#4432 = CARTESIAN_POINT( '', ( -0.00421501745775100, -0.00347500000000000, -0.00369144191911300 ) );
#4433 = CARTESIAN_POINT( '', ( -0.00421431222304000, -0.00347500000000000, -0.00386431074294100 ) );
#4434 = CARTESIAN_POINT( '', ( -0.00423497382935500, -0.00347500000000000, -0.00403657876089700 ) );
#4435 = CARTESIAN_POINT( '', ( -0.00427700227669400, -0.00347500000000000, -0.00420824597298000 ) );
#4436 = CARTESIAN_POINT( '', ( -0.00421501745775100, -0.00357045365568200, -0.00369143605676200 ) );
#4437 = CARTESIAN_POINT( '', ( -0.00421431222304000, -0.00357077424057800, -0.00386442527617400 ) );
#4438 = CARTESIAN_POINT( '', ( -0.00423497382935500, -0.00356138190808200, -0.00403669335337900 ) );
#4439 = CARTESIAN_POINT( '', ( -0.00427700227669400, -0.00354227665819700, -0.00420824028837800 ) );
#4440 = CARTESIAN_POINT( '', ( -0.00421501745775100, -0.00363674306938600, -0.00369142280810300 ) );
#4441 = CARTESIAN_POINT( '', ( -0.00421431222304000, -0.00363728628991100, -0.00386468411633600 ) );
#4442 = CARTESIAN_POINT( '', ( -0.00423497382935500, -0.00362137129246400, -0.00403695232744300 ) );
#4443 = CARTESIAN_POINT( '', ( -0.00427700227669400, -0.00358899807704600, -0.00420822744142400 ) );
#4444 = CARTESIAN_POINT( '', ( -0.00421501745775100, -0.00367386824111000, -0.00369141254016200 ) );
#4445 = CARTESIAN_POINT( '', ( -0.00421431222304000, -0.00367453614799900, -0.00386488472196000 ) );
#4446 = CARTESIAN_POINT( '', ( -0.00423497382935500, -0.00365496815314500, -0.00403715303684300 ) );
#4447 = CARTESIAN_POINT( '', ( -0.00427700227669400, -0.00361516425654700, -0.00420821748481200 ) );
#4448 = SURFACE_SIDE_STYLE( '', ( #7103 ) );
#4449 = EDGE_LOOP( '', ( #7104, #7105, #7106, #7107 ) );
#4450 = AXIS2_PLACEMENT_3D( '', #7108, #7109, #7110 );
#4451 = SURFACE_SIDE_STYLE( '', ( #7111 ) );
#4452 = EDGE_LOOP( '', ( #7112, #7113, #7114, #7115 ) );
#4453 = AXIS2_PLACEMENT_3D( '', #7116, #7117, #7118 );
#4454 = SURFACE_SIDE_STYLE( '', ( #7119 ) );
#4455 = EDGE_LOOP( '', ( #7120, #7121, #7122, #7123 ) );
#4456 = CARTESIAN_POINT( '', ( -0.00301137370383300, 0.000281956325050300, -0.000279889573787600 ) );
#4457 = CARTESIAN_POINT( '', ( -0.00296088624092900, 0.000180996069639300, -0.000208007313686600 ) );
#4458 = CARTESIAN_POINT( '', ( -0.00293634858987900, 7.56973372257100E-05, -0.000173071475884600 ) );
#4459 = CARTESIAN_POINT( '', ( -0.00293776075068300, -3.39398721905000E-05, -0.000175082060381700 ) );
#4460 = CARTESIAN_POINT( '', ( -0.00303307142660100, 0.000281991205893700, -0.000279889573787600 ) );
#4461 = CARTESIAN_POINT( '', ( -0.00299222489198800, 0.000180512257907000, -0.000208007313686600 ) );
#4462 = CARTESIAN_POINT( '', ( -0.00297237287417500, 7.52157471288600E-05, -0.000173071475884600 ) );
#4463 = CARTESIAN_POINT( '', ( -0.00297351537316000, -3.38983264407400E-05, -0.000175082060381700 ) );
#4464 = CARTESIAN_POINT( '', ( -0.00307094685865600, 0.000282035275051300, -0.000279889573787600 ) );
#4465 = CARTESIAN_POINT( '', ( -0.00304692947834500, 0.000179901000452800, -0.000208007313686600 ) );
#4466 = CARTESIAN_POINT( '', ( -0.00303525667754800, 7.46072965334900E-05, -0.000173071475884600 ) );
#4467 = CARTESIAN_POINT( '', ( -0.00303592845626600, -3.38458367065300E-05, -0.000175082060381700 ) );
#4468 = CARTESIAN_POINT( '', ( -0.00312500000000000, 0.000282054494301100, -0.000279889573787600 ) );
#4469 = CARTESIAN_POINT( '', ( -0.00312500000000000, 0.000179634421503600, -0.000208007313686600 ) );
#4470 = CARTESIAN_POINT( '', ( -0.00312500000000000, 7.43419416994800E-05, -0.000173071475884600 ) );
#4471 = CARTESIAN_POINT( '', ( -0.00312500000000000, -3.38229451113600E-05, -0.000175082060381700 ) );
#4472 = CARTESIAN_POINT( '', ( -0.00317905314134400, 0.000282035275051300, -0.000279889573787600 ) );
#4473 = CARTESIAN_POINT( '', ( -0.00320307052165500, 0.000179901000452800, -0.000208007313686600 ) );
#4474 = CARTESIAN_POINT( '', ( -0.00321474332245200, 7.46072965334900E-05, -0.000173071475884600 ) );
#4475 = CARTESIAN_POINT( '', ( -0.00321407154373400, -3.38458367065300E-05, -0.000175082060381700 ) );
#4476 = CARTESIAN_POINT( '', ( -0.00321692857339900, 0.000281991205893700, -0.000279889573787600 ) );
#4477 = CARTESIAN_POINT( '', ( -0.00325777510801200, 0.000180512257907000, -0.000208007313686600 ) );
#4478 = CARTESIAN_POINT( '', ( -0.00327762712582500, 7.52157471288600E-05, -0.000173071475884600 ) );
#4479 = CARTESIAN_POINT( '', ( -0.00327648462684000, -3.38983264407400E-05, -0.000175082060381700 ) );
#4480 = CARTESIAN_POINT( '', ( -0.00323862629616700, 0.000281956325050300, -0.000279889573787600 ) );
#4481 = CARTESIAN_POINT( '', ( -0.00328911375907100, 0.000180996069639300, -0.000208007313686600 ) );
#4482 = CARTESIAN_POINT( '', ( -0.00331365141012100, 7.56973372257100E-05, -0.000173071475884600 ) );
#4483 = CARTESIAN_POINT( '', ( -0.00331223924931700, -3.39398721905000E-05, -0.000175082060381700 ) );
#4484 = SURFACE_SIDE_STYLE( '', ( #7124 ) );
#4485 = EDGE_LOOP( '', ( #7125, #7126, #7127, #7128 ) );
#4486 = CARTESIAN_POINT( '', ( 0.00206227652165500, -0.00364998550332600, -0.00369142260266300 ) );
#4487 = CARTESIAN_POINT( '', ( 0.00206310058809200, -0.00365057214161800, -0.00386499535222700 ) );
#4488 = CARTESIAN_POINT( '', ( 0.00203891397329700, -0.00363335411920500, -0.00403725864914100 ) );
#4489 = CARTESIAN_POINT( '', ( 0.00198971667726900, -0.00359833143608800, -0.00420821249340400 ) );
#4490 = CARTESIAN_POINT( '', ( 0.00202651478176800, -0.00364998550332600, -0.00369143861162900 ) );
#4491 = CARTESIAN_POINT( '', ( 0.00202718148705200, -0.00365057214161800, -0.00386468201986900 ) );
#4492 = CARTESIAN_POINT( '', ( 0.00200761347270600, -0.00363335411920500, -0.00403694516431200 ) );
#4493 = CARTESIAN_POINT( '', ( 0.00196781073873100, -0.00359833143608800, -0.00420822804495600 ) );
#4494 = CARTESIAN_POINT( '', ( 0.00196408927455000, -0.00364998550332600, -0.00369145866514800 ) );
#4495 = CARTESIAN_POINT( '', ( 0.00196448129102100, -0.00365057214161800, -0.00386428952627600 ) );
#4496 = CARTESIAN_POINT( '', ( 0.00195297548160700, -0.00363335411920500, -0.00403655247972600 ) );
#4497 = CARTESIAN_POINT( '', ( 0.00192957184630700, -0.00359833143608800, -0.00420824752550000 ) );
#4498 = CARTESIAN_POINT( '', ( 0.00187500000000000, -0.00364998550332600, -0.00369146730246300 ) );
#4499 = CARTESIAN_POINT( '', ( 0.00187500000000000, -0.00365057214161800, -0.00386412047411400 ) );
#4500 = CARTESIAN_POINT( '', ( 0.00187500000000000, -0.00363335411920500, -0.00403638334530100 ) );
#4501 = CARTESIAN_POINT( '', ( 0.00187500000000000, -0.00359833143608800, -0.00420825591602600 ) );
#4502 = CARTESIAN_POINT( '', ( 0.00178591072545000, -0.00364998550332600, -0.00369145866514800 ) );
#4503 = CARTESIAN_POINT( '', ( 0.00178551870897900, -0.00365057214161800, -0.00386428952627600 ) );
#4504 = CARTESIAN_POINT( '', ( 0.00179702451839300, -0.00363335411920500, -0.00403655247972600 ) );
#4505 = CARTESIAN_POINT( '', ( 0.00182042815369300, -0.00359833143608800, -0.00420824752550000 ) );
#4506 = CARTESIAN_POINT( '', ( 0.00172348521823200, -0.00364998550332600, -0.00369143861162900 ) );
#4507 = CARTESIAN_POINT( '', ( 0.00172281851294800, -0.00365057214161800, -0.00386468201986900 ) );
#4508 = CARTESIAN_POINT( '', ( 0.00174238652729400, -0.00363335411920500, -0.00403694516431200 ) );
#4509 = CARTESIAN_POINT( '', ( 0.00178218926126900, -0.00359833143608800, -0.00420822804495600 ) );
#4510 = CARTESIAN_POINT( '', ( 0.00168772347834500, -0.00364998550332600, -0.00369142260266300 ) );
#4511 = CARTESIAN_POINT( '', ( 0.00168689941190800, -0.00365057214161800, -0.00386499535222700 ) );
#4512 = CARTESIAN_POINT( '', ( 0.00171108602670300, -0.00363335411920500, -0.00403725864914100 ) );
#4513 = CARTESIAN_POINT( '', ( 0.00176028332273100, -0.00359833143608800, -0.00420821249340400 ) );
#4514 = SURFACE_SIDE_STYLE( '', ( #7129 ) );
#4515 = EDGE_LOOP( '', ( #7130, #7131, #7132, #7133 ) );
#4516 = CARTESIAN_POINT( '', ( -0.00456227652165500, -0.00330001449667400, -0.00369142260266300 ) );
#4517 = CARTESIAN_POINT( '', ( -0.00456310058809200, -0.00329942785838200, -0.00386499535222700 ) );
#4518 = CARTESIAN_POINT( '', ( -0.00453891397329700, -0.00331664588079500, -0.00403725864914100 ) );
#4519 = CARTESIAN_POINT( '', ( -0.00448971667726900, -0.00335166856391200, -0.00420821249340400 ) );
#4520 = CARTESIAN_POINT( '', ( -0.00452651478176800, -0.00330001449667400, -0.00369143861162900 ) );
#4521 = CARTESIAN_POINT( '', ( -0.00452718148705200, -0.00329942785838200, -0.00386468201986900 ) );
#4522 = CARTESIAN_POINT( '', ( -0.00450761347270600, -0.00331664588079500, -0.00403694516431200 ) );
#4523 = CARTESIAN_POINT( '', ( -0.00446781073873100, -0.00335166856391200, -0.00420822804495600 ) );
#4524 = CARTESIAN_POINT( '', ( -0.00446408927455000, -0.00330001449667400, -0.00369145866514800 ) );
#4525 = CARTESIAN_POINT( '', ( -0.00446448129102100, -0.00329942785838200, -0.00386428952627600 ) );
#4526 = CARTESIAN_POINT( '', ( -0.00445297548160700, -0.00331664588079500, -0.00403655247972600 ) );
#4527 = CARTESIAN_POINT( '', ( -0.00442957184630700, -0.00335166856391200, -0.00420824752550000 ) );
#4528 = CARTESIAN_POINT( '', ( -0.00437500000000000, -0.00330001449667400, -0.00369146730246300 ) );
#4529 = CARTESIAN_POINT( '', ( -0.00437500000000000, -0.00329942785838200, -0.00386412047411400 ) );
#4530 = CARTESIAN_POINT( '', ( -0.00437500000000000, -0.00331664588079500, -0.00403638334530100 ) );
#4531 = CARTESIAN_POINT( '', ( -0.00437500000000000, -0.00335166856391200, -0.00420825591602600 ) );
#4532 = CARTESIAN_POINT( '', ( -0.00428591072545000, -0.00330001449667400, -0.00369145866514800 ) );
#4533 = CARTESIAN_POINT( '', ( -0.00428551870897900, -0.00329942785838200, -0.00386428952627600 ) );
#4534 = CARTESIAN_POINT( '', ( -0.00429702451839300, -0.00331664588079500, -0.00403655247972600 ) );
#4535 = CARTESIAN_POINT( '', ( -0.00432042815369300, -0.00335166856391200, -0.00420824752550000 ) );
#4536 = CARTESIAN_POINT( '', ( -0.00422348521823200, -0.00330001449667400, -0.00369143861162900 ) );
#4537 = CARTESIAN_POINT( '', ( -0.00422281851294800, -0.00329942785838200, -0.00386468201986900 ) );
#4538 = CARTESIAN_POINT( '', ( -0.00424238652729400, -0.00331664588079500, -0.00403694516431200 ) );
#4539 = CARTESIAN_POINT( '', ( -0.00428218926126900, -0.00335166856391200, -0.00420822804495600 ) );
#4540 = CARTESIAN_POINT( '', ( -0.00418772347834500, -0.00330001449667400, -0.00369142260266300 ) );
#4541 = CARTESIAN_POINT( '', ( -0.00418689941190800, -0.00329942785838200, -0.00386499535222700 ) );
#4542 = CARTESIAN_POINT( '', ( -0.00421108602670300, -0.00331664588079500, -0.00403725864914100 ) );
#4543 = CARTESIAN_POINT( '', ( -0.00426028332273100, -0.00335166856391200, -0.00420821249340400 ) );
#4544 = SURFACE_SIDE_STYLE( '', ( #7134 ) );
#4545 = EDGE_LOOP( '', ( #7135, #7136, #7137, #7138 ) );
#4546 = AXIS2_PLACEMENT_3D( '', #7139, #7140, #7141 );
#4547 = SURFACE_SIDE_STYLE( '', ( #7142 ) );
#4548 = EDGE_LOOP( '', ( #7143, #7144, #7145, #7146 ) );
#4549 = AXIS2_PLACEMENT_3D( '', #7147, #7148, #7149 );
#4550 = SURFACE_SIDE_STYLE( '', ( #7150 ) );
#4551 = EDGE_LOOP( '', ( #7151, #7152, #7153, #7154 ) );
#4552 = AXIS2_PLACEMENT_3D( '', #7155, #7156, #7157 );
#4554 = SURFACE_STYLE_FILL_AREA( #7158 );
#4555 = ORIENTED_EDGE( '', *, *, #7159, .T. );
#4556 = ORIENTED_EDGE( '', *, *, #7160, .T. );
#4557 = ORIENTED_EDGE( '', *, *, #7161, .T. );
#4558 = ORIENTED_EDGE( '', *, *, #7162, .F. );
#4559 = ORIENTED_EDGE( '', *, *, #7163, .T. );
#4560 = ORIENTED_EDGE( '', *, *, #7164, .F. );
#4561 = ORIENTED_EDGE( '', *, *, #7165, .F. );
#4562 = ORIENTED_EDGE( '', *, *, #7166, .T. );
#4563 = CARTESIAN_POINT( '', ( -0.00527500000000000, 0.000975000000000000, 0.00120000000000000 ) );
#4564 = DIRECTION( '', ( 0.00000000000000, 0.00000000000000, 1.00000000000000 ) );
#4565 = DIRECTION( '', ( 1.00000000000000, 0.00000000000000, 0.00000000000000 ) );
#4566 = SURFACE_STYLE_FILL_AREA( #7167 );
#4567 = ORIENTED_EDGE( '', *, *, #7168, .T. );
#4568 = ORIENTED_EDGE( '', *, *, #7169, .F. );
#4569 = ORIENTED_EDGE( '', *, *, #7170, .F. );
#4570 = ORIENTED_EDGE( '', *, *, #7171, .T. );
#4571 = SURFACE_STYLE_FILL_AREA( #7172 );
#4572 = ORIENTED_EDGE( '', *, *, #7173, .F. );
#4573 = ORIENTED_EDGE( '', *, *, #7174, .T. );
#4574 = ORIENTED_EDGE( '', *, *, #7175, .T. );
#4575 = ORIENTED_EDGE( '', *, *, #7176, .F. );
#4576 = CARTESIAN_POINT( '', ( -0.00220000000000000, -0.00382500000000000, -0.00160000000000000 ) );
#4577 = DIRECTION( '', ( -0.707106781186598, 0.707106781186498, 0.00000000000000 ) );
#4578 = DIRECTION( '', ( 0.00000000000000, 0.00000000000000, 1.00000000000000 ) );
#4579 = SURFACE_STYLE_FILL_AREA( #7177 );
#4580 = ORIENTED_EDGE( '', *, *, #7178, .T. );
#4581 = ORIENTED_EDGE( '', *, *, #7179, .F. );
#4582 = ORIENTED_EDGE( '', *, *, #7180, .F. );
#4583 = ORIENTED_EDGE( '', *, *, #7181, .T. );
#4584 = SURFACE_STYLE_FILL_AREA( #7182 );
#4585 = ORIENTED_EDGE( '', *, *, #7183, .T. );
#4586 = ORIENTED_EDGE( '', *, *, #7184, .F. );
#4587 = ORIENTED_EDGE( '', *, *, #7185, .F. );
#4588 = ORIENTED_EDGE( '', *, *, #7186, .T. );
#4589 = CARTESIAN_POINT( '', ( 0.00557500000000000, 0.000975000000000000, 0.000400000000000000 ) );
#4590 = DIRECTION( '', ( 1.00000000000000, 0.00000000000000, 0.00000000000000 ) );
#4591 = DIRECTION( '', ( 0.00000000000000, 1.00000000000000, 0.00000000000000 ) );
#4592 = SURFACE_STYLE_FILL_AREA( #7187 );
#4593 = ORIENTED_EDGE( '', *, *, #7188, .T. );
#4594 = ORIENTED_EDGE( '', *, *, #7189, .T. );
#4595 = ORIENTED_EDGE( '', *, *, #7190, .T. );
#4596 = ORIENTED_EDGE( '', *, *, #7191, .T. );
#4597 = CARTESIAN_POINT( '', ( -0.00587500000000000, -0.00452500000000000, 0.00100000000000000 ) );
#4598 = DIRECTION( '', ( 0.00000000000000, 0.00000000000000, 1.00000000000000 ) );
#4599 = DIRECTION( '', ( 1.00000000000000, 0.00000000000000, 0.00000000000000 ) );
#4600 = SURFACE_STYLE_FILL_AREA( #7192 );
#4601 = ORIENTED_EDGE( '', *, *, #7193, .T. );
#4602 = ORIENTED_EDGE( '', *, *, #7194, .T. );
#4603 = ORIENTED_EDGE( '', *, *, #7195, .T. );
#4604 = ORIENTED_EDGE( '', *, *, #7196, .T. );
#4605 = CARTESIAN_POINT( '', ( 0.00312500000000000, -0.00347500000000000, -0.00420000000000000 ) );
#4606 = DIRECTION( '', ( 0.00000000000000, 0.00000000000000, -1.00000000000000 ) );
#4607 = DIRECTION( '', ( 0.00000000000000, -1.00000000000000, 0.00000000000000 ) );
#4608 = SURFACE_STYLE_FILL_AREA( #7197 );
#4609 = ORIENTED_EDGE( '', *, *, #7198, .T. );
#4610 = ORIENTED_EDGE( '', *, *, #7194, .F. );
#4611 = ORIENTED_EDGE( '', *, *, #7199, .F. );
#4612 = ORIENTED_EDGE( '', *, *, #7200, .T. );
#4613 = SURFACE_STYLE_FILL_AREA( #7201 );
#4614 = ORIENTED_EDGE( '', *, *, #7202, .F. );
#4615 = ORIENTED_EDGE( '', *, *, #7203, .F. );
#4616 = ORIENTED_EDGE( '', *, *, #7204, .T. );
#4617 = ORIENTED_EDGE( '', *, *, #7205, .T. );
#4618 = CARTESIAN_POINT( '', ( 0.00415000000000000, -0.00372500000000000, -0.00160000000000000 ) );
#4619 = DIRECTION( '', ( -0.982872186934319, 0.184288535050203, 0.00000000000000 ) );
#4620 = DIRECTION( '', ( 0.00000000000000, 0.00000000000000, 1.00000000000000 ) );
#4621 = SURFACE_STYLE_FILL_AREA( #7206 );
#4622 = ORIENTED_EDGE( '', *, *, #7207, .T. );
#4623 = ORIENTED_EDGE( '', *, *, #7208, .T. );
#4624 = ORIENTED_EDGE( '', *, *, #7209, .T. );
#4625 = ORIENTED_EDGE( '', *, *, #7210, .T. );
#4626 = CARTESIAN_POINT( '', ( -0.00587500000000000, -0.00452500000000000, 0.00100000000000000 ) );
#4627 = DIRECTION( '', ( 0.00000000000000, 0.00000000000000, 1.00000000000000 ) );
#4628 = DIRECTION( '', ( 1.00000000000000, 0.00000000000000, 0.00000000000000 ) );
#4629 = SURFACE_STYLE_FILL_AREA( #7211 );
#4630 = ORIENTED_EDGE( '', *, *, #7212, .T. );
#4631 = ORIENTED_EDGE( '', *, *, #7213, .F. );
#4632 = ORIENTED_EDGE( '', *, *, #7214, .F. );
#4633 = ORIENTED_EDGE( '', *, *, #7215, .T. );
#4634 = CARTESIAN_POINT( '', ( 0.00527500000000000, 0.000975000000000000, -0.00150000000000000 ) );
#4635 = DIRECTION( '', ( -0.00000000000000, 0.707106781186548, 0.707106781186548 ) );
#4636 = DIRECTION( '', ( 1.00000000000000, 0.00000000000000, 0.00000000000000 ) );
#4637 = SURFACE_STYLE_FILL_AREA( #7216 );
#4638 = ORIENTED_EDGE( '', *, *, #7169, .T. );
#4639 = ORIENTED_EDGE( '', *, *, #7217, .T. );
#4640 = ORIENTED_EDGE( '', *, *, #7218, .T. );
#4641 = ORIENTED_EDGE( '', *, *, #7219, .T. );
#4642 = CARTESIAN_POINT( '', ( 0.00187500000000000, -0.00347500000000000, -0.00420000000000000 ) );
#4643 = DIRECTION( '', ( 0.00000000000000, 0.00000000000000, -1.00000000000000 ) );
#4644 = DIRECTION( '', ( 0.00000000000000, -1.00000000000000, 0.00000000000000 ) );
#4645 = SURFACE_STYLE_FILL_AREA( #7220 );
#4646 = ORIENTED_EDGE( '', *, *, #7221, .T. );
#4647 = ORIENTED_EDGE( '', *, *, #7222, .F. );
#4648 = ORIENTED_EDGE( '', *, *, #7223, .F. );
#4649 = ORIENTED_EDGE( '', *, *, #7224, .T. );
#4650 = CARTESIAN_POINT( '', ( 0.00187500000000000, -0.00365000000000000, -0.00248750000000000 ) );
#4651 = DIRECTION( '', ( -0.00000000000000, 1.00000000000000, 0.00000000000000 ) );
#4652 = DIRECTION( '', ( 1.00000000000000, 0.00000000000000, 0.00000000000000 ) );
#4653 = SURFACE_STYLE_FILL_AREA( #7225 );
#4654 = ORIENTED_EDGE( '', *, *, #7226, .T. );
#4655 = ORIENTED_EDGE( '', *, *, #7227, .T. );
#4656 = ORIENTED_EDGE( '', *, *, #7228, .T. );
#4657 = ORIENTED_EDGE( '', *, *, #7229, .T. );
#4658 = CARTESIAN_POINT( '', ( -0.00587500000000000, -0.00452500000000000, 0.00100000000000000 ) );
#4659 = DIRECTION( '', ( 0.00000000000000, 0.00000000000000, 1.00000000000000 ) );
#4660 = DIRECTION( '', ( 1.00000000000000, 0.00000000000000, 0.00000000000000 ) );
#4661 = SURFACE_STYLE_FILL_AREA( #7230 );
#4662 = ORIENTED_EDGE( '', *, *, #7231, .F. );
#4663 = ORIENTED_EDGE( '', *, *, #7232, .T. );
#4664 = ORIENTED_EDGE( '', *, *, #7233, .T. );
#4665 = ORIENTED_EDGE( '', *, *, #7234, .F. );
#4666 = CARTESIAN_POINT( '', ( -0.00171500000000000, -0.00100000000000000, -0.000475000000000000 ) );
#4667 = DIRECTION( '', ( 1.00000000000000, 0.00000000000000, 0.00000000000000 ) );
#4668 = DIRECTION( '', ( 0.00000000000000, 1.00000000000000, 0.00000000000000 ) );
#4669 = SURFACE_STYLE_FILL_AREA( #7235 );
#4670 = ORIENTED_EDGE( '', *, *, #7236, .T. );
#4671 = ORIENTED_EDGE( '', *, *, #7237, .F. );
#4672 = ORIENTED_EDGE( '', *, *, #7238, .F. );
#4673 = ORIENTED_EDGE( '', *, *, #7239, .T. );
#4674 = SURFACE_STYLE_FILL_AREA( #7240 );
#4675 = ORIENTED_EDGE( '', *, *, #7199, .T. );
#4676 = ORIENTED_EDGE( '', *, *, #7193, .F. );
#4677 = ORIENTED_EDGE( '', *, *, #7241, .F. );
#4678 = ORIENTED_EDGE( '', *, *, #7242, .T. );
#4679 = SURFACE_STYLE_FILL_AREA( #7243 );
#4680 = ORIENTED_EDGE( '', *, *, #7244, .F. );
#4681 = ORIENTED_EDGE( '', *, *, #7245, .F. );
#4682 = ORIENTED_EDGE( '', *, *, #7246, .T. );
#4683 = ORIENTED_EDGE( '', *, *, #7247, .T. );
#4684 = CARTESIAN_POINT( '', ( -0.000850000000000000, -0.00372500000000000, -0.00160000000000000 ) );
#4685 = DIRECTION( '', ( -0.982872186934319, 0.184288535050203, 0.00000000000000 ) );
#4686 = DIRECTION( '', ( 0.00000000000000, 0.00000000000000, 1.00000000000000 ) );
#4687 = SURFACE_STYLE_FILL_AREA( #7248 );
#4688 = ORIENTED_EDGE( '', *, *, #7241, .T. );
#4689 = ORIENTED_EDGE( '', *, *, #7196, .F. );
#4690 = ORIENTED_EDGE( '', *, *, #7249, .F. );
#4691 = ORIENTED_EDGE( '', *, *, #7250, .T. );
#4692 = SURFACE_STYLE_FILL_AREA( #7251 );
#4693 = ORIENTED_EDGE( '', *, *, #7252, .T. );
#4694 = ORIENTED_EDGE( '', *, *, #7253, .F. );
#4695 = ORIENTED_EDGE( '', *, *, #7254, .F. );
#4696 = ORIENTED_EDGE( '', *, *, #7255, .T. );
#4697 = SURFACE_STYLE_FILL_AREA( #7256 );
#4698 = ORIENTED_EDGE( '', *, *, #7257, .T. );
#4699 = ORIENTED_EDGE( '', *, *, #7258, .T. );
#4700 = ORIENTED_EDGE( '', *, *, #7259, .T. );
#4701 = ORIENTED_EDGE( '', *, *, #7260, .T. );
#4702 = ORIENTED_EDGE( '', *, *, #7261, .T. );
#4703 = ORIENTED_EDGE( '', *, *, #7262, .F. );
#4704 = ORIENTED_EDGE( '', *, *, #7263, .T. );
#4705 = ORIENTED_EDGE( '', *, *, #7264, .T. );
#4706 = CARTESIAN_POINT( '', ( 0.00517500000000000, -0.00382500000000000, -0.000600000000000000 ) );
#4707 = DIRECTION( '', ( 0.00000000000000, 0.00000000000000, -1.00000000000000 ) );
#4708 = DIRECTION( '', ( 0.00000000000000, -1.00000000000000, 0.00000000000000 ) );
#4709 = SURFACE_STYLE_FILL_AREA( #7265 );
#4710 = ORIENTED_EDGE( '', *, *, #7266, .T. );
#4711 = ORIENTED_EDGE( '', *, *, #7267, .T. );
#4712 = ORIENTED_EDGE( '', *, *, #7268, .F. );
#4713 = ORIENTED_EDGE( '', *, *, #7269, .F. );
#4714 = ORIENTED_EDGE( '', *, *, #7270, .F. );
#4715 = ORIENTED_EDGE( '', *, *, #7271, .F. );
#4716 = CARTESIAN_POINT( '', ( 0.000465000000000000, -0.00100000000000000, -0.000475000000000000 ) );
#4717 = DIRECTION( '', ( 1.00000000000000, 0.00000000000000, 0.00000000000000 ) );
#4718 = DIRECTION( '', ( 0.00000000000000, 1.00000000000000, 0.00000000000000 ) );
#4719 = SURFACE_STYLE_FILL_AREA( #7272 );
#4720 = ORIENTED_EDGE( '', *, *, #7273, .T. );
#4721 = ORIENTED_EDGE( '', *, *, #7274, .F. );
#4722 = ORIENTED_EDGE( '', *, *, #7275, .F. );
#4723 = ORIENTED_EDGE( '', *, *, #7276, .T. );
#4724 = SURFACE_STYLE_FILL_AREA( #7277 );
#4725 = ORIENTED_EDGE( '', *, *, #7278, .F. );
#4726 = ORIENTED_EDGE( '', *, *, #7279, .T. );
#4727 = ORIENTED_EDGE( '', *, *, #7280, .T. );
#4728 = ORIENTED_EDGE( '', *, *, #7281, .F. );
#4729 = ORIENTED_EDGE( '', *, *, #7282, .F. );
#4730 = ORIENTED_EDGE( '', *, *, #7283, .F. );
#4731 = CARTESIAN_POINT( '', ( -0.000625000000000000, -0.00267500000000000, -0.00127500000000000 ) );
#4732 = DIRECTION( '', ( -1.00000000000000, -0.00000000000000, 0.00000000000000 ) );
#4733 = DIRECTION( '', ( 0.00000000000000, 0.00000000000000, 1.00000000000000 ) );
#4734 = SURFACE_STYLE_FILL_AREA( #7284 );
#4735 = ORIENTED_EDGE( '', *, *, #7233, .F. );
#4736 = ORIENTED_EDGE( '', *, *, #7285, .T. );
#4737 = ORIENTED_EDGE( '', *, *, #7286, .T. );
#4738 = ORIENTED_EDGE( '', *, *, #7287, .T. );
#4739 = CARTESIAN_POINT( '', ( -0.00187500000000000, -0.00100000000000000, -0.000175000000000000 ) );
#4740 = DIRECTION( '', ( 0.00000000000000, 0.00000000000000, 1.00000000000000 ) );
#4741 = DIRECTION( '', ( 1.00000000000000, 0.00000000000000, 0.00000000000000 ) );
#4742 = SURFACE_STYLE_FILL_AREA( #7288 );
#4743 = ORIENTED_EDGE( '', *, *, #7289, .T. );
#4744 = ORIENTED_EDGE( '', *, *, #7290, .F. );
#4745 = ORIENTED_EDGE( '', *, *, #7291, .F. );
#4746 = ORIENTED_EDGE( '', *, *, #7292, .T. );
#4747 = CARTESIAN_POINT( '', ( 0.000925000000000000, -0.00292500000000000, 0.00160000000000000 ) );
#4748 = DIRECTION( '', ( -0.00000000000000, 1.00000000000000, 0.00000000000000 ) );
#4749 = DIRECTION( '', ( 1.00000000000000, 0.00000000000000, 0.00000000000000 ) );
#4750 = SURFACE_STYLE_FILL_AREA( #7293 );
#4751 = ORIENTED_EDGE( '', *, *, #7294, .F. );
#4752 = ORIENTED_EDGE( '', *, *, #7295, .T. );
#4753 = ORIENTED_EDGE( '', *, *, #7296, .T. );
#4754 = ORIENTED_EDGE( '', *, *, #7297, .F. );
#4755 = ORIENTED_EDGE( '', *, *, #7298, .F. );
#4756 = ORIENTED_EDGE( '', *, *, #7299, .F. );
#4757 = CARTESIAN_POINT( '', ( -0.00171500000000000, -0.00100000000000000, -0.000475000000000000 ) );
#4758 = DIRECTION( '', ( 1.00000000000000, 0.00000000000000, 0.00000000000000 ) );
#4759 = DIRECTION( '', ( 0.00000000000000, 1.00000000000000, 0.00000000000000 ) );
#4760 = SURFACE_STYLE_FILL_AREA( #7300 );
#4761 = ORIENTED_EDGE( '', *, *, #7301, .F. );
#4762 = ORIENTED_EDGE( '', *, *, #7302, .T. );
#4763 = ORIENTED_EDGE( '', *, *, #7303, .T. );
#4764 = ORIENTED_EDGE( '', *, *, #7304, .F. );
#4765 = CARTESIAN_POINT( '', ( -0.000625000000000000, -0.00100000000000000, -0.000775000000000000 ) );
#4766 = DIRECTION( '', ( 0.00000000000000, 0.00000000000000, 1.00000000000000 ) );
#4767 = DIRECTION( '', ( 1.00000000000000, 0.00000000000000, 0.00000000000000 ) );
#4768 = SURFACE_STYLE_FILL_AREA( #7305 );
#4769 = ORIENTED_EDGE( '', *, *, #7306, .F. );
#4770 = ORIENTED_EDGE( '', *, *, #7307, .F. );
#4771 = ORIENTED_EDGE( '', *, *, #7308, .F. );
#4772 = ORIENTED_EDGE( '', *, *, #7309, .T. );
#4773 = ORIENTED_EDGE( '', *, *, #7310, .T. );
#4774 = CARTESIAN_POINT( '', ( -0.00587500000000000, -0.00452500000000000, 0.00120000000000000 ) );
#4775 = DIRECTION( '', ( 0.00000000000000, 0.00000000000000, 1.00000000000000 ) );
#4776 = DIRECTION( '', ( 1.00000000000000, 0.00000000000000, 0.00000000000000 ) );
#4777 = SURFACE_STYLE_FILL_AREA( #7311 );
#4778 = ORIENTED_EDGE( '', *, *, #7312, .T. );
#4779 = ORIENTED_EDGE( '', *, *, #7313, .F. );
#4780 = ORIENTED_EDGE( '', *, *, #7314, .F. );
#4781 = ORIENTED_EDGE( '', *, *, #7268, .T. );
#4782 = SURFACE_STYLE_FILL_AREA( #7315 );
#4783 = ORIENTED_EDGE( '', *, *, #7316, .F. );
#4784 = ORIENTED_EDGE( '', *, *, #7317, .T. );
#4785 = ORIENTED_EDGE( '', *, *, #7318, .T. );
#4786 = ORIENTED_EDGE( '', *, *, #7319, .F. );
#4787 = ORIENTED_EDGE( '', *, *, #7320, .F. );
#4788 = ORIENTED_EDGE( '', *, *, #7321, .F. );
#4789 = CARTESIAN_POINT( '', ( 0.00437500000000000, -0.00267500000000000, -0.00127500000000000 ) );
#4790 = DIRECTION( '', ( -1.00000000000000, -0.00000000000000, 0.00000000000000 ) );
#4791 = DIRECTION( '', ( 0.00000000000000, 0.00000000000000, 1.00000000000000 ) );
#4792 = SURFACE_STYLE_FILL_AREA( #7322 );
#4793 = ORIENTED_EDGE( '', *, *, #7323, .F. );
#4794 = ORIENTED_EDGE( '', *, *, #7324, .F. );
#4795 = ORIENTED_EDGE( '', *, *, #7325, .F. );
#4796 = ORIENTED_EDGE( '', *, *, #7326, .F. );
#4797 = CARTESIAN_POINT( '', ( -0.00312500000000000, 0.000275000000000000, -0.000475000000000000 ) );
#4798 = DIRECTION( '', ( 0.00000000000000, -1.00000000000000, 0.00000000000000 ) );
#4799 = DIRECTION( '', ( 0.00000000000000, 0.00000000000000, -1.00000000000000 ) );
#4800 = SURFACE_STYLE_FILL_AREA( #7327 );
#4801 = ORIENTED_EDGE( '', *, *, #7254, .T. );
#4802 = ORIENTED_EDGE( '', *, *, #7328, .F. );
#4803 = ORIENTED_EDGE( '', *, *, #7329, .F. );
#4804 = ORIENTED_EDGE( '', *, *, #7330, .T. );
#4805 = SURFACE_STYLE_FILL_AREA( #7331 );
#4806 = ORIENTED_EDGE( '', *, *, #7332, .T. );
#4807 = ORIENTED_EDGE( '', *, *, #7302, .F. );
#4808 = ORIENTED_EDGE( '', *, *, #7333, .F. );
#4809 = ORIENTED_EDGE( '', *, *, #7334, .T. );
#4810 = SURFACE_STYLE_FILL_AREA( #7335 );
#4811 = ORIENTED_EDGE( '', *, *, #7336, .F. );
#4812 = ORIENTED_EDGE( '', *, *, #7337, .F. );
#4813 = ORIENTED_EDGE( '', *, *, #7338, .T. );
#4814 = ORIENTED_EDGE( '', *, *, #7339, .T. );
#4815 = CARTESIAN_POINT( '', ( 0.00587500000000000, -0.00452500000000000, -0.00190000000000000 ) );
#4816 = DIRECTION( '', ( 0.00000000000000, 0.00000000000000, -1.00000000000000 ) );
#4817 = DIRECTION( '', ( 0.00000000000000, -1.00000000000000, 0.00000000000000 ) );
#4818 = SURFACE_STYLE_FILL_AREA( #7340 );
#4819 = ORIENTED_EDGE( '', *, *, #7341, .T. );
#4820 = ORIENTED_EDGE( '', *, *, #7342, .F. );
#4821 = ORIENTED_EDGE( '', *, *, #7273, .F. );
#4822 = ORIENTED_EDGE( '', *, *, #7343, .T. );
#4823 = SURFACE_STYLE_FILL_AREA( #7344 );
#4824 = ORIENTED_EDGE( '', *, *, #7345, .F. );
#4825 = ORIENTED_EDGE( '', *, *, #7346, .T. );
#4826 = ORIENTED_EDGE( '', *, *, #7347, .T. );
#4827 = ORIENTED_EDGE( '', *, *, #7348, .T. );
#4828 = ORIENTED_EDGE( '', *, *, #7349, .T. );
#4829 = ORIENTED_EDGE( '', *, *, #7350, .T. );
#4830 = ORIENTED_EDGE( '', *, *, #7351, .T. );
#4831 = ORIENTED_EDGE( '', *, *, #7352, .F. );
#4832 = CARTESIAN_POINT( '', ( -0.00517500000000000, 0.000975000000000000, -0.00190000000000000 ) );
#4833 = DIRECTION( '', ( -1.00000000000000, 0.00000000000000, 0.00000000000000 ) );
#4834 = DIRECTION( '', ( 0.00000000000000, 0.00000000000000, 1.00000000000000 ) );
#4835 = SURFACE_STYLE_FILL_AREA( #7353 );
#4836 = ORIENTED_EDGE( '', *, *, #7354, .T. );
#4837 = ORIENTED_EDGE( '', *, *, #7355, .T. );
#4838 = ORIENTED_EDGE( '', *, *, #7356, .F. );
#4839 = ORIENTED_EDGE( '', *, *, #7294, .T. );
#4840 = CARTESIAN_POINT( '', ( -0.00172500000000000, -0.00332500000000000, -0.00160000000000000 ) );
#4841 = DIRECTION( '', ( 0.982872186934319, 0.184288535050203, 0.00000000000000 ) );
#4842 = DIRECTION( '', ( 0.00000000000000, 0.00000000000000, -1.00000000000000 ) );
#4843 = SURFACE_STYLE_FILL_AREA( #7357 );
#4844 = ORIENTED_EDGE( '', *, *, #7358, .T. );
#4845 = ORIENTED_EDGE( '', *, *, #7359, .F. );
#4846 = ORIENTED_EDGE( '', *, *, #7360, .F. );
#4847 = ORIENTED_EDGE( '', *, *, #7361, .T. );
#4848 = SURFACE_STYLE_FILL_AREA( #7362 );
#4849 = ORIENTED_EDGE( '', *, *, #7363, .T. );
#4850 = ORIENTED_EDGE( '', *, *, #7364, .T. );
#4851 = ORIENTED_EDGE( '', *, *, #7365, .T. );
#4852 = ORIENTED_EDGE( '', *, *, #7366, .F. );
#4853 = CARTESIAN_POINT( '', ( -0.00587500000000000, -0.00452500000000000, 0.00100000000000000 ) );
#4854 = DIRECTION( '', ( 0.00000000000000, 0.00000000000000, 1.00000000000000 ) );
#4855 = DIRECTION( '', ( 1.00000000000000, 0.00000000000000, 0.00000000000000 ) );
#4856 = SURFACE_STYLE_FILL_AREA( #7367 );
#4857 = ORIENTED_EDGE( '', *, *, #7313, .T. );
#4858 = ORIENTED_EDGE( '', *, *, #7368, .T. );
#4859 = ORIENTED_EDGE( '', *, *, #7369, .T. );
#4860 = ORIENTED_EDGE( '', *, *, #7370, .T. );
#4861 = CARTESIAN_POINT( '', ( 0.000625000000000000, -0.00347500000000000, -0.00420000000000000 ) );
#4862 = DIRECTION( '', ( 0.00000000000000, 0.00000000000000, -1.00000000000000 ) );
#4863 = DIRECTION( '', ( 0.00000000000000, -1.00000000000000, 0.00000000000000 ) );
#4864 = SURFACE_STYLE_FILL_AREA( #7371 );
#4865 = ORIENTED_EDGE( '', *, *, #7320, .T. );
#4866 = ORIENTED_EDGE( '', *, *, #7372, .T. );
#4867 = ORIENTED_EDGE( '', *, *, #7373, .F. );
#4868 = ORIENTED_EDGE( '', *, *, #7374, .F. );
#4869 = ORIENTED_EDGE( '', *, *, #7375, .F. );
#4870 = ORIENTED_EDGE( '', *, *, #7376, .T. );
#4871 = CARTESIAN_POINT( '', ( 0.00453500000000000, -0.00100000000000000, -0.000475000000000000 ) );
#4872 = DIRECTION( '', ( 1.00000000000000, 0.00000000000000, 0.00000000000000 ) );
#4873 = DIRECTION( '', ( 0.00000000000000, 1.00000000000000, 0.00000000000000 ) );
#4874 = SURFACE_STYLE_FILL_AREA( #7377 );
#4875 = ORIENTED_EDGE( '', *, *, #7378, .T. );
#4876 = ORIENTED_EDGE( '', *, *, #7379, .F. );
#4877 = ORIENTED_EDGE( '', *, *, #7380, .T. );
#4878 = ORIENTED_EDGE( '', *, *, #7337, .T. );
#4879 = ORIENTED_EDGE( '', *, *, #7381, .F. );
#4880 = ORIENTED_EDGE( '', *, *, #7382, .T. );
#4881 = ORIENTED_EDGE( '', *, *, #7383, .F. );
#4882 = ORIENTED_EDGE( '', *, *, #7384, .F. );
#4883 = ORIENTED_EDGE( '', *, *, #7385, .T. );
#4884 = ORIENTED_EDGE( '', *, *, #7210, .F. );
#4885 = CARTESIAN_POINT( '', ( 0.00587500000000000, -0.00452500000000000, 0.00160000000000000 ) );
#4886 = DIRECTION( '', ( 1.00000000000000, 0.00000000000000, 0.00000000000000 ) );
#4887 = DIRECTION( '', ( 0.00000000000000, 1.00000000000000, 0.00000000000000 ) );
#4888 = SURFACE_STYLE_FILL_AREA( #7386 );
#4889 = ORIENTED_EDGE( '', *, *, #7387, .F. );
#4890 = ORIENTED_EDGE( '', *, *, #7388, .F. );
#4891 = ORIENTED_EDGE( '', *, *, #7389, .F. );
#4892 = ORIENTED_EDGE( '', *, *, #7390, .F. );
#4893 = CARTESIAN_POINT( '', ( 0.000625000000000000, 0.000275000000000000, -0.000475000000000000 ) );
#4894 = DIRECTION( '', ( 0.00000000000000, -1.00000000000000, 0.00000000000000 ) );
#4895 = DIRECTION( '', ( 0.00000000000000, 0.00000000000000, -1.00000000000000 ) );
#4896 = SURFACE_STYLE_FILL_AREA( #7391 );
#4897 = ORIENTED_EDGE( '', *, *, #7392, .F. );
#4898 = ORIENTED_EDGE( '', *, *, #7393, .F. );
#4899 = ORIENTED_EDGE( '', *, *, #7394, .T. );
#4900 = ORIENTED_EDGE( '', *, *, #7271, .T. );
#4901 = CARTESIAN_POINT( '', ( 0.000400000000000000, -0.00372500000000000, -0.00160000000000000 ) );
#4902 = DIRECTION( '', ( -0.982872186934319, 0.184288535050203, 0.00000000000000 ) );
#4903 = DIRECTION( '', ( 0.00000000000000, 0.00000000000000, 1.00000000000000 ) );
#4904 = SURFACE_STYLE_FILL_AREA( #7395 );
#4905 = ORIENTED_EDGE( '', *, *, #7396, .T. );
#4906 = ORIENTED_EDGE( '', *, *, #7397, .F. );
#4907 = ORIENTED_EDGE( '', *, *, #7372, .F. );
#4908 = ORIENTED_EDGE( '', *, *, #7319, .T. );
#4909 = CARTESIAN_POINT( '', ( 0.00437500000000000, -0.00365000000000000, -0.00248750000000000 ) );
#4910 = DIRECTION( '', ( -0.00000000000000, 1.00000000000000, 0.00000000000000 ) );
#4911 = DIRECTION( '', ( 1.00000000000000, 0.00000000000000, 0.00000000000000 ) );
#4912 = SURFACE_STYLE_FILL_AREA( #7398 );
#4913 = ORIENTED_EDGE( '', *, *, #7399, .F. );
#4914 = ORIENTED_EDGE( '', *, *, #7400, .F. );
#4915 = ORIENTED_EDGE( '', *, *, #7345, .T. );
#4916 = ORIENTED_EDGE( '', *, *, #7401, .F. );
#4917 = CARTESIAN_POINT( '', ( 0.00000000000000, -0.00452500000000000, 0.00000000000000 ) );
#4918 = DIRECTION( '', ( -0.00000000000000, 1.00000000000000, 0.00000000000000 ) );
#4919 = DIRECTION( '', ( 1.00000000000000, 0.00000000000000, 0.00000000000000 ) );
#4920 = SURFACE_STYLE_FILL_AREA( #7402 );
#4921 = ORIENTED_EDGE( '', *, *, #7403, .F. );
#4922 = ORIENTED_EDGE( '', *, *, #7237, .T. );
#4923 = ORIENTED_EDGE( '', *, *, #7404, .T. );
#4924 = ORIENTED_EDGE( '', *, *, #7405, .T. );
#4925 = CARTESIAN_POINT( '', ( 0.00171500000000000, -0.00100000000000000, -0.000475000000000000 ) );
#4926 = DIRECTION( '', ( 1.00000000000000, 0.00000000000000, 0.00000000000000 ) );
#4927 = DIRECTION( '', ( 0.00000000000000, 1.00000000000000, 0.00000000000000 ) );
#4928 = SURFACE_STYLE_FILL_AREA( #7406 );
#4929 = ORIENTED_EDGE( '', *, *, #7407, .T. );
#4930 = ORIENTED_EDGE( '', *, *, #7408, .F. );
#4931 = ORIENTED_EDGE( '', *, *, #7289, .F. );
#4932 = ORIENTED_EDGE( '', *, *, #7409, .F. );
#4933 = CARTESIAN_POINT( '', ( 0.000325000000000000, -0.00292500000000000, 0.00160000000000000 ) );
#4934 = DIRECTION( '', ( -1.00000000000000, 0.00000000000000, 0.00000000000000 ) );
#4935 = DIRECTION( '', ( 0.00000000000000, 0.00000000000000, 1.00000000000000 ) );
#4936 = SURFACE_STYLE_FILL_AREA( #7410 );
#4937 = ORIENTED_EDGE( '', *, *, #7411, .T. );
#4938 = ORIENTED_EDGE( '', *, *, #7412, .F. );
#4939 = ORIENTED_EDGE( '', *, *, #7358, .F. );
#4940 = ORIENTED_EDGE( '', *, *, #7413, .T. );
#4941 = SURFACE_STYLE_FILL_AREA( #7414 );
#4942 = ORIENTED_EDGE( '', *, *, #7415, .F. );
#4943 = ORIENTED_EDGE( '', *, *, #7416, .T. );
#4944 = ORIENTED_EDGE( '', *, *, #7279, .F. );
#4945 = CARTESIAN_POINT( '', ( -0.000785000000000000, -0.00100000000000000, -0.000475000000000000 ) );
#4946 = DIRECTION( '', ( 1.00000000000000, 0.00000000000000, 0.00000000000000 ) );
#4947 = DIRECTION( '', ( 0.00000000000000, 1.00000000000000, 0.00000000000000 ) );
#4948 = SURFACE_STYLE_FILL_AREA( #7417 );
#4949 = ORIENTED_EDGE( '', *, *, #7418, .F. );
#4950 = ORIENTED_EDGE( '', *, *, #7419, .T. );
#4951 = ORIENTED_EDGE( '', *, *, #7420, .T. );
#4952 = ORIENTED_EDGE( '', *, *, #7421, .F. );
#4953 = CARTESIAN_POINT( '', ( 0.00155000000000000, -0.00382500000000000, -0.00160000000000000 ) );
#4954 = DIRECTION( '', ( -0.707106781186598, 0.707106781186498, 0.00000000000000 ) );
#4955 = DIRECTION( '', ( 0.00000000000000, 0.00000000000000, 1.00000000000000 ) );
#4956 = SURFACE_STYLE_FILL_AREA( #7422 );
#4957 = ORIENTED_EDGE( '', *, *, #7423, .T. );
#4958 = ORIENTED_EDGE( '', *, *, #7424, .F. );
#4959 = ORIENTED_EDGE( '', *, *, #7425, .F. );
#4960 = ORIENTED_EDGE( '', *, *, #7426, .T. );
#4961 = CARTESIAN_POINT( '', ( -0.000625000000000000, -0.00330000000000000, -0.00248750000000000 ) );
#4962 = DIRECTION( '', ( -0.00000000000000, 1.00000000000000, 0.00000000000000 ) );
#4963 = DIRECTION( '', ( 1.00000000000000, 0.00000000000000, 0.00000000000000 ) );
#4964 = SURFACE_STYLE_FILL_AREA( #7427 );
#4965 = ORIENTED_EDGE( '', *, *, #7400, .T. );
#4966 = ORIENTED_EDGE( '', *, *, #7428, .T. );
#4967 = ORIENTED_EDGE( '', *, *, #7429, .F. );
#4968 = ORIENTED_EDGE( '', *, *, #7346, .F. );
#4969 = CARTESIAN_POINT( '', ( 0.00587500000000000, -0.00452500000000000, -0.00190000000000000 ) );
#4970 = DIRECTION( '', ( 0.00000000000000, 0.00000000000000, -1.00000000000000 ) );
#4971 = DIRECTION( '', ( 0.00000000000000, -1.00000000000000, 0.00000000000000 ) );
#4972 = SURFACE_STYLE_FILL_AREA( #7430 );
#4973 = ORIENTED_EDGE( '', *, *, #7431, .F. );
#4974 = ORIENTED_EDGE( '', *, *, #7432, .T. );
#4975 = ORIENTED_EDGE( '', *, *, #7433, .T. );
#4976 = ORIENTED_EDGE( '', *, *, #7434, .F. );
#4977 = CARTESIAN_POINT( '', ( 0.000785000000000000, -0.00100000000000000, -0.000475000000000000 ) );
#4978 = DIRECTION( '', ( 1.00000000000000, 0.00000000000000, 0.00000000000000 ) );
#4979 = DIRECTION( '', ( 0.00000000000000, 1.00000000000000, 0.00000000000000 ) );
#4980 = SURFACE_STYLE_FILL_AREA( #7435 );
#4981 = ORIENTED_EDGE( '', *, *, #7436, .F. );
#4982 = ORIENTED_EDGE( '', *, *, #7437, .T. );
#4983 = ORIENTED_EDGE( '', *, *, #7438, .F. );
#4984 = CARTESIAN_POINT( '', ( 0.000465000000000000, -0.00100000000000000, -0.000475000000000000 ) );
#4985 = DIRECTION( '', ( 1.00000000000000, 0.00000000000000, 0.00000000000000 ) );
#4986 = DIRECTION( '', ( 0.00000000000000, 1.00000000000000, 0.00000000000000 ) );
#4987 = SURFACE_STYLE_FILL_AREA( #7439 );
#4988 = ORIENTED_EDGE( '', *, *, #7360, .T. );
#4989 = ORIENTED_EDGE( '', *, *, #7440, .F. );
#4990 = ORIENTED_EDGE( '', *, *, #7441, .F. );
#4991 = ORIENTED_EDGE( '', *, *, #7442, .T. );
#4992 = SURFACE_STYLE_FILL_AREA( #7443 );
#4993 = ORIENTED_EDGE( '', *, *, #7444, .T. );
#4994 = ORIENTED_EDGE( '', *, *, #7445, .F. );
#4995 = ORIENTED_EDGE( '', *, *, #7446, .F. );
#4996 = ORIENTED_EDGE( '', *, *, #7447, .T. );
#4997 = CARTESIAN_POINT( '', ( 0.00342500000000000, -0.00292500000000000, 0.00160000000000000 ) );
#4998 = DIRECTION( '', ( -0.00000000000000, 1.00000000000000, 0.00000000000000 ) );
#4999 = DIRECTION( '', ( 1.00000000000000, 0.00000000000000, 0.00000000000000 ) );
#5000 = SURFACE_STYLE_FILL_AREA( #7448 );
#5001 = ORIENTED_EDGE( '', *, *, #7449, .T. );
#5002 = ORIENTED_EDGE( '', *, *, #7450, .F. );
#5003 = ORIENTED_EDGE( '', *, *, #7451, .F. );
#5004 = ORIENTED_EDGE( '', *, *, #7452, .T. );
#5005 = SURFACE_STYLE_FILL_AREA( #7453 );
#5006 = ORIENTED_EDGE( '', *, *, #7454, .F. );
#5007 = ORIENTED_EDGE( '', *, *, #7455, .T. );
#5008 = ORIENTED_EDGE( '', *, *, #7456, .T. );
#5009 = ORIENTED_EDGE( '', *, *, #7260, .F. );
#5010 = CARTESIAN_POINT( '', ( 0.00280000000000000, -0.00382500000000000, -0.00160000000000000 ) );
#5011 = DIRECTION( '', ( -0.707106781186598, 0.707106781186498, 0.00000000000000 ) );
#5012 = DIRECTION( '', ( 0.00000000000000, 0.00000000000000, 1.00000000000000 ) );
#5013 = SURFACE_STYLE_FILL_AREA( #7457 );
#5014 = ORIENTED_EDGE( '', *, *, #7458, .F. );
#5015 = ORIENTED_EDGE( '', *, *, #7459, .T. );
#5016 = ORIENTED_EDGE( '', *, *, #7460, .T. );
#5017 = ORIENTED_EDGE( '', *, *, #7461, .F. );
#5018 = CARTESIAN_POINT( '', ( 0.00517500000000000, -0.00382500000000000, -0.00190000000000000 ) );
#5019 = DIRECTION( '', ( -0.00000000000000, 1.00000000000000, 0.00000000000000 ) );
#5020 = DIRECTION( '', ( 1.00000000000000, 0.00000000000000, 0.00000000000000 ) );
#5021 = SURFACE_STYLE_FILL_AREA( #7462 );
#5022 = ORIENTED_EDGE( '', *, *, #7463, .T. );
#5023 = ORIENTED_EDGE( '', *, *, #7188, .F. );
#5024 = ORIENTED_EDGE( '', *, *, #7464, .F. );
#5025 = ORIENTED_EDGE( '', *, *, #7465, .T. );
#5026 = CARTESIAN_POINT( '', ( -0.00407500000000000, -0.00322500000000000, 0.00160000000000000 ) );
#5027 = DIRECTION( '', ( 1.00000000000000, 0.00000000000000, 0.00000000000000 ) );
#5028 = DIRECTION( '', ( 0.00000000000000, 1.00000000000000, 0.00000000000000 ) );
#5029 = SURFACE_STYLE_FILL_AREA( #7466 );
#5030 = ORIENTED_EDGE( '', *, *, #7467, .F. );
#5031 = ORIENTED_EDGE( '', *, *, #7262, .T. );
#5032 = ORIENTED_EDGE( '', *, *, #7468, .F. );
#5033 = CARTESIAN_POINT( '', ( 0.00296500000000000, -0.00100000000000000, -0.000475000000000000 ) );
#5034 = DIRECTION( '', ( 1.00000000000000, 0.00000000000000, 0.00000000000000 ) );
#5035 = DIRECTION( '', ( 0.00000000000000, 1.00000000000000, 0.00000000000000 ) );
#5036 = SURFACE_STYLE_FILL_AREA( #7469 );
#5037 = ORIENTED_EDGE( '', *, *, #7470, .F. );
#5038 = ORIENTED_EDGE( '', *, *, #7351, .F. );
#5039 = ORIENTED_EDGE( '', *, *, #7471, .F. );
#5040 = ORIENTED_EDGE( '', *, *, #7472, .T. );
#5041 = ORIENTED_EDGE( '', *, *, #7473, .T. );
#5042 = ORIENTED_EDGE( '', *, *, #7474, .F. );
#5043 = ORIENTED_EDGE( '', *, *, #7475, .F. );
#5044 = ORIENTED_EDGE( '', *, *, #7476, .T. );
#5045 = ORIENTED_EDGE( '', *, *, #7477, .T. );
#5046 = ORIENTED_EDGE( '', *, *, #7478, .F. );
#5047 = ORIENTED_EDGE( '', *, *, #7479, .F. );
#5048 = ORIENTED_EDGE( '', *, *, #7480, .T. );
#5049 = ORIENTED_EDGE( '', *, *, #7481, .T. );
#5050 = ORIENTED_EDGE( '', *, *, #7482, .F. );
#5051 = ORIENTED_EDGE( '', *, *, #7483, .F. );
#5052 = ORIENTED_EDGE( '', *, *, #7415, .T. );
#5053 = ORIENTED_EDGE( '', *, *, #7278, .T. );
#5054 = ORIENTED_EDGE( '', *, *, #7484, .F. );
#5055 = ORIENTED_EDGE( '', *, *, #7485, .F. );
#5056 = ORIENTED_EDGE( '', *, *, #7436, .T. );
#5057 = ORIENTED_EDGE( '', *, *, #7486, .T. );
#5058 = ORIENTED_EDGE( '', *, *, #7487, .F. );
#5059 = ORIENTED_EDGE( '', *, *, #7488, .F. );
#5060 = ORIENTED_EDGE( '', *, *, #7489, .T. );
#5061 = ORIENTED_EDGE( '', *, *, #7490, .T. );
#5062 = ORIENTED_EDGE( '', *, *, #7491, .F. );
#5063 = ORIENTED_EDGE( '', *, *, #7263, .F. );
#5064 = ORIENTED_EDGE( '', *, *, #7467, .T. );
#5065 = ORIENTED_EDGE( '', *, *, #7492, .T. );
#5066 = ORIENTED_EDGE( '', *, *, #7493, .F. );
#5067 = ORIENTED_EDGE( '', *, *, #7494, .F. );
#5068 = ORIENTED_EDGE( '', *, *, #7495, .T. );
#5069 = ORIENTED_EDGE( '', *, *, #7316, .T. );
#5070 = ORIENTED_EDGE( '', *, *, #7496, .F. );
#5071 = ORIENTED_EDGE( '', *, *, #7497, .F. );
#5072 = ORIENTED_EDGE( '', *, *, #7498, .T. );
#5073 = ORIENTED_EDGE( '', *, *, #7499, .F. );
#5074 = ORIENTED_EDGE( '', *, *, #7378, .F. );
#5075 = ORIENTED_EDGE( '', *, *, #7209, .F. );
#5076 = ORIENTED_EDGE( '', *, *, #7500, .F. );
#5077 = ORIENTED_EDGE( '', *, *, #7501, .F. );
#5078 = ORIENTED_EDGE( '', *, *, #7502, .T. );
#5079 = ORIENTED_EDGE( '', *, *, #7503, .F. );
#5080 = ORIENTED_EDGE( '', *, *, #7504, .F. );
#5081 = ORIENTED_EDGE( '', *, *, #7505, .F. );
#5082 = ORIENTED_EDGE( '', *, *, #7506, .T. );
#5083 = ORIENTED_EDGE( '', *, *, #7507, .F. );
#5084 = ORIENTED_EDGE( '', *, *, #7508, .F. );
#5085 = ORIENTED_EDGE( '', *, *, #7509, .F. );
#5086 = ORIENTED_EDGE( '', *, *, #7510, .T. );
#5087 = ORIENTED_EDGE( '', *, *, #7511, .F. );
#5088 = ORIENTED_EDGE( '', *, *, #7512, .F. );
#5089 = ORIENTED_EDGE( '', *, *, #7513, .F. );
#5090 = ORIENTED_EDGE( '', *, *, #7514, .T. );
#5091 = ORIENTED_EDGE( '', *, *, #7515, .F. );
#5092 = ORIENTED_EDGE( '', *, *, #7407, .F. );
#5093 = ORIENTED_EDGE( '', *, *, #7516, .F. );
#5094 = ORIENTED_EDGE( '', *, *, #7517, .T. );
#5095 = ORIENTED_EDGE( '', *, *, #7518, .F. );
#5096 = ORIENTED_EDGE( '', *, *, #7519, .F. );
#5097 = ORIENTED_EDGE( '', *, *, #7520, .F. );
#5098 = ORIENTED_EDGE( '', *, *, #7521, .T. );
#5099 = ORIENTED_EDGE( '', *, *, #7229, .F. );
#5100 = ORIENTED_EDGE( '', *, *, #7522, .F. );
#5101 = ORIENTED_EDGE( '', *, *, #7523, .F. );
#5102 = ORIENTED_EDGE( '', *, *, #7524, .T. );
#5103 = ORIENTED_EDGE( '', *, *, #7525, .F. );
#5104 = ORIENTED_EDGE( '', *, *, #7526, .F. );
#5105 = ORIENTED_EDGE( '', *, *, #7527, .F. );
#5106 = ORIENTED_EDGE( '', *, *, #7464, .T. );
#5107 = ORIENTED_EDGE( '', *, *, #7191, .F. );
#5108 = ORIENTED_EDGE( '', *, *, #7528, .F. );
#5109 = ORIENTED_EDGE( '', *, *, #7529, .F. );
#5110 = ORIENTED_EDGE( '', *, *, #7530, .T. );
#5111 = ORIENTED_EDGE( '', *, *, #7363, .F. );
#5112 = ORIENTED_EDGE( '', *, *, #7531, .T. );
#5113 = CARTESIAN_POINT( '', ( 0.00517500000000000, -0.00322500000000000, -0.000600000000000000 ) );
#5114 = DIRECTION( '', ( -0.00000000000000, 1.00000000000000, 0.00000000000000 ) );
#5115 = DIRECTION( '', ( 1.00000000000000, 0.00000000000000, 0.00000000000000 ) );
#5116 = SURFACE_STYLE_FILL_AREA( #7532 );
#5117 = ORIENTED_EDGE( '', *, *, #7533, .T. );
#5118 = ORIENTED_EDGE( '', *, *, #7534, .F. );
#5119 = ORIENTED_EDGE( '', *, *, #7535, .F. );
#5120 = ORIENTED_EDGE( '', *, *, #7390, .T. );
#5121 = SURFACE_STYLE_FILL_AREA( #7536 );
#5122 = ORIENTED_EDGE( '', *, *, #7359, .T. );
#5123 = ORIENTED_EDGE( '', *, *, #7412, .T. );
#5124 = ORIENTED_EDGE( '', *, *, #7537, .T. );
#5125 = ORIENTED_EDGE( '', *, *, #7440, .T. );
#5126 = CARTESIAN_POINT( '', ( -0.00187500000000000, -0.00347500000000000, -0.00420000000000000 ) );
#5127 = DIRECTION( '', ( 0.00000000000000, 0.00000000000000, -1.00000000000000 ) );
#5128 = DIRECTION( '', ( 0.00000000000000, -1.00000000000000, 0.00000000000000 ) );
#5129 = SURFACE_STYLE_FILL_AREA( #7538 );
#5130 = ORIENTED_EDGE( '', *, *, #7539, .T. );
#5131 = ORIENTED_EDGE( '', *, *, #7207, .F. );
#5132 = ORIENTED_EDGE( '', *, *, #7385, .F. );
#5133 = ORIENTED_EDGE( '', *, *, #7540, .T. );
#5134 = CARTESIAN_POINT( '', ( 0.00587500000000000, -0.00297500000000000, 0.00160000000000000 ) );
#5135 = DIRECTION( '', ( -0.00000000000000, 1.00000000000000, 0.00000000000000 ) );
#5136 = DIRECTION( '', ( 1.00000000000000, 0.00000000000000, 0.00000000000000 ) );
#5137 = SURFACE_STYLE_FILL_AREA( #7541 );
#5138 = ORIENTED_EDGE( '', *, *, #7473, .F. );
#5139 = ORIENTED_EDGE( '', *, *, #7542, .T. );
#5140 = ORIENTED_EDGE( '', *, *, #7543, .T. );
#5141 = ORIENTED_EDGE( '', *, *, #7544, .F. );
#5142 = ORIENTED_EDGE( '', *, *, #7545, .F. );
#5143 = ORIENTED_EDGE( '', *, *, #7546, .F. );
#5144 = CARTESIAN_POINT( '', ( -0.00437500000000000, -0.00267500000000000, -0.00127500000000000 ) );
#5145 = DIRECTION( '', ( -1.00000000000000, -0.00000000000000, 0.00000000000000 ) );
#5146 = DIRECTION( '', ( 0.00000000000000, 0.00000000000000, 1.00000000000000 ) );
#5147 = SURFACE_STYLE_FILL_AREA( #7547 );
#5148 = ORIENTED_EDGE( '', *, *, #7548, .T. );
#5149 = ORIENTED_EDGE( '', *, *, #7549, .T. );
#5150 = ORIENTED_EDGE( '', *, *, #7550, .F. );
#5151 = ORIENTED_EDGE( '', *, *, #7376, .F. );
#5152 = CARTESIAN_POINT( '', ( 0.00452500000000000, -0.00332500000000000, -0.00160000000000000 ) );
#5153 = DIRECTION( '', ( 0.982872186934319, 0.184288535050203, 0.00000000000000 ) );
#5154 = DIRECTION( '', ( 0.00000000000000, 0.00000000000000, -1.00000000000000 ) );
#5155 = SURFACE_STYLE_FILL_AREA( #7551 );
#5156 = ORIENTED_EDGE( '', *, *, #7552, .T. );
#5157 = ORIENTED_EDGE( '', *, *, #7553, .T. );
#5158 = ORIENTED_EDGE( '', *, *, #7554, .T. );
#5159 = ORIENTED_EDGE( '', *, *, #7450, .T. );
#5160 = CARTESIAN_POINT( '', ( -0.00437500000000000, -0.00347500000000000, -0.00420000000000000 ) );
#5161 = DIRECTION( '', ( 0.00000000000000, 0.00000000000000, -1.00000000000000 ) );
#5162 = DIRECTION( '', ( 0.00000000000000, -1.00000000000000, 0.00000000000000 ) );
#5163 = SURFACE_STYLE_FILL_AREA( #7555 );
#5164 = ORIENTED_EDGE( '', *, *, #7556, .T. );
#5165 = ORIENTED_EDGE( '', *, *, #7557, .F. );
#5166 = ORIENTED_EDGE( '', *, *, #7558, .F. );
#5167 = ORIENTED_EDGE( '', *, *, #7559, .T. );
#5168 = CARTESIAN_POINT( '', ( -0.00557500000000000, 0.000975000000000000, -0.000450000000000000 ) );
#5169 = DIRECTION( '', ( -1.00000000000000, 0.00000000000000, 0.00000000000000 ) );
#5170 = DIRECTION( '', ( 0.00000000000000, 0.00000000000000, 1.00000000000000 ) );
#5171 = SURFACE_STYLE_FILL_AREA( #7560 );
#5172 = ORIENTED_EDGE( '', *, *, #7561, .T. );
#5173 = ORIENTED_EDGE( '', *, *, #7562, .F. );
#5174 = ORIENTED_EDGE( '', *, *, #7252, .F. );
#5175 = ORIENTED_EDGE( '', *, *, #7563, .T. );
#5176 = SURFACE_STYLE_FILL_AREA( #7564 );
#5177 = ORIENTED_EDGE( '', *, *, #7291, .T. );
#5178 = ORIENTED_EDGE( '', *, *, #7565, .F. );
#5179 = ORIENTED_EDGE( '', *, *, #7514, .F. );
#5180 = ORIENTED_EDGE( '', *, *, #7566, .T. );
#5181 = CARTESIAN_POINT( '', ( 0.000925000000000000, -0.00322500000000000, 0.00160000000000000 ) );
#5182 = DIRECTION( '', ( 1.00000000000000, 0.00000000000000, 0.00000000000000 ) );
#5183 = DIRECTION( '', ( 0.00000000000000, 1.00000000000000, 0.00000000000000 ) );
#5184 = SURFACE_STYLE_FILL_AREA( #7567 );
#5185 = ORIENTED_EDGE( '', *, *, #7471, .T. );
#5186 = ORIENTED_EDGE( '', *, *, #7350, .F. );
#5187 = ORIENTED_EDGE( '', *, *, #7568, .T. );
#5188 = ORIENTED_EDGE( '', *, *, #7569, .T. );
#5189 = ORIENTED_EDGE( '', *, *, #7570, .T. );
#5190 = ORIENTED_EDGE( '', *, *, #7571, .F. );
#5191 = CARTESIAN_POINT( '', ( 0.00517500000000000, -0.00382500000000000, -0.000600000000000000 ) );
#5192 = DIRECTION( '', ( 0.00000000000000, 0.00000000000000, -1.00000000000000 ) );
#5193 = DIRECTION( '', ( 0.00000000000000, -1.00000000000000, 0.00000000000000 ) );
#5194 = SURFACE_STYLE_FILL_AREA( #7572 );
#5195 = ORIENTED_EDGE( '', *, *, #7314, .T. );
#5196 = ORIENTED_EDGE( '', *, *, #7370, .F. );
#5197 = ORIENTED_EDGE( '', *, *, #7573, .F. );
#5198 = ORIENTED_EDGE( '', *, *, #7574, .T. );
#5199 = SURFACE_STYLE_FILL_AREA( #7575 );
#5200 = ORIENTED_EDGE( '', *, *, #7522, .T. );
#5201 = ORIENTED_EDGE( '', *, *, #7228, .F. );
#5202 = ORIENTED_EDGE( '', *, *, #7576, .F. );
#5203 = ORIENTED_EDGE( '', *, *, #7577, .F. );
#5204 = CARTESIAN_POINT( '', ( -0.00217500000000000, -0.00292500000000000, 0.00160000000000000 ) );
#5205 = DIRECTION( '', ( -1.00000000000000, 0.00000000000000, 0.00000000000000 ) );
#5206 = DIRECTION( '', ( 0.00000000000000, 0.00000000000000, 1.00000000000000 ) );
#5207 = SURFACE_STYLE_FILL_AREA( #7578 );
#5208 = ORIENTED_EDGE( '', *, *, #7579, .T. );
#5209 = ORIENTED_EDGE( '', *, *, #7580, .F. );
#5210 = ORIENTED_EDGE( '', *, *, #7517, .F. );
#5211 = ORIENTED_EDGE( '', *, *, #7581, .T. );
#5212 = CARTESIAN_POINT( '', ( -0.000325000000000000, -0.00322500000000000, 0.00160000000000000 ) );
#5213 = DIRECTION( '', ( 1.00000000000000, 0.00000000000000, 0.00000000000000 ) );
#5214 = DIRECTION( '', ( 0.00000000000000, 1.00000000000000, 0.00000000000000 ) );
#5215 = SURFACE_STYLE_FILL_AREA( #7582 );
#5216 = ORIENTED_EDGE( '', *, *, #7583, .T. );
#5217 = ORIENTED_EDGE( '', *, *, #7584, .F. );
#5218 = ORIENTED_EDGE( '', *, *, #7585, .F. );
#5219 = ORIENTED_EDGE( '', *, *, #7586, .T. );
#5220 = CARTESIAN_POINT( '', ( 0.00467500000000000, -0.00292500000000000, 0.00160000000000000 ) );
#5221 = DIRECTION( '', ( -0.00000000000000, 1.00000000000000, 0.00000000000000 ) );
#5222 = DIRECTION( '', ( 1.00000000000000, 0.00000000000000, 0.00000000000000 ) );
#5223 = SURFACE_STYLE_FILL_AREA( #7587 );
#5224 = ORIENTED_EDGE( '', *, *, #7588, .T. );
#5225 = ORIENTED_EDGE( '', *, *, #7589, .F. );
#5226 = ORIENTED_EDGE( '', *, *, #7267, .F. );
#5227 = ORIENTED_EDGE( '', *, *, #7590, .T. );
#5228 = CARTESIAN_POINT( '', ( 0.000625000000000000, -0.00330000000000000, -0.00248750000000000 ) );
#5229 = DIRECTION( '', ( -0.00000000000000, 1.00000000000000, 0.00000000000000 ) );
#5230 = DIRECTION( '', ( 1.00000000000000, 0.00000000000000, 0.00000000000000 ) );
#5231 = SURFACE_STYLE_FILL_AREA( #7591 );
#5232 = ORIENTED_EDGE( '', *, *, #7592, .T. );
#5233 = ORIENTED_EDGE( '', *, *, #7593, .F. );
#5234 = ORIENTED_EDGE( '', *, *, #7594, .F. );
#5235 = ORIENTED_EDGE( '', *, *, #7595, .T. );
#5236 = SURFACE_STYLE_FILL_AREA( #7596 );
#5237 = ORIENTED_EDGE( '', *, *, #7597, .T. );
#5238 = ORIENTED_EDGE( '', *, *, #7598, .F. );
#5239 = ORIENTED_EDGE( '', *, *, #7599, .F. );
#5240 = ORIENTED_EDGE( '', *, *, #7325, .T. );
#5241 = SURFACE_STYLE_FILL_AREA( #7600 );
#5242 = ORIENTED_EDGE( '', *, *, #7261, .F. );
#5243 = ORIENTED_EDGE( '', *, *, #7456, .F. );
#5244 = ORIENTED_EDGE( '', *, *, #7601, .T. );
#5245 = ORIENTED_EDGE( '', *, *, #7602, .T. );
#5246 = CARTESIAN_POINT( '', ( 0.00290000000000000, -0.00372500000000000, -0.00160000000000000 ) );
#5247 = DIRECTION( '', ( -0.982872186934319, 0.184288535050203, 0.00000000000000 ) );
#5248 = DIRECTION( '', ( 0.00000000000000, 0.00000000000000, 1.00000000000000 ) );
#5249 = SURFACE_STYLE_FILL_AREA( #7603 );
#5250 = ORIENTED_EDGE( '', *, *, #7604, .F. );
#5251 = ORIENTED_EDGE( '', *, *, #7605, .F. );
#5252 = ORIENTED_EDGE( '', *, *, #7595, .F. );
#5253 = ORIENTED_EDGE( '', *, *, #7606, .F. );
#5254 = CARTESIAN_POINT( '', ( -0.00187500000000000, 0.000275000000000000, -0.000475000000000000 ) );
#5255 = DIRECTION( '', ( 0.00000000000000, -1.00000000000000, 0.00000000000000 ) );
#5256 = DIRECTION( '', ( 0.00000000000000, 0.00000000000000, -1.00000000000000 ) );
#5257 = SURFACE_STYLE_FILL_AREA( #7607 );
#5258 = ORIENTED_EDGE( '', *, *, #7608, .T. );
#5259 = ORIENTED_EDGE( '', *, *, #7609, .F. );
#5260 = ORIENTED_EDGE( '', *, *, #7161, .F. );
#5261 = ORIENTED_EDGE( '', *, *, #7610, .T. );
#5262 = ORIENTED_EDGE( '', *, *, #7611, .F. );
#5263 = ORIENTED_EDGE( '', *, *, #7612, .T. );
#5264 = CARTESIAN_POINT( '', ( 0.00492500000000000, -0.000625000000000000, 0.00160000000000000 ) );
#5265 = DIRECTION( '', ( 1.00000000000000, 0.00000000000000, 0.00000000000000 ) );
#5266 = DIRECTION( '', ( 0.00000000000000, 1.00000000000000, 0.00000000000000 ) );
#5267 = SURFACE_STYLE_FILL_AREA( #7613 );
#5268 = ORIENTED_EDGE( '', *, *, #7290, .T. );
#5269 = ORIENTED_EDGE( '', *, *, #7408, .T. );
#5270 = ORIENTED_EDGE( '', *, *, #7515, .T. );
#5271 = ORIENTED_EDGE( '', *, *, #7565, .T. );
#5272 = CARTESIAN_POINT( '', ( -0.00587500000000000, -0.00452500000000000, 0.00100000000000000 ) );
#5273 = DIRECTION( '', ( 0.00000000000000, 0.00000000000000, 1.00000000000000 ) );
#5274 = DIRECTION( '', ( 1.00000000000000, 0.00000000000000, 0.00000000000000 ) );
#5275 = SURFACE_STYLE_FILL_AREA( #7614 );
#5276 = ORIENTED_EDGE( '', *, *, #7615, .T. );
#5277 = ORIENTED_EDGE( '', *, *, #7616, .T. );
#5278 = ORIENTED_EDGE( '', *, *, #7617, .T. );
#5279 = ORIENTED_EDGE( '', *, *, #7618, .F. );
#5280 = CARTESIAN_POINT( '', ( 0.00000000000000, -0.00162500000000000, 0.00000000000000 ) );
#5281 = DIRECTION( '', ( -0.00000000000000, 1.00000000000000, 0.00000000000000 ) );
#5282 = DIRECTION( '', ( 1.00000000000000, 0.00000000000000, 0.00000000000000 ) );
#5283 = SURFACE_STYLE_FILL_AREA( #7619 );
#5284 = ORIENTED_EDGE( '', *, *, #7620, .T. );
#5285 = ORIENTED_EDGE( '', *, *, #7621, .T. );
#5286 = ORIENTED_EDGE( '', *, *, #7518, .T. );
#5287 = ORIENTED_EDGE( '', *, *, #7580, .T. );
#5288 = CARTESIAN_POINT( '', ( -0.00587500000000000, -0.00452500000000000, 0.00100000000000000 ) );
#5289 = DIRECTION( '', ( 0.00000000000000, 0.00000000000000, 1.00000000000000 ) );
#5290 = DIRECTION( '', ( 1.00000000000000, 0.00000000000000, 0.00000000000000 ) );
#5291 = SURFACE_STYLE_FILL_AREA( #7622 );
#5292 = ORIENTED_EDGE( '', *, *, #7623, .T. );
#5293 = ORIENTED_EDGE( '', *, *, #7223, .T. );
#5294 = ORIENTED_EDGE( '', *, *, #7624, .F. );
#5295 = ORIENTED_EDGE( '', *, *, #7625, .F. );
#5296 = ORIENTED_EDGE( '', *, *, #7626, .F. );
#5297 = ORIENTED_EDGE( '', *, *, #7627, .T. );
#5298 = CARTESIAN_POINT( '', ( 0.00203500000000000, -0.00100000000000000, -0.000475000000000000 ) );
#5299 = DIRECTION( '', ( 1.00000000000000, 0.00000000000000, 0.00000000000000 ) );
#5300 = DIRECTION( '', ( 0.00000000000000, 1.00000000000000, 0.00000000000000 ) );
#5301 = SURFACE_STYLE_FILL_AREA( #7628 );
#5302 = ORIENTED_EDGE( '', *, *, #7629, .F. );
#5303 = ORIENTED_EDGE( '', *, *, #7630, .T. );
#5304 = ORIENTED_EDGE( '', *, *, #7631, .T. );
#5305 = ORIENTED_EDGE( '', *, *, #7632, .F. );
#5306 = CARTESIAN_POINT( '', ( 0.00328500000000000, -0.00100000000000000, -0.000475000000000000 ) );
#5307 = DIRECTION( '', ( 1.00000000000000, 0.00000000000000, 0.00000000000000 ) );
#5308 = DIRECTION( '', ( 0.00000000000000, 1.00000000000000, 0.00000000000000 ) );
#5309 = SURFACE_STYLE_FILL_AREA( #7633 );
#5310 = ORIENTED_EDGE( '', *, *, #7352, .T. );
#5311 = ORIENTED_EDGE( '', *, *, #7470, .T. );
#5312 = ORIENTED_EDGE( '', *, *, #7634, .F. );
#5313 = ORIENTED_EDGE( '', *, *, #7401, .T. );
#5314 = CARTESIAN_POINT( '', ( 0.00705000000000000, -0.00452500000000000, 0.000100000000000000 ) );
#5315 = DIRECTION( '', ( 0.00000000000000, 0.358979079308883, -0.933345606203054 ) );
#5316 = DIRECTION( '', ( -1.00000000000000, 0.00000000000000, 0.00000000000000 ) );
#5317 = SURFACE_STYLE_FILL_AREA( #7635 );
#5318 = ORIENTED_EDGE( '', *, *, #7636, .F. );
#5319 = ORIENTED_EDGE( '', *, *, #7637, .T. );
#5320 = ORIENTED_EDGE( '', *, *, #7638, .T. );
#5321 = ORIENTED_EDGE( '', *, *, #7258, .F. );
#5322 = CARTESIAN_POINT( '', ( 0.00210000000000000, -0.00372500000000000, -0.00160000000000000 ) );
#5323 = DIRECTION( '', ( 0.707106781186598, 0.707106781186498, 0.00000000000000 ) );
#5324 = DIRECTION( '', ( 0.00000000000000, 0.00000000000000, -1.00000000000000 ) );
#5325 = SURFACE_STYLE_FILL_AREA( #7639 );
#5326 = ORIENTED_EDGE( '', *, *, #7282, .T. );
#5327 = ORIENTED_EDGE( '', *, *, #7640, .T. );
#5328 = ORIENTED_EDGE( '', *, *, #7641, .F. );
#5329 = ORIENTED_EDGE( '', *, *, #7423, .F. );
#5330 = ORIENTED_EDGE( '', *, *, #7642, .F. );
#5331 = ORIENTED_EDGE( '', *, *, #7643, .T. );
#5332 = CARTESIAN_POINT( '', ( -0.000465000000000000, -0.00100000000000000, -0.000475000000000000 ) );
#5333 = DIRECTION( '', ( 1.00000000000000, 0.00000000000000, 0.00000000000000 ) );
#5334 = DIRECTION( '', ( 0.00000000000000, 1.00000000000000, 0.00000000000000 ) );
#5335 = SURFACE_STYLE_FILL_AREA( #7644 );
#5336 = ORIENTED_EDGE( '', *, *, #7645, .F. );
#5337 = ORIENTED_EDGE( '', *, *, #7646, .F. );
#5338 = ORIENTED_EDGE( '', *, *, #7647, .T. );
#5339 = ORIENTED_EDGE( '', *, *, #7648, .F. );
#5340 = CARTESIAN_POINT( '', ( -0.00527500000000000, 0.000975000000000000, -0.00120000000000000 ) );
#5341 = DIRECTION( '', ( -1.00000000000000, 0.00000000000000, 0.00000000000000 ) );
#5342 = DIRECTION( '', ( 0.00000000000000, 0.00000000000000, 1.00000000000000 ) );
#5343 = SURFACE_STYLE_FILL_AREA( #7649 );
#5344 = ORIENTED_EDGE( '', *, *, #7650, .F. );
#5345 = ORIENTED_EDGE( '', *, *, #7651, .T. );
#5346 = ORIENTED_EDGE( '', *, *, #7652, .T. );
#5347 = ORIENTED_EDGE( '', *, *, #7653, .F. );
#5348 = ORIENTED_EDGE( '', *, *, #7654, .F. );
#5349 = ORIENTED_EDGE( '', *, *, #7655, .F. );
#5350 = CARTESIAN_POINT( '', ( -0.00296500000000000, -0.00100000000000000, -0.000475000000000000 ) );
#5351 = DIRECTION( '', ( 1.00000000000000, 0.00000000000000, 0.00000000000000 ) );
#5352 = DIRECTION( '', ( 0.00000000000000, 1.00000000000000, 0.00000000000000 ) );
#5353 = SURFACE_STYLE_FILL_AREA( #7656 );
#5354 = ORIENTED_EDGE( '', *, *, #7657, .T. );
#5355 = ORIENTED_EDGE( '', *, *, #7658, .F. );
#5356 = ORIENTED_EDGE( '', *, *, #7659, .F. );
#5357 = ORIENTED_EDGE( '', *, *, #7660, .T. );
#5358 = SURFACE_STYLE_FILL_AREA( #7661 );
#5359 = ORIENTED_EDGE( '', *, *, #7662, .T. );
#5360 = ORIENTED_EDGE( '', *, *, #7452, .F. );
#5361 = ORIENTED_EDGE( '', *, *, #7663, .F. );
#5362 = ORIENTED_EDGE( '', *, *, #7544, .T. );
#5363 = CARTESIAN_POINT( '', ( -0.00437500000000000, -0.00365000000000000, -0.00248750000000000 ) );
#5364 = DIRECTION( '', ( -0.00000000000000, 1.00000000000000, 0.00000000000000 ) );
#5365 = DIRECTION( '', ( 1.00000000000000, 0.00000000000000, 0.00000000000000 ) );
#5366 = SURFACE_STYLE_FILL_AREA( #7664 );
#5367 = ORIENTED_EDGE( '', *, *, #7665, .F. );
#5368 = ORIENTED_EDGE( '', *, *, #7487, .T. );
#5369 = ORIENTED_EDGE( '', *, *, #7666, .T. );
#5370 = CARTESIAN_POINT( '', ( 0.000785000000000000, -0.00100000000000000, -0.000475000000000000 ) );
#5371 = DIRECTION( '', ( 1.00000000000000, 0.00000000000000, 0.00000000000000 ) );
#5372 = DIRECTION( '', ( 0.00000000000000, 1.00000000000000, 0.00000000000000 ) );
#5373 = SURFACE_STYLE_FILL_AREA( #7667 );
#5374 = ORIENTED_EDGE( '', *, *, #7384, .T. );
#5375 = ORIENTED_EDGE( '', *, *, #7668, .T. );
#5376 = ORIENTED_EDGE( '', *, *, #7612, .F. );
#5377 = ORIENTED_EDGE( '', *, *, #7669, .F. );
#5378 = ORIENTED_EDGE( '', *, *, #7670, .F. );
#5379 = ORIENTED_EDGE( '', *, *, #7671, .F. );
#5380 = ORIENTED_EDGE( '', *, *, #7672, .F. );
#5381 = ORIENTED_EDGE( '', *, *, #7673, .T. );
#5382 = ORIENTED_EDGE( '', *, *, #7674, .F. );
#5383 = ORIENTED_EDGE( '', *, *, #7529, .T. );
#5384 = ORIENTED_EDGE( '', *, *, #7675, .T. );
#5385 = ORIENTED_EDGE( '', *, *, #7676, .F. );
#5386 = ORIENTED_EDGE( '', *, *, #7465, .F. );
#5387 = ORIENTED_EDGE( '', *, *, #7527, .T. );
#5388 = ORIENTED_EDGE( '', *, *, #7677, .T. );
#5389 = ORIENTED_EDGE( '', *, *, #7678, .F. );
#5390 = ORIENTED_EDGE( '', *, *, #7679, .F. );
#5391 = ORIENTED_EDGE( '', *, *, #7523, .T. );
#5392 = ORIENTED_EDGE( '', *, *, #7577, .T. );
#5393 = ORIENTED_EDGE( '', *, *, #7680, .F. );
#5394 = ORIENTED_EDGE( '', *, *, #7681, .F. );
#5395 = ORIENTED_EDGE( '', *, *, #7520, .T. );
#5396 = ORIENTED_EDGE( '', *, *, #7682, .T. );
#5397 = ORIENTED_EDGE( '', *, *, #7683, .F. );
#5398 = ORIENTED_EDGE( '', *, *, #7581, .F. );
#5399 = ORIENTED_EDGE( '', *, *, #7516, .T. );
#5400 = ORIENTED_EDGE( '', *, *, #7409, .T. );
#5401 = ORIENTED_EDGE( '', *, *, #7292, .F. );
#5402 = ORIENTED_EDGE( '', *, *, #7566, .F. );
#5403 = ORIENTED_EDGE( '', *, *, #7513, .T. );
#5404 = ORIENTED_EDGE( '', *, *, #7684, .T. );
#5405 = ORIENTED_EDGE( '', *, *, #7685, .F. );
#5406 = ORIENTED_EDGE( '', *, *, #7686, .F. );
#5407 = ORIENTED_EDGE( '', *, *, #7509, .T. );
#5408 = ORIENTED_EDGE( '', *, *, #7687, .T. );
#5409 = ORIENTED_EDGE( '', *, *, #7447, .F. );
#5410 = ORIENTED_EDGE( '', *, *, #7688, .F. );
#5411 = ORIENTED_EDGE( '', *, *, #7505, .T. );
#5412 = ORIENTED_EDGE( '', *, *, #7689, .T. );
#5413 = ORIENTED_EDGE( '', *, *, #7586, .F. );
#5414 = ORIENTED_EDGE( '', *, *, #7690, .F. );
#5415 = ORIENTED_EDGE( '', *, *, #7501, .T. );
#5416 = ORIENTED_EDGE( '', *, *, #7691, .T. );
#5417 = ORIENTED_EDGE( '', *, *, #7540, .F. );
#5418 = CARTESIAN_POINT( '', ( -0.00587500000000000, -0.00452500000000000, 0.00160000000000000 ) );
#5419 = DIRECTION( '', ( 0.00000000000000, 0.00000000000000, 1.00000000000000 ) );
#5420 = DIRECTION( '', ( 1.00000000000000, 0.00000000000000, 0.00000000000000 ) );
#5421 = SURFACE_STYLE_FILL_AREA( #7692 );
#5422 = ORIENTED_EDGE( '', *, *, #7269, .T. );
#5423 = ORIENTED_EDGE( '', *, *, #7574, .F. );
#5424 = ORIENTED_EDGE( '', *, *, #7693, .F. );
#5425 = ORIENTED_EDGE( '', *, *, #7694, .T. );
#5426 = CARTESIAN_POINT( '', ( 0.000625000000000000, -0.00365000000000000, -0.00248750000000000 ) );
#5427 = DIRECTION( '', ( -0.00000000000000, 1.00000000000000, 0.00000000000000 ) );
#5428 = DIRECTION( '', ( 1.00000000000000, 0.00000000000000, 0.00000000000000 ) );
#5429 = SURFACE_STYLE_FILL_AREA( #7695 );
#5430 = ORIENTED_EDGE( '', *, *, #7696, .F. );
#5431 = ORIENTED_EDGE( '', *, *, #7697, .T. );
#5432 = ORIENTED_EDGE( '', *, *, #7698, .T. );
#5433 = ORIENTED_EDGE( '', *, *, #7699, .F. );
#5434 = CARTESIAN_POINT( '', ( -0.00296500000000000, -0.00100000000000000, -0.000475000000000000 ) );
#5435 = DIRECTION( '', ( 1.00000000000000, 0.00000000000000, 0.00000000000000 ) );
#5436 = DIRECTION( '', ( 0.00000000000000, 1.00000000000000, 0.00000000000000 ) );
#5437 = SURFACE_STYLE_FILL_AREA( #7700 );
#5438 = ORIENTED_EDGE( '', *, *, #7701, .T. );
#5439 = ORIENTED_EDGE( '', *, *, #7702, .F. );
#5440 = ORIENTED_EDGE( '', *, *, #7640, .F. );
#5441 = ORIENTED_EDGE( '', *, *, #7281, .T. );
#5442 = CARTESIAN_POINT( '', ( -0.000625000000000000, -0.00365000000000000, -0.00248750000000000 ) );
#5443 = DIRECTION( '', ( -0.00000000000000, 1.00000000000000, 0.00000000000000 ) );
#5444 = DIRECTION( '', ( 1.00000000000000, 0.00000000000000, 0.00000000000000 ) );
#5445 = SURFACE_STYLE_FILL_AREA( #7703 );
#5446 = ORIENTED_EDGE( '', *, *, #7704, .T. );
#5447 = ORIENTED_EDGE( '', *, *, #7705, .F. );
#5448 = ORIENTED_EDGE( '', *, *, #7332, .F. );
#5449 = ORIENTED_EDGE( '', *, *, #7706, .T. );
#5450 = SURFACE_STYLE_FILL_AREA( #7707 );
#5451 = ORIENTED_EDGE( '', *, *, #7708, .F. );
#5452 = ORIENTED_EDGE( '', *, *, #7558, .T. );
#5453 = ORIENTED_EDGE( '', *, *, #7709, .F. );
#5454 = ORIENTED_EDGE( '', *, *, #7648, .T. );
#5455 = CARTESIAN_POINT( '', ( -0.00527500000000000, 0.000975000000000000, -0.000450000000000000 ) );
#5456 = DIRECTION( '', ( 0.00000000000000, 0.00000000000000, -1.00000000000000 ) );
#5457 = DIRECTION( '', ( 0.00000000000000, -1.00000000000000, 0.00000000000000 ) );
#5458 = SURFACE_STYLE_FILL_AREA( #7710 );
#5459 = ORIENTED_EDGE( '', *, *, #7711, .T. );
#5460 = ORIENTED_EDGE( '', *, *, #7645, .T. );
#5461 = ORIENTED_EDGE( '', *, *, #7709, .T. );
#5462 = ORIENTED_EDGE( '', *, *, #7557, .T. );
#5463 = ORIENTED_EDGE( '', *, *, #7712, .T. );
#5464 = ORIENTED_EDGE( '', *, *, #7713, .T. );
#5465 = ORIENTED_EDGE( '', *, *, #7164, .T. );
#5466 = ORIENTED_EDGE( '', *, *, #7714, .T. );
#5467 = ORIENTED_EDGE( '', *, *, #7715, .T. );
#5468 = ORIENTED_EDGE( '', *, *, #7184, .T. );
#5469 = ORIENTED_EDGE( '', *, *, #7716, .T. );
#5470 = ORIENTED_EDGE( '', *, *, #7717, .T. );
#5471 = ORIENTED_EDGE( '', *, *, #7718, .F. );
#5472 = ORIENTED_EDGE( '', *, *, #7719, .T. );
#5473 = ORIENTED_EDGE( '', *, *, #7720, .T. );
#5474 = ORIENTED_EDGE( '', *, *, #7721, .F. );
#5475 = ORIENTED_EDGE( '', *, *, #7722, .F. );
#5476 = ORIENTED_EDGE( '', *, *, #7723, .T. );
#5477 = ORIENTED_EDGE( '', *, *, #7632, .T. );
#5478 = ORIENTED_EDGE( '', *, *, #7724, .F. );
#5479 = ORIENTED_EDGE( '', *, *, #7405, .F. );
#5480 = ORIENTED_EDGE( '', *, *, #7725, .T. );
#5481 = ORIENTED_EDGE( '', *, *, #7726, .T. );
#5482 = ORIENTED_EDGE( '', *, *, #7727, .F. );
#5483 = ORIENTED_EDGE( '', *, *, #7728, .F. );
#5484 = ORIENTED_EDGE( '', *, *, #7729, .T. );
#5485 = ORIENTED_EDGE( '', *, *, #7434, .T. );
#5486 = ORIENTED_EDGE( '', *, *, #7730, .F. );
#5487 = ORIENTED_EDGE( '', *, *, #7731, .F. );
#5488 = ORIENTED_EDGE( '', *, *, #7304, .T. );
#5489 = ORIENTED_EDGE( '', *, *, #7732, .T. );
#5490 = ORIENTED_EDGE( '', *, *, #7733, .F. );
#5491 = ORIENTED_EDGE( '', *, *, #7734, .F. );
#5492 = ORIENTED_EDGE( '', *, *, #7735, .T. );
#5493 = ORIENTED_EDGE( '', *, *, #7234, .T. );
#5494 = ORIENTED_EDGE( '', *, *, #7287, .F. );
#5495 = ORIENTED_EDGE( '', *, *, #7736, .F. );
#5496 = ORIENTED_EDGE( '', *, *, #7737, .T. );
#5497 = ORIENTED_EDGE( '', *, *, #7699, .T. );
#5498 = ORIENTED_EDGE( '', *, *, #7738, .F. );
#5499 = ORIENTED_EDGE( '', *, *, #7739, .F. );
#5500 = ORIENTED_EDGE( '', *, *, #7740, .T. );
#5501 = ORIENTED_EDGE( '', *, *, #7741, .T. );
#5502 = ORIENTED_EDGE( '', *, *, #7742, .F. );
#5503 = CARTESIAN_POINT( '', ( 0.00000000000000, -0.00197500000000000, 0.00000000000000 ) );
#5504 = DIRECTION( '', ( -0.00000000000000, 1.00000000000000, 0.00000000000000 ) );
#5505 = DIRECTION( '', ( 1.00000000000000, 0.00000000000000, 0.00000000000000 ) );
#5506 = SURFACE_STYLE_FILL_AREA( #7743 );
#5507 = ORIENTED_EDGE( '', *, *, #7744, .T. );
#5508 = ORIENTED_EDGE( '', *, *, #7745, .F. );
#5509 = ORIENTED_EDGE( '', *, *, #7617, .F. );
#5510 = ORIENTED_EDGE( '', *, *, #7746, .T. );
#5511 = CARTESIAN_POINT( '', ( 0.00430000000000000, -0.000475000000000000, -0.00120000000000000 ) );
#5512 = DIRECTION( '', ( 1.00000000000000, 0.00000000000000, 0.00000000000000 ) );
#5513 = DIRECTION( '', ( 0.00000000000000, 1.00000000000000, 0.00000000000000 ) );
#5514 = SURFACE_STYLE_FILL_AREA( #7747 );
#5515 = ORIENTED_EDGE( '', *, *, #7549, .F. );
#5516 = ORIENTED_EDGE( '', *, *, #7748, .T. );
#5517 = ORIENTED_EDGE( '', *, *, #7749, .F. );
#5518 = ORIENTED_EDGE( '', *, *, #7750, .F. );
#5519 = CARTESIAN_POINT( '', ( 0.00460000000000000, -0.00372500000000000, -0.00160000000000000 ) );
#5520 = DIRECTION( '', ( 0.707106781186598, 0.707106781186498, 0.00000000000000 ) );
#5521 = DIRECTION( '', ( 0.00000000000000, 0.00000000000000, -1.00000000000000 ) );
#5522 = SURFACE_STYLE_FILL_AREA( #7751 );
#5523 = ORIENTED_EDGE( '', *, *, #7752, .F. );
#5524 = ORIENTED_EDGE( '', *, *, #7493, .T. );
#5525 = ORIENTED_EDGE( '', *, *, #7753, .T. );
#5526 = CARTESIAN_POINT( '', ( 0.00328500000000000, -0.00100000000000000, -0.000475000000000000 ) );
#5527 = DIRECTION( '', ( 1.00000000000000, 0.00000000000000, 0.00000000000000 ) );
#5528 = DIRECTION( '', ( 0.00000000000000, 1.00000000000000, 0.00000000000000 ) );
#5529 = SURFACE_STYLE_FILL_AREA( #7754 );
#5530 = ORIENTED_EDGE( '', *, *, #7482, .T. );
#5531 = ORIENTED_EDGE( '', *, *, #7755, .T. );
#5532 = ORIENTED_EDGE( '', *, *, #7756, .F. );
#5533 = CARTESIAN_POINT( '', ( -0.00171500000000000, -0.00100000000000000, -0.000475000000000000 ) );
#5534 = DIRECTION( '', ( 1.00000000000000, 0.00000000000000, 0.00000000000000 ) );
#5535 = DIRECTION( '', ( 0.00000000000000, 1.00000000000000, 0.00000000000000 ) );
#5536 = SURFACE_STYLE_FILL_AREA( #7757 );
#5537 = ORIENTED_EDGE( '', *, *, #7758, .F. );
#5538 = ORIENTED_EDGE( '', *, *, #7759, .T. );
#5539 = ORIENTED_EDGE( '', *, *, #7203, .T. );
#5540 = ORIENTED_EDGE( '', *, *, #7760, .F. );
#5541 = CARTESIAN_POINT( '', ( 0.00405000000000000, -0.00382500000000000, -0.00160000000000000 ) );
#5542 = DIRECTION( '', ( -0.707106781186598, 0.707106781186498, 0.00000000000000 ) );
#5543 = DIRECTION( '', ( 0.00000000000000, 0.00000000000000, 1.00000000000000 ) );
#5544 = SURFACE_STYLE_FILL_AREA( #7761 );
#5545 = ORIENTED_EDGE( '', *, *, #7762, .T. );
#5546 = ORIENTED_EDGE( '', *, *, #7763, .T. );
#5547 = ORIENTED_EDGE( '', *, *, #7764, .F. );
#5548 = ORIENTED_EDGE( '', *, *, #7765, .T. );
#5549 = CARTESIAN_POINT( '', ( -0.00422500000000000, -0.00332500000000000, -0.00160000000000000 ) );
#5550 = DIRECTION( '', ( 0.982872186934319, 0.184288535050203, 0.00000000000000 ) );
#5551 = DIRECTION( '', ( 0.00000000000000, 0.00000000000000, -1.00000000000000 ) );
#5552 = SURFACE_STYLE_FILL_AREA( #7766 );
#5553 = ORIENTED_EDGE( '', *, *, #7767, .T. );
#5554 = ORIENTED_EDGE( '', *, *, #7361, .F. );
#5555 = ORIENTED_EDGE( '', *, *, #7768, .F. );
#5556 = ORIENTED_EDGE( '', *, *, #7769, .F. );
#5557 = ORIENTED_EDGE( '', *, *, #7770, .T. );
#5558 = ORIENTED_EDGE( '', *, *, #7771, .T. );
#5559 = CARTESIAN_POINT( '', ( -0.00203500000000000, -0.00100000000000000, -0.000475000000000000 ) );
#5560 = DIRECTION( '', ( 1.00000000000000, 0.00000000000000, 0.00000000000000 ) );
#5561 = DIRECTION( '', ( 0.00000000000000, 1.00000000000000, 0.00000000000000 ) );
#5562 = SURFACE_STYLE_FILL_AREA( #7772 );
#5563 = ORIENTED_EDGE( '', *, *, #7433, .F. );
#5564 = ORIENTED_EDGE( '', *, *, #7534, .T. );
#5565 = ORIENTED_EDGE( '', *, *, #7773, .T. );
#5566 = ORIENTED_EDGE( '', *, *, #7730, .T. );
#5567 = CARTESIAN_POINT( '', ( 0.000625000000000000, -0.00100000000000000, -0.000175000000000000 ) );
#5568 = DIRECTION( '', ( 0.00000000000000, 0.00000000000000, 1.00000000000000 ) );
#5569 = DIRECTION( '', ( 1.00000000000000, 0.00000000000000, 0.00000000000000 ) );
#5570 = SURFACE_STYLE_FILL_AREA( #7774 );
#5571 = ORIENTED_EDGE( '', *, *, #7303, .F. );
#5572 = ORIENTED_EDGE( '', *, *, #7705, .T. );
#5573 = ORIENTED_EDGE( '', *, *, #7775, .T. );
#5574 = ORIENTED_EDGE( '', *, *, #7732, .F. );
#5575 = CARTESIAN_POINT( '', ( -0.000465000000000000, -0.00100000000000000, -0.000475000000000000 ) );
#5576 = DIRECTION( '', ( 1.00000000000000, 0.00000000000000, 0.00000000000000 ) );
#5577 = DIRECTION( '', ( 0.00000000000000, 1.00000000000000, 0.00000000000000 ) );
#5578 = SURFACE_STYLE_FILL_AREA( #7776 );
#5579 = ORIENTED_EDGE( '', *, *, #7343, .F. );
#5580 = ORIENTED_EDGE( '', *, *, #7276, .F. );
#5581 = ORIENTED_EDGE( '', *, *, #7777, .F. );
#5582 = ORIENTED_EDGE( '', *, *, #7778, .F. );
#5583 = CARTESIAN_POINT( '', ( -0.00437500000000000, 0.000275000000000000, -0.000475000000000000 ) );
#5584 = DIRECTION( '', ( 0.00000000000000, -1.00000000000000, 0.00000000000000 ) );
#5585 = DIRECTION( '', ( 0.00000000000000, 0.00000000000000, -1.00000000000000 ) );
#5586 = SURFACE_STYLE_FILL_AREA( #7779 );
#5587 = ORIENTED_EDGE( '', *, *, #7780, .F. );
#5588 = ORIENTED_EDGE( '', *, *, #7480, .F. );
#5589 = ORIENTED_EDGE( '', *, *, #7781, .T. );
#5590 = CARTESIAN_POINT( '', ( -0.00203500000000000, -0.00100000000000000, -0.000475000000000000 ) );
#5591 = DIRECTION( '', ( 1.00000000000000, 0.00000000000000, 0.00000000000000 ) );
#5592 = DIRECTION( '', ( 0.00000000000000, 1.00000000000000, 0.00000000000000 ) );
#5593 = SURFACE_STYLE_FILL_AREA( #7782 );
#5594 = ORIENTED_EDGE( '', *, *, #7712, .F. );
#5595 = ORIENTED_EDGE( '', *, *, #7556, .F. );
#5596 = ORIENTED_EDGE( '', *, *, #7783, .T. );
#5597 = ORIENTED_EDGE( '', *, *, #7784, .F. );
#5598 = CARTESIAN_POINT( '', ( -0.00557500000000000, 0.000975000000000000, 0.000400000000000000 ) );
#5599 = DIRECTION( '', ( 0.00000000000000, 0.00000000000000, 1.00000000000000 ) );
#5600 = DIRECTION( '', ( 1.00000000000000, 0.00000000000000, 0.00000000000000 ) );
#5601 = SURFACE_STYLE_FILL_AREA( #7785 );
#5602 = ORIENTED_EDGE( '', *, *, #7786, .F. );
#5603 = ORIENTED_EDGE( '', *, *, #7562, .T. );
#5604 = ORIENTED_EDGE( '', *, *, #7787, .T. );
#5605 = ORIENTED_EDGE( '', *, *, #7721, .T. );
#5606 = CARTESIAN_POINT( '', ( 0.00437500000000000, -0.00100000000000000, -0.000175000000000000 ) );
#5607 = DIRECTION( '', ( 0.00000000000000, 0.00000000000000, 1.00000000000000 ) );
#5608 = DIRECTION( '', ( 1.00000000000000, 0.00000000000000, 0.00000000000000 ) );
#5609 = SURFACE_STYLE_FILL_AREA( #7788 );
#5610 = ORIENTED_EDGE( '', *, *, #7789, .T. );
#5611 = ORIENTED_EDGE( '', *, *, #7790, .F. );
#5612 = ORIENTED_EDGE( '', *, *, #7652, .F. );
#5613 = ORIENTED_EDGE( '', *, *, #7791, .T. );
#5614 = CARTESIAN_POINT( '', ( -0.00312500000000000, -0.00365000000000000, -0.00248750000000000 ) );
#5615 = DIRECTION( '', ( -0.00000000000000, 1.00000000000000, 0.00000000000000 ) );
#5616 = DIRECTION( '', ( 1.00000000000000, 0.00000000000000, 0.00000000000000 ) );
#5617 = SURFACE_STYLE_FILL_AREA( #7792 );
#5618 = ORIENTED_EDGE( '', *, *, #7793, .T. );
#5619 = ORIENTED_EDGE( '', *, *, #7794, .F. );
#5620 = ORIENTED_EDGE( '', *, *, #7510, .F. );
#5621 = ORIENTED_EDGE( '', *, *, #7686, .T. );
#5622 = CARTESIAN_POINT( '', ( 0.00217500000000000, -0.00322500000000000, 0.00160000000000000 ) );
#5623 = DIRECTION( '', ( 1.00000000000000, 0.00000000000000, 0.00000000000000 ) );
#5624 = DIRECTION( '', ( 0.00000000000000, 1.00000000000000, 0.00000000000000 ) );
#5625 = SURFACE_STYLE_FILL_AREA( #7795 );
#5626 = ORIENTED_EDGE( '', *, *, #7585, .T. );
#5627 = ORIENTED_EDGE( '', *, *, #7796, .F. );
#5628 = ORIENTED_EDGE( '', *, *, #7502, .F. );
#5629 = ORIENTED_EDGE( '', *, *, #7690, .T. );
#5630 = CARTESIAN_POINT( '', ( 0.00467500000000000, -0.00322500000000000, 0.00160000000000000 ) );
#5631 = DIRECTION( '', ( 1.00000000000000, 0.00000000000000, 0.00000000000000 ) );
#5632 = DIRECTION( '', ( 0.00000000000000, 1.00000000000000, 0.00000000000000 ) );
#5633 = SURFACE_STYLE_FILL_AREA( #7797 );
#5634 = ORIENTED_EDGE( '', *, *, #7798, .T. );
#5635 = ORIENTED_EDGE( '', *, *, #7799, .T. );
#5636 = ORIENTED_EDGE( '', *, *, #7242, .F. );
#5637 = ORIENTED_EDGE( '', *, *, #7800, .F. );
#5638 = ORIENTED_EDGE( '', *, *, #7801, .F. );
#5639 = ORIENTED_EDGE( '', *, *, #7602, .F. );
#5640 = CARTESIAN_POINT( '', ( 0.00296500000000000, -0.00100000000000000, -0.000475000000000000 ) );
#5641 = DIRECTION( '', ( 1.00000000000000, 0.00000000000000, 0.00000000000000 ) );
#5642 = DIRECTION( '', ( 0.00000000000000, 1.00000000000000, 0.00000000000000 ) );
#5643 = SURFACE_STYLE_FILL_AREA( #7802 );
#5644 = ORIENTED_EDGE( '', *, *, #7803, .T. );
#5645 = ORIENTED_EDGE( '', *, *, #7804, .T. );
#5646 = ORIENTED_EDGE( '', *, *, #7171, .F. );
#5647 = ORIENTED_EDGE( '', *, *, #7221, .F. );
#5648 = ORIENTED_EDGE( '', *, *, #7805, .F. );
#5649 = ORIENTED_EDGE( '', *, *, #7806, .F. );
#5650 = CARTESIAN_POINT( '', ( 0.00171500000000000, -0.00100000000000000, -0.000475000000000000 ) );
#5651 = DIRECTION( '', ( 1.00000000000000, 0.00000000000000, 0.00000000000000 ) );
#5652 = DIRECTION( '', ( 0.00000000000000, 1.00000000000000, 0.00000000000000 ) );
#5653 = SURFACE_STYLE_FILL_AREA( #7807 );
#5654 = ORIENTED_EDGE( '', *, *, #7249, .T. );
#5655 = ORIENTED_EDGE( '', *, *, #7195, .F. );
#5656 = ORIENTED_EDGE( '', *, *, #7198, .F. );
#5657 = ORIENTED_EDGE( '', *, *, #7808, .T. );
#5658 = SURFACE_STYLE_FILL_AREA( #7809 );
#5659 = ORIENTED_EDGE( '', *, *, #7810, .T. );
#5660 = ORIENTED_EDGE( '', *, *, #7811, .F. );
#5661 = ORIENTED_EDGE( '', *, *, #7657, .F. );
#5662 = ORIENTED_EDGE( '', *, *, #7812, .T. );
#5663 = SURFACE_STYLE_FILL_AREA( #7813 );
#5664 = ORIENTED_EDGE( '', *, *, #7814, .F. );
#5665 = ORIENTED_EDGE( '', *, *, #7484, .T. );
#5666 = ORIENTED_EDGE( '', *, *, #7283, .T. );
#5667 = CARTESIAN_POINT( '', ( -0.000465000000000000, -0.00100000000000000, -0.000475000000000000 ) );
#5668 = DIRECTION( '', ( 1.00000000000000, 0.00000000000000, 0.00000000000000 ) );
#5669 = DIRECTION( '', ( 0.00000000000000, 1.00000000000000, 0.00000000000000 ) );
#5670 = SURFACE_STYLE_FILL_AREA( #7815 );
#5671 = ORIENTED_EDGE( '', *, *, #7698, .F. );
#5672 = ORIENTED_EDGE( '', *, *, #7816, .T. );
#5673 = ORIENTED_EDGE( '', *, *, #7817, .T. );
#5674 = ORIENTED_EDGE( '', *, *, #7738, .T. );
#5675 = CARTESIAN_POINT( '', ( -0.00312500000000000, -0.00100000000000000, -0.000175000000000000 ) );
#5676 = DIRECTION( '', ( 0.00000000000000, 0.00000000000000, 1.00000000000000 ) );
#5677 = DIRECTION( '', ( 1.00000000000000, 0.00000000000000, 0.00000000000000 ) );
#5678 = SURFACE_STYLE_FILL_AREA( #7818 );
#5679 = ORIENTED_EDGE( '', *, *, #7500, .T. );
#5680 = ORIENTED_EDGE( '', *, *, #7208, .F. );
#5681 = ORIENTED_EDGE( '', *, *, #7539, .F. );
#5682 = ORIENTED_EDGE( '', *, *, #7691, .F. );
#5683 = CARTESIAN_POINT( '', ( 0.00537500000000000, -0.00297500000000000, 0.00160000000000000 ) );
#5684 = DIRECTION( '', ( -1.00000000000000, 0.00000000000000, 0.00000000000000 ) );
#5685 = DIRECTION( '', ( 0.00000000000000, 0.00000000000000, 1.00000000000000 ) );
#5686 = SURFACE_STYLE_FILL_AREA( #7819 );
#5687 = ORIENTED_EDGE( '', *, *, #7820, .F. );
#5688 = ORIENTED_EDGE( '', *, *, #7496, .T. );
#5689 = ORIENTED_EDGE( '', *, *, #7321, .T. );
#5690 = CARTESIAN_POINT( '', ( 0.00453500000000000, -0.00100000000000000, -0.000475000000000000 ) );
#5691 = DIRECTION( '', ( 1.00000000000000, 0.00000000000000, 0.00000000000000 ) );
#5692 = DIRECTION( '', ( 0.00000000000000, 1.00000000000000, 0.00000000000000 ) );
#5693 = SURFACE_STYLE_FILL_AREA( #7821 );
#5694 = ORIENTED_EDGE( '', *, *, #7238, .T. );
#5695 = ORIENTED_EDGE( '', *, *, #7822, .F. );
#5696 = ORIENTED_EDGE( '', *, *, #7823, .F. );
#5697 = ORIENTED_EDGE( '', *, *, #7824, .T. );
#5698 = SURFACE_STYLE_FILL_AREA( #7825 );
#5699 = ORIENTED_EDGE( '', *, *, #7826, .F. );
#5700 = ORIENTED_EDGE( '', *, *, #7658, .T. );
#5701 = ORIENTED_EDGE( '', *, *, #7827, .T. );
#5702 = ORIENTED_EDGE( '', *, *, #7722, .T. );
#5703 = CARTESIAN_POINT( '', ( 0.00296500000000000, -0.00100000000000000, -0.000475000000000000 ) );
#5704 = DIRECTION( '', ( 1.00000000000000, 0.00000000000000, 0.00000000000000 ) );
#5705 = DIRECTION( '', ( 0.00000000000000, 1.00000000000000, 0.00000000000000 ) );
#5706 = SURFACE_STYLE_FILL_AREA( #7828 );
#5707 = ORIENTED_EDGE( '', *, *, #7829, .T. );
#5708 = ORIENTED_EDGE( '', *, *, #7830, .T. );
#5709 = ORIENTED_EDGE( '', *, *, #7831, .T. );
#5710 = ORIENTED_EDGE( '', *, *, #7421, .T. );
#5711 = ORIENTED_EDGE( '', *, *, #7832, .T. );
#5712 = ORIENTED_EDGE( '', *, *, #7833, .F. );
#5713 = ORIENTED_EDGE( '', *, *, #7488, .T. );
#5714 = ORIENTED_EDGE( '', *, *, #7665, .T. );
#5715 = CARTESIAN_POINT( '', ( 0.00517500000000000, -0.00382500000000000, -0.000600000000000000 ) );
#5716 = DIRECTION( '', ( 0.00000000000000, 0.00000000000000, -1.00000000000000 ) );
#5717 = DIRECTION( '', ( 0.00000000000000, -1.00000000000000, 0.00000000000000 ) );
#5718 = SURFACE_STYLE_FILL_AREA( #7834 );
#5719 = ORIENTED_EDGE( '', *, *, #7835, .T. );
#5720 = ORIENTED_EDGE( '', *, *, #7836, .T. );
#5721 = ORIENTED_EDGE( '', *, *, #7837, .T. );
#5722 = ORIENTED_EDGE( '', *, *, #7838, .T. );
#5723 = CARTESIAN_POINT( '', ( 0.00437500000000000, -0.00347500000000000, -0.00420000000000000 ) );
#5724 = DIRECTION( '', ( 0.00000000000000, 0.00000000000000, -1.00000000000000 ) );
#5725 = DIRECTION( '', ( 0.00000000000000, -1.00000000000000, 0.00000000000000 ) );
#5726 = SURFACE_STYLE_FILL_AREA( #7839 );
#5727 = ORIENTED_EDGE( '', *, *, #7840, .F. );
#5728 = ORIENTED_EDGE( '', *, *, #7175, .F. );
#5729 = ORIENTED_EDGE( '', *, *, #7841, .T. );
#5730 = ORIENTED_EDGE( '', *, *, #7770, .F. );
#5731 = CARTESIAN_POINT( '', ( -0.00210000000000000, -0.00372500000000000, -0.00160000000000000 ) );
#5732 = DIRECTION( '', ( -0.982872186934319, 0.184288535050203, 0.00000000000000 ) );
#5733 = DIRECTION( '', ( 0.00000000000000, 0.00000000000000, 1.00000000000000 ) );
#5734 = SURFACE_STYLE_FILL_AREA( #7842 );
#5735 = ORIENTED_EDGE( '', *, *, #7333, .T. );
#5736 = ORIENTED_EDGE( '', *, *, #7843, .F. );
#5737 = ORIENTED_EDGE( '', *, *, #7844, .F. );
#5738 = ORIENTED_EDGE( '', *, *, #7845, .T. );
#5739 = SURFACE_STYLE_FILL_AREA( #7846 );
#5740 = ORIENTED_EDGE( '', *, *, #7847, .F. );
#5741 = ORIENTED_EDGE( '', *, *, #7848, .T. );
#5742 = ORIENTED_EDGE( '', *, *, #7849, .T. );
#5743 = ORIENTED_EDGE( '', *, *, #7830, .F. );
#5744 = CARTESIAN_POINT( '', ( 0.000850000000000000, -0.00372500000000000, -0.00160000000000000 ) );
#5745 = DIRECTION( '', ( 0.707106781186598, 0.707106781186498, 0.00000000000000 ) );
#5746 = DIRECTION( '', ( 0.00000000000000, 0.00000000000000, -1.00000000000000 ) );
#5747 = SURFACE_STYLE_FILL_AREA( #7850 );
#5748 = ORIENTED_EDGE( '', *, *, #7851, .T. );
#5749 = ORIENTED_EDGE( '', *, *, #7852, .F. );
#5750 = ORIENTED_EDGE( '', *, *, #7853, .F. );
#5751 = ORIENTED_EDGE( '', *, *, #7790, .T. );
#5752 = SURFACE_STYLE_FILL_AREA( #7854 );
#5753 = ORIENTED_EDGE( '', *, *, #7495, .F. );
#5754 = ORIENTED_EDGE( '', *, *, #7855, .T. );
#5755 = ORIENTED_EDGE( '', *, *, #7317, .F. );
#5756 = CARTESIAN_POINT( '', ( 0.00421500000000000, -0.00100000000000000, -0.000475000000000000 ) );
#5757 = DIRECTION( '', ( 1.00000000000000, 0.00000000000000, 0.00000000000000 ) );
#5758 = DIRECTION( '', ( 0.00000000000000, 1.00000000000000, 0.00000000000000 ) );
#5759 = SURFACE_STYLE_FILL_AREA( #7856 );
#5760 = ORIENTED_EDGE( '', *, *, #7857, .T. );
#5761 = ORIENTED_EDGE( '', *, *, #7858, .F. );
#5762 = ORIENTED_EDGE( '', *, *, #7859, .F. );
#5763 = ORIENTED_EDGE( '', *, *, #7388, .T. );
#5764 = SURFACE_STYLE_FILL_AREA( #7860 );
#5765 = ORIENTED_EDGE( '', *, *, #7861, .T. );
#5766 = ORIENTED_EDGE( '', *, *, #7862, .F. );
#5767 = ORIENTED_EDGE( '', *, *, #7863, .F. );
#5768 = ORIENTED_EDGE( '', *, *, #7424, .T. );
#5769 = SURFACE_STYLE_FILL_AREA( #7864 );
#5770 = ORIENTED_EDGE( '', *, *, #7865, .F. );
#5771 = ORIENTED_EDGE( '', *, *, #7866, .T. );
#5772 = ORIENTED_EDGE( '', *, *, #7867, .T. );
#5773 = ORIENTED_EDGE( '', *, *, #7742, .T. );
#5774 = CARTESIAN_POINT( '', ( -0.00437500000000000, -0.00100000000000000, -0.000175000000000000 ) );
#5775 = DIRECTION( '', ( 0.00000000000000, 0.00000000000000, 1.00000000000000 ) );
#5776 = DIRECTION( '', ( 1.00000000000000, 0.00000000000000, 0.00000000000000 ) );
#5777 = SURFACE_STYLE_FILL_AREA( #7868 );
#5778 = ORIENTED_EDGE( '', *, *, #7823, .T. );
#5779 = ORIENTED_EDGE( '', *, *, #7869, .F. );
#5780 = ORIENTED_EDGE( '', *, *, #7870, .F. );
#5781 = ORIENTED_EDGE( '', *, *, #7871, .T. );
#5782 = SURFACE_STYLE_FILL_AREA( #7872 );
#5783 = ORIENTED_EDGE( '', *, *, #7286, .F. );
#5784 = ORIENTED_EDGE( '', *, *, #7593, .T. );
#5785 = ORIENTED_EDGE( '', *, *, #7873, .T. );
#5786 = ORIENTED_EDGE( '', *, *, #7734, .T. );
#5787 = CARTESIAN_POINT( '', ( -0.00203500000000000, -0.00100000000000000, -0.000475000000000000 ) );
#5788 = DIRECTION( '', ( 1.00000000000000, 0.00000000000000, 0.00000000000000 ) );
#5789 = DIRECTION( '', ( 0.00000000000000, 1.00000000000000, 0.00000000000000 ) );
#5790 = SURFACE_STYLE_FILL_AREA( #7874 );
#5791 = ORIENTED_EDGE( '', *, *, #7875, .T. );
#5792 = ORIENTED_EDGE( '', *, *, #7876, .F. );
#5793 = ORIENTED_EDGE( '', *, *, #7789, .F. );
#5794 = ORIENTED_EDGE( '', *, *, #7877, .F. );
#5795 = ORIENTED_EDGE( '', *, *, #7878, .T. );
#5796 = ORIENTED_EDGE( '', *, *, #7879, .T. );
#5797 = CARTESIAN_POINT( '', ( -0.00328500000000000, -0.00100000000000000, -0.000475000000000000 ) );
#5798 = DIRECTION( '', ( 1.00000000000000, 0.00000000000000, 0.00000000000000 ) );
#5799 = DIRECTION( '', ( 0.00000000000000, 1.00000000000000, 0.00000000000000 ) );
#5800 = SURFACE_STYLE_FILL_AREA( #7880 );
#5801 = ORIENTED_EDGE( '', *, *, #7631, .F. );
#5802 = ORIENTED_EDGE( '', *, *, #7881, .T. );
#5803 = ORIENTED_EDGE( '', *, *, #7826, .T. );
#5804 = ORIENTED_EDGE( '', *, *, #7724, .T. );
#5805 = CARTESIAN_POINT( '', ( 0.00312500000000000, -0.00100000000000000, -0.000175000000000000 ) );
#5806 = DIRECTION( '', ( 0.00000000000000, 0.00000000000000, 1.00000000000000 ) );
#5807 = DIRECTION( '', ( 1.00000000000000, 0.00000000000000, 0.00000000000000 ) );
#5808 = SURFACE_STYLE_FILL_AREA( #7882 );
#5809 = ORIENTED_EDGE( '', *, *, #7180, .T. );
#5810 = ORIENTED_EDGE( '', *, *, #7883, .F. );
#5811 = ORIENTED_EDGE( '', *, *, #7851, .F. );
#5812 = ORIENTED_EDGE( '', *, *, #7876, .T. );
#5813 = SURFACE_STYLE_FILL_AREA( #7884 );
#5814 = ORIENTED_EDGE( '', *, *, #7885, .F. );
#5815 = ORIENTED_EDGE( '', *, *, #7812, .F. );
#5816 = ORIENTED_EDGE( '', *, *, #7660, .F. );
#5817 = ORIENTED_EDGE( '', *, *, #7886, .F. );
#5818 = CARTESIAN_POINT( '', ( 0.00312500000000000, 0.000275000000000000, -0.000475000000000000 ) );
#5819 = DIRECTION( '', ( 0.00000000000000, -1.00000000000000, 0.00000000000000 ) );
#5820 = DIRECTION( '', ( 0.00000000000000, 0.00000000000000, -1.00000000000000 ) );
#5821 = SURFACE_STYLE_FILL_AREA( #7887 );
#5822 = ORIENTED_EDGE( '', *, *, #7706, .F. );
#5823 = ORIENTED_EDGE( '', *, *, #7334, .F. );
#5824 = ORIENTED_EDGE( '', *, *, #7845, .F. );
#5825 = ORIENTED_EDGE( '', *, *, #7888, .F. );
#5826 = CARTESIAN_POINT( '', ( -0.000625000000000000, 0.000275000000000000, -0.000475000000000000 ) );
#5827 = DIRECTION( '', ( 0.00000000000000, -1.00000000000000, 0.00000000000000 ) );
#5828 = DIRECTION( '', ( 0.00000000000000, 0.00000000000000, -1.00000000000000 ) );
#5829 = SURFACE_STYLE_FILL_AREA( #7889 );
#5830 = ORIENTED_EDGE( '', *, *, #7890, .T. );
#5831 = ORIENTED_EDGE( '', *, *, #7862, .T. );
#5832 = ORIENTED_EDGE( '', *, *, #7891, .T. );
#5833 = ORIENTED_EDGE( '', *, *, #7892, .T. );
#5834 = CARTESIAN_POINT( '', ( -0.000625000000000000, -0.00347500000000000, -0.00420000000000000 ) );
#5835 = DIRECTION( '', ( 0.00000000000000, 0.00000000000000, -1.00000000000000 ) );
#5836 = DIRECTION( '', ( 0.00000000000000, -1.00000000000000, 0.00000000000000 ) );
#5837 = SURFACE_STYLE_FILL_AREA( #7893 );
#5838 = ORIENTED_EDGE( '', *, *, #7894, .T. );
#5839 = ORIENTED_EDGE( '', *, *, #7895, .T. );
#5840 = ORIENTED_EDGE( '', *, *, #7610, .F. );
#5841 = ORIENTED_EDGE( '', *, *, #7160, .F. );
#5842 = CARTESIAN_POINT( '', ( -0.00492500000000000, -0.000925000000000000, 0.00120000000000000 ) );
#5843 = DIRECTION( '', ( 0.00000000000000, -0.707106781186548, 0.707106781186548 ) );
#5844 = DIRECTION( '', ( -1.00000000000000, 0.00000000000000, 0.00000000000000 ) );
#5845 = SURFACE_STYLE_FILL_AREA( #7896 );
#5846 = ORIENTED_EDGE( '', *, *, #7897, .F. );
#5847 = ORIENTED_EDGE( '', *, *, #7898, .F. );
#5848 = ORIENTED_EDGE( '', *, *, #7899, .F. );
#5849 = ORIENTED_EDGE( '', *, *, #7900, .F. );
#5850 = ORIENTED_EDGE( '', *, *, #7901, .F. );
#5851 = ORIENTED_EDGE( '', *, *, #7348, .F. );
#5852 = ORIENTED_EDGE( '', *, *, #7902, .T. );
#5853 = ORIENTED_EDGE( '', *, *, #7903, .T. );
#5854 = ORIENTED_EDGE( '', *, *, #7904, .F. );
#5855 = ORIENTED_EDGE( '', *, *, #7748, .F. );
#5856 = ORIENTED_EDGE( '', *, *, #7548, .F. );
#5857 = ORIENTED_EDGE( '', *, *, #7375, .T. );
#5858 = ORIENTED_EDGE( '', *, *, #7905, .F. );
#5859 = ORIENTED_EDGE( '', *, *, #7906, .F. );
#5860 = ORIENTED_EDGE( '', *, *, #7204, .F. );
#5861 = ORIENTED_EDGE( '', *, *, #7759, .F. );
#5862 = ORIENTED_EDGE( '', *, *, #7907, .F. );
#5863 = ORIENTED_EDGE( '', *, *, #7908, .F. );
#5864 = ORIENTED_EDGE( '', *, *, #7909, .F. );
#5865 = ORIENTED_EDGE( '', *, *, #7910, .T. );
#5866 = ORIENTED_EDGE( '', *, *, #7911, .F. );
#5867 = ORIENTED_EDGE( '', *, *, #7798, .F. );
#5868 = ORIENTED_EDGE( '', *, *, #7601, .F. );
#5869 = ORIENTED_EDGE( '', *, *, #7455, .F. );
#5870 = ORIENTED_EDGE( '', *, *, #7912, .F. );
#5871 = ORIENTED_EDGE( '', *, *, #7637, .F. );
#5872 = ORIENTED_EDGE( '', *, *, #7913, .F. );
#5873 = ORIENTED_EDGE( '', *, *, #7626, .T. );
#5874 = ORIENTED_EDGE( '', *, *, #7914, .F. );
#5875 = ORIENTED_EDGE( '', *, *, #7803, .F. );
#5876 = ORIENTED_EDGE( '', *, *, #7915, .F. );
#5877 = ORIENTED_EDGE( '', *, *, #7419, .F. );
#5878 = ORIENTED_EDGE( '', *, *, #7916, .F. );
#5879 = ORIENTED_EDGE( '', *, *, #7848, .F. );
#5880 = ORIENTED_EDGE( '', *, *, #7917, .F. );
#5881 = ORIENTED_EDGE( '', *, *, #7918, .T. );
#5882 = ORIENTED_EDGE( '', *, *, #7590, .F. );
#5883 = ORIENTED_EDGE( '', *, *, #7266, .F. );
#5884 = ORIENTED_EDGE( '', *, *, #7394, .F. );
#5885 = ORIENTED_EDGE( '', *, *, #7919, .F. );
#5886 = ORIENTED_EDGE( '', *, *, #7920, .F. );
#5887 = ORIENTED_EDGE( '', *, *, #7921, .F. );
#5888 = ORIENTED_EDGE( '', *, *, #7922, .F. );
#5889 = ORIENTED_EDGE( '', *, *, #7642, .T. );
#5890 = ORIENTED_EDGE( '', *, *, #7426, .F. );
#5891 = ORIENTED_EDGE( '', *, *, #7923, .F. );
#5892 = ORIENTED_EDGE( '', *, *, #7246, .F. );
#5893 = ORIENTED_EDGE( '', *, *, #7924, .F. );
#5894 = ORIENTED_EDGE( '', *, *, #7925, .F. );
#5895 = ORIENTED_EDGE( '', *, *, #7926, .F. );
#5896 = ORIENTED_EDGE( '', *, *, #7354, .F. );
#5897 = ORIENTED_EDGE( '', *, *, #7299, .T. );
#5898 = ORIENTED_EDGE( '', *, *, #7927, .F. );
#5899 = ORIENTED_EDGE( '', *, *, #7771, .F. );
#5900 = ORIENTED_EDGE( '', *, *, #7841, .F. );
#5901 = ORIENTED_EDGE( '', *, *, #7174, .F. );
#5902 = ORIENTED_EDGE( '', *, *, #7928, .F. );
#5903 = ORIENTED_EDGE( '', *, *, #7929, .F. );
#5904 = ORIENTED_EDGE( '', *, *, #7930, .F. );
#5905 = ORIENTED_EDGE( '', *, *, #7655, .T. );
#5906 = ORIENTED_EDGE( '', *, *, #7931, .F. );
#5907 = ORIENTED_EDGE( '', *, *, #7879, .F. );
#5908 = ORIENTED_EDGE( '', *, *, #7932, .F. );
#5909 = ORIENTED_EDGE( '', *, *, #7933, .F. );
#5910 = ORIENTED_EDGE( '', *, *, #7459, .F. );
#5911 = ORIENTED_EDGE( '', *, *, #7934, .F. );
#5912 = ORIENTED_EDGE( '', *, *, #7762, .F. );
#5913 = ORIENTED_EDGE( '', *, *, #7935, .T. );
#5914 = ORIENTED_EDGE( '', *, *, #7936, .F. );
#5915 = ORIENTED_EDGE( '', *, *, #7937, .T. );
#5916 = ORIENTED_EDGE( '', *, *, #7938, .T. );
#5917 = ORIENTED_EDGE( '', *, *, #7939, .F. );
#5918 = ORIENTED_EDGE( '', *, *, #7940, .F. );
#5919 = ORIENTED_EDGE( '', *, *, #7618, .T. );
#5920 = ORIENTED_EDGE( '', *, *, #7745, .T. );
#5921 = ORIENTED_EDGE( '', *, *, #7941, .F. );
#5922 = CARTESIAN_POINT( '', ( -0.00517500000000000, 0.000975000000000000, -0.00160000000000000 ) );
#5923 = DIRECTION( '', ( 0.00000000000000, 0.00000000000000, 1.00000000000000 ) );
#5924 = DIRECTION( '', ( 1.00000000000000, 0.00000000000000, 0.00000000000000 ) );
#5925 = SURFACE_STYLE_FILL_AREA( #7942 );
#5926 = ORIENTED_EDGE( '', *, *, #7943, .F. );
#5927 = ORIENTED_EDGE( '', *, *, #7928, .T. );
#5928 = ORIENTED_EDGE( '', *, *, #7173, .T. );
#5929 = ORIENTED_EDGE( '', *, *, #7944, .F. );
#5930 = CARTESIAN_POINT( '', ( 0.00517500000000000, -0.00382500000000000, -0.00190000000000000 ) );
#5931 = DIRECTION( '', ( -0.00000000000000, 1.00000000000000, 0.00000000000000 ) );
#5932 = DIRECTION( '', ( 1.00000000000000, 0.00000000000000, 0.00000000000000 ) );
#5933 = SURFACE_STYLE_FILL_AREA( #7945 );
#5934 = ORIENTED_EDGE( '', *, *, #7647, .F. );
#5935 = ORIENTED_EDGE( '', *, *, #7212, .F. );
#5936 = ORIENTED_EDGE( '', *, *, #7946, .T. );
#5937 = ORIENTED_EDGE( '', *, *, #7708, .T. );
#5938 = CARTESIAN_POINT( '', ( -0.00557500000000000, 0.000975000000000000, -0.00120000000000000 ) );
#5939 = DIRECTION( '', ( 0.707106781186548, 0.707106781186548, 0.00000000000000 ) );
#5940 = DIRECTION( '', ( 0.00000000000000, 0.00000000000000, -1.00000000000000 ) );
#5941 = SURFACE_STYLE_FILL_AREA( #7947 );
#5942 = ORIENTED_EDGE( '', *, *, #7356, .T. );
#5943 = ORIENTED_EDGE( '', *, *, #7948, .T. );
#5944 = ORIENTED_EDGE( '', *, *, #7949, .T. );
#5945 = ORIENTED_EDGE( '', *, *, #7950, .T. );
#5946 = ORIENTED_EDGE( '', *, *, #7244, .T. );
#5947 = ORIENTED_EDGE( '', *, *, #7416, .F. );
#5948 = ORIENTED_EDGE( '', *, *, #7483, .T. );
#5949 = ORIENTED_EDGE( '', *, *, #7756, .T. );
#5950 = CARTESIAN_POINT( '', ( 0.00517500000000000, -0.00382500000000000, -0.000600000000000000 ) );
#5951 = DIRECTION( '', ( 0.00000000000000, 0.00000000000000, -1.00000000000000 ) );
#5952 = DIRECTION( '', ( 0.00000000000000, -1.00000000000000, 0.00000000000000 ) );
#5953 = SURFACE_STYLE_FILL_AREA( #7951 );
#5954 = ORIENTED_EDGE( '', *, *, #7952, .T. );
#5955 = ORIENTED_EDGE( '', *, *, #7953, .F. );
#5956 = ORIENTED_EDGE( '', *, *, #7954, .F. );
#5957 = ORIENTED_EDGE( '', *, *, #7678, .T. );
#5958 = CARTESIAN_POINT( '', ( -0.00282500000000000, -0.00292500000000000, 0.00160000000000000 ) );
#5959 = DIRECTION( '', ( -0.00000000000000, 1.00000000000000, 0.00000000000000 ) );
#5960 = DIRECTION( '', ( 1.00000000000000, 0.00000000000000, 0.00000000000000 ) );
#5961 = SURFACE_STYLE_FILL_AREA( #7955 );
#5962 = ORIENTED_EDGE( '', *, *, #7913, .T. );
#5963 = ORIENTED_EDGE( '', *, *, #7636, .T. );
#5964 = ORIENTED_EDGE( '', *, *, #7257, .F. );
#5965 = ORIENTED_EDGE( '', *, *, #7627, .F. );
#5966 = CARTESIAN_POINT( '', ( 0.00202500000000000, -0.00332500000000000, -0.00160000000000000 ) );
#5967 = DIRECTION( '', ( 0.982872186934319, 0.184288535050203, 0.00000000000000 ) );
#5968 = DIRECTION( '', ( 0.00000000000000, 0.00000000000000, -1.00000000000000 ) );
#5969 = SURFACE_STYLE_FILL_AREA( #7956 );
#5970 = ORIENTED_EDGE( '', *, *, #7957, .F. );
#5971 = ORIENTED_EDGE( '', *, *, #7939, .T. );
#5972 = ORIENTED_EDGE( '', *, *, #7958, .F. );
#5973 = ORIENTED_EDGE( '', *, *, #7959, .F. );
#5974 = CARTESIAN_POINT( '', ( 0.00000000000000, -0.000475000000000000, 0.00000000000000 ) );
#5975 = DIRECTION( '', ( -0.00000000000000, 1.00000000000000, 0.00000000000000 ) );
#5976 = DIRECTION( '', ( 1.00000000000000, 0.00000000000000, 0.00000000000000 ) );
#5977 = SURFACE_STYLE_FILL_AREA( #7960 );
#5978 = ORIENTED_EDGE( '', *, *, #7961, .T. );
#5979 = ORIENTED_EDGE( '', *, *, #7306, .T. );
#5980 = ORIENTED_EDGE( '', *, *, #7962, .T. );
#5981 = ORIENTED_EDGE( '', *, *, #7963, .F. );
#5982 = ORIENTED_EDGE( '', *, *, #7165, .T. );
#5983 = ORIENTED_EDGE( '', *, *, #7713, .F. );
#5984 = ORIENTED_EDGE( '', *, *, #7784, .T. );
#5985 = CARTESIAN_POINT( '', ( -0.00527500000000000, 0.000975000000000000, -0.00120000000000000 ) );
#5986 = DIRECTION( '', ( -1.00000000000000, 0.00000000000000, 0.00000000000000 ) );
#5987 = DIRECTION( '', ( 0.00000000000000, 0.00000000000000, 1.00000000000000 ) );
#5988 = SURFACE_STYLE_FILL_AREA( #7964 );
#5989 = ORIENTED_EDGE( '', *, *, #7298, .T. );
#5990 = ORIENTED_EDGE( '', *, *, #7413, .F. );
#5991 = ORIENTED_EDGE( '', *, *, #7767, .F. );
#5992 = ORIENTED_EDGE( '', *, *, #7927, .T. );
#5993 = CARTESIAN_POINT( '', ( -0.00187500000000000, -0.00330000000000000, -0.00248750000000000 ) );
#5994 = DIRECTION( '', ( -0.00000000000000, 1.00000000000000, 0.00000000000000 ) );
#5995 = DIRECTION( '', ( 1.00000000000000, 0.00000000000000, 0.00000000000000 ) );
#5996 = SURFACE_STYLE_FILL_AREA( #7965 );
#5997 = ORIENTED_EDGE( '', *, *, #7550, .T. );
#5998 = ORIENTED_EDGE( '', *, *, #7750, .T. );
#5999 = ORIENTED_EDGE( '', *, *, #7966, .T. );
#6000 = ORIENTED_EDGE( '', *, *, #7967, .T. );
#6001 = ORIENTED_EDGE( '', *, *, #7497, .T. );
#6002 = ORIENTED_EDGE( '', *, *, #7820, .T. );
#6003 = CARTESIAN_POINT( '', ( 0.00517500000000000, -0.00382500000000000, -0.000600000000000000 ) );
#6004 = DIRECTION( '', ( 0.00000000000000, 0.00000000000000, -1.00000000000000 ) );
#6005 = DIRECTION( '', ( 0.00000000000000, -1.00000000000000, 0.00000000000000 ) );
#6006 = SURFACE_STYLE_FILL_AREA( #7968 );
#6007 = ORIENTED_EDGE( '', *, *, #7489, .F. );
#6008 = ORIENTED_EDGE( '', *, *, #7833, .T. );
#6009 = ORIENTED_EDGE( '', *, *, #7969, .F. );
#6010 = CARTESIAN_POINT( '', ( 0.00171500000000000, -0.00100000000000000, -0.000475000000000000 ) );
#6011 = DIRECTION( '', ( 1.00000000000000, 0.00000000000000, 0.00000000000000 ) );
#6012 = DIRECTION( '', ( 0.00000000000000, 1.00000000000000, 0.00000000000000 ) );
#6013 = SURFACE_STYLE_FILL_AREA( #7970 );
#6014 = ORIENTED_EDGE( '', *, *, #7971, .T. );
#6015 = ORIENTED_EDGE( '', *, *, #7972, .F. );
#6016 = ORIENTED_EDGE( '', *, *, #7662, .F. );
#6017 = ORIENTED_EDGE( '', *, *, #7543, .F. );
#6018 = ORIENTED_EDGE( '', *, *, #7973, .T. );
#6019 = ORIENTED_EDGE( '', *, *, #7898, .T. );
#6020 = CARTESIAN_POINT( '', ( -0.00453500000000000, -0.00100000000000000, -0.000475000000000000 ) );
#6021 = DIRECTION( '', ( 1.00000000000000, 0.00000000000000, 0.00000000000000 ) );
#6022 = DIRECTION( '', ( 0.00000000000000, 1.00000000000000, 0.00000000000000 ) );
#6023 = SURFACE_STYLE_FILL_AREA( #7974 );
#6024 = ORIENTED_EDGE( '', *, *, #7975, .T. );
#6025 = ORIENTED_EDGE( '', *, *, #7836, .F. );
#6026 = ORIENTED_EDGE( '', *, *, #7976, .F. );
#6027 = ORIENTED_EDGE( '', *, *, #7977, .T. );
#6028 = SURFACE_STYLE_FILL_AREA( #7978 );
#6029 = ORIENTED_EDGE( '', *, *, #7474, .T. );
#6030 = ORIENTED_EDGE( '', *, *, #7546, .T. );
#6031 = ORIENTED_EDGE( '', *, *, #7979, .F. );
#6032 = CARTESIAN_POINT( '', ( -0.00421500000000000, -0.00100000000000000, -0.000475000000000000 ) );
#6033 = DIRECTION( '', ( 1.00000000000000, 0.00000000000000, 0.00000000000000 ) );
#6034 = DIRECTION( '', ( 0.00000000000000, 1.00000000000000, 0.00000000000000 ) );
#6035 = SURFACE_STYLE_FILL_AREA( #7980 );
#6036 = ORIENTED_EDGE( '', *, *, #7981, .T. );
#6037 = ORIENTED_EDGE( '', *, *, #7552, .F. );
#6038 = ORIENTED_EDGE( '', *, *, #7449, .F. );
#6039 = ORIENTED_EDGE( '', *, *, #7972, .T. );
#6040 = SURFACE_STYLE_FILL_AREA( #7982 );
#6041 = ORIENTED_EDGE( '', *, *, #7445, .T. );
#6042 = ORIENTED_EDGE( '', *, *, #7983, .T. );
#6043 = ORIENTED_EDGE( '', *, *, #7507, .T. );
#6044 = ORIENTED_EDGE( '', *, *, #7984, .T. );
#6045 = CARTESIAN_POINT( '', ( -0.00587500000000000, -0.00452500000000000, 0.00100000000000000 ) );
#6046 = DIRECTION( '', ( 0.00000000000000, 0.00000000000000, 1.00000000000000 ) );
#6047 = DIRECTION( '', ( 1.00000000000000, 0.00000000000000, 0.00000000000000 ) );
#6048 = SURFACE_STYLE_FILL_AREA( #7985 );
#6049 = ORIENTED_EDGE( '', *, *, #7542, .F. );
#6050 = ORIENTED_EDGE( '', *, *, #7472, .F. );
#6051 = ORIENTED_EDGE( '', *, *, #7571, .T. );
#6052 = CARTESIAN_POINT( '', ( -0.00453500000000000, -0.00100000000000000, -0.000475000000000000 ) );
#6053 = DIRECTION( '', ( 1.00000000000000, 0.00000000000000, 0.00000000000000 ) );
#6054 = DIRECTION( '', ( 0.00000000000000, 1.00000000000000, 0.00000000000000 ) );
#6055 = SURFACE_STYLE_FILL_AREA( #7986 );
#6056 = ORIENTED_EDGE( '', *, *, #7987, .T. );
#6057 = ORIENTED_EDGE( '', *, *, #7630, .F. );
#6058 = ORIENTED_EDGE( '', *, *, #7810, .F. );
#6059 = ORIENTED_EDGE( '', *, *, #7885, .T. );
#6060 = SURFACE_STYLE_FILL_AREA( #7988 );
#6061 = ORIENTED_EDGE( '', *, *, #7849, .F. );
#6062 = ORIENTED_EDGE( '', *, *, #7916, .T. );
#6063 = ORIENTED_EDGE( '', *, *, #7418, .T. );
#6064 = ORIENTED_EDGE( '', *, *, #7831, .F. );
#6065 = CARTESIAN_POINT( '', ( 0.00517500000000000, -0.00382500000000000, -0.00190000000000000 ) );
#6066 = DIRECTION( '', ( -0.00000000000000, 1.00000000000000, 0.00000000000000 ) );
#6067 = DIRECTION( '', ( 1.00000000000000, 0.00000000000000, 0.00000000000000 ) );
#6068 = SURFACE_STYLE_FILL_AREA( #7989 );
#6069 = ORIENTED_EDGE( '', *, *, #7990, .F. );
#6070 = ORIENTED_EDGE( '', *, *, #7672, .T. );
#6071 = ORIENTED_EDGE( '', *, *, #7991, .T. );
#6072 = ORIENTED_EDGE( '', *, *, #7309, .F. );
#6073 = ORIENTED_EDGE( '', *, *, #7992, .F. );
#6074 = ORIENTED_EDGE( '', *, *, #7428, .F. );
#6075 = ORIENTED_EDGE( '', *, *, #7399, .T. );
#6076 = ORIENTED_EDGE( '', *, *, #7634, .T. );
#6077 = ORIENTED_EDGE( '', *, *, #7531, .F. );
#6078 = ORIENTED_EDGE( '', *, *, #7366, .T. );
#6079 = CARTESIAN_POINT( '', ( -0.00587500000000000, -0.00452500000000000, -0.00190000000000000 ) );
#6080 = DIRECTION( '', ( -1.00000000000000, 0.00000000000000, 0.00000000000000 ) );
#6081 = DIRECTION( '', ( 0.00000000000000, 0.00000000000000, 1.00000000000000 ) );
#6082 = SURFACE_STYLE_FILL_AREA( #7993 );
#6083 = ORIENTED_EDGE( '', *, *, #7994, .T. );
#6084 = ORIENTED_EDGE( '', *, *, #7307, .T. );
#6085 = ORIENTED_EDGE( '', *, *, #7961, .F. );
#6086 = ORIENTED_EDGE( '', *, *, #7783, .F. );
#6087 = CARTESIAN_POINT( '', ( -0.00557500000000000, 0.000975000000000000, -0.00120000000000000 ) );
#6088 = DIRECTION( '', ( 0.707106781186548, 0.707106781186548, 0.00000000000000 ) );
#6089 = DIRECTION( '', ( 0.00000000000000, 0.00000000000000, -1.00000000000000 ) );
#6090 = SURFACE_STYLE_FILL_AREA( #7995 );
#6091 = ORIENTED_EDGE( '', *, *, #7382, .F. );
#6092 = ORIENTED_EDGE( '', *, *, #7996, .F. );
#6093 = ORIENTED_EDGE( '', *, *, #7997, .T. );
#6094 = ORIENTED_EDGE( '', *, *, #7998, .T. );
#6095 = ORIENTED_EDGE( '', *, *, #7999, .T. );
#6096 = CARTESIAN_POINT( '', ( -0.00587500000000000, -0.00452500000000000, 0.00120000000000000 ) );
#6097 = DIRECTION( '', ( 0.00000000000000, 0.00000000000000, 1.00000000000000 ) );
#6098 = DIRECTION( '', ( 1.00000000000000, 0.00000000000000, 0.00000000000000 ) );
#6099 = SURFACE_STYLE_FILL_AREA( #8000 );
#6100 = ORIENTED_EDGE( '', *, *, #8001, .T. );
#6101 = ORIENTED_EDGE( '', *, *, #8002, .T. );
#6102 = ORIENTED_EDGE( '', *, *, #8003, .T. );
#6103 = ORIENTED_EDGE( '', *, *, #7937, .F. );
#6104 = CARTESIAN_POINT( '', ( 0.00000000000000, -0.00162500000000000, 0.00000000000000 ) );
#6105 = DIRECTION( '', ( -0.00000000000000, 1.00000000000000, 0.00000000000000 ) );
#6106 = DIRECTION( '', ( 1.00000000000000, 0.00000000000000, 0.00000000000000 ) );
#6107 = SURFACE_STYLE_FILL_AREA( #8004 );
#6108 = ORIENTED_EDGE( '', *, *, #7573, .T. );
#6109 = ORIENTED_EDGE( '', *, *, #7369, .F. );
#6110 = ORIENTED_EDGE( '', *, *, #8005, .F. );
#6111 = ORIENTED_EDGE( '', *, *, #8006, .T. );
#6112 = SURFACE_STYLE_FILL_AREA( #8007 );
#6113 = ORIENTED_EDGE( '', *, *, #8008, .T. );
#6114 = ORIENTED_EDGE( '', *, *, #7891, .F. );
#6115 = ORIENTED_EDGE( '', *, *, #7861, .F. );
#6116 = ORIENTED_EDGE( '', *, *, #7641, .T. );
#6117 = SURFACE_STYLE_FILL_AREA( #8009 );
#6118 = ORIENTED_EDGE( '', *, *, #7863, .T. );
#6119 = ORIENTED_EDGE( '', *, *, #7890, .F. );
#6120 = ORIENTED_EDGE( '', *, *, #8010, .F. );
#6121 = ORIENTED_EDGE( '', *, *, #8011, .T. );
#6122 = SURFACE_STYLE_FILL_AREA( #8012 );
#6123 = ORIENTED_EDGE( '', *, *, #7441, .T. );
#6124 = ORIENTED_EDGE( '', *, *, #7537, .F. );
#6125 = ORIENTED_EDGE( '', *, *, #7411, .F. );
#6126 = ORIENTED_EDGE( '', *, *, #7297, .T. );
#6127 = SURFACE_STYLE_FILL_AREA( #8013 );
#6128 = ORIENTED_EDGE( '', *, *, #7930, .T. );
#6129 = ORIENTED_EDGE( '', *, *, #8014, .T. );
#6130 = ORIENTED_EDGE( '', *, *, #8015, .F. );
#6131 = ORIENTED_EDGE( '', *, *, #7650, .T. );
#6132 = CARTESIAN_POINT( '', ( -0.00297500000000000, -0.00332500000000000, -0.00160000000000000 ) );
#6133 = DIRECTION( '', ( 0.982872186934319, 0.184288535050203, 0.00000000000000 ) );
#6134 = DIRECTION( '', ( 0.00000000000000, 0.00000000000000, -1.00000000000000 ) );
#6135 = SURFACE_STYLE_FILL_AREA( #8016 );
#6136 = ORIENTED_EDGE( '', *, *, #8014, .F. );
#6137 = ORIENTED_EDGE( '', *, *, #7929, .T. );
#6138 = ORIENTED_EDGE( '', *, *, #7943, .T. );
#6139 = ORIENTED_EDGE( '', *, *, #8017, .F. );
#6140 = CARTESIAN_POINT( '', ( -0.00290000000000000, -0.00372500000000000, -0.00160000000000000 ) );
#6141 = DIRECTION( '', ( 0.707106781186598, 0.707106781186498, 0.00000000000000 ) );
#6142 = DIRECTION( '', ( 0.00000000000000, 0.00000000000000, -1.00000000000000 ) );
#6143 = SURFACE_STYLE_FILL_AREA( #8018 );
#6144 = ORIENTED_EDGE( '', *, *, #7817, .F. );
#6145 = ORIENTED_EDGE( '', *, *, #7598, .T. );
#6146 = ORIENTED_EDGE( '', *, *, #8019, .T. );
#6147 = ORIENTED_EDGE( '', *, *, #7736, .T. );
#6148 = CARTESIAN_POINT( '', ( -0.00328500000000000, -0.00100000000000000, -0.000475000000000000 ) );
#6149 = DIRECTION( '', ( 1.00000000000000, 0.00000000000000, 0.00000000000000 ) );
#6150 = DIRECTION( '', ( 0.00000000000000, 1.00000000000000, 0.00000000000000 ) );
#6151 = SURFACE_STYLE_FILL_AREA( #8020 );
#6152 = ORIENTED_EDGE( '', *, *, #8021, .T. );
#6153 = ORIENTED_EDGE( '', *, *, #7953, .T. );
#6154 = ORIENTED_EDGE( '', *, *, #8022, .T. );
#6155 = ORIENTED_EDGE( '', *, *, #7525, .T. );
#6156 = CARTESIAN_POINT( '', ( -0.00587500000000000, -0.00452500000000000, 0.00100000000000000 ) );
#6157 = DIRECTION( '', ( 0.00000000000000, 0.00000000000000, 1.00000000000000 ) );
#6158 = DIRECTION( '', ( 1.00000000000000, 0.00000000000000, 0.00000000000000 ) );
#6159 = SURFACE_STYLE_FILL_AREA( #8023 );
#6160 = ORIENTED_EDGE( '', *, *, #8024, .T. );
#6161 = ORIENTED_EDGE( '', *, *, #7894, .F. );
#6162 = ORIENTED_EDGE( '', *, *, #7159, .F. );
#6163 = ORIENTED_EDGE( '', *, *, #8025, .T. );
#6164 = ORIENTED_EDGE( '', *, *, #8026, .F. );
#6165 = ORIENTED_EDGE( '', *, *, #7670, .T. );
#6166 = CARTESIAN_POINT( '', ( -0.00492500000000000, -2.50000000000000E-05, 0.00160000000000000 ) );
#6167 = DIRECTION( '', ( -1.00000000000000, 0.00000000000000, 0.00000000000000 ) );
#6168 = DIRECTION( '', ( 0.00000000000000, 0.00000000000000, 1.00000000000000 ) );
#6169 = SURFACE_STYLE_FILL_AREA( #8027 );
#6170 = ORIENTED_EDGE( '', *, *, #8028, .F. );
#6171 = ORIENTED_EDGE( '', *, *, #7900, .T. );
#6172 = ORIENTED_EDGE( '', *, *, #8029, .T. );
#6173 = ORIENTED_EDGE( '', *, *, #7569, .F. );
#6174 = CARTESIAN_POINT( '', ( -0.00470000000000000, -0.00382500000000000, -0.00160000000000000 ) );
#6175 = DIRECTION( '', ( -0.707106781186598, 0.707106781186498, 0.00000000000000 ) );
#6176 = DIRECTION( '', ( 0.00000000000000, 0.00000000000000, 1.00000000000000 ) );
#6177 = SURFACE_STYLE_FILL_AREA( #8030 );
#6178 = ORIENTED_EDGE( '', *, *, #7365, .F. );
#6179 = ORIENTED_EDGE( '', *, *, #8031, .F. );
#6180 = ORIENTED_EDGE( '', *, *, #7673, .F. );
#6181 = ORIENTED_EDGE( '', *, *, #7990, .T. );
#6182 = CARTESIAN_POINT( '', ( -0.00537500000000000, -0.00297500000000000, 0.00160000000000000 ) );
#6183 = DIRECTION( '', ( -0.00000000000000, 1.00000000000000, 0.00000000000000 ) );
#6184 = DIRECTION( '', ( 1.00000000000000, 0.00000000000000, 0.00000000000000 ) );
#6185 = SURFACE_STYLE_FILL_AREA( #8032 );
#6186 = ORIENTED_EDGE( '', *, *, #8033, .T. );
#6187 = ORIENTED_EDGE( '', *, *, #8034, .F. );
#6188 = ORIENTED_EDGE( '', *, *, #7592, .F. );
#6189 = ORIENTED_EDGE( '', *, *, #7605, .T. );
#6190 = SURFACE_STYLE_FILL_AREA( #8035 );
#6191 = ORIENTED_EDGE( '', *, *, #7763, .F. );
#6192 = ORIENTED_EDGE( '', *, *, #7934, .T. );
#6193 = ORIENTED_EDGE( '', *, *, #7458, .T. );
#6194 = ORIENTED_EDGE( '', *, *, #8036, .F. );
#6195 = CARTESIAN_POINT( '', ( -0.00415000000000000, -0.00372500000000000, -0.00160000000000000 ) );
#6196 = DIRECTION( '', ( 0.707106781186598, 0.707106781186498, 0.00000000000000 ) );
#6197 = DIRECTION( '', ( 0.00000000000000, 0.00000000000000, -1.00000000000000 ) );
#6198 = SURFACE_STYLE_FILL_AREA( #8037 );
#6199 = ORIENTED_EDGE( '', *, *, #8038, .F. );
#6200 = ORIENTED_EDGE( '', *, *, #7920, .T. );
#6201 = ORIENTED_EDGE( '', *, *, #8039, .T. );
#6202 = ORIENTED_EDGE( '', *, *, #8040, .F. );
#6203 = CARTESIAN_POINT( '', ( 0.00517500000000000, -0.00382500000000000, -0.00190000000000000 ) );
#6204 = DIRECTION( '', ( -0.00000000000000, 1.00000000000000, 0.00000000000000 ) );
#6205 = DIRECTION( '', ( 1.00000000000000, 0.00000000000000, 0.00000000000000 ) );
#6206 = SURFACE_STYLE_FILL_AREA( #8041 );
#6207 = ORIENTED_EDGE( '', *, *, #7609, .T. );
#6208 = ORIENTED_EDGE( '', *, *, #8042, .F. );
#6209 = ORIENTED_EDGE( '', *, *, #8043, .F. );
#6210 = ORIENTED_EDGE( '', *, *, #7162, .T. );
#6211 = CARTESIAN_POINT( '', ( 0.00527500000000000, -0.000325000000000000, 0.00120000000000000 ) );
#6212 = DIRECTION( '', ( 0.00000000000000, 0.707106781186548, -0.707106781186548 ) );
#6213 = DIRECTION( '', ( -1.00000000000000, 0.00000000000000, 0.00000000000000 ) );
#6214 = SURFACE_STYLE_FILL_AREA( #8044 );
#6215 = ORIENTED_EDGE( '', *, *, #7768, .T. );
#6216 = ORIENTED_EDGE( '', *, *, #7442, .F. );
#6217 = ORIENTED_EDGE( '', *, *, #7296, .F. );
#6218 = ORIENTED_EDGE( '', *, *, #8045, .T. );
#6219 = CARTESIAN_POINT( '', ( -0.00187500000000000, -0.00365000000000000, -0.00248750000000000 ) );
#6220 = DIRECTION( '', ( -0.00000000000000, 1.00000000000000, 0.00000000000000 ) );
#6221 = DIRECTION( '', ( 1.00000000000000, 0.00000000000000, 0.00000000000000 ) );
#6222 = SURFACE_STYLE_FILL_AREA( #8046 );
#6223 = ORIENTED_EDGE( '', *, *, #7526, .T. );
#6224 = ORIENTED_EDGE( '', *, *, #8022, .F. );
#6225 = ORIENTED_EDGE( '', *, *, #7952, .F. );
#6226 = ORIENTED_EDGE( '', *, *, #7677, .F. );
#6227 = CARTESIAN_POINT( '', ( -0.00342500000000000, -0.00292500000000000, 0.00160000000000000 ) );
#6228 = DIRECTION( '', ( -1.00000000000000, 0.00000000000000, 0.00000000000000 ) );
#6229 = DIRECTION( '', ( 0.00000000000000, 0.00000000000000, 1.00000000000000 ) );
#6230 = SURFACE_STYLE_FILL_AREA( #8047 );
#6231 = ORIENTED_EDGE( '', *, *, #7528, .T. );
#6232 = ORIENTED_EDGE( '', *, *, #7190, .F. );
#6233 = ORIENTED_EDGE( '', *, *, #8048, .F. );
#6234 = ORIENTED_EDGE( '', *, *, #7675, .F. );
#6235 = CARTESIAN_POINT( '', ( -0.00467500000000000, -0.00292500000000000, 0.00160000000000000 ) );
#6236 = DIRECTION( '', ( -1.00000000000000, 0.00000000000000, 0.00000000000000 ) );
#6237 = DIRECTION( '', ( 0.00000000000000, 0.00000000000000, 1.00000000000000 ) );
#6238 = SURFACE_STYLE_FILL_AREA( #8049 );
#6239 = ORIENTED_EDGE( '', *, *, #8019, .F. );
#6240 = ORIENTED_EDGE( '', *, *, #8050, .T. );
#6241 = ORIENTED_EDGE( '', *, *, #7696, .T. );
#6242 = ORIENTED_EDGE( '', *, *, #7737, .F. );
#6243 = CARTESIAN_POINT( '', ( -0.00312500000000000, -0.00100000000000000, -0.000775000000000000 ) );
#6244 = DIRECTION( '', ( 0.00000000000000, 0.00000000000000, 1.00000000000000 ) );
#6245 = DIRECTION( '', ( 1.00000000000000, 0.00000000000000, 0.00000000000000 ) );
#6246 = SURFACE_STYLE_FILL_AREA( #8051 );
#6247 = ORIENTED_EDGE( '', *, *, #7922, .T. );
#6248 = ORIENTED_EDGE( '', *, *, #8052, .T. );
#6249 = ORIENTED_EDGE( '', *, *, #8053, .F. );
#6250 = ORIENTED_EDGE( '', *, *, #7643, .F. );
#6251 = CARTESIAN_POINT( '', ( -0.000475000000000000, -0.00332500000000000, -0.00160000000000000 ) );
#6252 = DIRECTION( '', ( 0.982872186934319, 0.184288535050203, 0.00000000000000 ) );
#6253 = DIRECTION( '', ( 0.00000000000000, 0.00000000000000, -1.00000000000000 ) );
#6254 = SURFACE_STYLE_FILL_AREA( #8054 );
#6255 = ORIENTED_EDGE( '', *, *, #8001, .F. );
#6256 = ORIENTED_EDGE( '', *, *, #7936, .T. );
#6257 = ORIENTED_EDGE( '', *, *, #7957, .T. );
#6258 = ORIENTED_EDGE( '', *, *, #8055, .F. );
#6259 = CARTESIAN_POINT( '', ( -0.00430000000000000, -0.000475000000000000, -0.00160000000000000 ) );
#6260 = DIRECTION( '', ( -1.00000000000000, 0.00000000000000, 0.00000000000000 ) );
#6261 = DIRECTION( '', ( 0.00000000000000, 0.00000000000000, 1.00000000000000 ) );
#6262 = SURFACE_STYLE_FILL_AREA( #8056 );
#6263 = ORIENTED_EDGE( '', *, *, #7355, .F. );
#6264 = ORIENTED_EDGE( '', *, *, #7926, .T. );
#6265 = ORIENTED_EDGE( '', *, *, #8057, .T. );
#6266 = ORIENTED_EDGE( '', *, *, #7948, .F. );
#6267 = CARTESIAN_POINT( '', ( -0.00165000000000000, -0.00372500000000000, -0.00160000000000000 ) );
#6268 = DIRECTION( '', ( 0.707106781186598, 0.707106781186498, 0.00000000000000 ) );
#6269 = DIRECTION( '', ( 0.00000000000000, 0.00000000000000, -1.00000000000000 ) );
#6270 = SURFACE_STYLE_FILL_AREA( #8058 );
#6271 = ORIENTED_EDGE( '', *, *, #7504, .T. );
#6272 = ORIENTED_EDGE( '', *, *, #8059, .F. );
#6273 = ORIENTED_EDGE( '', *, *, #7583, .F. );
#6274 = ORIENTED_EDGE( '', *, *, #7689, .F. );
#6275 = CARTESIAN_POINT( '', ( 0.00407500000000000, -0.00292500000000000, 0.00160000000000000 ) );
#6276 = DIRECTION( '', ( -1.00000000000000, 0.00000000000000, 0.00000000000000 ) );
#6277 = DIRECTION( '', ( 0.00000000000000, 0.00000000000000, 1.00000000000000 ) );
#6278 = SURFACE_STYLE_FILL_AREA( #8060 );
#6279 = ORIENTED_EDGE( '', *, *, #8061, .F. );
#6280 = ORIENTED_EDGE( '', *, *, #8062, .F. );
#6281 = ORIENTED_EDGE( '', *, *, #7932, .T. );
#6282 = ORIENTED_EDGE( '', *, *, #7878, .F. );
#6283 = CARTESIAN_POINT( '', ( -0.00335000000000000, -0.00372500000000000, -0.00160000000000000 ) );
#6284 = DIRECTION( '', ( -0.982872186934319, 0.184288535050203, 0.00000000000000 ) );
#6285 = DIRECTION( '', ( 0.00000000000000, 0.00000000000000, 1.00000000000000 ) );
#6286 = SURFACE_STYLE_FILL_AREA( #8063 );
#6287 = ORIENTED_EDGE( '', *, *, #7867, .F. );
#6288 = ORIENTED_EDGE( '', *, *, #8064, .T. );
#6289 = ORIENTED_EDGE( '', *, *, #8065, .T. );
#6290 = ORIENTED_EDGE( '', *, *, #7739, .T. );
#6291 = CARTESIAN_POINT( '', ( -0.00453500000000000, -0.00100000000000000, -0.000475000000000000 ) );
#6292 = DIRECTION( '', ( 1.00000000000000, 0.00000000000000, 0.00000000000000 ) );
#6293 = DIRECTION( '', ( 0.00000000000000, 1.00000000000000, 0.00000000000000 ) );
#6294 = SURFACE_STYLE_FILL_AREA( #8066 );
#6295 = ORIENTED_EDGE( '', *, *, #7615, .F. );
#6296 = ORIENTED_EDGE( '', *, *, #7940, .T. );
#6297 = ORIENTED_EDGE( '', *, *, #8067, .T. );
#6298 = ORIENTED_EDGE( '', *, *, #8068, .F. );
#6299 = CARTESIAN_POINT( '', ( 0.00320000000000000, -0.000475000000000000, -0.00160000000000000 ) );
#6300 = DIRECTION( '', ( -1.00000000000000, 0.00000000000000, 0.00000000000000 ) );
#6301 = DIRECTION( '', ( 0.00000000000000, 0.00000000000000, 1.00000000000000 ) );
#6302 = SURFACE_STYLE_FILL_AREA( #8069 );
#6303 = ORIENTED_EDGE( '', *, *, #7611, .T. );
#6304 = ORIENTED_EDGE( '', *, *, #7895, .F. );
#6305 = ORIENTED_EDGE( '', *, *, #8024, .F. );
#6306 = ORIENTED_EDGE( '', *, *, #7669, .T. );
#6307 = CARTESIAN_POINT( '', ( -0.00492500000000000, -0.000625000000000000, 0.00160000000000000 ) );
#6308 = DIRECTION( '', ( 0.00000000000000, -1.00000000000000, 0.00000000000000 ) );
#6309 = DIRECTION( '', ( 0.00000000000000, 0.00000000000000, -1.00000000000000 ) );
#6310 = SURFACE_STYLE_FILL_AREA( #8070 );
#6311 = ORIENTED_EDGE( '', *, *, #7716, .F. );
#6312 = ORIENTED_EDGE( '', *, *, #7183, .F. );
#6313 = ORIENTED_EDGE( '', *, *, #8071, .T. );
#6314 = ORIENTED_EDGE( '', *, *, #8072, .F. );
#6315 = CARTESIAN_POINT( '', ( 0.00557500000000000, 0.000975000000000000, -0.000450000000000000 ) );
#6316 = DIRECTION( '', ( 0.00000000000000, 0.00000000000000, -1.00000000000000 ) );
#6317 = DIRECTION( '', ( 0.00000000000000, -1.00000000000000, 0.00000000000000 ) );
#6318 = SURFACE_STYLE_FILL_AREA( #8073 );
#6319 = ORIENTED_EDGE( '', *, *, #7873, .F. );
#6320 = ORIENTED_EDGE( '', *, *, #8034, .T. );
#6321 = ORIENTED_EDGE( '', *, *, #7231, .T. );
#6322 = ORIENTED_EDGE( '', *, *, #7735, .F. );
#6323 = CARTESIAN_POINT( '', ( -0.00187500000000000, -0.00100000000000000, -0.000775000000000000 ) );
#6324 = DIRECTION( '', ( 0.00000000000000, 0.00000000000000, 1.00000000000000 ) );
#6325 = DIRECTION( '', ( 1.00000000000000, 0.00000000000000, 0.00000000000000 ) );
#6326 = SURFACE_STYLE_FILL_AREA( #8074 );
#6327 = ORIENTED_EDGE( '', *, *, #8031, .T. );
#6328 = ORIENTED_EDGE( '', *, *, #7364, .F. );
#6329 = ORIENTED_EDGE( '', *, *, #7530, .F. );
#6330 = ORIENTED_EDGE( '', *, *, #7674, .T. );
#6331 = CARTESIAN_POINT( '', ( -0.00537500000000000, -0.00322500000000000, 0.00160000000000000 ) );
#6332 = DIRECTION( '', ( 1.00000000000000, 0.00000000000000, 0.00000000000000 ) );
#6333 = DIRECTION( '', ( 0.00000000000000, 1.00000000000000, 0.00000000000000 ) );
#6334 = SURFACE_STYLE_FILL_AREA( #8075 );
#6335 = ORIENTED_EDGE( '', *, *, #7512, .T. );
#6336 = ORIENTED_EDGE( '', *, *, #8076, .F. );
#6337 = ORIENTED_EDGE( '', *, *, #8077, .F. );
#6338 = ORIENTED_EDGE( '', *, *, #7684, .F. );
#6339 = CARTESIAN_POINT( '', ( 0.00157500000000000, -0.00292500000000000, 0.00160000000000000 ) );
#6340 = DIRECTION( '', ( -1.00000000000000, 0.00000000000000, 0.00000000000000 ) );
#6341 = DIRECTION( '', ( 0.00000000000000, 0.00000000000000, 1.00000000000000 ) );
#6342 = SURFACE_STYLE_FILL_AREA( #8078 );
#6343 = ORIENTED_EDGE( '', *, *, #8079, .F. );
#6344 = ORIENTED_EDGE( '', *, *, #7869, .T. );
#6345 = ORIENTED_EDGE( '', *, *, #8080, .T. );
#6346 = ORIENTED_EDGE( '', *, *, #7726, .F. );
#6347 = CARTESIAN_POINT( '', ( 0.00203500000000000, -0.00100000000000000, -0.000475000000000000 ) );
#6348 = DIRECTION( '', ( 1.00000000000000, 0.00000000000000, 0.00000000000000 ) );
#6349 = DIRECTION( '', ( 0.00000000000000, 1.00000000000000, 0.00000000000000 ) );
#6350 = SURFACE_STYLE_FILL_AREA( #8081 );
#6351 = ORIENTED_EDGE( '', *, *, #7446, .T. );
#6352 = ORIENTED_EDGE( '', *, *, #7984, .F. );
#6353 = ORIENTED_EDGE( '', *, *, #7506, .F. );
#6354 = ORIENTED_EDGE( '', *, *, #7688, .T. );
#6355 = CARTESIAN_POINT( '', ( 0.00342500000000000, -0.00322500000000000, 0.00160000000000000 ) );
#6356 = DIRECTION( '', ( 1.00000000000000, 0.00000000000000, 0.00000000000000 ) );
#6357 = DIRECTION( '', ( 0.00000000000000, 1.00000000000000, 0.00000000000000 ) );
#6358 = SURFACE_STYLE_FILL_AREA( #8082 );
#6359 = ORIENTED_EDGE( '', *, *, #7490, .F. );
#6360 = ORIENTED_EDGE( '', *, *, #7969, .T. );
#6361 = ORIENTED_EDGE( '', *, *, #7805, .T. );
#6362 = ORIENTED_EDGE( '', *, *, #7224, .F. );
#6363 = ORIENTED_EDGE( '', *, *, #7623, .F. );
#6364 = ORIENTED_EDGE( '', *, *, #8083, .F. );
#6365 = CARTESIAN_POINT( '', ( 0.00187500000000000, -0.00267500000000000, -0.00127500000000000 ) );
#6366 = DIRECTION( '', ( -1.00000000000000, -0.00000000000000, 0.00000000000000 ) );
#6367 = DIRECTION( '', ( 0.00000000000000, 0.00000000000000, 1.00000000000000 ) );
#6368 = SURFACE_STYLE_FILL_AREA( #8084 );
#6369 = ORIENTED_EDGE( '', *, *, #7478, .T. );
#6370 = ORIENTED_EDGE( '', *, *, #8085, .T. );
#6371 = ORIENTED_EDGE( '', *, *, #8086, .F. );
#6372 = CARTESIAN_POINT( '', ( -0.00296500000000000, -0.00100000000000000, -0.000475000000000000 ) );
#6373 = DIRECTION( '', ( 1.00000000000000, 0.00000000000000, 0.00000000000000 ) );
#6374 = DIRECTION( '', ( 0.00000000000000, 1.00000000000000, 0.00000000000000 ) );
#6375 = SURFACE_STYLE_FILL_AREA( #8087 );
#6376 = ORIENTED_EDGE( '', *, *, #7909, .T. );
#6377 = ORIENTED_EDGE( '', *, *, #8088, .T. );
#6378 = ORIENTED_EDGE( '', *, *, #8089, .F. );
#6379 = ORIENTED_EDGE( '', *, *, #8090, .F. );
#6380 = CARTESIAN_POINT( '', ( 0.00327500000000000, -0.00332500000000000, -0.00160000000000000 ) );
#6381 = DIRECTION( '', ( 0.982872186934319, 0.184288535050203, 0.00000000000000 ) );
#6382 = DIRECTION( '', ( 0.00000000000000, 0.00000000000000, -1.00000000000000 ) );
#6383 = SURFACE_STYLE_FILL_AREA( #8091 );
#6384 = ORIENTED_EDGE( '', *, *, #8092, .F. );
#6385 = ORIENTED_EDGE( '', *, *, #7185, .T. );
#6386 = ORIENTED_EDGE( '', *, *, #7715, .F. );
#6387 = ORIENTED_EDGE( '', *, *, #8093, .T. );
#6388 = CARTESIAN_POINT( '', ( 0.00527500000000000, 0.000975000000000000, 0.000400000000000000 ) );
#6389 = DIRECTION( '', ( 0.00000000000000, 0.00000000000000, 1.00000000000000 ) );
#6390 = DIRECTION( '', ( 1.00000000000000, 0.00000000000000, 0.00000000000000 ) );
#6391 = SURFACE_STYLE_FILL_AREA( #8094 );
#6392 = ORIENTED_EDGE( '', *, *, #7498, .F. );
#6393 = ORIENTED_EDGE( '', *, *, #7967, .F. );
#6394 = ORIENTED_EDGE( '', *, *, #8095, .F. );
#6395 = ORIENTED_EDGE( '', *, *, #7903, .F. );
#6396 = ORIENTED_EDGE( '', *, *, #8096, .F. );
#6397 = ORIENTED_EDGE( '', *, *, #7339, .F. );
#6398 = ORIENTED_EDGE( '', *, *, #8097, .F. );
#6399 = ORIENTED_EDGE( '', *, *, #8098, .T. );
#6400 = CARTESIAN_POINT( '', ( 0.00517500000000000, 0.000975000000000000, -0.00160000000000000 ) );
#6401 = DIRECTION( '', ( 1.00000000000000, 0.00000000000000, 0.00000000000000 ) );
#6402 = DIRECTION( '', ( 0.00000000000000, 1.00000000000000, 0.00000000000000 ) );
#6403 = SURFACE_STYLE_FILL_AREA( #8099 );
#6404 = ORIENTED_EDGE( '', *, *, #8100, .T. );
#6405 = ORIENTED_EDGE( '', *, *, #7200, .F. );
#6406 = ORIENTED_EDGE( '', *, *, #7799, .F. );
#6407 = ORIENTED_EDGE( '', *, *, #7911, .T. );
#6408 = CARTESIAN_POINT( '', ( 0.00312500000000000, -0.00330000000000000, -0.00248750000000000 ) );
#6409 = DIRECTION( '', ( -0.00000000000000, 1.00000000000000, 0.00000000000000 ) );
#6410 = DIRECTION( '', ( 1.00000000000000, 0.00000000000000, 0.00000000000000 ) );
#6411 = SURFACE_STYLE_FILL_AREA( #8101 );
#6412 = ORIENTED_EDGE( '', *, *, #7519, .T. );
#6413 = ORIENTED_EDGE( '', *, *, #7621, .F. );
#6414 = ORIENTED_EDGE( '', *, *, #8102, .F. );
#6415 = ORIENTED_EDGE( '', *, *, #7682, .F. );
#6416 = CARTESIAN_POINT( '', ( -0.000925000000000000, -0.00292500000000000, 0.00160000000000000 ) );
#6417 = DIRECTION( '', ( -1.00000000000000, 0.00000000000000, 0.00000000000000 ) );
#6418 = DIRECTION( '', ( 0.00000000000000, 0.00000000000000, 1.00000000000000 ) );
#6419 = SURFACE_STYLE_FILL_AREA( #8103 );
#6420 = ORIENTED_EDGE( '', *, *, #7923, .T. );
#6421 = ORIENTED_EDGE( '', *, *, #7425, .T. );
#6422 = ORIENTED_EDGE( '', *, *, #8011, .F. );
#6423 = ORIENTED_EDGE( '', *, *, #7701, .F. );
#6424 = ORIENTED_EDGE( '', *, *, #7280, .F. );
#6425 = ORIENTED_EDGE( '', *, *, #7247, .F. );
#6426 = CARTESIAN_POINT( '', ( -0.000785000000000000, -0.00100000000000000, -0.000475000000000000 ) );
#6427 = DIRECTION( '', ( 1.00000000000000, 0.00000000000000, 0.00000000000000 ) );
#6428 = DIRECTION( '', ( 0.00000000000000, 1.00000000000000, 0.00000000000000 ) );
#6429 = SURFACE_STYLE_FILL_AREA( #8104 );
#6430 = ORIENTED_EDGE( '', *, *, #7714, .F. );
#6431 = ORIENTED_EDGE( '', *, *, #7163, .F. );
#6432 = ORIENTED_EDGE( '', *, *, #8043, .T. );
#6433 = ORIENTED_EDGE( '', *, *, #8105, .F. );
#6434 = ORIENTED_EDGE( '', *, *, #7998, .F. );
#6435 = ORIENTED_EDGE( '', *, *, #8106, .T. );
#6436 = ORIENTED_EDGE( '', *, *, #8093, .F. );
#6437 = CARTESIAN_POINT( '', ( 0.00527500000000000, 0.000975000000000000, 0.00120000000000000 ) );
#6438 = DIRECTION( '', ( 1.00000000000000, 0.00000000000000, 0.00000000000000 ) );
#6439 = DIRECTION( '', ( 0.00000000000000, 1.00000000000000, 0.00000000000000 ) );
#6440 = SURFACE_STYLE_FILL_AREA( #8107 );
#6441 = ORIENTED_EDGE( '', *, *, #8052, .F. );
#6442 = ORIENTED_EDGE( '', *, *, #7921, .T. );
#6443 = ORIENTED_EDGE( '', *, *, #8038, .T. );
#6444 = ORIENTED_EDGE( '', *, *, #8108, .F. );
#6445 = CARTESIAN_POINT( '', ( -0.000400000000000000, -0.00372500000000000, -0.00160000000000000 ) );
#6446 = DIRECTION( '', ( 0.707106781186498, 0.707106781186598, 0.00000000000000 ) );
#6447 = DIRECTION( '', ( 0.00000000000000, 0.00000000000000, -1.00000000000000 ) );
#6448 = SURFACE_STYLE_FILL_AREA( #8109 );
#6449 = ORIENTED_EDGE( '', *, *, #8053, .T. );
#6450 = ORIENTED_EDGE( '', *, *, #8108, .T. );
#6451 = ORIENTED_EDGE( '', *, *, #8040, .T. );
#6452 = ORIENTED_EDGE( '', *, *, #8110, .T. );
#6453 = ORIENTED_EDGE( '', *, *, #7392, .T. );
#6454 = ORIENTED_EDGE( '', *, *, #7437, .F. );
#6455 = ORIENTED_EDGE( '', *, *, #7485, .T. );
#6456 = ORIENTED_EDGE( '', *, *, #7814, .T. );
#6457 = CARTESIAN_POINT( '', ( 0.00517500000000000, -0.00382500000000000, -0.000600000000000000 ) );
#6458 = DIRECTION( '', ( 0.00000000000000, 0.00000000000000, -1.00000000000000 ) );
#6459 = DIRECTION( '', ( 0.00000000000000, -1.00000000000000, 0.00000000000000 ) );
#6460 = SURFACE_STYLE_FILL_AREA( #8111 );
#6461 = ORIENTED_EDGE( '', *, *, #8112, .T. );
#6462 = ORIENTED_EDGE( '', *, *, #8113, .F. );
#6463 = ORIENTED_EDGE( '', *, *, #7971, .F. );
#6464 = ORIENTED_EDGE( '', *, *, #7897, .T. );
#6465 = CARTESIAN_POINT( '', ( -0.00437500000000000, -0.00330000000000000, -0.00248750000000000 ) );
#6466 = DIRECTION( '', ( -0.00000000000000, 1.00000000000000, 0.00000000000000 ) );
#6467 = DIRECTION( '', ( 1.00000000000000, 0.00000000000000, 0.00000000000000 ) );
#6468 = SURFACE_STYLE_FILL_AREA( #8114 );
#6469 = ORIENTED_EDGE( '', *, *, #7625, .T. );
#6470 = ORIENTED_EDGE( '', *, *, #8115, .F. );
#6471 = ORIENTED_EDGE( '', *, *, #7804, .F. );
#6472 = ORIENTED_EDGE( '', *, *, #7914, .T. );
#6473 = CARTESIAN_POINT( '', ( 0.00187500000000000, -0.00330000000000000, -0.00248750000000000 ) );
#6474 = DIRECTION( '', ( -0.00000000000000, 1.00000000000000, 0.00000000000000 ) );
#6475 = DIRECTION( '', ( 1.00000000000000, 0.00000000000000, 0.00000000000000 ) );
#6476 = SURFACE_STYLE_FILL_AREA( #8116 );
#6477 = ORIENTED_EDGE( '', *, *, #7584, .T. );
#6478 = ORIENTED_EDGE( '', *, *, #8059, .T. );
#6479 = ORIENTED_EDGE( '', *, *, #7503, .T. );
#6480 = ORIENTED_EDGE( '', *, *, #7796, .T. );
#6481 = CARTESIAN_POINT( '', ( -0.00587500000000000, -0.00452500000000000, 0.00100000000000000 ) );
#6482 = DIRECTION( '', ( 0.00000000000000, 0.00000000000000, 1.00000000000000 ) );
#6483 = DIRECTION( '', ( 1.00000000000000, 0.00000000000000, 0.00000000000000 ) );
#6484 = SURFACE_STYLE_FILL_AREA( #8117 );
#6485 = ORIENTED_EDGE( '', *, *, #7654, .T. );
#6486 = ORIENTED_EDGE( '', *, *, #7181, .F. );
#6487 = ORIENTED_EDGE( '', *, *, #7875, .F. );
#6488 = ORIENTED_EDGE( '', *, *, #7931, .T. );
#6489 = CARTESIAN_POINT( '', ( -0.00312500000000000, -0.00330000000000000, -0.00248750000000000 ) );
#6490 = DIRECTION( '', ( -0.00000000000000, 1.00000000000000, 0.00000000000000 ) );
#6491 = DIRECTION( '', ( 1.00000000000000, 0.00000000000000, 0.00000000000000 ) );
#6492 = SURFACE_STYLE_FILL_AREA( #8118 );
#6493 = ORIENTED_EDGE( '', *, *, #7853, .T. );
#6494 = ORIENTED_EDGE( '', *, *, #8119, .F. );
#6495 = ORIENTED_EDGE( '', *, *, #7178, .F. );
#6496 = ORIENTED_EDGE( '', *, *, #7653, .T. );
#6497 = SURFACE_STYLE_FILL_AREA( #8120 );
#6498 = ORIENTED_EDGE( '', *, *, #7832, .F. );
#6499 = ORIENTED_EDGE( '', *, *, #7420, .F. );
#6500 = ORIENTED_EDGE( '', *, *, #7915, .T. );
#6501 = ORIENTED_EDGE( '', *, *, #7806, .T. );
#6502 = CARTESIAN_POINT( '', ( 0.00165000000000000, -0.00372500000000000, -0.00160000000000000 ) );
#6503 = DIRECTION( '', ( -0.982872186934319, 0.184288535050203, 0.00000000000000 ) );
#6504 = DIRECTION( '', ( 0.00000000000000, 0.00000000000000, 1.00000000000000 ) );
#6505 = SURFACE_STYLE_FILL_AREA( #8121 );
#6506 = ORIENTED_EDGE( '', *, *, #7871, .F. );
#6507 = ORIENTED_EDGE( '', *, *, #8122, .F. );
#6508 = ORIENTED_EDGE( '', *, *, #7239, .F. );
#6509 = ORIENTED_EDGE( '', *, *, #7824, .F. );
#6510 = CARTESIAN_POINT( '', ( 0.00187500000000000, 0.000275000000000000, -0.000475000000000000 ) );
#6511 = DIRECTION( '', ( 0.00000000000000, -1.00000000000000, 0.00000000000000 ) );
#6512 = DIRECTION( '', ( 0.00000000000000, 0.00000000000000, -1.00000000000000 ) );
#6513 = SURFACE_STYLE_FILL_AREA( #8123 );
#6514 = ORIENTED_EDGE( '', *, *, #8124, .T. );
#6515 = ORIENTED_EDGE( '', *, *, #7693, .T. );
#6516 = ORIENTED_EDGE( '', *, *, #8006, .F. );
#6517 = ORIENTED_EDGE( '', *, *, #7588, .F. );
#6518 = ORIENTED_EDGE( '', *, *, #7918, .F. );
#6519 = ORIENTED_EDGE( '', *, *, #8125, .T. );
#6520 = CARTESIAN_POINT( '', ( 0.000785000000000000, -0.00100000000000000, -0.000475000000000000 ) );
#6521 = DIRECTION( '', ( 1.00000000000000, 0.00000000000000, 0.00000000000000 ) );
#6522 = DIRECTION( '', ( 0.00000000000000, 1.00000000000000, 0.00000000000000 ) );
#6523 = SURFACE_STYLE_FILL_AREA( #8126 );
#6524 = ORIENTED_EDGE( '', *, *, #7963, .T. );
#6525 = ORIENTED_EDGE( '', *, *, #8127, .T. );
#6526 = ORIENTED_EDGE( '', *, *, #8025, .F. );
#6527 = ORIENTED_EDGE( '', *, *, #7166, .F. );
#6528 = CARTESIAN_POINT( '', ( -0.00527500000000000, -0.000325000000000000, 0.00120000000000000 ) );
#6529 = DIRECTION( '', ( 0.00000000000000, -0.707106781186548, 0.707106781186548 ) );
#6530 = DIRECTION( '', ( -1.00000000000000, 0.00000000000000, 0.00000000000000 ) );
#6531 = SURFACE_STYLE_FILL_AREA( #8128 );
#6532 = ORIENTED_EDGE( '', *, *, #8065, .F. );
#6533 = ORIENTED_EDGE( '', *, *, #7274, .T. );
#6534 = ORIENTED_EDGE( '', *, *, #8129, .T. );
#6535 = ORIENTED_EDGE( '', *, *, #7740, .F. );
#6536 = CARTESIAN_POINT( '', ( -0.00437500000000000, -0.00100000000000000, -0.000775000000000000 ) );
#6537 = DIRECTION( '', ( 0.00000000000000, 0.00000000000000, 1.00000000000000 ) );
#6538 = DIRECTION( '', ( 1.00000000000000, 0.00000000000000, 0.00000000000000 ) );
#6539 = SURFACE_STYLE_FILL_AREA( #8130 );
#6540 = ORIENTED_EDGE( '', *, *, #7349, .F. );
#6541 = ORIENTED_EDGE( '', *, *, #7901, .T. );
#6542 = ORIENTED_EDGE( '', *, *, #8028, .T. );
#6543 = ORIENTED_EDGE( '', *, *, #7568, .F. );
#6544 = CARTESIAN_POINT( '', ( 0.00517500000000000, -0.00382500000000000, -0.00190000000000000 ) );
#6545 = DIRECTION( '', ( -0.00000000000000, 1.00000000000000, 0.00000000000000 ) );
#6546 = DIRECTION( '', ( 1.00000000000000, 0.00000000000000, 0.00000000000000 ) );
#6547 = SURFACE_STYLE_FILL_AREA( #8131 );
#6548 = ORIENTED_EDGE( '', *, *, #7379, .T. );
#6549 = ORIENTED_EDGE( '', *, *, #7499, .T. );
#6550 = ORIENTED_EDGE( '', *, *, #8098, .F. );
#6551 = ORIENTED_EDGE( '', *, *, #8132, .T. );
#6552 = CARTESIAN_POINT( '', ( 0.00705000000000000, -0.00452500000000000, 0.000100000000000000 ) );
#6553 = DIRECTION( '', ( 0.00000000000000, 0.358979079308883, -0.933345606203054 ) );
#6554 = DIRECTION( '', ( -1.00000000000000, 0.00000000000000, 0.00000000000000 ) );
#6555 = SURFACE_STYLE_FILL_AREA( #8133 );
#6556 = ORIENTED_EDGE( '', *, *, #7659, .T. );
#6557 = ORIENTED_EDGE( '', *, *, #7881, .F. );
#6558 = ORIENTED_EDGE( '', *, *, #7987, .F. );
#6559 = ORIENTED_EDGE( '', *, *, #7886, .T. );
#6560 = SURFACE_STYLE_FILL_AREA( #8134 );
#6561 = ORIENTED_EDGE( '', *, *, #8135, .F. );
#6562 = ORIENTED_EDGE( '', *, *, #7924, .T. );
#6563 = ORIENTED_EDGE( '', *, *, #7245, .T. );
#6564 = ORIENTED_EDGE( '', *, *, #7950, .F. );
#6565 = CARTESIAN_POINT( '', ( -0.000950000000000000, -0.00382500000000000, -0.00160000000000000 ) );
#6566 = DIRECTION( '', ( -0.707106781186598, 0.707106781186498, 0.00000000000000 ) );
#6567 = DIRECTION( '', ( 0.00000000000000, 0.00000000000000, 1.00000000000000 ) );
#6568 = SURFACE_STYLE_FILL_AREA( #8136 );
#6569 = ORIENTED_EDGE( '', *, *, #7477, .F. );
#6570 = ORIENTED_EDGE( '', *, *, #8137, .T. );
#6571 = ORIENTED_EDGE( '', *, *, #7877, .T. );
#6572 = ORIENTED_EDGE( '', *, *, #7791, .F. );
#6573 = ORIENTED_EDGE( '', *, *, #7651, .F. );
#6574 = ORIENTED_EDGE( '', *, *, #8085, .F. );
#6575 = CARTESIAN_POINT( '', ( -0.00312500000000000, -0.00267500000000000, -0.00127500000000000 ) );
#6576 = DIRECTION( '', ( -1.00000000000000, -0.00000000000000, 0.00000000000000 ) );
#6577 = DIRECTION( '', ( 0.00000000000000, 0.00000000000000, 1.00000000000000 ) );
#6578 = SURFACE_STYLE_FILL_AREA( #8138 );
#6579 = ORIENTED_EDGE( '', *, *, #8139, .T. );
#6580 = ORIENTED_EDGE( '', *, *, #8140, .T. );
#6581 = ORIENTED_EDGE( '', *, *, #7808, .F. );
#6582 = ORIENTED_EDGE( '', *, *, #8100, .F. );
#6583 = ORIENTED_EDGE( '', *, *, #7910, .F. );
#6584 = ORIENTED_EDGE( '', *, *, #8090, .T. );
#6585 = CARTESIAN_POINT( '', ( 0.00328500000000000, -0.00100000000000000, -0.000475000000000000 ) );
#6586 = DIRECTION( '', ( 1.00000000000000, 0.00000000000000, 0.00000000000000 ) );
#6587 = DIRECTION( '', ( 0.00000000000000, 1.00000000000000, 0.00000000000000 ) );
#6588 = SURFACE_STYLE_FILL_AREA( #8141 );
#6589 = ORIENTED_EDGE( '', *, *, #8137, .F. );
#6590 = ORIENTED_EDGE( '', *, *, #7476, .F. );
#6591 = ORIENTED_EDGE( '', *, *, #8142, .T. );
#6592 = CARTESIAN_POINT( '', ( -0.00328500000000000, -0.00100000000000000, -0.000475000000000000 ) );
#6593 = DIRECTION( '', ( 1.00000000000000, 0.00000000000000, 0.00000000000000 ) );
#6594 = DIRECTION( '', ( 0.00000000000000, 1.00000000000000, 0.00000000000000 ) );
#6595 = SURFACE_STYLE_FILL_AREA( #8143 );
#6596 = ORIENTED_EDGE( '', *, *, #8144, .T. );
#6597 = ORIENTED_EDGE( '', *, *, #7217, .F. );
#6598 = ORIENTED_EDGE( '', *, *, #7168, .F. );
#6599 = ORIENTED_EDGE( '', *, *, #8115, .T. );
#6600 = SURFACE_STYLE_FILL_AREA( #8145 );
#6601 = ORIENTED_EDGE( '', *, *, #7966, .F. );
#6602 = ORIENTED_EDGE( '', *, *, #7749, .T. );
#6603 = ORIENTED_EDGE( '', *, *, #7904, .T. );
#6604 = ORIENTED_EDGE( '', *, *, #8095, .T. );
#6605 = CARTESIAN_POINT( '', ( 0.00517500000000000, -0.00382500000000000, -0.00190000000000000 ) );
#6606 = DIRECTION( '', ( -0.00000000000000, 1.00000000000000, 0.00000000000000 ) );
#6607 = DIRECTION( '', ( 1.00000000000000, 0.00000000000000, 0.00000000000000 ) );
#6608 = SURFACE_STYLE_FILL_AREA( #8146 );
#6609 = ORIENTED_EDGE( '', *, *, #7594, .T. );
#6610 = ORIENTED_EDGE( '', *, *, #7285, .F. );
#6611 = ORIENTED_EDGE( '', *, *, #8147, .F. );
#6612 = ORIENTED_EDGE( '', *, *, #7606, .T. );
#6613 = SURFACE_STYLE_FILL_AREA( #8148 );
#6614 = ORIENTED_EDGE( '', *, *, #7946, .F. );
#6615 = ORIENTED_EDGE( '', *, *, #7215, .F. );
#6616 = ORIENTED_EDGE( '', *, *, #8149, .F. );
#6617 = ORIENTED_EDGE( '', *, *, #7186, .F. );
#6618 = ORIENTED_EDGE( '', *, *, #8150, .F. );
#6619 = ORIENTED_EDGE( '', *, *, #7996, .T. );
#6620 = ORIENTED_EDGE( '', *, *, #7381, .T. );
#6621 = ORIENTED_EDGE( '', *, *, #7336, .T. );
#6622 = ORIENTED_EDGE( '', *, *, #8096, .T. );
#6623 = ORIENTED_EDGE( '', *, *, #7902, .F. );
#6624 = ORIENTED_EDGE( '', *, *, #7347, .F. );
#6625 = ORIENTED_EDGE( '', *, *, #7429, .T. );
#6626 = ORIENTED_EDGE( '', *, *, #7992, .T. );
#6627 = ORIENTED_EDGE( '', *, *, #7308, .T. );
#6628 = ORIENTED_EDGE( '', *, *, #7994, .F. );
#6629 = ORIENTED_EDGE( '', *, *, #7559, .F. );
#6630 = CARTESIAN_POINT( '', ( 0.00000000000000, 0.000975000000000000, 0.00000000000000 ) );
#6631 = DIRECTION( '', ( -0.00000000000000, 1.00000000000000, 0.00000000000000 ) );
#6632 = DIRECTION( '', ( 1.00000000000000, 0.00000000000000, 0.00000000000000 ) );
#6633 = SURFACE_STYLE_FILL_AREA( #8151 );
#6634 = ORIENTED_EDGE( '', *, *, #8077, .T. );
#6635 = ORIENTED_EDGE( '', *, *, #8152, .F. );
#6636 = ORIENTED_EDGE( '', *, *, #7793, .F. );
#6637 = ORIENTED_EDGE( '', *, *, #7685, .T. );
#6638 = CARTESIAN_POINT( '', ( 0.00217500000000000, -0.00292500000000000, 0.00160000000000000 ) );
#6639 = DIRECTION( '', ( -0.00000000000000, 1.00000000000000, 0.00000000000000 ) );
#6640 = DIRECTION( '', ( 1.00000000000000, 0.00000000000000, 0.00000000000000 ) );
#6641 = SURFACE_STYLE_FILL_AREA( #8153 );
#6642 = ORIENTED_EDGE( '', *, *, #7859, .T. );
#6643 = ORIENTED_EDGE( '', *, *, #8154, .F. );
#6644 = ORIENTED_EDGE( '', *, *, #7533, .F. );
#6645 = ORIENTED_EDGE( '', *, *, #7389, .T. );
#6646 = SURFACE_STYLE_FILL_AREA( #8155 );
#6647 = ORIENTED_EDGE( '', *, *, #7275, .T. );
#6648 = ORIENTED_EDGE( '', *, *, #8064, .F. );
#6649 = ORIENTED_EDGE( '', *, *, #8156, .F. );
#6650 = ORIENTED_EDGE( '', *, *, #7777, .T. );
#6651 = SURFACE_STYLE_FILL_AREA( #8157 );
#6652 = ORIENTED_EDGE( '', *, *, #7775, .F. );
#6653 = ORIENTED_EDGE( '', *, *, #8158, .T. );
#6654 = ORIENTED_EDGE( '', *, *, #8159, .T. );
#6655 = ORIENTED_EDGE( '', *, *, #7733, .T. );
#6656 = CARTESIAN_POINT( '', ( -0.000625000000000000, -0.00100000000000000, -0.000175000000000000 ) );
#6657 = DIRECTION( '', ( 0.00000000000000, 0.00000000000000, 1.00000000000000 ) );
#6658 = DIRECTION( '', ( 1.00000000000000, 0.00000000000000, 0.00000000000000 ) );
#6659 = SURFACE_STYLE_FILL_AREA( #8160 );
#6660 = ORIENTED_EDGE( '', *, *, #7976, .T. );
#6661 = ORIENTED_EDGE( '', *, *, #7835, .F. );
#6662 = ORIENTED_EDGE( '', *, *, #8161, .F. );
#6663 = ORIENTED_EDGE( '', *, *, #8162, .T. );
#6664 = SURFACE_STYLE_FILL_AREA( #8163 );
#6665 = ORIENTED_EDGE( '', *, *, #8164, .T. );
#6666 = ORIENTED_EDGE( '', *, *, #7218, .F. );
#6667 = ORIENTED_EDGE( '', *, *, #8144, .F. );
#6668 = ORIENTED_EDGE( '', *, *, #7624, .T. );
#6669 = SURFACE_STYLE_FILL_AREA( #8165 );
#6670 = ORIENTED_EDGE( '', *, *, #8166, .F. );
#6671 = ORIENTED_EDGE( '', *, *, #7858, .T. );
#6672 = ORIENTED_EDGE( '', *, *, #7431, .T. );
#6673 = ORIENTED_EDGE( '', *, *, #7729, .F. );
#6674 = CARTESIAN_POINT( '', ( 0.000625000000000000, -0.00100000000000000, -0.000775000000000000 ) );
#6675 = DIRECTION( '', ( 0.00000000000000, 0.00000000000000, 1.00000000000000 ) );
#6676 = DIRECTION( '', ( 1.00000000000000, 0.00000000000000, 0.00000000000000 ) );
#6677 = SURFACE_STYLE_FILL_AREA( #8167 );
#6678 = ORIENTED_EDGE( '', *, *, #7764, .T. );
#6679 = ORIENTED_EDGE( '', *, *, #8036, .T. );
#6680 = ORIENTED_EDGE( '', *, *, #7461, .T. );
#6681 = ORIENTED_EDGE( '', *, *, #8168, .T. );
#6682 = ORIENTED_EDGE( '', *, *, #8061, .T. );
#6683 = ORIENTED_EDGE( '', *, *, #8142, .F. );
#6684 = ORIENTED_EDGE( '', *, *, #7475, .T. );
#6685 = ORIENTED_EDGE( '', *, *, #7979, .T. );
#6686 = CARTESIAN_POINT( '', ( 0.00517500000000000, -0.00382500000000000, -0.000600000000000000 ) );
#6687 = DIRECTION( '', ( 0.00000000000000, 0.00000000000000, -1.00000000000000 ) );
#6688 = DIRECTION( '', ( 0.00000000000000, -1.00000000000000, 0.00000000000000 ) );
#6689 = SURFACE_STYLE_FILL_AREA( #8169 );
#6690 = ORIENTED_EDGE( '', *, *, #8156, .T. );
#6691 = ORIENTED_EDGE( '', *, *, #7866, .F. );
#6692 = ORIENTED_EDGE( '', *, *, #7341, .F. );
#6693 = ORIENTED_EDGE( '', *, *, #7778, .T. );
#6694 = SURFACE_STYLE_FILL_AREA( #8170 );
#6695 = ORIENTED_EDGE( '', *, *, #8067, .F. );
#6696 = ORIENTED_EDGE( '', *, *, #7941, .T. );
#6697 = ORIENTED_EDGE( '', *, *, #7744, .F. );
#6698 = ORIENTED_EDGE( '', *, *, #8171, .F. );
#6699 = CARTESIAN_POINT( '', ( 0.00000000000000, -0.000475000000000000, 0.00000000000000 ) );
#6700 = DIRECTION( '', ( -0.00000000000000, 1.00000000000000, 0.00000000000000 ) );
#6701 = DIRECTION( '', ( 1.00000000000000, 0.00000000000000, 0.00000000000000 ) );
#6702 = SURFACE_STYLE_FILL_AREA( #8172 );
#6703 = ORIENTED_EDGE( '', *, *, #8089, .T. );
#6704 = ORIENTED_EDGE( '', *, *, #8173, .T. );
#6705 = ORIENTED_EDGE( '', *, *, #8174, .T. );
#6706 = ORIENTED_EDGE( '', *, *, #7760, .T. );
#6707 = ORIENTED_EDGE( '', *, *, #7202, .T. );
#6708 = ORIENTED_EDGE( '', *, *, #7855, .F. );
#6709 = ORIENTED_EDGE( '', *, *, #7494, .T. );
#6710 = ORIENTED_EDGE( '', *, *, #7752, .T. );
#6711 = CARTESIAN_POINT( '', ( 0.00517500000000000, -0.00382500000000000, -0.000600000000000000 ) );
#6712 = DIRECTION( '', ( 0.00000000000000, 0.00000000000000, -1.00000000000000 ) );
#6713 = DIRECTION( '', ( 0.00000000000000, -1.00000000000000, 0.00000000000000 ) );
#6714 = SURFACE_STYLE_FILL_AREA( #8175 );
#6715 = ORIENTED_EDGE( '', *, *, #7773, .F. );
#6716 = ORIENTED_EDGE( '', *, *, #8154, .T. );
#6717 = ORIENTED_EDGE( '', *, *, #8166, .T. );
#6718 = ORIENTED_EDGE( '', *, *, #7728, .T. );
#6719 = CARTESIAN_POINT( '', ( 0.000465000000000000, -0.00100000000000000, -0.000475000000000000 ) );
#6720 = DIRECTION( '', ( 1.00000000000000, 0.00000000000000, 0.00000000000000 ) );
#6721 = DIRECTION( '', ( 0.00000000000000, 1.00000000000000, 0.00000000000000 ) );
#6722 = SURFACE_STYLE_FILL_AREA( #8176 );
#6723 = ORIENTED_EDGE( '', *, *, #7671, .T. );
#6724 = ORIENTED_EDGE( '', *, *, #8026, .T. );
#6725 = ORIENTED_EDGE( '', *, *, #8127, .F. );
#6726 = ORIENTED_EDGE( '', *, *, #7962, .F. );
#6727 = ORIENTED_EDGE( '', *, *, #7310, .F. );
#6728 = ORIENTED_EDGE( '', *, *, #7991, .F. );
#6729 = CARTESIAN_POINT( '', ( -0.00587500000000000, -2.50000000000000E-05, 0.00160000000000000 ) );
#6730 = DIRECTION( '', ( 0.00000000000000, -1.00000000000000, 0.00000000000000 ) );
#6731 = DIRECTION( '', ( 0.00000000000000, 0.00000000000000, -1.00000000000000 ) );
#6732 = SURFACE_STYLE_FILL_AREA( #8177 );
#6733 = ORIENTED_EDGE( '', *, *, #7883, .T. );
#6734 = ORIENTED_EDGE( '', *, *, #7179, .T. );
#6735 = ORIENTED_EDGE( '', *, *, #8119, .T. );
#6736 = ORIENTED_EDGE( '', *, *, #7852, .T. );
#6737 = CARTESIAN_POINT( '', ( -0.00312500000000000, -0.00347500000000000, -0.00420000000000000 ) );
#6738 = DIRECTION( '', ( 0.00000000000000, 0.00000000000000, -1.00000000000000 ) );
#6739 = DIRECTION( '', ( 0.00000000000000, -1.00000000000000, 0.00000000000000 ) );
#6740 = SURFACE_STYLE_FILL_AREA( #8178 );
#6741 = ORIENTED_EDGE( '', *, *, #7255, .F. );
#6742 = ORIENTED_EDGE( '', *, *, #7330, .F. );
#6743 = ORIENTED_EDGE( '', *, *, #8179, .F. );
#6744 = ORIENTED_EDGE( '', *, *, #7563, .F. );
#6745 = CARTESIAN_POINT( '', ( 0.00437500000000000, 0.000275000000000000, -0.000475000000000000 ) );
#6746 = DIRECTION( '', ( 0.00000000000000, -1.00000000000000, 0.00000000000000 ) );
#6747 = DIRECTION( '', ( 0.00000000000000, 0.00000000000000, -1.00000000000000 ) );
#6748 = SURFACE_STYLE_FILL_AREA( #8180 );
#6749 = ORIENTED_EDGE( '', *, *, #7844, .T. );
#6750 = ORIENTED_EDGE( '', *, *, #8158, .F. );
#6751 = ORIENTED_EDGE( '', *, *, #7704, .F. );
#6752 = ORIENTED_EDGE( '', *, *, #7888, .T. );
#6753 = SURFACE_STYLE_FILL_AREA( #8181 );
#6754 = ORIENTED_EDGE( '', *, *, #7954, .T. );
#6755 = ORIENTED_EDGE( '', *, *, #8021, .F. );
#6756 = ORIENTED_EDGE( '', *, *, #7524, .F. );
#6757 = ORIENTED_EDGE( '', *, *, #7679, .T. );
#6758 = CARTESIAN_POINT( '', ( -0.00282500000000000, -0.00322500000000000, 0.00160000000000000 ) );
#6759 = DIRECTION( '', ( 1.00000000000000, 0.00000000000000, 0.00000000000000 ) );
#6760 = DIRECTION( '', ( 0.00000000000000, 1.00000000000000, 0.00000000000000 ) );
#6761 = SURFACE_STYLE_FILL_AREA( #8182 );
#6762 = ORIENTED_EDGE( '', *, *, #8159, .F. );
#6763 = ORIENTED_EDGE( '', *, *, #7843, .T. );
#6764 = ORIENTED_EDGE( '', *, *, #7301, .T. );
#6765 = ORIENTED_EDGE( '', *, *, #7731, .T. );
#6766 = CARTESIAN_POINT( '', ( -0.000785000000000000, -0.00100000000000000, -0.000475000000000000 ) );
#6767 = DIRECTION( '', ( 1.00000000000000, 0.00000000000000, 0.00000000000000 ) );
#6768 = DIRECTION( '', ( 0.00000000000000, 1.00000000000000, 0.00000000000000 ) );
#6769 = SURFACE_STYLE_FILL_AREA( #8183 );
#6770 = ORIENTED_EDGE( '', *, *, #7492, .F. );
#6771 = ORIENTED_EDGE( '', *, *, #7468, .T. );
#6772 = ORIENTED_EDGE( '', *, *, #7801, .T. );
#6773 = ORIENTED_EDGE( '', *, *, #8184, .F. );
#6774 = ORIENTED_EDGE( '', *, *, #8139, .F. );
#6775 = ORIENTED_EDGE( '', *, *, #7753, .F. );
#6776 = CARTESIAN_POINT( '', ( 0.00312500000000000, -0.00267500000000000, -0.00127500000000000 ) );
#6777 = DIRECTION( '', ( -1.00000000000000, -0.00000000000000, 0.00000000000000 ) );
#6778 = DIRECTION( '', ( 0.00000000000000, 0.00000000000000, 1.00000000000000 ) );
#6779 = SURFACE_STYLE_FILL_AREA( #8185 );
#6780 = ORIENTED_EDGE( '', *, *, #7646, .T. );
#6781 = ORIENTED_EDGE( '', *, *, #7711, .F. );
#6782 = ORIENTED_EDGE( '', *, *, #8186, .F. );
#6783 = ORIENTED_EDGE( '', *, *, #7213, .T. );
#6784 = ORIENTED_EDGE( '', *, *, #7746, .F. );
#6785 = ORIENTED_EDGE( '', *, *, #7616, .F. );
#6786 = ORIENTED_EDGE( '', *, *, #8068, .T. );
#6787 = ORIENTED_EDGE( '', *, *, #8171, .T. );
#6788 = ORIENTED_EDGE( '', *, *, #8187, .F. );
#6789 = ORIENTED_EDGE( '', *, *, #8002, .F. );
#6790 = ORIENTED_EDGE( '', *, *, #8055, .T. );
#6791 = ORIENTED_EDGE( '', *, *, #7959, .T. );
#6792 = CARTESIAN_POINT( '', ( 0.00527500000000000, 0.000975000000000000, -0.00120000000000000 ) );
#6793 = DIRECTION( '', ( 0.00000000000000, 0.00000000000000, -1.00000000000000 ) );
#6794 = DIRECTION( '', ( 0.00000000000000, -1.00000000000000, 0.00000000000000 ) );
#6795 = SURFACE_STYLE_FILL_AREA( #8188 );
#6796 = ORIENTED_EDGE( '', *, *, #7827, .F. );
#6797 = ORIENTED_EDGE( '', *, *, #7811, .T. );
#6798 = ORIENTED_EDGE( '', *, *, #7629, .T. );
#6799 = ORIENTED_EDGE( '', *, *, #7723, .F. );
#6800 = CARTESIAN_POINT( '', ( 0.00312500000000000, -0.00100000000000000, -0.000775000000000000 ) );
#6801 = DIRECTION( '', ( 0.00000000000000, 0.00000000000000, 1.00000000000000 ) );
#6802 = DIRECTION( '', ( 1.00000000000000, 0.00000000000000, 0.00000000000000 ) );
#6803 = SURFACE_STYLE_FILL_AREA( #8189 );
#6804 = ORIENTED_EDGE( '', *, *, #7787, .F. );
#6805 = ORIENTED_EDGE( '', *, *, #8190, .T. );
#6806 = ORIENTED_EDGE( '', *, *, #8191, .T. );
#6807 = ORIENTED_EDGE( '', *, *, #7718, .T. );
#6808 = CARTESIAN_POINT( '', ( 0.00421500000000000, -0.00100000000000000, -0.000475000000000000 ) );
#6809 = DIRECTION( '', ( 1.00000000000000, 0.00000000000000, 0.00000000000000 ) );
#6810 = DIRECTION( '', ( 0.00000000000000, 1.00000000000000, 0.00000000000000 ) );
#6811 = SURFACE_STYLE_FILL_AREA( #8192 );
#6812 = ORIENTED_EDGE( '', *, *, #7800, .T. );
#6813 = ORIENTED_EDGE( '', *, *, #7250, .F. );
#6814 = ORIENTED_EDGE( '', *, *, #8140, .F. );
#6815 = ORIENTED_EDGE( '', *, *, #8184, .T. );
#6816 = CARTESIAN_POINT( '', ( 0.00312500000000000, -0.00365000000000000, -0.00248750000000000 ) );
#6817 = DIRECTION( '', ( -0.00000000000000, 1.00000000000000, 0.00000000000000 ) );
#6818 = DIRECTION( '', ( 1.00000000000000, 0.00000000000000, 0.00000000000000 ) );
#6819 = SURFACE_STYLE_FILL_AREA( #8193 );
#6820 = ORIENTED_EDGE( '', *, *, #8005, .T. );
#6821 = ORIENTED_EDGE( '', *, *, #7368, .F. );
#6822 = ORIENTED_EDGE( '', *, *, #7312, .F. );
#6823 = ORIENTED_EDGE( '', *, *, #7589, .T. );
#6824 = SURFACE_STYLE_FILL_AREA( #8194 );
#6825 = ORIENTED_EDGE( '', *, *, #7535, .T. );
#6826 = ORIENTED_EDGE( '', *, *, #7432, .F. );
#6827 = ORIENTED_EDGE( '', *, *, #7857, .F. );
#6828 = ORIENTED_EDGE( '', *, *, #7387, .T. );
#6829 = SURFACE_STYLE_FILL_AREA( #8195 );
#6830 = ORIENTED_EDGE( '', *, *, #8147, .T. );
#6831 = ORIENTED_EDGE( '', *, *, #7232, .F. );
#6832 = ORIENTED_EDGE( '', *, *, #8033, .F. );
#6833 = ORIENTED_EDGE( '', *, *, #7604, .T. );
#6834 = SURFACE_STYLE_FILL_AREA( #8196 );
#6835 = ORIENTED_EDGE( '', *, *, #7460, .F. );
#6836 = ORIENTED_EDGE( '', *, *, #7933, .T. );
#6837 = ORIENTED_EDGE( '', *, *, #8062, .T. );
#6838 = ORIENTED_EDGE( '', *, *, #8168, .F. );
#6839 = CARTESIAN_POINT( '', ( -0.00345000000000000, -0.00382500000000000, -0.00160000000000000 ) );
#6840 = DIRECTION( '', ( -0.707106781186548, 0.707106781186548, 0.00000000000000 ) );
#6841 = DIRECTION( '', ( 0.00000000000000, 0.00000000000000, 1.00000000000000 ) );
#6842 = SURFACE_STYLE_FILL_AREA( #8197 );
#6843 = ORIENTED_EDGE( '', *, *, #8191, .F. );
#6844 = ORIENTED_EDGE( '', *, *, #7328, .T. );
#6845 = ORIENTED_EDGE( '', *, *, #8198, .T. );
#6846 = ORIENTED_EDGE( '', *, *, #7719, .F. );
#6847 = CARTESIAN_POINT( '', ( 0.00437500000000000, -0.00100000000000000, -0.000775000000000000 ) );
#6848 = DIRECTION( '', ( 0.00000000000000, 0.00000000000000, 1.00000000000000 ) );
#6849 = DIRECTION( '', ( 1.00000000000000, 0.00000000000000, 0.00000000000000 ) );
#6850 = SURFACE_STYLE_FILL_AREA( #8199 );
#6851 = ORIENTED_EDGE( '', *, *, #8149, .T. );
#6852 = ORIENTED_EDGE( '', *, *, #7214, .T. );
#6853 = ORIENTED_EDGE( '', *, *, #8200, .F. );
#6854 = ORIENTED_EDGE( '', *, *, #8071, .F. );
#6855 = CARTESIAN_POINT( '', ( 0.00557500000000000, 0.000975000000000000, 0.00120000000000000 ) );
#6856 = DIRECTION( '', ( -0.707106781186548, 0.707106781186548, 0.00000000000000 ) );
#6857 = DIRECTION( '', ( 0.00000000000000, 0.00000000000000, 1.00000000000000 ) );
#6858 = SURFACE_STYLE_FILL_AREA( #8201 );
#6859 = ORIENTED_EDGE( '', *, *, #8200, .T. );
#6860 = ORIENTED_EDGE( '', *, *, #8186, .T. );
#6861 = ORIENTED_EDGE( '', *, *, #7717, .F. );
#6862 = ORIENTED_EDGE( '', *, *, #8072, .T. );
#6863 = CARTESIAN_POINT( '', ( 0.00527500000000000, 0.000975000000000000, 0.00120000000000000 ) );
#6864 = DIRECTION( '', ( 1.00000000000000, 0.00000000000000, 0.00000000000000 ) );
#6865 = DIRECTION( '', ( 0.00000000000000, 1.00000000000000, 0.00000000000000 ) );
#6866 = SURFACE_STYLE_FILL_AREA( #8202 );
#6867 = ORIENTED_EDGE( '', *, *, #7404, .F. );
#6868 = ORIENTED_EDGE( '', *, *, #8203, .T. );
#6869 = ORIENTED_EDGE( '', *, *, #8079, .T. );
#6870 = ORIENTED_EDGE( '', *, *, #7725, .F. );
#6871 = CARTESIAN_POINT( '', ( 0.00187500000000000, -0.00100000000000000, -0.000775000000000000 ) );
#6872 = DIRECTION( '', ( 0.00000000000000, 0.00000000000000, 1.00000000000000 ) );
#6873 = DIRECTION( '', ( 1.00000000000000, 0.00000000000000, 0.00000000000000 ) );
#6874 = SURFACE_STYLE_FILL_AREA( #8204 );
#6875 = ORIENTED_EDGE( '', *, *, #7765, .F. );
#6876 = ORIENTED_EDGE( '', *, *, #7545, .T. );
#6877 = ORIENTED_EDGE( '', *, *, #7663, .T. );
#6878 = ORIENTED_EDGE( '', *, *, #8205, .F. );
#6879 = ORIENTED_EDGE( '', *, *, #8112, .F. );
#6880 = ORIENTED_EDGE( '', *, *, #7935, .F. );
#6881 = CARTESIAN_POINT( '', ( -0.00421500000000000, -0.00100000000000000, -0.000475000000000000 ) );
#6882 = DIRECTION( '', ( 1.00000000000000, 0.00000000000000, 0.00000000000000 ) );
#6883 = DIRECTION( '', ( 0.00000000000000, 1.00000000000000, 0.00000000000000 ) );
#6884 = SURFACE_STYLE_FILL_AREA( #8206 );
#6885 = ORIENTED_EDGE( '', *, *, #8207, .T. );
#6886 = ORIENTED_EDGE( '', *, *, #7697, .F. );
#6887 = ORIENTED_EDGE( '', *, *, #8208, .F. );
#6888 = ORIENTED_EDGE( '', *, *, #7323, .T. );
#6889 = SURFACE_STYLE_FILL_AREA( #8209 );
#6890 = ORIENTED_EDGE( '', *, *, #8129, .F. );
#6891 = ORIENTED_EDGE( '', *, *, #7342, .T. );
#6892 = ORIENTED_EDGE( '', *, *, #7865, .T. );
#6893 = ORIENTED_EDGE( '', *, *, #7741, .F. );
#6894 = CARTESIAN_POINT( '', ( -0.00421500000000000, -0.00100000000000000, -0.000475000000000000 ) );
#6895 = DIRECTION( '', ( 1.00000000000000, 0.00000000000000, 0.00000000000000 ) );
#6896 = DIRECTION( '', ( 0.00000000000000, 1.00000000000000, 0.00000000000000 ) );
#6897 = SURFACE_STYLE_FILL_AREA( #8210 );
#6898 = ORIENTED_EDGE( '', *, *, #8152, .T. );
#6899 = ORIENTED_EDGE( '', *, *, #8076, .T. );
#6900 = ORIENTED_EDGE( '', *, *, #7511, .T. );
#6901 = ORIENTED_EDGE( '', *, *, #7794, .T. );
#6902 = CARTESIAN_POINT( '', ( -0.00587500000000000, -0.00452500000000000, 0.00100000000000000 ) );
#6903 = DIRECTION( '', ( 0.00000000000000, 0.00000000000000, 1.00000000000000 ) );
#6904 = DIRECTION( '', ( 1.00000000000000, 0.00000000000000, 0.00000000000000 ) );
#6905 = SURFACE_STYLE_FILL_AREA( #8211 );
#6906 = ORIENTED_EDGE( '', *, *, #7486, .F. );
#6907 = ORIENTED_EDGE( '', *, *, #7438, .T. );
#6908 = ORIENTED_EDGE( '', *, *, #7270, .T. );
#6909 = ORIENTED_EDGE( '', *, *, #7694, .F. );
#6910 = ORIENTED_EDGE( '', *, *, #8124, .F. );
#6911 = ORIENTED_EDGE( '', *, *, #7666, .F. );
#6912 = CARTESIAN_POINT( '', ( 0.000625000000000000, -0.00267500000000000, -0.00127500000000000 ) );
#6913 = DIRECTION( '', ( -1.00000000000000, -0.00000000000000, 0.00000000000000 ) );
#6914 = DIRECTION( '', ( 0.00000000000000, 0.00000000000000, 1.00000000000000 ) );
#6915 = SURFACE_STYLE_FILL_AREA( #8212 );
#6916 = ORIENTED_EDGE( '', *, *, #7481, .F. );
#6917 = ORIENTED_EDGE( '', *, *, #7780, .T. );
#6918 = ORIENTED_EDGE( '', *, *, #7769, .T. );
#6919 = ORIENTED_EDGE( '', *, *, #8045, .F. );
#6920 = ORIENTED_EDGE( '', *, *, #7295, .F. );
#6921 = ORIENTED_EDGE( '', *, *, #7755, .F. );
#6922 = CARTESIAN_POINT( '', ( -0.00187500000000000, -0.00267500000000000, -0.00127500000000000 ) );
#6923 = DIRECTION( '', ( -1.00000000000000, -0.00000000000000, 0.00000000000000 ) );
#6924 = DIRECTION( '', ( 0.00000000000000, 0.00000000000000, 1.00000000000000 ) );
#6925 = SURFACE_STYLE_FILL_AREA( #8213 );
#6926 = ORIENTED_EDGE( '', *, *, #7958, .T. );
#6927 = ORIENTED_EDGE( '', *, *, #7938, .F. );
#6928 = ORIENTED_EDGE( '', *, *, #8003, .F. );
#6929 = ORIENTED_EDGE( '', *, *, #8187, .T. );
#6930 = CARTESIAN_POINT( '', ( -0.00320000000000000, -0.000475000000000000, -0.00120000000000000 ) );
#6931 = DIRECTION( '', ( 1.00000000000000, 0.00000000000000, 0.00000000000000 ) );
#6932 = DIRECTION( '', ( 0.00000000000000, 1.00000000000000, 0.00000000000000 ) );
#6933 = SURFACE_STYLE_FILL_AREA( #8214 );
#6934 = ORIENTED_EDGE( '', *, *, #8208, .T. );
#6935 = ORIENTED_EDGE( '', *, *, #8050, .F. );
#6936 = ORIENTED_EDGE( '', *, *, #7597, .F. );
#6937 = ORIENTED_EDGE( '', *, *, #7324, .T. );
#6938 = SURFACE_STYLE_FILL_AREA( #8215 );
#6939 = ORIENTED_EDGE( '', *, *, #7264, .F. );
#6940 = ORIENTED_EDGE( '', *, *, #7491, .T. );
#6941 = ORIENTED_EDGE( '', *, *, #8083, .T. );
#6942 = CARTESIAN_POINT( '', ( 0.00203500000000000, -0.00100000000000000, -0.000475000000000000 ) );
#6943 = DIRECTION( '', ( 1.00000000000000, 0.00000000000000, 0.00000000000000 ) );
#6944 = DIRECTION( '', ( 0.00000000000000, 1.00000000000000, 0.00000000000000 ) );
#6945 = SURFACE_STYLE_FILL_AREA( #8216 );
#6946 = ORIENTED_EDGE( '', *, *, #8080, .F. );
#6947 = ORIENTED_EDGE( '', *, *, #7822, .T. );
#6948 = ORIENTED_EDGE( '', *, *, #7403, .T. );
#6949 = ORIENTED_EDGE( '', *, *, #7727, .T. );
#6950 = CARTESIAN_POINT( '', ( 0.00187500000000000, -0.00100000000000000, -0.000175000000000000 ) );
#6951 = DIRECTION( '', ( 0.00000000000000, 0.00000000000000, 1.00000000000000 ) );
#6952 = DIRECTION( '', ( 1.00000000000000, 0.00000000000000, 0.00000000000000 ) );
#6953 = SURFACE_STYLE_FILL_AREA( #8217 );
#6954 = ORIENTED_EDGE( '', *, *, #7906, .T. );
#6955 = ORIENTED_EDGE( '', *, *, #8218, .T. );
#6956 = ORIENTED_EDGE( '', *, *, #8162, .F. );
#6957 = ORIENTED_EDGE( '', *, *, #7396, .F. );
#6958 = ORIENTED_EDGE( '', *, *, #7318, .F. );
#6959 = ORIENTED_EDGE( '', *, *, #7205, .F. );
#6960 = CARTESIAN_POINT( '', ( 0.00421500000000000, -0.00100000000000000, -0.000475000000000000 ) );
#6961 = DIRECTION( '', ( 1.00000000000000, 0.00000000000000, 0.00000000000000 ) );
#6962 = DIRECTION( '', ( 0.00000000000000, 1.00000000000000, 0.00000000000000 ) );
#6963 = SURFACE_STYLE_FILL_AREA( #8219 );
#6964 = ORIENTED_EDGE( '', *, *, #7570, .F. );
#6965 = ORIENTED_EDGE( '', *, *, #8029, .F. );
#6966 = ORIENTED_EDGE( '', *, *, #7899, .T. );
#6967 = ORIENTED_EDGE( '', *, *, #7973, .F. );
#6968 = CARTESIAN_POINT( '', ( -0.00460000000000000, -0.00372500000000000, -0.00160000000000000 ) );
#6969 = DIRECTION( '', ( -0.982872186934319, 0.184288535050203, 0.00000000000000 ) );
#6970 = DIRECTION( '', ( 0.00000000000000, 0.00000000000000, 1.00000000000000 ) );
#6971 = SURFACE_STYLE_FILL_AREA( #8220 );
#6972 = ORIENTED_EDGE( '', *, *, #7508, .T. );
#6973 = ORIENTED_EDGE( '', *, *, #7983, .F. );
#6974 = ORIENTED_EDGE( '', *, *, #7444, .F. );
#6975 = ORIENTED_EDGE( '', *, *, #7687, .F. );
#6976 = CARTESIAN_POINT( '', ( 0.00282500000000000, -0.00292500000000000, 0.00160000000000000 ) );
#6977 = DIRECTION( '', ( -1.00000000000000, 0.00000000000000, 0.00000000000000 ) );
#6978 = DIRECTION( '', ( 0.00000000000000, 0.00000000000000, 1.00000000000000 ) );
#6979 = SURFACE_STYLE_FILL_AREA( #8221 );
#6980 = ORIENTED_EDGE( '', *, *, #8161, .T. );
#6981 = ORIENTED_EDGE( '', *, *, #7838, .F. );
#6982 = ORIENTED_EDGE( '', *, *, #8222, .F. );
#6983 = ORIENTED_EDGE( '', *, *, #7397, .T. );
#6984 = SURFACE_STYLE_FILL_AREA( #8223 );
#6985 = ORIENTED_EDGE( '', *, *, #8102, .T. );
#6986 = ORIENTED_EDGE( '', *, *, #7620, .F. );
#6987 = ORIENTED_EDGE( '', *, *, #7579, .F. );
#6988 = ORIENTED_EDGE( '', *, *, #7683, .T. );
#6989 = CARTESIAN_POINT( '', ( -0.000325000000000000, -0.00292500000000000, 0.00160000000000000 ) );
#6990 = DIRECTION( '', ( -0.00000000000000, 1.00000000000000, 0.00000000000000 ) );
#6991 = DIRECTION( '', ( 1.00000000000000, 0.00000000000000, 0.00000000000000 ) );
#6992 = SURFACE_STYLE_FILL_AREA( #8224 );
#6993 = ORIENTED_EDGE( '', *, *, #8106, .F. );
#6994 = ORIENTED_EDGE( '', *, *, #7997, .F. );
#6995 = ORIENTED_EDGE( '', *, *, #8150, .T. );
#6996 = ORIENTED_EDGE( '', *, *, #8092, .T. );
#6997 = CARTESIAN_POINT( '', ( 0.00557500000000000, 0.000975000000000000, 0.00120000000000000 ) );
#6998 = DIRECTION( '', ( -0.707106781186548, 0.707106781186548, 0.00000000000000 ) );
#6999 = DIRECTION( '', ( 0.00000000000000, 0.00000000000000, 1.00000000000000 ) );
#7000 = SURFACE_STYLE_FILL_AREA( #8225 );
#7001 = ORIENTED_EDGE( '', *, *, #8010, .T. );
#7002 = ORIENTED_EDGE( '', *, *, #7892, .F. );
#7003 = ORIENTED_EDGE( '', *, *, #8008, .F. );
#7004 = ORIENTED_EDGE( '', *, *, #7702, .T. );
#7005 = SURFACE_STYLE_FILL_AREA( #8226 );
#7006 = ORIENTED_EDGE( '', *, *, #7259, .F. );
#7007 = ORIENTED_EDGE( '', *, *, #7638, .F. );
#7008 = ORIENTED_EDGE( '', *, *, #7912, .T. );
#7009 = ORIENTED_EDGE( '', *, *, #7454, .T. );
#7010 = CARTESIAN_POINT( '', ( 0.00517500000000000, -0.00382500000000000, -0.00190000000000000 ) );
#7011 = DIRECTION( '', ( -0.00000000000000, 1.00000000000000, 0.00000000000000 ) );
#7012 = DIRECTION( '', ( 1.00000000000000, 0.00000000000000, 0.00000000000000 ) );
#7013 = SURFACE_STYLE_FILL_AREA( #8227 );
#7014 = ORIENTED_EDGE( '', *, *, #8222, .T. );
#7015 = ORIENTED_EDGE( '', *, *, #7837, .F. );
#7016 = ORIENTED_EDGE( '', *, *, #7975, .F. );
#7017 = ORIENTED_EDGE( '', *, *, #7373, .T. );
#7018 = SURFACE_STYLE_FILL_AREA( #8228 );
#7019 = ORIENTED_EDGE( '', *, *, #7576, .T. );
#7020 = ORIENTED_EDGE( '', *, *, #7227, .F. );
#7021 = ORIENTED_EDGE( '', *, *, #8229, .F. );
#7022 = ORIENTED_EDGE( '', *, *, #7680, .T. );
#7023 = CARTESIAN_POINT( '', ( -0.00157500000000000, -0.00292500000000000, 0.00160000000000000 ) );
#7024 = DIRECTION( '', ( -0.00000000000000, 1.00000000000000, 0.00000000000000 ) );
#7025 = DIRECTION( '', ( 1.00000000000000, 0.00000000000000, 0.00000000000000 ) );
#7026 = SURFACE_STYLE_FILL_AREA( #8230 );
#7027 = ORIENTED_EDGE( '', *, *, #8198, .F. );
#7028 = ORIENTED_EDGE( '', *, *, #7253, .T. );
#7029 = ORIENTED_EDGE( '', *, *, #7786, .T. );
#7030 = ORIENTED_EDGE( '', *, *, #7720, .F. );
#7031 = CARTESIAN_POINT( '', ( 0.00453500000000000, -0.00100000000000000, -0.000475000000000000 ) );
#7032 = DIRECTION( '', ( 1.00000000000000, 0.00000000000000, 0.00000000000000 ) );
#7033 = DIRECTION( '', ( 0.00000000000000, 1.00000000000000, 0.00000000000000 ) );
#7034 = SURFACE_STYLE_FILL_AREA( #8231 );
#7035 = ORIENTED_EDGE( '', *, *, #7329, .T. );
#7036 = ORIENTED_EDGE( '', *, *, #8190, .F. );
#7037 = ORIENTED_EDGE( '', *, *, #7561, .F. );
#7038 = ORIENTED_EDGE( '', *, *, #8179, .T. );
#7039 = SURFACE_STYLE_FILL_AREA( #8232 );
#7040 = ORIENTED_EDGE( '', *, *, #7383, .T. );
#7041 = ORIENTED_EDGE( '', *, *, #7999, .F. );
#7042 = ORIENTED_EDGE( '', *, *, #8105, .T. );
#7043 = ORIENTED_EDGE( '', *, *, #8042, .T. );
#7044 = ORIENTED_EDGE( '', *, *, #7608, .F. );
#7045 = ORIENTED_EDGE( '', *, *, #7668, .F. );
#7046 = CARTESIAN_POINT( '', ( 0.00492500000000000, -2.50000000000000E-05, 0.00160000000000000 ) );
#7047 = DIRECTION( '', ( 0.00000000000000, -1.00000000000000, 0.00000000000000 ) );
#7048 = DIRECTION( '', ( 0.00000000000000, 0.00000000000000, -1.00000000000000 ) );
#7049 = SURFACE_STYLE_FILL_AREA( #8233 );
#7050 = ORIENTED_EDGE( '', *, *, #8057, .F. );
#7051 = ORIENTED_EDGE( '', *, *, #7925, .T. );
#7052 = ORIENTED_EDGE( '', *, *, #8135, .T. );
#7053 = ORIENTED_EDGE( '', *, *, #7949, .F. );
#7054 = CARTESIAN_POINT( '', ( 0.00517500000000000, -0.00382500000000000, -0.00190000000000000 ) );
#7055 = DIRECTION( '', ( -0.00000000000000, 1.00000000000000, 0.00000000000000 ) );
#7056 = DIRECTION( '', ( 1.00000000000000, 0.00000000000000, 0.00000000000000 ) );
#7057 = SURFACE_STYLE_FILL_AREA( #8234 );
#7058 = ORIENTED_EDGE( '', *, *, #7870, .T. );
#7059 = ORIENTED_EDGE( '', *, *, #8203, .F. );
#7060 = ORIENTED_EDGE( '', *, *, #7236, .F. );
#7061 = ORIENTED_EDGE( '', *, *, #8122, .T. );
#7062 = SURFACE_STYLE_FILL_AREA( #8235 );
#7063 = ORIENTED_EDGE( '', *, *, #8015, .T. );
#7064 = ORIENTED_EDGE( '', *, *, #8017, .T. );
#7065 = ORIENTED_EDGE( '', *, *, #7944, .T. );
#7066 = ORIENTED_EDGE( '', *, *, #7176, .T. );
#7067 = ORIENTED_EDGE( '', *, *, #7840, .T. );
#7068 = ORIENTED_EDGE( '', *, *, #7781, .F. );
#7069 = ORIENTED_EDGE( '', *, *, #7479, .T. );
#7070 = ORIENTED_EDGE( '', *, *, #8086, .T. );
#7071 = CARTESIAN_POINT( '', ( 0.00517500000000000, -0.00382500000000000, -0.000600000000000000 ) );
#7072 = DIRECTION( '', ( 0.00000000000000, 0.00000000000000, -1.00000000000000 ) );
#7073 = DIRECTION( '', ( 0.00000000000000, -1.00000000000000, 0.00000000000000 ) );
#7074 = SURFACE_STYLE_FILL_AREA( #8236 );
#7075 = ORIENTED_EDGE( '', *, *, #8097, .T. );
#7076 = ORIENTED_EDGE( '', *, *, #7338, .F. );
#7077 = ORIENTED_EDGE( '', *, *, #7380, .F. );
#7078 = ORIENTED_EDGE( '', *, *, #8132, .F. );
#7079 = CARTESIAN_POINT( '', ( 0.00000000000000, -0.00452500000000000, 0.00000000000000 ) );
#7080 = DIRECTION( '', ( -0.00000000000000, 1.00000000000000, 0.00000000000000 ) );
#7081 = DIRECTION( '', ( 1.00000000000000, 0.00000000000000, 0.00000000000000 ) );
#7082 = SURFACE_STYLE_FILL_AREA( #8237 );
#7083 = ORIENTED_EDGE( '', *, *, #7907, .T. );
#7084 = ORIENTED_EDGE( '', *, *, #7758, .T. );
#7085 = ORIENTED_EDGE( '', *, *, #8174, .F. );
#7086 = ORIENTED_EDGE( '', *, *, #8238, .F. );
#7087 = CARTESIAN_POINT( '', ( 0.00517500000000000, -0.00382500000000000, -0.00190000000000000 ) );
#7088 = DIRECTION( '', ( -0.00000000000000, 1.00000000000000, 0.00000000000000 ) );
#7089 = DIRECTION( '', ( 1.00000000000000, 0.00000000000000, 0.00000000000000 ) );
#7090 = SURFACE_STYLE_FILL_AREA( #8239 );
#7091 = ORIENTED_EDGE( '', *, *, #8088, .F. );
#7092 = ORIENTED_EDGE( '', *, *, #7908, .T. );
#7093 = ORIENTED_EDGE( '', *, *, #8238, .T. );
#7094 = ORIENTED_EDGE( '', *, *, #8173, .F. );
#7095 = CARTESIAN_POINT( '', ( 0.00335000000000000, -0.00372500000000000, -0.00160000000000000 ) );
#7096 = DIRECTION( '', ( 0.707106781186548, 0.707106781186548, 0.00000000000000 ) );
#7097 = DIRECTION( '', ( 0.00000000000000, 0.00000000000000, -1.00000000000000 ) );
#7098 = SURFACE_STYLE_FILL_AREA( #8240 );
#7099 = ORIENTED_EDGE( '', *, *, #7451, .T. );
#7100 = ORIENTED_EDGE( '', *, *, #7554, .F. );
#7101 = ORIENTED_EDGE( '', *, *, #8241, .F. );
#7102 = ORIENTED_EDGE( '', *, *, #8205, .T. );
#7103 = SURFACE_STYLE_FILL_AREA( #8242 );
#7104 = ORIENTED_EDGE( '', *, *, #8229, .T. );
#7105 = ORIENTED_EDGE( '', *, *, #7226, .F. );
#7106 = ORIENTED_EDGE( '', *, *, #7521, .F. );
#7107 = ORIENTED_EDGE( '', *, *, #7681, .T. );
#7108 = CARTESIAN_POINT( '', ( -0.00157500000000000, -0.00322500000000000, 0.00160000000000000 ) );
#7109 = DIRECTION( '', ( 1.00000000000000, 0.00000000000000, 0.00000000000000 ) );
#7110 = DIRECTION( '', ( 0.00000000000000, 1.00000000000000, 0.00000000000000 ) );
#7111 = SURFACE_STYLE_FILL_AREA( #8243 );
#7112 = ORIENTED_EDGE( '', *, *, #8039, .F. );
#7113 = ORIENTED_EDGE( '', *, *, #7919, .T. );
#7114 = ORIENTED_EDGE( '', *, *, #7393, .T. );
#7115 = ORIENTED_EDGE( '', *, *, #8110, .F. );
#7116 = CARTESIAN_POINT( '', ( 0.000300000000000000, -0.00382500000000000, -0.00160000000000000 ) );
#7117 = DIRECTION( '', ( -0.707106781186598, 0.707106781186498, 0.00000000000000 ) );
#7118 = DIRECTION( '', ( 0.00000000000000, 0.00000000000000, 1.00000000000000 ) );
#7119 = SURFACE_STYLE_FILL_AREA( #8244 );
#7120 = ORIENTED_EDGE( '', *, *, #7599, .T. );
#7121 = ORIENTED_EDGE( '', *, *, #7816, .F. );
#7122 = ORIENTED_EDGE( '', *, *, #8207, .F. );
#7123 = ORIENTED_EDGE( '', *, *, #7326, .T. );
#7124 = SURFACE_STYLE_FILL_AREA( #8245 );
#7125 = ORIENTED_EDGE( '', *, *, #7170, .T. );
#7126 = ORIENTED_EDGE( '', *, *, #7219, .F. );
#7127 = ORIENTED_EDGE( '', *, *, #8164, .F. );
#7128 = ORIENTED_EDGE( '', *, *, #7222, .T. );
#7129 = SURFACE_STYLE_FILL_AREA( #8246 );
#7130 = ORIENTED_EDGE( '', *, *, #8241, .T. );
#7131 = ORIENTED_EDGE( '', *, *, #7553, .F. );
#7132 = ORIENTED_EDGE( '', *, *, #7981, .F. );
#7133 = ORIENTED_EDGE( '', *, *, #8113, .T. );
#7134 = SURFACE_STYLE_FILL_AREA( #8247 );
#7135 = ORIENTED_EDGE( '', *, *, #8048, .T. );
#7136 = ORIENTED_EDGE( '', *, *, #7189, .F. );
#7137 = ORIENTED_EDGE( '', *, *, #7463, .F. );
#7138 = ORIENTED_EDGE( '', *, *, #7676, .T. );
#7139 = CARTESIAN_POINT( '', ( -0.00407500000000000, -0.00292500000000000, 0.00160000000000000 ) );
#7140 = DIRECTION( '', ( -0.00000000000000, 1.00000000000000, 0.00000000000000 ) );
#7141 = DIRECTION( '', ( 1.00000000000000, 0.00000000000000, 0.00000000000000 ) );
#7142 = SURFACE_STYLE_FILL_AREA( #8248 );
#7143 = ORIENTED_EDGE( '', *, *, #7374, .T. );
#7144 = ORIENTED_EDGE( '', *, *, #7977, .F. );
#7145 = ORIENTED_EDGE( '', *, *, #8218, .F. );
#7146 = ORIENTED_EDGE( '', *, *, #7905, .T. );
#7147 = CARTESIAN_POINT( '', ( 0.00437500000000000, -0.00330000000000000, -0.00248750000000000 ) );
#7148 = DIRECTION( '', ( -0.00000000000000, 1.00000000000000, 0.00000000000000 ) );
#7149 = DIRECTION( '', ( 1.00000000000000, 0.00000000000000, 0.00000000000000 ) );
#7150 = SURFACE_STYLE_FILL_AREA( #8249 );
#7151 = ORIENTED_EDGE( '', *, *, #7917, .T. );
#7152 = ORIENTED_EDGE( '', *, *, #7847, .T. );
#7153 = ORIENTED_EDGE( '', *, *, #7829, .F. );
#7154 = ORIENTED_EDGE( '', *, *, #8125, .F. );
#7155 = CARTESIAN_POINT( '', ( 0.000775000000000000, -0.00332500000000000, -0.00160000000000000 ) );
#7156 = DIRECTION( '', ( 0.982872186934319, 0.184288535050203, 0.00000000000000 ) );
#7157 = DIRECTION( '', ( 0.00000000000000, 0.00000000000000, -1.00000000000000 ) );
#7158 = FILL_AREA_STYLE( '', ( #8250 ) );
#7159 = EDGE_CURVE( '', #8251, #8252, #8253, .T. );
#7160 = EDGE_CURVE( '', #8252, #8254, #8255, .T. );
#7161 = EDGE_CURVE( '', #8254, #8256, #8257, .T. );
#7162 = EDGE_CURVE( '', #8258, #8256, #8259, .T. );
#7163 = EDGE_CURVE( '', #8258, #8260, #8261, .T. );
#7164 = EDGE_CURVE( '', #8262, #8260, #8263, .T. );
#7165 = EDGE_CURVE( '', #8264, #8262, #8265, .T. );
#7166 = EDGE_CURVE( '', #8264, #8251, #8266, .T. );
#7167 = FILL_AREA_STYLE( '', ( #8267 ) );
#7168 = EDGE_CURVE( '', #8268, #8269, #8270, .T. );
#7169 = EDGE_CURVE( '', #8271, #8269, #8272, .T. );
#7170 = EDGE_CURVE( '', #8273, #8271, #8274, .T. );
#7171 = EDGE_CURVE( '', #8273, #8268, #8275, .T. );
#7172 = FILL_AREA_STYLE( '', ( #8276 ) );
#7173 = EDGE_CURVE( '', #8277, #8278, #8279, .T. );
#7174 = EDGE_CURVE( '', #8277, #8280, #8281, .T. );
#7175 = EDGE_CURVE( '', #8280, #8282, #8283, .T. );
#7176 = EDGE_CURVE( '', #8278, #8282, #8284, .T. );
#7177 = FILL_AREA_STYLE( '', ( #8285 ) );
#7178 = EDGE_CURVE( '', #8286, #8287, #8288, .T. );
#7179 = EDGE_CURVE( '', #8289, #8287, #8290, .T. );
#7180 = EDGE_CURVE( '', #8291, #8289, #8292, .T. );
#7181 = EDGE_CURVE( '', #8291, #8286, #8293, .T. );
#7182 = FILL_AREA_STYLE( '', ( #8294 ) );
#7183 = EDGE_CURVE( '', #8295, #8296, #8297, .T. );
#7184 = EDGE_CURVE( '', #8298, #8296, #8299, .T. );
#7185 = EDGE_CURVE( '', #8300, #8298, #8301, .T. );
#7186 = EDGE_CURVE( '', #8300, #8295, #8302, .T. );
#7187 = FILL_AREA_STYLE( '', ( #8303 ) );
#7188 = EDGE_CURVE( '', #8304, #8305, #8306, .T. );
#7189 = EDGE_CURVE( '', #8305, #8307, #8308, .T. );
#7190 = EDGE_CURVE( '', #8307, #8309, #8310, .T. );
#7191 = EDGE_CURVE( '', #8309, #8304, #8311, .T. );
#7192 = FILL_AREA_STYLE( '', ( #8312 ) );
#7193 = EDGE_CURVE( '', #8313, #8314, #8315, .T. );
#7194 = EDGE_CURVE( '', #8314, #8316, #8317, .T. );
#7195 = EDGE_CURVE( '', #8316, #8318, #8319, .T. );
#7196 = EDGE_CURVE( '', #8318, #8313, #8320, .T. );
#7197 = FILL_AREA_STYLE( '', ( #8321 ) );
#7198 = EDGE_CURVE( '', #8322, #8316, #8323, .T. );
#7199 = EDGE_CURVE( '', #8324, #8314, #8325, .T. );
#7200 = EDGE_CURVE( '', #8324, #8322, #8326, .T. );
#7201 = FILL_AREA_STYLE( '', ( #8327 ) );
#7202 = EDGE_CURVE( '', #8328, #8329, #8330, .T. );
#7203 = EDGE_CURVE( '', #8331, #8328, #8332, .T. );
#7204 = EDGE_CURVE( '', #8331, #8333, #8334, .T. );
#7205 = EDGE_CURVE( '', #8333, #8329, #8335, .T. );
#7206 = FILL_AREA_STYLE( '', ( #8336 ) );
#7207 = EDGE_CURVE( '', #8337, #8338, #8339, .T. );
#7208 = EDGE_CURVE( '', #8338, #8340, #8341, .T. );
#7209 = EDGE_CURVE( '', #8340, #8342, #8343, .T. );
#7210 = EDGE_CURVE( '', #8342, #8337, #8344, .T. );
#7211 = FILL_AREA_STYLE( '', ( #8345 ) );
#7212 = EDGE_CURVE( '', #8346, #8347, #8348, .T. );
#7213 = EDGE_CURVE( '', #8349, #8347, #8350, .T. );
#7214 = EDGE_CURVE( '', #8351, #8349, #8352, .T. );
#7215 = EDGE_CURVE( '', #8351, #8346, #8353, .T. );
#7216 = FILL_AREA_STYLE( '', ( #8354 ) );
#7217 = EDGE_CURVE( '', #8269, #8355, #8356, .T. );
#7218 = EDGE_CURVE( '', #8355, #8357, #8358, .T. );
#7219 = EDGE_CURVE( '', #8357, #8271, #8359, .T. );
#7220 = FILL_AREA_STYLE( '', ( #8360 ) );
#7221 = EDGE_CURVE( '', #8361, #8273, #8362, .T. );
#7222 = EDGE_CURVE( '', #8363, #8273, #8364, .T. );
#7223 = EDGE_CURVE( '', #8365, #8363, #8366, .T. );
#7224 = EDGE_CURVE( '', #8365, #8361, #8367, .T. );
#7225 = FILL_AREA_STYLE( '', ( #8368 ) );
#7226 = EDGE_CURVE( '', #8369, #8370, #8371, .T. );
#7227 = EDGE_CURVE( '', #8370, #8372, #8373, .T. );
#7228 = EDGE_CURVE( '', #8372, #8374, #8375, .T. );
#7229 = EDGE_CURVE( '', #8374, #8369, #8376, .T. );
#7230 = FILL_AREA_STYLE( '', ( #8377 ) );
#7231 = EDGE_CURVE( '', #8378, #8379, #8380, .T. );
#7232 = EDGE_CURVE( '', #8378, #8381, #8382, .T. );
#7233 = EDGE_CURVE( '', #8381, #8383, #8384, .T. );
#7234 = EDGE_CURVE( '', #8379, #8383, #8385, .T. );
#7235 = FILL_AREA_STYLE( '', ( #8386 ) );
#7236 = EDGE_CURVE( '', #8387, #8388, #8389, .T. );
#7237 = EDGE_CURVE( '', #8390, #8388, #8391, .T. );
#7238 = EDGE_CURVE( '', #8392, #8390, #8393, .T. );
#7239 = EDGE_CURVE( '', #8392, #8387, #8394, .T. );
#7240 = FILL_AREA_STYLE( '', ( #8395 ) );
#7241 = EDGE_CURVE( '', #8396, #8313, #8397, .T. );
#7242 = EDGE_CURVE( '', #8396, #8324, #8398, .T. );
#7243 = FILL_AREA_STYLE( '', ( #8399 ) );
#7244 = EDGE_CURVE( '', #8400, #8401, #8402, .T. );
#7245 = EDGE_CURVE( '', #8403, #8400, #8404, .T. );
#7246 = EDGE_CURVE( '', #8403, #8405, #8406, .T. );
#7247 = EDGE_CURVE( '', #8405, #8401, #8407, .T. );
#7248 = FILL_AREA_STYLE( '', ( #8408 ) );
#7249 = EDGE_CURVE( '', #8409, #8318, #8410, .T. );
#7250 = EDGE_CURVE( '', #8409, #8396, #8411, .T. );
#7251 = FILL_AREA_STYLE( '', ( #8412 ) );
#7252 = EDGE_CURVE( '', #8413, #8414, #8415, .T. );
#7253 = EDGE_CURVE( '', #8416, #8414, #8417, .T. );
#7254 = EDGE_CURVE( '', #8418, #8416, #8419, .T. );
#7255 = EDGE_CURVE( '', #8418, #8413, #8420, .T. );
#7256 = FILL_AREA_STYLE( '', ( #8421 ) );
#7257 = EDGE_CURVE( '', #8422, #8423, #8424, .T. );
#7258 = EDGE_CURVE( '', #8423, #8425, #8426, .T. );
#7259 = EDGE_CURVE( '', #8425, #8427, #8428, .T. );
#7260 = EDGE_CURVE( '', #8427, #8429, #8430, .T. );
#7261 = EDGE_CURVE( '', #8429, #8431, #8432, .T. );
#7262 = EDGE_CURVE( '', #8433, #8431, #8434, .T. );
#7263 = EDGE_CURVE( '', #8433, #8435, #8436, .T. );
#7264 = EDGE_CURVE( '', #8435, #8422, #8437, .T. );
#7265 = FILL_AREA_STYLE( '', ( #8438 ) );
#7266 = EDGE_CURVE( '', #8439, #8440, #8441, .T. );
#7267 = EDGE_CURVE( '', #8440, #8442, #8443, .T. );
#7268 = EDGE_CURVE( '', #8444, #8442, #8445, .T. );
#7269 = EDGE_CURVE( '', #8446, #8444, #8447, .T. );
#7270 = EDGE_CURVE( '', #8448, #8446, #8449, .T. );
#7271 = EDGE_CURVE( '', #8439, #8448, #8450, .T. );
#7272 = FILL_AREA_STYLE( '', ( #8451 ) );
#7273 = EDGE_CURVE( '', #8452, #8453, #8454, .T. );
#7274 = EDGE_CURVE( '', #8455, #8453, #8456, .T. );
#7275 = EDGE_CURVE( '', #8457, #8455, #8458, .T. );
#7276 = EDGE_CURVE( '', #8457, #8452, #8459, .T. );
#7277 = FILL_AREA_STYLE( '', ( #8460 ) );
#7278 = EDGE_CURVE( '', #8461, #8462, #8463, .T. );
#7279 = EDGE_CURVE( '', #8461, #8401, #8464, .T. );
#7280 = EDGE_CURVE( '', #8401, #8465, #8466, .T. );
#7281 = EDGE_CURVE( '', #8467, #8465, #8468, .T. );
#7282 = EDGE_CURVE( '', #8469, #8467, #8470, .T. );
#7283 = EDGE_CURVE( '', #8462, #8469, #8471, .T. );
#7284 = FILL_AREA_STYLE( '', ( #8472 ) );
#7285 = EDGE_CURVE( '', #8381, #8473, #8474, .T. );
#7286 = EDGE_CURVE( '', #8473, #8475, #8476, .T. );
#7287 = EDGE_CURVE( '', #8475, #8383, #8477, .T. );
#7288 = FILL_AREA_STYLE( '', ( #8478 ) );
#7289 = EDGE_CURVE( '', #8479, #8480, #8481, .T. );
#7290 = EDGE_CURVE( '', #8482, #8480, #8483, .T. );
#7291 = EDGE_CURVE( '', #8484, #8482, #8485, .T. );
#7292 = EDGE_CURVE( '', #8484, #8479, #8486, .T. );
#7293 = FILL_AREA_STYLE( '', ( #8487 ) );
#7294 = EDGE_CURVE( '', #8488, #8489, #8490, .T. );
#7295 = EDGE_CURVE( '', #8488, #8491, #8492, .T. );
#7296 = EDGE_CURVE( '', #8491, #8493, #8494, .T. );
#7297 = EDGE_CURVE( '', #8495, #8493, #8496, .T. );
#7298 = EDGE_CURVE( '', #8497, #8495, #8498, .T. );
#7299 = EDGE_CURVE( '', #8489, #8497, #8499, .T. );
#7300 = FILL_AREA_STYLE( '', ( #8500 ) );
#7301 = EDGE_CURVE( '', #8501, #8502, #8503, .T. );
#7302 = EDGE_CURVE( '', #8501, #8504, #8505, .T. );
#7303 = EDGE_CURVE( '', #8504, #8506, #8507, .T. );
#7304 = EDGE_CURVE( '', #8502, #8506, #8508, .T. );
#7305 = FILL_AREA_STYLE( '', ( #8509 ) );
#7306 = EDGE_CURVE( '', #8510, #8511, #8512, .T. );
#7307 = EDGE_CURVE( '', #8513, #8510, #8514, .T. );
#7308 = EDGE_CURVE( '', #8515, #8513, #8516, .T. );
#7309 = EDGE_CURVE( '', #8515, #8517, #8518, .T. );
#7310 = EDGE_CURVE( '', #8517, #8511, #8519, .T. );
#7311 = FILL_AREA_STYLE( '', ( #8520 ) );
#7312 = EDGE_CURVE( '', #8442, #8521, #8522, .T. );
#7313 = EDGE_CURVE( '', #8523, #8521, #8524, .T. );
#7314 = EDGE_CURVE( '', #8444, #8523, #8525, .T. );
#7315 = FILL_AREA_STYLE( '', ( #8526 ) );
#7316 = EDGE_CURVE( '', #8527, #8528, #8529, .T. );
#7317 = EDGE_CURVE( '', #8527, #8329, #8530, .T. );
#7318 = EDGE_CURVE( '', #8329, #8531, #8532, .T. );
#7319 = EDGE_CURVE( '', #8533, #8531, #8534, .T. );
#7320 = EDGE_CURVE( '', #8535, #8533, #8536, .T. );
#7321 = EDGE_CURVE( '', #8528, #8535, #8537, .T. );
#7322 = FILL_AREA_STYLE( '', ( #8538 ) );
#7323 = EDGE_CURVE( '', #8539, #8540, #8541, .T. );
#7324 = EDGE_CURVE( '', #8542, #8539, #8543, .T. );
#7325 = EDGE_CURVE( '', #8544, #8542, #8545, .T. );
#7326 = EDGE_CURVE( '', #8540, #8544, #8546, .T. );
#7327 = FILL_AREA_STYLE( '', ( #8547 ) );
#7328 = EDGE_CURVE( '', #8548, #8416, #8549, .T. );
#7329 = EDGE_CURVE( '', #8550, #8548, #8551, .T. );
#7330 = EDGE_CURVE( '', #8550, #8418, #8552, .T. );
#7331 = FILL_AREA_STYLE( '', ( #8553 ) );
#7332 = EDGE_CURVE( '', #8554, #8504, #8555, .T. );
#7333 = EDGE_CURVE( '', #8556, #8501, #8557, .T. );
#7334 = EDGE_CURVE( '', #8556, #8554, #8558, .T. );
#7335 = FILL_AREA_STYLE( '', ( #8559 ) );
#7336 = EDGE_CURVE( '', #8560, #8561, #8562, .T. );
#7337 = EDGE_CURVE( '', #8563, #8560, #8564, .T. );
#7338 = EDGE_CURVE( '', #8563, #8565, #8566, .T. );
#7339 = EDGE_CURVE( '', #8565, #8561, #8567, .T. );
#7340 = FILL_AREA_STYLE( '', ( #8568 ) );
#7341 = EDGE_CURVE( '', #8569, #8570, #8571, .T. );
#7342 = EDGE_CURVE( '', #8453, #8570, #8572, .T. );
#7343 = EDGE_CURVE( '', #8452, #8569, #8573, .T. );
#7344 = FILL_AREA_STYLE( '', ( #8574 ) );
#7345 = EDGE_CURVE( '', #8575, #8576, #8577, .T. );
#7346 = EDGE_CURVE( '', #8575, #8578, #8579, .T. );
#7347 = EDGE_CURVE( '', #8578, #8580, #8581, .T. );
#7348 = EDGE_CURVE( '', #8580, #8582, #8583, .T. );
#7349 = EDGE_CURVE( '', #8582, #8584, #8585, .T. );
#7350 = EDGE_CURVE( '', #8584, #8586, #8587, .T. );
#7351 = EDGE_CURVE( '', #8586, #8588, #8589, .T. );
#7352 = EDGE_CURVE( '', #8576, #8588, #8590, .T. );
#7353 = FILL_AREA_STYLE( '', ( #8591 ) );
#7354 = EDGE_CURVE( '', #8489, #8592, #8593, .T. );
#7355 = EDGE_CURVE( '', #8592, #8594, #8595, .T. );
#7356 = EDGE_CURVE( '', #8488, #8594, #8596, .T. );
#7357 = FILL_AREA_STYLE( '', ( #8597 ) );
#7358 = EDGE_CURVE( '', #8598, #8599, #8600, .T. );
#7359 = EDGE_CURVE( '', #8601, #8599, #8602, .T. );
#7360 = EDGE_CURVE( '', #8603, #8601, #8604, .T. );
#7361 = EDGE_CURVE( '', #8603, #8598, #8605, .T. );
#7362 = FILL_AREA_STYLE( '', ( #8606 ) );
#7363 = EDGE_CURVE( '', #8607, #8608, #8609, .T. );
#7364 = EDGE_CURVE( '', #8608, #8610, #8611, .T. );
#7365 = EDGE_CURVE( '', #8610, #8612, #8613, .T. );
#7366 = EDGE_CURVE( '', #8607, #8612, #8614, .T. );
#7367 = FILL_AREA_STYLE( '', ( #8615 ) );
#7368 = EDGE_CURVE( '', #8521, #8616, #8617, .T. );
#7369 = EDGE_CURVE( '', #8616, #8618, #8619, .T. );
#7370 = EDGE_CURVE( '', #8618, #8523, #8620, .T. );
#7371 = FILL_AREA_STYLE( '', ( #8621 ) );
#7372 = EDGE_CURVE( '', #8533, #8622, #8623, .T. );
#7373 = EDGE_CURVE( '', #8624, #8622, #8625, .T. );
#7374 = EDGE_CURVE( '', #8626, #8624, #8627, .T. );
#7375 = EDGE_CURVE( '', #8628, #8626, #8629, .T. );
#7376 = EDGE_CURVE( '', #8628, #8535, #8630, .T. );
#7377 = FILL_AREA_STYLE( '', ( #8631 ) );
#7378 = EDGE_CURVE( '', #8342, #8632, #8633, .T. );
#7379 = EDGE_CURVE( '', #8634, #8632, #8635, .T. );
#7380 = EDGE_CURVE( '', #8634, #8563, #8636, .T. );
#7381 = EDGE_CURVE( '', #8637, #8560, #8638, .T. );
#7382 = EDGE_CURVE( '', #8637, #8639, #8640, .T. );
#7383 = EDGE_CURVE( '', #8641, #8639, #8642, .T. );
#7384 = EDGE_CURVE( '', #8643, #8641, #8644, .T. );
#7385 = EDGE_CURVE( '', #8643, #8337, #8645, .T. );
#7386 = FILL_AREA_STYLE( '', ( #8646 ) );
#7387 = EDGE_CURVE( '', #8647, #8648, #8649, .T. );
#7388 = EDGE_CURVE( '', #8650, #8647, #8651, .T. );
#7389 = EDGE_CURVE( '', #8652, #8650, #8653, .T. );
#7390 = EDGE_CURVE( '', #8648, #8652, #8654, .T. );
#7391 = FILL_AREA_STYLE( '', ( #8655 ) );
#7392 = EDGE_CURVE( '', #8656, #8448, #8657, .T. );
#7393 = EDGE_CURVE( '', #8658, #8656, #8659, .T. );
#7394 = EDGE_CURVE( '', #8658, #8439, #8660, .T. );
#7395 = FILL_AREA_STYLE( '', ( #8661 ) );
#7396 = EDGE_CURVE( '', #8531, #8662, #8663, .T. );
#7397 = EDGE_CURVE( '', #8622, #8662, #8664, .T. );
#7398 = FILL_AREA_STYLE( '', ( #8665 ) );
#7399 = EDGE_CURVE( '', #8666, #8667, #8668, .T. );
#7400 = EDGE_CURVE( '', #8575, #8666, #8669, .T. );
#7401 = EDGE_CURVE( '', #8667, #8576, #8670, .T. );
#7402 = FILL_AREA_STYLE( '', ( #8671 ) );
#7403 = EDGE_CURVE( '', #8390, #8672, #8673, .T. );
#7404 = EDGE_CURVE( '', #8388, #8674, #8675, .T. );
#7405 = EDGE_CURVE( '', #8674, #8672, #8676, .T. );
#7406 = FILL_AREA_STYLE( '', ( #8677 ) );
#7407 = EDGE_CURVE( '', #8678, #8679, #8680, .T. );
#7408 = EDGE_CURVE( '', #8480, #8679, #8681, .T. );
#7409 = EDGE_CURVE( '', #8678, #8479, #8682, .T. );
#7410 = FILL_AREA_STYLE( '', ( #8683 ) );
#7411 = EDGE_CURVE( '', #8495, #8684, #8685, .T. );
#7412 = EDGE_CURVE( '', #8599, #8684, #8686, .T. );
#7413 = EDGE_CURVE( '', #8598, #8495, #8687, .T. );
#7414 = FILL_AREA_STYLE( '', ( #8688 ) );
#7415 = EDGE_CURVE( '', #8689, #8461, #8690, .T. );
#7416 = EDGE_CURVE( '', #8689, #8401, #8691, .T. );
#7417 = FILL_AREA_STYLE( '', ( #8692 ) );
#7418 = EDGE_CURVE( '', #8693, #8694, #8695, .T. );
#7419 = EDGE_CURVE( '', #8693, #8696, #8697, .T. );
#7420 = EDGE_CURVE( '', #8696, #8698, #8699, .T. );
#7421 = EDGE_CURVE( '', #8694, #8698, #8700, .T. );
#7422 = FILL_AREA_STYLE( '', ( #8701 ) );
#7423 = EDGE_CURVE( '', #8702, #8703, #8704, .T. );
#7424 = EDGE_CURVE( '', #8705, #8703, #8706, .T. );
#7425 = EDGE_CURVE( '', #8707, #8705, #8708, .T. );
#7426 = EDGE_CURVE( '', #8707, #8702, #8709, .T. );
#7427 = FILL_AREA_STYLE( '', ( #8710 ) );
#7428 = EDGE_CURVE( '', #8666, #8711, #8712, .T. );
#7429 = EDGE_CURVE( '', #8578, #8711, #8713, .T. );
#7430 = FILL_AREA_STYLE( '', ( #8714 ) );
#7431 = EDGE_CURVE( '', #8715, #8716, #8717, .T. );
#7432 = EDGE_CURVE( '', #8715, #8718, #8719, .T. );
#7433 = EDGE_CURVE( '', #8718, #8720, #8721, .T. );
#7434 = EDGE_CURVE( '', #8716, #8720, #8722, .T. );
#7435 = FILL_AREA_STYLE( '', ( #8723 ) );
#7436 = EDGE_CURVE( '', #8724, #8725, #8726, .T. );
#7437 = EDGE_CURVE( '', #8724, #8448, #8727, .T. );
#7438 = EDGE_CURVE( '', #8725, #8448, #8728, .T. );
#7439 = FILL_AREA_STYLE( '', ( #8729 ) );
#7440 = EDGE_CURVE( '', #8730, #8601, #8731, .T. );
#7441 = EDGE_CURVE( '', #8493, #8730, #8732, .T. );
#7442 = EDGE_CURVE( '', #8493, #8603, #8733, .T. );
#7443 = FILL_AREA_STYLE( '', ( #8734 ) );
#7444 = EDGE_CURVE( '', #8735, #8736, #8737, .T. );
#7445 = EDGE_CURVE( '', #8738, #8736, #8739, .T. );
#7446 = EDGE_CURVE( '', #8740, #8738, #8741, .T. );
#7447 = EDGE_CURVE( '', #8740, #8735, #8742, .T. );
#7448 = FILL_AREA_STYLE( '', ( #8743 ) );
#7449 = EDGE_CURVE( '', #8744, #8745, #8746, .T. );
#7450 = EDGE_CURVE( '', #8747, #8745, #8748, .T. );
#7451 = EDGE_CURVE( '', #8749, #8747, #8750, .T. );
#7452 = EDGE_CURVE( '', #8749, #8744, #8751, .T. );
#7453 = FILL_AREA_STYLE( '', ( #8752 ) );
#7454 = EDGE_CURVE( '', #8753, #8427, #8754, .T. );
#7455 = EDGE_CURVE( '', #8753, #8755, #8756, .T. );
#7456 = EDGE_CURVE( '', #8755, #8429, #8757, .T. );
#7457 = FILL_AREA_STYLE( '', ( #8758 ) );
#7458 = EDGE_CURVE( '', #8759, #8760, #8761, .T. );
#7459 = EDGE_CURVE( '', #8759, #8762, #8763, .T. );
#7460 = EDGE_CURVE( '', #8762, #8764, #8765, .T. );
#7461 = EDGE_CURVE( '', #8760, #8764, #8766, .T. );
#7462 = FILL_AREA_STYLE( '', ( #8767 ) );
#7463 = EDGE_CURVE( '', #8768, #8305, #8769, .T. );
#7464 = EDGE_CURVE( '', #8770, #8304, #8771, .T. );
#7465 = EDGE_CURVE( '', #8770, #8768, #8772, .T. );
#7466 = FILL_AREA_STYLE( '', ( #8773 ) );
#7467 = EDGE_CURVE( '', #8433, #8774, #8775, .T. );
#7468 = EDGE_CURVE( '', #8774, #8431, #8776, .T. );
#7469 = FILL_AREA_STYLE( '', ( #8777 ) );
#7470 = EDGE_CURVE( '', #8588, #8778, #8779, .T. );
#7471 = EDGE_CURVE( '', #8780, #8586, #8781, .T. );
#7472 = EDGE_CURVE( '', #8780, #8782, #8783, .T. );
#7473 = EDGE_CURVE( '', #8782, #8784, #8785, .T. );
#7474 = EDGE_CURVE( '', #8786, #8784, #8787, .T. );
#7475 = EDGE_CURVE( '', #8788, #8786, #8789, .T. );
#7476 = EDGE_CURVE( '', #8788, #8790, #8791, .T. );
#7477 = EDGE_CURVE( '', #8790, #8792, #8793, .T. );
#7478 = EDGE_CURVE( '', #8794, #8792, #8795, .T. );
#7479 = EDGE_CURVE( '', #8796, #8794, #8797, .T. );
#7480 = EDGE_CURVE( '', #8796, #8798, #8799, .T. );
#7481 = EDGE_CURVE( '', #8798, #8800, #8801, .T. );
#7482 = EDGE_CURVE( '', #8802, #8800, #8803, .T. );
#7483 = EDGE_CURVE( '', #8689, #8802, #8804, .T. );
#7484 = EDGE_CURVE( '', #8805, #8462, #8806, .T. );
#7485 = EDGE_CURVE( '', #8724, #8805, #8807, .T. );
#7486 = EDGE_CURVE( '', #8725, #8808, #8809, .T. );
#7487 = EDGE_CURVE( '', #8810, #8808, #8811, .T. );
#7488 = EDGE_CURVE( '', #8812, #8810, #8813, .T. );
#7489 = EDGE_CURVE( '', #8812, #8814, #8815, .T. );
#7490 = EDGE_CURVE( '', #8814, #8816, #8817, .T. );
#7491 = EDGE_CURVE( '', #8435, #8816, #8818, .T. );
#7492 = EDGE_CURVE( '', #8774, #8819, #8820, .T. );
#7493 = EDGE_CURVE( '', #8821, #8819, #8822, .T. );
#7494 = EDGE_CURVE( '', #8823, #8821, #8824, .T. );
#7495 = EDGE_CURVE( '', #8823, #8527, #8825, .T. );
#7496 = EDGE_CURVE( '', #8826, #8528, #8827, .T. );
#7497 = EDGE_CURVE( '', #8828, #8826, #8829, .T. );
#7498 = EDGE_CURVE( '', #8828, #8830, #8831, .T. );
#7499 = EDGE_CURVE( '', #8632, #8830, #8832, .T. );
#7500 = EDGE_CURVE( '', #8833, #8340, #8834, .T. );
#7501 = EDGE_CURVE( '', #8835, #8833, #8836, .T. );
#7502 = EDGE_CURVE( '', #8835, #8837, #8838, .T. );
#7503 = EDGE_CURVE( '', #8839, #8837, #8840, .T. );
#7504 = EDGE_CURVE( '', #8841, #8839, #8842, .T. );
#7505 = EDGE_CURVE( '', #8843, #8841, #8844, .T. );
#7506 = EDGE_CURVE( '', #8843, #8845, #8846, .T. );
#7507 = EDGE_CURVE( '', #8847, #8845, #8848, .T. );
#7508 = EDGE_CURVE( '', #8849, #8847, #8850, .T. );
#7509 = EDGE_CURVE( '', #8851, #8849, #8852, .T. );
#7510 = EDGE_CURVE( '', #8851, #8853, #8854, .T. );
#7511 = EDGE_CURVE( '', #8855, #8853, #8856, .T. );
#7512 = EDGE_CURVE( '', #8857, #8855, #8858, .T. );
#7513 = EDGE_CURVE( '', #8859, #8857, #8860, .T. );
#7514 = EDGE_CURVE( '', #8859, #8861, #8862, .T. );
#7515 = EDGE_CURVE( '', #8679, #8861, #8863, .T. );
#7516 = EDGE_CURVE( '', #8864, #8678, #8865, .T. );
#7517 = EDGE_CURVE( '', #8864, #8866, #8867, .T. );
#7518 = EDGE_CURVE( '', #8868, #8866, #8869, .T. );
#7519 = EDGE_CURVE( '', #8870, #8868, #8871, .T. );
#7520 = EDGE_CURVE( '', #8872, #8870, #8873, .T. );
#7521 = EDGE_CURVE( '', #8872, #8369, #8874, .T. );
#7522 = EDGE_CURVE( '', #8875, #8374, #8876, .T. );
#7523 = EDGE_CURVE( '', #8877, #8875, #8878, .T. );
#7524 = EDGE_CURVE( '', #8877, #8879, #8880, .T. );
#7525 = EDGE_CURVE( '', #8881, #8879, #8882, .T. );
#7526 = EDGE_CURVE( '', #8883, #8881, #8884, .T. );
#7527 = EDGE_CURVE( '', #8770, #8883, #8885, .T. );
#7528 = EDGE_CURVE( '', #8886, #8309, #8887, .T. );
#7529 = EDGE_CURVE( '', #8888, #8886, #8889, .T. );
#7530 = EDGE_CURVE( '', #8888, #8608, #8890, .T. );
#7531 = EDGE_CURVE( '', #8607, #8778, #8891, .T. );
#7532 = FILL_AREA_STYLE( '', ( #8892 ) );
#7533 = EDGE_CURVE( '', #8652, #8893, #8894, .T. );
#7534 = EDGE_CURVE( '', #8718, #8893, #8895, .T. );
#7535 = EDGE_CURVE( '', #8648, #8718, #8896, .T. );
#7536 = FILL_AREA_STYLE( '', ( #8897 ) );
#7537 = EDGE_CURVE( '', #8684, #8730, #8898, .T. );
#7538 = FILL_AREA_STYLE( '', ( #8899 ) );
#7539 = EDGE_CURVE( '', #8900, #8338, #8901, .T. );
#7540 = EDGE_CURVE( '', #8643, #8900, #8902, .T. );
#7541 = FILL_AREA_STYLE( '', ( #8903 ) );
#7542 = EDGE_CURVE( '', #8782, #8904, #8905, .T. );
#7543 = EDGE_CURVE( '', #8904, #8906, #8907, .T. );
#7544 = EDGE_CURVE( '', #8908, #8906, #8909, .T. );
#7545 = EDGE_CURVE( '', #8910, #8908, #8911, .T. );
#7546 = EDGE_CURVE( '', #8784, #8910, #8912, .T. );
#7547 = FILL_AREA_STYLE( '', ( #8913 ) );
#7548 = EDGE_CURVE( '', #8628, #8914, #8915, .T. );
#7549 = EDGE_CURVE( '', #8914, #8916, #8917, .T. );
#7550 = EDGE_CURVE( '', #8535, #8916, #8918, .T. );
#7551 = FILL_AREA_STYLE( '', ( #8919 ) );
#7552 = EDGE_CURVE( '', #8745, #8920, #8921, .T. );
#7553 = EDGE_CURVE( '', #8920, #8922, #8923, .T. );
#7554 = EDGE_CURVE( '', #8922, #8747, #8924, .T. );
#7555 = FILL_AREA_STYLE( '', ( #8925 ) );
#7556 = EDGE_CURVE( '', #8926, #8927, #8928, .T. );
#7557 = EDGE_CURVE( '', #8929, #8927, #8930, .T. );
#7558 = EDGE_CURVE( '', #8931, #8929, #8932, .T. );
#7559 = EDGE_CURVE( '', #8931, #8926, #8933, .T. );
#7560 = FILL_AREA_STYLE( '', ( #8934 ) );
#7561 = EDGE_CURVE( '', #8935, #8936, #8937, .T. );
#7562 = EDGE_CURVE( '', #8414, #8936, #8938, .T. );
#7563 = EDGE_CURVE( '', #8413, #8935, #8939, .T. );
#7564 = FILL_AREA_STYLE( '', ( #8940 ) );
#7565 = EDGE_CURVE( '', #8861, #8482, #8941, .T. );
#7566 = EDGE_CURVE( '', #8859, #8484, #8942, .T. );
#7567 = FILL_AREA_STYLE( '', ( #8943 ) );
#7568 = EDGE_CURVE( '', #8584, #8944, #8945, .T. );
#7569 = EDGE_CURVE( '', #8944, #8946, #8947, .T. );
#7570 = EDGE_CURVE( '', #8946, #8904, #8948, .T. );
#7571 = EDGE_CURVE( '', #8780, #8904, #8949, .T. );
#7572 = FILL_AREA_STYLE( '', ( #8950 ) );
#7573 = EDGE_CURVE( '', #8951, #8618, #8952, .T. );
#7574 = EDGE_CURVE( '', #8951, #8444, #8953, .T. );
#7575 = FILL_AREA_STYLE( '', ( #8954 ) );
#7576 = EDGE_CURVE( '', #8955, #8372, #8956, .T. );
#7577 = EDGE_CURVE( '', #8875, #8955, #8957, .T. );
#7578 = FILL_AREA_STYLE( '', ( #8958 ) );
#7579 = EDGE_CURVE( '', #8959, #8960, #8961, .T. );
#7580 = EDGE_CURVE( '', #8866, #8960, #8962, .T. );
#7581 = EDGE_CURVE( '', #8864, #8959, #8963, .T. );
#7582 = FILL_AREA_STYLE( '', ( #8964 ) );
#7583 = EDGE_CURVE( '', #8965, #8966, #8967, .T. );
#7584 = EDGE_CURVE( '', #8968, #8966, #8969, .T. );
#7585 = EDGE_CURVE( '', #8970, #8968, #8971, .T. );
#7586 = EDGE_CURVE( '', #8970, #8965, #8972, .T. );
#7587 = FILL_AREA_STYLE( '', ( #8973 ) );
#7588 = EDGE_CURVE( '', #8974, #8975, #8976, .T. );
#7589 = EDGE_CURVE( '', #8442, #8975, #8977, .T. );
#7590 = EDGE_CURVE( '', #8440, #8974, #8978, .T. );
#7591 = FILL_AREA_STYLE( '', ( #8979 ) );
#7592 = EDGE_CURVE( '', #8980, #8981, #8982, .T. );
#7593 = EDGE_CURVE( '', #8473, #8981, #8983, .T. );
#7594 = EDGE_CURVE( '', #8984, #8473, #8985, .T. );
#7595 = EDGE_CURVE( '', #8984, #8980, #8986, .T. );
#7596 = FILL_AREA_STYLE( '', ( #8987 ) );
#7597 = EDGE_CURVE( '', #8542, #8988, #8989, .T. );
#7598 = EDGE_CURVE( '', #8990, #8988, #8991, .T. );
#7599 = EDGE_CURVE( '', #8544, #8990, #8992, .T. );
#7600 = FILL_AREA_STYLE( '', ( #8993 ) );
#7601 = EDGE_CURVE( '', #8755, #8994, #8995, .T. );
#7602 = EDGE_CURVE( '', #8994, #8431, #8996, .T. );
#7603 = FILL_AREA_STYLE( '', ( #8997 ) );
#7604 = EDGE_CURVE( '', #8998, #8999, #9000, .T. );
#7605 = EDGE_CURVE( '', #8980, #8998, #9001, .T. );
#7606 = EDGE_CURVE( '', #8999, #8984, #9002, .T. );
#7607 = FILL_AREA_STYLE( '', ( #9003 ) );
#7608 = EDGE_CURVE( '', #9004, #9005, #9006, .T. );
#7609 = EDGE_CURVE( '', #8256, #9005, #9007, .T. );
#7610 = EDGE_CURVE( '', #8254, #9008, #9009, .T. );
#7611 = EDGE_CURVE( '', #9010, #9008, #9011, .T. );
#7612 = EDGE_CURVE( '', #9010, #9004, #9012, .T. );
#7613 = FILL_AREA_STYLE( '', ( #9013 ) );
#7614 = FILL_AREA_STYLE( '', ( #9014 ) );
#7615 = EDGE_CURVE( '', #9015, #9016, #9017, .T. );
#7616 = EDGE_CURVE( '', #9016, #9018, #9019, .T. );
#7617 = EDGE_CURVE( '', #9018, #9020, #9021, .T. );
#7618 = EDGE_CURVE( '', #9015, #9020, #9022, .T. );
#7619 = FILL_AREA_STYLE( '', ( #9023 ) );
#7620 = EDGE_CURVE( '', #8960, #9024, #9025, .T. );
#7621 = EDGE_CURVE( '', #9024, #8868, #9026, .T. );
#7622 = FILL_AREA_STYLE( '', ( #9027 ) );
#7623 = EDGE_CURVE( '', #8422, #8365, #9028, .T. );
#7624 = EDGE_CURVE( '', #9029, #8363, #9030, .T. );
#7625 = EDGE_CURVE( '', #9031, #9029, #9032, .T. );
#7626 = EDGE_CURVE( '', #9033, #9031, #9034, .T. );
#7627 = EDGE_CURVE( '', #9033, #8422, #9035, .T. );
#7628 = FILL_AREA_STYLE( '', ( #9036 ) );
#7629 = EDGE_CURVE( '', #9037, #9038, #9039, .T. );
#7630 = EDGE_CURVE( '', #9037, #9040, #9041, .T. );
#7631 = EDGE_CURVE( '', #9040, #9042, #9043, .T. );
#7632 = EDGE_CURVE( '', #9038, #9042, #9044, .T. );
#7633 = FILL_AREA_STYLE( '', ( #9045 ) );
#7634 = EDGE_CURVE( '', #8667, #8778, #9046, .T. );
#7635 = FILL_AREA_STYLE( '', ( #9047 ) );
#7636 = EDGE_CURVE( '', #9048, #8423, #9049, .T. );
#7637 = EDGE_CURVE( '', #9048, #9050, #9051, .T. );
#7638 = EDGE_CURVE( '', #9050, #8425, #9052, .T. );
#7639 = FILL_AREA_STYLE( '', ( #9053 ) );
#7640 = EDGE_CURVE( '', #8467, #9054, #9055, .T. );
#7641 = EDGE_CURVE( '', #8703, #9054, #9056, .T. );
#7642 = EDGE_CURVE( '', #9057, #8702, #9058, .T. );
#7643 = EDGE_CURVE( '', #9057, #8469, #9059, .T. );
#7644 = FILL_AREA_STYLE( '', ( #9060 ) );
#7645 = EDGE_CURVE( '', #9061, #9062, #9063, .T. );
#7646 = EDGE_CURVE( '', #8347, #9061, #9064, .T. );
#7647 = EDGE_CURVE( '', #8347, #9065, #9066, .T. );
#7648 = EDGE_CURVE( '', #9062, #9065, #9067, .T. );
#7649 = FILL_AREA_STYLE( '', ( #9068 ) );
#7650 = EDGE_CURVE( '', #9069, #9070, #9071, .T. );
#7651 = EDGE_CURVE( '', #9069, #9072, #9073, .T. );
#7652 = EDGE_CURVE( '', #9072, #9074, #9075, .T. );
#7653 = EDGE_CURVE( '', #8286, #9074, #9076, .T. );
#7654 = EDGE_CURVE( '', #9077, #8286, #9078, .T. );
#7655 = EDGE_CURVE( '', #9070, #9077, #9079, .T. );
#7656 = FILL_AREA_STYLE( '', ( #9080 ) );
#7657 = EDGE_CURVE( '', #9081, #9082, #9083, .T. );
#7658 = EDGE_CURVE( '', #9084, #9082, #9085, .T. );
#7659 = EDGE_CURVE( '', #9086, #9084, #9087, .T. );
#7660 = EDGE_CURVE( '', #9086, #9081, #9088, .T. );
#7661 = FILL_AREA_STYLE( '', ( #9089 ) );
#7662 = EDGE_CURVE( '', #8906, #8744, #9090, .T. );
#7663 = EDGE_CURVE( '', #8908, #8749, #9091, .T. );
#7664 = FILL_AREA_STYLE( '', ( #9092 ) );
#7665 = EDGE_CURVE( '', #8810, #9093, #9094, .T. );
#7666 = EDGE_CURVE( '', #8808, #9093, #9095, .T. );
#7667 = FILL_AREA_STYLE( '', ( #9096 ) );
#7668 = EDGE_CURVE( '', #8641, #9004, #9097, .T. );
#7669 = EDGE_CURVE( '', #9098, #9010, #9099, .T. );
#7670 = EDGE_CURVE( '', #9100, #9098, #9101, .T. );
#7671 = EDGE_CURVE( '', #9102, #9100, #9103, .T. );
#7672 = EDGE_CURVE( '', #9104, #9102, #9105, .T. );
#7673 = EDGE_CURVE( '', #9104, #9106, #9107, .T. );
#7674 = EDGE_CURVE( '', #8888, #9106, #9108, .T. );
#7675 = EDGE_CURVE( '', #8886, #9109, #9110, .T. );
#7676 = EDGE_CURVE( '', #8768, #9109, #9111, .T. );
#7677 = EDGE_CURVE( '', #8883, #9112, #9113, .T. );
#7678 = EDGE_CURVE( '', #9114, #9112, #9115, .T. );
#7679 = EDGE_CURVE( '', #8877, #9114, #9116, .T. );
#7680 = EDGE_CURVE( '', #9117, #8955, #9118, .T. );
#7681 = EDGE_CURVE( '', #8872, #9117, #9119, .T. );
#7682 = EDGE_CURVE( '', #8870, #9120, #9121, .T. );
#7683 = EDGE_CURVE( '', #8959, #9120, #9122, .T. );
#7684 = EDGE_CURVE( '', #8857, #9123, #9124, .T. );
#7685 = EDGE_CURVE( '', #9125, #9123, #9126, .T. );
#7686 = EDGE_CURVE( '', #8851, #9125, #9127, .T. );
#7687 = EDGE_CURVE( '', #8849, #8735, #9128, .T. );
#7688 = EDGE_CURVE( '', #8843, #8740, #9129, .T. );
#7689 = EDGE_CURVE( '', #8841, #8965, #9130, .T. );
#7690 = EDGE_CURVE( '', #8835, #8970, #9131, .T. );
#7691 = EDGE_CURVE( '', #8833, #8900, #9132, .T. );
#7692 = FILL_AREA_STYLE( '', ( #9133 ) );
#7693 = EDGE_CURVE( '', #9134, #8951, #9135, .T. );
#7694 = EDGE_CURVE( '', #9134, #8446, #9136, .T. );
#7695 = FILL_AREA_STYLE( '', ( #9137 ) );
#7696 = EDGE_CURVE( '', #9138, #9139, #9140, .T. );
#7697 = EDGE_CURVE( '', #9138, #9141, #9142, .T. );
#7698 = EDGE_CURVE( '', #9141, #9143, #9144, .T. );
#7699 = EDGE_CURVE( '', #9139, #9143, #9145, .T. );
#7700 = FILL_AREA_STYLE( '', ( #9146 ) );
#7701 = EDGE_CURVE( '', #8465, #9147, #9148, .T. );
#7702 = EDGE_CURVE( '', #9054, #9147, #9149, .T. );
#7703 = FILL_AREA_STYLE( '', ( #9150 ) );
#7704 = EDGE_CURVE( '', #9151, #9152, #9153, .T. );
#7705 = EDGE_CURVE( '', #8504, #9152, #9154, .T. );
#7706 = EDGE_CURVE( '', #8554, #9151, #9155, .T. );
#7707 = FILL_AREA_STYLE( '', ( #9156 ) );
#7708 = EDGE_CURVE( '', #8931, #9065, #9157, .T. );
#7709 = EDGE_CURVE( '', #9062, #8929, #9158, .T. );
#7710 = FILL_AREA_STYLE( '', ( #9159 ) );
#7711 = EDGE_CURVE( '', #9160, #9061, #9161, .T. );
#7712 = EDGE_CURVE( '', #8927, #9162, #9163, .T. );
#7713 = EDGE_CURVE( '', #9162, #8262, #9164, .T. );
#7714 = EDGE_CURVE( '', #8260, #9165, #9166, .T. );
#7715 = EDGE_CURVE( '', #9165, #8298, #9167, .T. );
#7716 = EDGE_CURVE( '', #8296, #9168, #9169, .T. );
#7717 = EDGE_CURVE( '', #9168, #9160, #9170, .T. );
#7718 = EDGE_CURVE( '', #9171, #9172, #9173, .T. );
#7719 = EDGE_CURVE( '', #9171, #9174, #9175, .T. );
#7720 = EDGE_CURVE( '', #9174, #9176, #9177, .T. );
#7721 = EDGE_CURVE( '', #9172, #9176, #9178, .T. );
#7722 = EDGE_CURVE( '', #9179, #9180, #9181, .T. );
#7723 = EDGE_CURVE( '', #9179, #9038, #9182, .T. );
#7724 = EDGE_CURVE( '', #9180, #9042, #9183, .T. );
#7725 = EDGE_CURVE( '', #8674, #9184, #9185, .T. );
#7726 = EDGE_CURVE( '', #9184, #9186, #9187, .T. );
#7727 = EDGE_CURVE( '', #8672, #9186, #9188, .T. );
#7728 = EDGE_CURVE( '', #9189, #9190, #9191, .T. );
#7729 = EDGE_CURVE( '', #9189, #8716, #9192, .T. );
#7730 = EDGE_CURVE( '', #9190, #8720, #9193, .T. );
#7731 = EDGE_CURVE( '', #8502, #9194, #9195, .T. );
#7732 = EDGE_CURVE( '', #8506, #9196, #9197, .T. );
#7733 = EDGE_CURVE( '', #9194, #9196, #9198, .T. );
#7734 = EDGE_CURVE( '', #9199, #8475, #9200, .T. );
#7735 = EDGE_CURVE( '', #9199, #8379, #9201, .T. );
#7736 = EDGE_CURVE( '', #9202, #9203, #9204, .T. );
#7737 = EDGE_CURVE( '', #9202, #9139, #9205, .T. );
#7738 = EDGE_CURVE( '', #9203, #9143, #9206, .T. );
#7739 = EDGE_CURVE( '', #9207, #9208, #9209, .T. );
#7740 = EDGE_CURVE( '', #9207, #9210, #9211, .T. );
#7741 = EDGE_CURVE( '', #9210, #9212, #9213, .T. );
#7742 = EDGE_CURVE( '', #9208, #9212, #9214, .T. );
#7743 = FILL_AREA_STYLE( '', ( #9215 ) );
#7744 = EDGE_CURVE( '', #9216, #9217, #9218, .T. );
#7745 = EDGE_CURVE( '', #9020, #9217, #9219, .T. );
#7746 = EDGE_CURVE( '', #9018, #9216, #9220, .T. );
#7747 = FILL_AREA_STYLE( '', ( #9221 ) );
#7748 = EDGE_CURVE( '', #8914, #9222, #9223, .T. );
#7749 = EDGE_CURVE( '', #9224, #9222, #9225, .T. );
#7750 = EDGE_CURVE( '', #8916, #9224, #9226, .T. );
#7751 = FILL_AREA_STYLE( '', ( #9227 ) );
#7752 = EDGE_CURVE( '', #8821, #9228, #9229, .T. );
#7753 = EDGE_CURVE( '', #8819, #9228, #9230, .T. );
#7754 = FILL_AREA_STYLE( '', ( #9231 ) );
#7755 = EDGE_CURVE( '', #8800, #8488, #9232, .T. );
#7756 = EDGE_CURVE( '', #8802, #8488, #9233, .T. );
#7757 = FILL_AREA_STYLE( '', ( #9234 ) );
#7758 = EDGE_CURVE( '', #9235, #9236, #9237, .T. );
#7759 = EDGE_CURVE( '', #9235, #8331, #9238, .T. );
#7760 = EDGE_CURVE( '', #9236, #8328, #9239, .T. );
#7761 = FILL_AREA_STYLE( '', ( #9240 ) );
#7762 = EDGE_CURVE( '', #9241, #9242, #9243, .T. );
#7763 = EDGE_CURVE( '', #9242, #9244, #9245, .T. );
#7764 = EDGE_CURVE( '', #8910, #9244, #9246, .T. );
#7765 = EDGE_CURVE( '', #8910, #9241, #9247, .T. );
#7766 = FILL_AREA_STYLE( '', ( #9248 ) );
#7767 = EDGE_CURVE( '', #9249, #8598, #9250, .T. );
#7768 = EDGE_CURVE( '', #9251, #8603, #9252, .T. );
#7769 = EDGE_CURVE( '', #9253, #9251, #9254, .T. );
#7770 = EDGE_CURVE( '', #9253, #9255, #9256, .T. );
#7771 = EDGE_CURVE( '', #9255, #9249, #9257, .T. );
#7772 = FILL_AREA_STYLE( '', ( #9258 ) );
#7773 = EDGE_CURVE( '', #8893, #9190, #9259, .T. );
#7774 = FILL_AREA_STYLE( '', ( #9260 ) );
#7775 = EDGE_CURVE( '', #9152, #9196, #9261, .T. );
#7776 = FILL_AREA_STYLE( '', ( #9262 ) );
#7777 = EDGE_CURVE( '', #9263, #8457, #9264, .T. );
#7778 = EDGE_CURVE( '', #8569, #9263, #9265, .T. );
#7779 = FILL_AREA_STYLE( '', ( #9266 ) );
#7780 = EDGE_CURVE( '', #8798, #9253, #9267, .T. );
#7781 = EDGE_CURVE( '', #8796, #9253, #9268, .T. );
#7782 = FILL_AREA_STYLE( '', ( #9269 ) );
#7783 = EDGE_CURVE( '', #8926, #9270, #9271, .T. );
#7784 = EDGE_CURVE( '', #9162, #9270, #9272, .T. );
#7785 = FILL_AREA_STYLE( '', ( #9273 ) );
#7786 = EDGE_CURVE( '', #8414, #9176, #9274, .T. );
#7787 = EDGE_CURVE( '', #8936, #9172, #9275, .T. );
#7788 = FILL_AREA_STYLE( '', ( #9276 ) );
#7789 = EDGE_CURVE( '', #9277, #9278, #9279, .T. );
#7790 = EDGE_CURVE( '', #9074, #9278, #9280, .T. );
#7791 = EDGE_CURVE( '', #9072, #9277, #9281, .T. );
#7792 = FILL_AREA_STYLE( '', ( #9282 ) );
#7793 = EDGE_CURVE( '', #9125, #9283, #9284, .T. );
#7794 = EDGE_CURVE( '', #8853, #9283, #9285, .T. );
#7795 = FILL_AREA_STYLE( '', ( #9286 ) );
#7796 = EDGE_CURVE( '', #8837, #8968, #9287, .T. );
#7797 = FILL_AREA_STYLE( '', ( #9288 ) );
#7798 = EDGE_CURVE( '', #8994, #9289, #9290, .T. );
#7799 = EDGE_CURVE( '', #9289, #8324, #9291, .T. );
#7800 = EDGE_CURVE( '', #9292, #8396, #9293, .T. );
#7801 = EDGE_CURVE( '', #8431, #9292, #9294, .T. );
#7802 = FILL_AREA_STYLE( '', ( #9295 ) );
#7803 = EDGE_CURVE( '', #9296, #9297, #9298, .T. );
#7804 = EDGE_CURVE( '', #9297, #8268, #9299, .T. );
#7805 = EDGE_CURVE( '', #9300, #8361, #9301, .T. );
#7806 = EDGE_CURVE( '', #9296, #9300, #9302, .T. );
#7807 = FILL_AREA_STYLE( '', ( #9303 ) );
#7808 = EDGE_CURVE( '', #8322, #8409, #9304, .T. );
#7809 = FILL_AREA_STYLE( '', ( #9305 ) );
#7810 = EDGE_CURVE( '', #9306, #9037, #9307, .T. );
#7811 = EDGE_CURVE( '', #9082, #9037, #9308, .T. );
#7812 = EDGE_CURVE( '', #9081, #9306, #9309, .T. );
#7813 = FILL_AREA_STYLE( '', ( #9310 ) );
#7814 = EDGE_CURVE( '', #8805, #8469, #9311, .T. );
#7815 = FILL_AREA_STYLE( '', ( #9312 ) );
#7816 = EDGE_CURVE( '', #9141, #8990, #9313, .T. );
#7817 = EDGE_CURVE( '', #8990, #9203, #9314, .T. );
#7818 = FILL_AREA_STYLE( '', ( #9315 ) );
#7819 = FILL_AREA_STYLE( '', ( #9316 ) );
#7820 = EDGE_CURVE( '', #8826, #8535, #9317, .T. );
#7821 = FILL_AREA_STYLE( '', ( #9318 ) );
#7822 = EDGE_CURVE( '', #9319, #8390, #9320, .T. );
#7823 = EDGE_CURVE( '', #9321, #9319, #9322, .T. );
#7824 = EDGE_CURVE( '', #9321, #8392, #9323, .T. );
#7825 = FILL_AREA_STYLE( '', ( #9324 ) );
#7826 = EDGE_CURVE( '', #9084, #9180, #9325, .T. );
#7827 = EDGE_CURVE( '', #9082, #9179, #9326, .T. );
#7828 = FILL_AREA_STYLE( '', ( #9327 ) );
#7829 = EDGE_CURVE( '', #9093, #9328, #9329, .T. );
#7830 = EDGE_CURVE( '', #9328, #9330, #9331, .T. );
#7831 = EDGE_CURVE( '', #9330, #8694, #9332, .T. );
#7832 = EDGE_CURVE( '', #8698, #9300, #9333, .T. );
#7833 = EDGE_CURVE( '', #8812, #9300, #9334, .T. );
#7834 = FILL_AREA_STYLE( '', ( #9335 ) );
#7835 = EDGE_CURVE( '', #9336, #9337, #9338, .T. );
#7836 = EDGE_CURVE( '', #9337, #9339, #9340, .T. );
#7837 = EDGE_CURVE( '', #9339, #9341, #9342, .T. );
#7838 = EDGE_CURVE( '', #9341, #9336, #9343, .T. );
#7839 = FILL_AREA_STYLE( '', ( #9344 ) );
#7840 = EDGE_CURVE( '', #8282, #9253, #9345, .T. );
#7841 = EDGE_CURVE( '', #8280, #9255, #9346, .T. );
#7842 = FILL_AREA_STYLE( '', ( #9347 ) );
#7843 = EDGE_CURVE( '', #9348, #8501, #9349, .T. );
#7844 = EDGE_CURVE( '', #9350, #9348, #9351, .T. );
#7845 = EDGE_CURVE( '', #9350, #8556, #9352, .T. );
#7846 = FILL_AREA_STYLE( '', ( #9353 ) );
#7847 = EDGE_CURVE( '', #9354, #9328, #9355, .T. );
#7848 = EDGE_CURVE( '', #9354, #9356, #9357, .T. );
#7849 = EDGE_CURVE( '', #9356, #9330, #9358, .T. );
#7850 = FILL_AREA_STYLE( '', ( #9359 ) );
#7851 = EDGE_CURVE( '', #9278, #9360, #9361, .T. );
#7852 = EDGE_CURVE( '', #9362, #9360, #9363, .T. );
#7853 = EDGE_CURVE( '', #9074, #9362, #9364, .T. );
#7854 = FILL_AREA_STYLE( '', ( #9365 ) );
#7855 = EDGE_CURVE( '', #8823, #8329, #9366, .T. );
#7856 = FILL_AREA_STYLE( '', ( #9367 ) );
#7857 = EDGE_CURVE( '', #8647, #8715, #9368, .T. );
#7858 = EDGE_CURVE( '', #9369, #8715, #9370, .T. );
#7859 = EDGE_CURVE( '', #8650, #9369, #9371, .T. );
#7860 = FILL_AREA_STYLE( '', ( #9372 ) );
#7861 = EDGE_CURVE( '', #8703, #9373, #9374, .T. );
#7862 = EDGE_CURVE( '', #9375, #9373, #9376, .T. );
#7863 = EDGE_CURVE( '', #8705, #9375, #9377, .T. );
#7864 = FILL_AREA_STYLE( '', ( #9378 ) );
#7865 = EDGE_CURVE( '', #8570, #9212, #9379, .T. );
#7866 = EDGE_CURVE( '', #8570, #9380, #9381, .T. );
#7867 = EDGE_CURVE( '', #9380, #9208, #9382, .T. );
#7868 = FILL_AREA_STYLE( '', ( #9383 ) );
#7869 = EDGE_CURVE( '', #9384, #9319, #9385, .T. );
#7870 = EDGE_CURVE( '', #9386, #9384, #9387, .T. );
#7871 = EDGE_CURVE( '', #9386, #9321, #9388, .T. );
#7872 = FILL_AREA_STYLE( '', ( #9389 ) );
#7873 = EDGE_CURVE( '', #8981, #9199, #9390, .T. );
#7874 = FILL_AREA_STYLE( '', ( #9391 ) );
#7875 = EDGE_CURVE( '', #9392, #8291, #9393, .T. );
#7876 = EDGE_CURVE( '', #9278, #8291, #9394, .T. );
#7877 = EDGE_CURVE( '', #9395, #9277, #9396, .T. );
#7878 = EDGE_CURVE( '', #9395, #9397, #9398, .T. );
#7879 = EDGE_CURVE( '', #9397, #9392, #9399, .T. );
#7880 = FILL_AREA_STYLE( '', ( #9400 ) );
#7881 = EDGE_CURVE( '', #9040, #9084, #9401, .T. );
#7882 = FILL_AREA_STYLE( '', ( #9402 ) );
#7883 = EDGE_CURVE( '', #9360, #8289, #9403, .T. );
#7884 = FILL_AREA_STYLE( '', ( #9404 ) );
#7885 = EDGE_CURVE( '', #9306, #9405, #9406, .T. );
#7886 = EDGE_CURVE( '', #9405, #9086, #9407, .T. );
#7887 = FILL_AREA_STYLE( '', ( #9408 ) );
#7888 = EDGE_CURVE( '', #9151, #9350, #9409, .T. );
#7889 = FILL_AREA_STYLE( '', ( #9410 ) );
#7890 = EDGE_CURVE( '', #9411, #9375, #9412, .T. );
#7891 = EDGE_CURVE( '', #9373, #9413, #9414, .T. );
#7892 = EDGE_CURVE( '', #9413, #9411, #9415, .T. );
#7893 = FILL_AREA_STYLE( '', ( #9416 ) );
#7894 = EDGE_CURVE( '', #8252, #9417, #9418, .T. );
#7895 = EDGE_CURVE( '', #9417, #9008, #9419, .T. );
#7896 = FILL_AREA_STYLE( '', ( #9420 ) );
#7897 = EDGE_CURVE( '', #9421, #9422, #9423, .T. );
#7898 = EDGE_CURVE( '', #9424, #9421, #9425, .T. );
#7899 = EDGE_CURVE( '', #9426, #9424, #9427, .T. );
#7900 = EDGE_CURVE( '', #9428, #9426, #9429, .T. );
#7901 = EDGE_CURVE( '', #8582, #9428, #9430, .T. );
#7902 = EDGE_CURVE( '', #8580, #9431, #9432, .T. );
#7903 = EDGE_CURVE( '', #9431, #9433, #9434, .T. );
#7904 = EDGE_CURVE( '', #9222, #9433, #9435, .T. );
#7905 = EDGE_CURVE( '', #9436, #8626, #9437, .T. );
#7906 = EDGE_CURVE( '', #8333, #9436, #9438, .T. );
#7907 = EDGE_CURVE( '', #9439, #9235, #9440, .T. );
#7908 = EDGE_CURVE( '', #9441, #9439, #9442, .T. );
#7909 = EDGE_CURVE( '', #9443, #9441, #9444, .T. );
#7910 = EDGE_CURVE( '', #9443, #9445, #9446, .T. );
#7911 = EDGE_CURVE( '', #9289, #9445, #9447, .T. );
#7912 = EDGE_CURVE( '', #9050, #8753, #9448, .T. );
#7913 = EDGE_CURVE( '', #9033, #9048, #9449, .T. );
#7914 = EDGE_CURVE( '', #9297, #9031, #9450, .T. );
#7915 = EDGE_CURVE( '', #8696, #9296, #9451, .T. );
#7916 = EDGE_CURVE( '', #9356, #8693, #9452, .T. );
#7917 = EDGE_CURVE( '', #9453, #9354, #9454, .T. );
#7918 = EDGE_CURVE( '', #9453, #8974, #9455, .T. );
#7919 = EDGE_CURVE( '', #9456, #8658, #9457, .T. );
#7920 = EDGE_CURVE( '', #9458, #9456, #9459, .T. );
#7921 = EDGE_CURVE( '', #9460, #9458, #9461, .T. );
#7922 = EDGE_CURVE( '', #9057, #9460, #9462, .T. );
#7923 = EDGE_CURVE( '', #8405, #8707, #9463, .T. );
#7924 = EDGE_CURVE( '', #9464, #8403, #9465, .T. );
#7925 = EDGE_CURVE( '', #9466, #9464, #9467, .T. );
#7926 = EDGE_CURVE( '', #8592, #9466, #9468, .T. );
#7927 = EDGE_CURVE( '', #9249, #8497, #9469, .T. );
#7928 = EDGE_CURVE( '', #9470, #8277, #9471, .T. );
#7929 = EDGE_CURVE( '', #9472, #9470, #9473, .T. );
#7930 = EDGE_CURVE( '', #9070, #9472, #9474, .T. );
#7931 = EDGE_CURVE( '', #9392, #9077, #9475, .T. );
#7932 = EDGE_CURVE( '', #9476, #9397, #9477, .T. );
#7933 = EDGE_CURVE( '', #8762, #9476, #9478, .T. );
#7934 = EDGE_CURVE( '', #9242, #8759, #9479, .T. );
#7935 = EDGE_CURVE( '', #9241, #9422, #9480, .T. );
#7936 = EDGE_CURVE( '', #9481, #9482, #9483, .T. );
#7937 = EDGE_CURVE( '', #9481, #9484, #9485, .T. );
#7938 = EDGE_CURVE( '', #9484, #9486, #9487, .T. );
#7939 = EDGE_CURVE( '', #9482, #9486, #9488, .T. );
#7940 = EDGE_CURVE( '', #9015, #9489, #9490, .T. );
#7941 = EDGE_CURVE( '', #9489, #9217, #9491, .T. );
#7942 = FILL_AREA_STYLE( '', ( #9492 ) );
#7943 = EDGE_CURVE( '', #9470, #9493, #9494, .T. );
#7944 = EDGE_CURVE( '', #9493, #8278, #9495, .T. );
#7945 = FILL_AREA_STYLE( '', ( #9496 ) );
#7946 = EDGE_CURVE( '', #8346, #8931, #9497, .T. );
#7947 = FILL_AREA_STYLE( '', ( #9498 ) );
#7948 = EDGE_CURVE( '', #8594, #9499, #9500, .T. );
#7949 = EDGE_CURVE( '', #9499, #9501, #9502, .T. );
#7950 = EDGE_CURVE( '', #9501, #8400, #9503, .T. );
#7951 = FILL_AREA_STYLE( '', ( #9504 ) );
#7952 = EDGE_CURVE( '', #9112, #9505, #9506, .T. );
#7953 = EDGE_CURVE( '', #9507, #9505, #9508, .T. );
#7954 = EDGE_CURVE( '', #9114, #9507, #9509, .T. );
#7955 = FILL_AREA_STYLE( '', ( #9510 ) );
#7956 = FILL_AREA_STYLE( '', ( #9511 ) );
#7957 = EDGE_CURVE( '', #9482, #9512, #9513, .T. );
#7958 = EDGE_CURVE( '', #9514, #9486, #9515, .T. );
#7959 = EDGE_CURVE( '', #9512, #9514, #9516, .T. );
#7960 = FILL_AREA_STYLE( '', ( #9517 ) );
#7961 = EDGE_CURVE( '', #9270, #8510, #9518, .T. );
#7962 = EDGE_CURVE( '', #8511, #9519, #9520, .T. );
#7963 = EDGE_CURVE( '', #8264, #9519, #9521, .T. );
#7964 = FILL_AREA_STYLE( '', ( #9522 ) );
#7965 = FILL_AREA_STYLE( '', ( #9523 ) );
#7966 = EDGE_CURVE( '', #9224, #9524, #9525, .T. );
#7967 = EDGE_CURVE( '', #9524, #8828, #9526, .T. );
#7968 = FILL_AREA_STYLE( '', ( #9527 ) );
#7969 = EDGE_CURVE( '', #8814, #9300, #9528, .T. );
#7970 = FILL_AREA_STYLE( '', ( #9529 ) );
#7971 = EDGE_CURVE( '', #9421, #9530, #9531, .T. );
#7972 = EDGE_CURVE( '', #8744, #9530, #9532, .T. );
#7973 = EDGE_CURVE( '', #8904, #9424, #9533, .T. );
#7974 = FILL_AREA_STYLE( '', ( #9534 ) );
#7975 = EDGE_CURVE( '', #8624, #9339, #9535, .T. );
#7976 = EDGE_CURVE( '', #9536, #9337, #9537, .T. );
#7977 = EDGE_CURVE( '', #9536, #8624, #9538, .T. );
#7978 = FILL_AREA_STYLE( '', ( #9539 ) );
#7979 = EDGE_CURVE( '', #8786, #8910, #9540, .T. );
#7980 = FILL_AREA_STYLE( '', ( #9541 ) );
#7981 = EDGE_CURVE( '', #9530, #8920, #9542, .T. );
#7982 = FILL_AREA_STYLE( '', ( #9543 ) );
#7983 = EDGE_CURVE( '', #8736, #8847, #9544, .T. );
#7984 = EDGE_CURVE( '', #8845, #8738, #9545, .T. );
#7985 = FILL_AREA_STYLE( '', ( #9546 ) );
#7986 = FILL_AREA_STYLE( '', ( #9547 ) );
#7987 = EDGE_CURVE( '', #9405, #9040, #9548, .T. );
#7988 = FILL_AREA_STYLE( '', ( #9549 ) );
#7989 = FILL_AREA_STYLE( '', ( #9550 ) );
#7990 = EDGE_CURVE( '', #9104, #8612, #9551, .T. );
#7991 = EDGE_CURVE( '', #9102, #8517, #9552, .T. );
#7992 = EDGE_CURVE( '', #8711, #8515, #9553, .T. );
#7993 = FILL_AREA_STYLE( '', ( #9554 ) );
#7994 = EDGE_CURVE( '', #8926, #8513, #9555, .T. );
#7995 = FILL_AREA_STYLE( '', ( #9556 ) );
#7996 = EDGE_CURVE( '', #9557, #8637, #9558, .T. );
#7997 = EDGE_CURVE( '', #9557, #9559, #9560, .T. );
#7998 = EDGE_CURVE( '', #9559, #9561, #9562, .T. );
#7999 = EDGE_CURVE( '', #9561, #8639, #9563, .T. );
#8000 = FILL_AREA_STYLE( '', ( #9564 ) );
#8001 = EDGE_CURVE( '', #9481, #9565, #9566, .T. );
#8002 = EDGE_CURVE( '', #9565, #9567, #9568, .T. );
#8003 = EDGE_CURVE( '', #9567, #9484, #9569, .T. );
#8004 = FILL_AREA_STYLE( '', ( #9570 ) );
#8005 = EDGE_CURVE( '', #8975, #8616, #9571, .T. );
#8006 = EDGE_CURVE( '', #8975, #8951, #9572, .T. );
#8007 = FILL_AREA_STYLE( '', ( #9573 ) );
#8008 = EDGE_CURVE( '', #9054, #9413, #9574, .T. );
#8009 = FILL_AREA_STYLE( '', ( #9575 ) );
#8010 = EDGE_CURVE( '', #9147, #9411, #9576, .T. );
#8011 = EDGE_CURVE( '', #9147, #8705, #9577, .T. );
#8012 = FILL_AREA_STYLE( '', ( #9578 ) );
#8013 = FILL_AREA_STYLE( '', ( #9579 ) );
#8014 = EDGE_CURVE( '', #9472, #9580, #9581, .T. );
#8015 = EDGE_CURVE( '', #9069, #9580, #9582, .T. );
#8016 = FILL_AREA_STYLE( '', ( #9583 ) );
#8017 = EDGE_CURVE( '', #9580, #9493, #9584, .T. );
#8018 = FILL_AREA_STYLE( '', ( #9585 ) );
#8019 = EDGE_CURVE( '', #8988, #9202, #9586, .T. );
#8020 = FILL_AREA_STYLE( '', ( #9587 ) );
#8021 = EDGE_CURVE( '', #8879, #9507, #9588, .T. );
#8022 = EDGE_CURVE( '', #9505, #8881, #9589, .T. );
#8023 = FILL_AREA_STYLE( '', ( #9590 ) );
#8024 = EDGE_CURVE( '', #9098, #9417, #9591, .T. );
#8025 = EDGE_CURVE( '', #8251, #9592, #9593, .T. );
#8026 = EDGE_CURVE( '', #9100, #9592, #9594, .T. );
#8027 = FILL_AREA_STYLE( '', ( #9595 ) );
#8028 = EDGE_CURVE( '', #9428, #8944, #9596, .T. );
#8029 = EDGE_CURVE( '', #9426, #8946, #9597, .T. );
#8030 = FILL_AREA_STYLE( '', ( #9598 ) );
#8031 = EDGE_CURVE( '', #9106, #8610, #9599, .T. );
#8032 = FILL_AREA_STYLE( '', ( #9600 ) );
#8033 = EDGE_CURVE( '', #8998, #8378, #9601, .T. );
#8034 = EDGE_CURVE( '', #8981, #8378, #9602, .T. );
#8035 = FILL_AREA_STYLE( '', ( #9603 ) );
#8036 = EDGE_CURVE( '', #9244, #8760, #9604, .T. );
#8037 = FILL_AREA_STYLE( '', ( #9605 ) );
#8038 = EDGE_CURVE( '', #9458, #9606, #9607, .T. );
#8039 = EDGE_CURVE( '', #9456, #9608, #9609, .T. );
#8040 = EDGE_CURVE( '', #9606, #9608, #9610, .T. );
#8041 = FILL_AREA_STYLE( '', ( #9611 ) );
#8042 = EDGE_CURVE( '', #9612, #9005, #9613, .T. );
#8043 = EDGE_CURVE( '', #8258, #9612, #9614, .T. );
#8044 = FILL_AREA_STYLE( '', ( #9615 ) );
#8045 = EDGE_CURVE( '', #8491, #9251, #9616, .T. );
#8046 = FILL_AREA_STYLE( '', ( #9617 ) );
#8047 = FILL_AREA_STYLE( '', ( #9618 ) );
#8048 = EDGE_CURVE( '', #9109, #8307, #9619, .T. );
#8049 = FILL_AREA_STYLE( '', ( #9620 ) );
#8050 = EDGE_CURVE( '', #8988, #9138, #9621, .T. );
#8051 = FILL_AREA_STYLE( '', ( #9622 ) );
#8052 = EDGE_CURVE( '', #9460, #9623, #9624, .T. );
#8053 = EDGE_CURVE( '', #8469, #9623, #9625, .T. );
#8054 = FILL_AREA_STYLE( '', ( #9626 ) );
#8055 = EDGE_CURVE( '', #9565, #9512, #9627, .T. );
#8056 = FILL_AREA_STYLE( '', ( #9628 ) );
#8057 = EDGE_CURVE( '', #9466, #9499, #9629, .T. );
#8058 = FILL_AREA_STYLE( '', ( #9630 ) );
#8059 = EDGE_CURVE( '', #8966, #8839, #9631, .T. );
#8060 = FILL_AREA_STYLE( '', ( #9632 ) );
#8061 = EDGE_CURVE( '', #9633, #9395, #9634, .T. );
#8062 = EDGE_CURVE( '', #9476, #9633, #9635, .T. );
#8063 = FILL_AREA_STYLE( '', ( #9636 ) );
#8064 = EDGE_CURVE( '', #9380, #8455, #9637, .T. );
#8065 = EDGE_CURVE( '', #8455, #9207, #9638, .T. );
#8066 = FILL_AREA_STYLE( '', ( #9639 ) );
#8067 = EDGE_CURVE( '', #9489, #9640, #9641, .T. );
#8068 = EDGE_CURVE( '', #9016, #9640, #9642, .T. );
#8069 = FILL_AREA_STYLE( '', ( #9643 ) );
#8070 = FILL_AREA_STYLE( '', ( #9644 ) );
#8071 = EDGE_CURVE( '', #8295, #9645, #9646, .T. );
#8072 = EDGE_CURVE( '', #9168, #9645, #9647, .T. );
#8073 = FILL_AREA_STYLE( '', ( #9648 ) );
#8074 = FILL_AREA_STYLE( '', ( #9649 ) );
#8075 = FILL_AREA_STYLE( '', ( #9650 ) );
#8076 = EDGE_CURVE( '', #9651, #8855, #9652, .T. );
#8077 = EDGE_CURVE( '', #9123, #9651, #9653, .T. );
#8078 = FILL_AREA_STYLE( '', ( #9654 ) );
#8079 = EDGE_CURVE( '', #9384, #9184, #9655, .T. );
#8080 = EDGE_CURVE( '', #9319, #9186, #9656, .T. );
#8081 = FILL_AREA_STYLE( '', ( #9657 ) );
#8082 = FILL_AREA_STYLE( '', ( #9658 ) );
#8083 = EDGE_CURVE( '', #8816, #8422, #9659, .T. );
#8084 = FILL_AREA_STYLE( '', ( #9660 ) );
#8085 = EDGE_CURVE( '', #8792, #9069, #9661, .T. );
#8086 = EDGE_CURVE( '', #8794, #9069, #9662, .T. );
#8087 = FILL_AREA_STYLE( '', ( #9663 ) );
#8088 = EDGE_CURVE( '', #9441, #9664, #9665, .T. );
#8089 = EDGE_CURVE( '', #9228, #9664, #9666, .T. );
#8090 = EDGE_CURVE( '', #9443, #9228, #9667, .T. );
#8091 = FILL_AREA_STYLE( '', ( #9668 ) );
#8092 = EDGE_CURVE( '', #8300, #9669, #9670, .T. );
#8093 = EDGE_CURVE( '', #9165, #9669, #9671, .T. );
#8094 = FILL_AREA_STYLE( '', ( #9672 ) );
#8095 = EDGE_CURVE( '', #9433, #9524, #9673, .T. );
#8096 = EDGE_CURVE( '', #8561, #9431, #9674, .T. );
#8097 = EDGE_CURVE( '', #9675, #8565, #9676, .T. );
#8098 = EDGE_CURVE( '', #9675, #8830, #9677, .T. );
#8099 = FILL_AREA_STYLE( '', ( #9678 ) );
#8100 = EDGE_CURVE( '', #9445, #8322, #9679, .T. );
#8101 = FILL_AREA_STYLE( '', ( #9680 ) );
#8102 = EDGE_CURVE( '', #9120, #9024, #9681, .T. );
#8103 = FILL_AREA_STYLE( '', ( #9682 ) );
#8104 = FILL_AREA_STYLE( '', ( #9683 ) );
#8105 = EDGE_CURVE( '', #9561, #9612, #9684, .T. );
#8106 = EDGE_CURVE( '', #9559, #9669, #9685, .T. );
#8107 = FILL_AREA_STYLE( '', ( #9686 ) );
#8108 = EDGE_CURVE( '', #9623, #9606, #9687, .T. );
#8109 = FILL_AREA_STYLE( '', ( #9688 ) );
#8110 = EDGE_CURVE( '', #9608, #8656, #9689, .T. );
#8111 = FILL_AREA_STYLE( '', ( #9690 ) );
#8112 = EDGE_CURVE( '', #9422, #9691, #9692, .T. );
#8113 = EDGE_CURVE( '', #9530, #9691, #9693, .T. );
#8114 = FILL_AREA_STYLE( '', ( #9694 ) );
#8115 = EDGE_CURVE( '', #8268, #9029, #9695, .T. );
#8116 = FILL_AREA_STYLE( '', ( #9696 ) );
#8117 = FILL_AREA_STYLE( '', ( #9697 ) );
#8118 = FILL_AREA_STYLE( '', ( #9698 ) );
#8119 = EDGE_CURVE( '', #8287, #9362, #9699, .T. );
#8120 = FILL_AREA_STYLE( '', ( #9700 ) );
#8121 = FILL_AREA_STYLE( '', ( #9701 ) );
#8122 = EDGE_CURVE( '', #8387, #9386, #9702, .T. );
#8123 = FILL_AREA_STYLE( '', ( #9703 ) );
#8124 = EDGE_CURVE( '', #9093, #9134, #9704, .T. );
#8125 = EDGE_CURVE( '', #9453, #9093, #9705, .T. );
#8126 = FILL_AREA_STYLE( '', ( #9706 ) );
#8127 = EDGE_CURVE( '', #9519, #9592, #9707, .T. );
#8128 = FILL_AREA_STYLE( '', ( #9708 ) );
#8129 = EDGE_CURVE( '', #8453, #9210, #9709, .T. );
#8130 = FILL_AREA_STYLE( '', ( #9710 ) );
#8131 = FILL_AREA_STYLE( '', ( #9711 ) );
#8132 = EDGE_CURVE( '', #9675, #8634, #9712, .T. );
#8133 = FILL_AREA_STYLE( '', ( #9713 ) );
#8134 = FILL_AREA_STYLE( '', ( #9714 ) );
#8135 = EDGE_CURVE( '', #9464, #9501, #9715, .T. );
#8136 = FILL_AREA_STYLE( '', ( #9716 ) );
#8137 = EDGE_CURVE( '', #8790, #9395, #9717, .T. );
#8138 = FILL_AREA_STYLE( '', ( #9718 ) );
#8139 = EDGE_CURVE( '', #9228, #9719, #9720, .T. );
#8140 = EDGE_CURVE( '', #9719, #8409, #9721, .T. );
#8141 = FILL_AREA_STYLE( '', ( #9722 ) );
#8142 = EDGE_CURVE( '', #8788, #9395, #9723, .T. );
#8143 = FILL_AREA_STYLE( '', ( #9724 ) );
#8144 = EDGE_CURVE( '', #9029, #8355, #9725, .T. );
#8145 = FILL_AREA_STYLE( '', ( #9726 ) );
#8146 = FILL_AREA_STYLE( '', ( #9727 ) );
#8147 = EDGE_CURVE( '', #8999, #8381, #9728, .T. );
#8148 = FILL_AREA_STYLE( '', ( #9729 ) );
#8149 = EDGE_CURVE( '', #8295, #8351, #9730, .T. );
#8150 = EDGE_CURVE( '', #9557, #8300, #9731, .T. );
#8151 = FILL_AREA_STYLE( '', ( #9732 ) );
#8152 = EDGE_CURVE( '', #9283, #9651, #9733, .T. );
#8153 = FILL_AREA_STYLE( '', ( #9734 ) );
#8154 = EDGE_CURVE( '', #8893, #9369, #9735, .T. );
#8155 = FILL_AREA_STYLE( '', ( #9736 ) );
#8156 = EDGE_CURVE( '', #9263, #9380, #9737, .T. );
#8157 = FILL_AREA_STYLE( '', ( #9738 ) );
#8158 = EDGE_CURVE( '', #9152, #9348, #9739, .T. );
#8159 = EDGE_CURVE( '', #9348, #9194, #9740, .T. );
#8160 = FILL_AREA_STYLE( '', ( #9741 ) );
#8161 = EDGE_CURVE( '', #8662, #9336, #9742, .T. );
#8162 = EDGE_CURVE( '', #8662, #9536, #9743, .T. );
#8163 = FILL_AREA_STYLE( '', ( #9744 ) );
#8164 = EDGE_CURVE( '', #8363, #8357, #9745, .T. );
#8165 = FILL_AREA_STYLE( '', ( #9746 ) );
#8166 = EDGE_CURVE( '', #9369, #9189, #9747, .T. );
#8167 = FILL_AREA_STYLE( '', ( #9748 ) );
#8168 = EDGE_CURVE( '', #8764, #9633, #9749, .T. );
#8169 = FILL_AREA_STYLE( '', ( #9750 ) );
#8170 = FILL_AREA_STYLE( '', ( #9751 ) );
#8171 = EDGE_CURVE( '', #9640, #9216, #9752, .T. );
#8172 = FILL_AREA_STYLE( '', ( #9753 ) );
#8173 = EDGE_CURVE( '', #9664, #9754, #9755, .T. );
#8174 = EDGE_CURVE( '', #9754, #9236, #9756, .T. );
#8175 = FILL_AREA_STYLE( '', ( #9757 ) );
#8176 = FILL_AREA_STYLE( '', ( #9758 ) );
#8177 = FILL_AREA_STYLE( '', ( #9759 ) );
#8178 = FILL_AREA_STYLE( '', ( #9760 ) );
#8179 = EDGE_CURVE( '', #8935, #8550, #9761, .T. );
#8180 = FILL_AREA_STYLE( '', ( #9762 ) );
#8181 = FILL_AREA_STYLE( '', ( #9763 ) );
#8182 = FILL_AREA_STYLE( '', ( #9764 ) );
#8183 = FILL_AREA_STYLE( '', ( #9765 ) );
#8184 = EDGE_CURVE( '', #9719, #9292, #9766, .T. );
#8185 = FILL_AREA_STYLE( '', ( #9767 ) );
#8186 = EDGE_CURVE( '', #8349, #9160, #9768, .T. );
#8187 = EDGE_CURVE( '', #9567, #9514, #9769, .T. );
#8188 = FILL_AREA_STYLE( '', ( #9770 ) );
#8189 = FILL_AREA_STYLE( '', ( #9771 ) );
#8190 = EDGE_CURVE( '', #8936, #8548, #9772, .T. );
#8191 = EDGE_CURVE( '', #8548, #9171, #9773, .T. );
#8192 = FILL_AREA_STYLE( '', ( #9774 ) );
#8193 = FILL_AREA_STYLE( '', ( #9775 ) );
#8194 = FILL_AREA_STYLE( '', ( #9776 ) );
#8195 = FILL_AREA_STYLE( '', ( #9777 ) );
#8196 = FILL_AREA_STYLE( '', ( #9778 ) );
#8197 = FILL_AREA_STYLE( '', ( #9779 ) );
#8198 = EDGE_CURVE( '', #8416, #9174, #9780, .T. );
#8199 = FILL_AREA_STYLE( '', ( #9781 ) );
#8200 = EDGE_CURVE( '', #9645, #8349, #9782, .T. );
#8201 = FILL_AREA_STYLE( '', ( #9783 ) );
#8202 = FILL_AREA_STYLE( '', ( #9784 ) );
#8203 = EDGE_CURVE( '', #8388, #9384, #9785, .T. );
#8204 = FILL_AREA_STYLE( '', ( #9786 ) );
#8205 = EDGE_CURVE( '', #9691, #8749, #9787, .T. );
#8206 = FILL_AREA_STYLE( '', ( #9788 ) );
#8207 = EDGE_CURVE( '', #8540, #9141, #9789, .T. );
#8208 = EDGE_CURVE( '', #8539, #9138, #9790, .T. );
#8209 = FILL_AREA_STYLE( '', ( #9791 ) );
#8210 = FILL_AREA_STYLE( '', ( #9792 ) );
#8211 = FILL_AREA_STYLE( '', ( #9793 ) );
#8212 = FILL_AREA_STYLE( '', ( #9794 ) );
#8213 = FILL_AREA_STYLE( '', ( #9795 ) );
#8214 = FILL_AREA_STYLE( '', ( #9796 ) );
#8215 = FILL_AREA_STYLE( '', ( #9797 ) );
#8216 = FILL_AREA_STYLE( '', ( #9798 ) );
#8217 = FILL_AREA_STYLE( '', ( #9799 ) );
#8218 = EDGE_CURVE( '', #9436, #9536, #9800, .T. );
#8219 = FILL_AREA_STYLE( '', ( #9801 ) );
#8220 = FILL_AREA_STYLE( '', ( #9802 ) );
#8221 = FILL_AREA_STYLE( '', ( #9803 ) );
#8222 = EDGE_CURVE( '', #8622, #9341, #9804, .T. );
#8223 = FILL_AREA_STYLE( '', ( #9805 ) );
#8224 = FILL_AREA_STYLE( '', ( #9806 ) );
#8225 = FILL_AREA_STYLE( '', ( #9807 ) );
#8226 = FILL_AREA_STYLE( '', ( #9808 ) );
#8227 = FILL_AREA_STYLE( '', ( #9809 ) );
#8228 = FILL_AREA_STYLE( '', ( #9810 ) );
#8229 = EDGE_CURVE( '', #9117, #8370, #9811, .T. );
#8230 = FILL_AREA_STYLE( '', ( #9812 ) );
#8231 = FILL_AREA_STYLE( '', ( #9813 ) );
#8232 = FILL_AREA_STYLE( '', ( #9814 ) );
#8233 = FILL_AREA_STYLE( '', ( #9815 ) );
#8234 = FILL_AREA_STYLE( '', ( #9816 ) );
#8235 = FILL_AREA_STYLE( '', ( #9817 ) );
#8236 = FILL_AREA_STYLE( '', ( #9818 ) );
#8237 = FILL_AREA_STYLE( '', ( #9819 ) );
#8238 = EDGE_CURVE( '', #9439, #9754, #9820, .T. );
#8239 = FILL_AREA_STYLE( '', ( #9821 ) );
#8240 = FILL_AREA_STYLE( '', ( #9822 ) );
#8241 = EDGE_CURVE( '', #9691, #8922, #9823, .T. );
#8242 = FILL_AREA_STYLE( '', ( #9824 ) );
#8243 = FILL_AREA_STYLE( '', ( #9825 ) );
#8244 = FILL_AREA_STYLE( '', ( #9826 ) );
#8245 = FILL_AREA_STYLE( '', ( #9827 ) );
#8246 = FILL_AREA_STYLE( '', ( #9828 ) );
#8247 = FILL_AREA_STYLE( '', ( #9829 ) );
#8248 = FILL_AREA_STYLE( '', ( #9830 ) );
#8249 = FILL_AREA_STYLE( '', ( #9831 ) );
#8250 = FILL_AREA_STYLE_COLOUR( '', #9832 );
#8251 = VERTEX_POINT( '', #9833 );
#8252 = VERTEX_POINT( '', #9834 );
#8253 = LINE( '', #9835, #9836 );
#8254 = VERTEX_POINT( '', #9837 );
#8255 = LINE( '', #9838, #9839 );
#8256 = VERTEX_POINT( '', #9840 );
#8257 = LINE( '', #9841, #9842 );
#8258 = VERTEX_POINT( '', #9843 );
#8259 = LINE( '', #9844, #9845 );
#8260 = VERTEX_POINT( '', #9846 );
#8261 = LINE( '', #9847, #9848 );
#8262 = VERTEX_POINT( '', #9849 );
#8263 = LINE( '', #9850, #9851 );
#8264 = VERTEX_POINT( '', #9852 );
#8265 = LINE( '', #9853, #9854 );
#8266 = LINE( '', #9855, #9856 );
#8267 = FILL_AREA_STYLE_COLOUR( '', #9857 );
#8268 = VERTEX_POINT( '', #9858 );
#8269 = VERTEX_POINT( '', #9859 );
#8270 = B_SPLINE_CURVE_WITH_KNOTS( '', 3, ( #9860, #9861, #9862, #9863 ), .UNSPECIFIED., .F., .F., ( 4, 4 ), ( 0.00000000000000, 1.00000000000000 ), .UNSPECIFIED. );
#8271 = VERTEX_POINT( '', #9864 );
#8272 = LINE( '', #9865, #9866 );
#8273 = VERTEX_POINT( '', #9867 );
#8274 = B_SPLINE_CURVE_WITH_KNOTS( '', 3, ( #9868, #9869, #9870, #9871 ), .UNSPECIFIED., .F., .F., ( 4, 4 ), ( 0.00000000000000, 1.00000000000000 ), .UNSPECIFIED. );
#8275 = LINE( '', #9872, #9873 );
#8276 = FILL_AREA_STYLE_COLOUR( '', #9874 );
#8277 = VERTEX_POINT( '', #9875 );
#8278 = VERTEX_POINT( '', #9876 );
#8279 = LINE( '', #9877, #9878 );
#8280 = VERTEX_POINT( '', #9879 );
#8281 = LINE( '', #9880, #9881 );
#8282 = VERTEX_POINT( '', #9882 );
#8283 = LINE( '', #9883, #9884 );
#8284 = LINE( '', #9885, #9886 );
#8285 = FILL_AREA_STYLE_COLOUR( '', #9887 );
#8286 = VERTEX_POINT( '', #9888 );
#8287 = VERTEX_POINT( '', #9889 );
#8288 = B_SPLINE_CURVE_WITH_KNOTS( '', 3, ( #9890, #9891, #9892, #9893 ), .UNSPECIFIED., .F., .F., ( 4, 4 ), ( 0.00000000000000, 1.00000000000000 ), .UNSPECIFIED. );
#8289 = VERTEX_POINT( '', #9894 );
#8290 = LINE( '', #9895, #9896 );
#8291 = VERTEX_POINT( '', #9897 );
#8292 = B_SPLINE_CURVE_WITH_KNOTS( '', 3, ( #9898, #9899, #9900, #9901 ), .UNSPECIFIED., .F., .F., ( 4, 4 ), ( 0.00000000000000, 1.00000000000000 ), .UNSPECIFIED. );
#8293 = LINE( '', #9902, #9903 );
#8294 = FILL_AREA_STYLE_COLOUR( '', #9904 );
#8295 = VERTEX_POINT( '', #9905 );
#8296 = VERTEX_POINT( '', #9906 );
#8297 = LINE( '', #9907, #9908 );
#8298 = VERTEX_POINT( '', #9909 );
#8299 = LINE( '', #9910, #9911 );
#8300 = VERTEX_POINT( '', #9912 );
#8301 = LINE( '', #9913, #9914 );
#8302 = LINE( '', #9915, #9916 );
#8303 = FILL_AREA_STYLE_COLOUR( '', #9917 );
#8304 = VERTEX_POINT( '', #9918 );
#8305 = VERTEX_POINT( '', #9919 );
#8306 = LINE( '', #9920, #9921 );
#8307 = VERTEX_POINT( '', #9922 );
#8308 = LINE( '', #9923, #9924 );
#8309 = VERTEX_POINT( '', #9925 );
#8310 = LINE( '', #9926, #9927 );
#8311 = LINE( '', #9928, #9929 );
#8312 = FILL_AREA_STYLE_COLOUR( '', #9930 );
#8313 = VERTEX_POINT( '', #9931 );
#8314 = VERTEX_POINT( '', #9932 );
#8315 = LINE( '', #9933, #9934 );
#8316 = VERTEX_POINT( '', #9935 );
#8317 = LINE( '', #9936, #9937 );
#8318 = VERTEX_POINT( '', #9938 );
#8319 = LINE( '', #9939, #9940 );
#8320 = LINE( '', #9941, #9942 );
#8321 = FILL_AREA_STYLE_COLOUR( '', #9943 );
#8322 = VERTEX_POINT( '', #9944 );
#8323 = B_SPLINE_CURVE_WITH_KNOTS( '', 3, ( #9945, #9946, #9947, #9948 ), .UNSPECIFIED., .F., .F., ( 4, 4 ), ( 0.00000000000000, 1.00000000000000 ), .UNSPECIFIED. );
#8324 = VERTEX_POINT( '', #9949 );
#8325 = B_SPLINE_CURVE_WITH_KNOTS( '', 3, ( #9950, #9951, #9952, #9953 ), .UNSPECIFIED., .F., .F., ( 4, 4 ), ( 0.00000000000000, 1.00000000000000 ), .UNSPECIFIED. );
#8326 = LINE( '', #9954, #9955 );
#8327 = FILL_AREA_STYLE_COLOUR( '', #9956 );
#8328 = VERTEX_POINT( '', #9957 );
#8329 = VERTEX_POINT( '', #9958 );
#8330 = B_SPLINE_CURVE_WITH_KNOTS( '', 1, ( #9959, #9960 ), .UNSPECIFIED., .F., .F., ( 2, 2 ), ( 0.00000000000000, 1.00000000000000 ), .UNSPECIFIED. );
#8331 = VERTEX_POINT( '', #9961 );
#8332 = LINE( '', #9962, #9963 );
#8333 = VERTEX_POINT( '', #9964 );
#8334 = LINE( '', #9965, #9966 );
#8335 = LINE( '', #9967, #9968 );
#8336 = FILL_AREA_STYLE_COLOUR( '', #9969 );
#8337 = VERTEX_POINT( '', #9970 );
#8338 = VERTEX_POINT( '', #9971 );
#8339 = LINE( '', #9972, #9973 );
#8340 = VERTEX_POINT( '', #9974 );
#8341 = LINE( '', #9975, #9976 );
#8342 = VERTEX_POINT( '', #9977 );
#8343 = LINE( '', #9978, #9979 );
#8344 = LINE( '', #9980, #9981 );
#8345 = FILL_AREA_STYLE_COLOUR( '', #9982 );
#8346 = VERTEX_POINT( '', #9983 );
#8347 = VERTEX_POINT( '', #9984 );
#8348 = LINE( '', #9985, #9986 );
#8349 = VERTEX_POINT( '', #9987 );
#8350 = LINE( '', #9988, #9989 );
#8351 = VERTEX_POINT( '', #9990 );
#8352 = LINE( '', #9991, #9992 );
#8353 = LINE( '', #9993, #9994 );
#8354 = FILL_AREA_STYLE_COLOUR( '', #9995 );
#8355 = VERTEX_POINT( '', #9996 );
#8356 = LINE( '', #9997, #9998 );
#8357 = VERTEX_POINT( '', #9999 );
#8358 = LINE( '', #10000, #10001 );
#8359 = LINE( '', #10002, #10003 );
#8360 = FILL_AREA_STYLE_COLOUR( '', #10004 );
#8361 = VERTEX_POINT( '', #10005 );
#8362 = LINE( '', #10006, #10007 );
#8363 = VERTEX_POINT( '', #10008 );
#8364 = LINE( '', #10009, #10010 );
#8365 = VERTEX_POINT( '', #10011 );
#8366 = LINE( '', #10012, #10013 );
#8367 = LINE( '', #10014, #10015 );
#8368 = FILL_AREA_STYLE_COLOUR( '', #10016 );
#8369 = VERTEX_POINT( '', #10017 );
#8370 = VERTEX_POINT( '', #10018 );
#8371 = LINE( '', #10019, #10020 );
#8372 = VERTEX_POINT( '', #10021 );
#8373 = LINE( '', #10022, #10023 );
#8374 = VERTEX_POINT( '', #10024 );
#8375 = LINE( '', #10025, #10026 );
#8376 = LINE( '', #10027, #10028 );
#8377 = FILL_AREA_STYLE_COLOUR( '', #10029 );
#8378 = VERTEX_POINT( '', #10030 );
#8379 = VERTEX_POINT( '', #10031 );
#8380 = LINE( '', #10032, #10033 );
#8381 = VERTEX_POINT( '', #10034 );
#8382 = LINE( '', #10035, #10036 );
#8383 = VERTEX_POINT( '', #10037 );
#8384 = LINE( '', #10038, #10039 );
#8385 = LINE( '', #10040, #10041 );
#8386 = FILL_AREA_STYLE_COLOUR( '', #10042 );
#8387 = VERTEX_POINT( '', #10043 );
#8388 = VERTEX_POINT( '', #10044 );
#8389 = B_SPLINE_CURVE_WITH_KNOTS( '', 3, ( #10045, #10046, #10047, #10048 ), .UNSPECIFIED., .F., .F., ( 4, 4 ), ( 0.00000000000000, 1.00000000000000 ), .UNSPECIFIED. );
#8390 = VERTEX_POINT( '', #10049 );
#8391 = LINE( '', #10050, #10051 );
#8392 = VERTEX_POINT( '', #10052 );
#8393 = B_SPLINE_CURVE_WITH_KNOTS( '', 3, ( #10053, #10054, #10055, #10056 ), .UNSPECIFIED., .F., .F., ( 4, 4 ), ( 0.00000000000000, 1.00000000000000 ), .UNSPECIFIED. );
#8394 = LINE( '', #10057, #10058 );
#8395 = FILL_AREA_STYLE_COLOUR( '', #10059 );
#8396 = VERTEX_POINT( '', #10060 );
#8397 = B_SPLINE_CURVE_WITH_KNOTS( '', 3, ( #10061, #10062, #10063, #10064 ), .UNSPECIFIED., .F., .F., ( 4, 4 ), ( 0.00000000000000, 1.00000000000000 ), .UNSPECIFIED. );
#8398 = LINE( '', #10065, #10066 );
#8399 = FILL_AREA_STYLE_COLOUR( '', #10067 );
#8400 = VERTEX_POINT( '', #10068 );
#8401 = VERTEX_POINT( '', #10069 );
#8402 = B_SPLINE_CURVE_WITH_KNOTS( '', 1, ( #10070, #10071 ), .UNSPECIFIED., .F., .F., ( 2, 2 ), ( 0.00000000000000, 1.00000000000000 ), .UNSPECIFIED. );
#8403 = VERTEX_POINT( '', #10072 );
#8404 = LINE( '', #10073, #10074 );
#8405 = VERTEX_POINT( '', #10075 );
#8406 = LINE( '', #10076, #10077 );
#8407 = LINE( '', #10078, #10079 );
#8408 = FILL_AREA_STYLE_COLOUR( '', #10080 );
#8409 = VERTEX_POINT( '', #10081 );
#8410 = B_SPLINE_CURVE_WITH_KNOTS( '', 3, ( #10082, #10083, #10084, #10085 ), .UNSPECIFIED., .F., .F., ( 4, 4 ), ( 0.00000000000000, 1.00000000000000 ), .UNSPECIFIED. );
#8411 = LINE( '', #10086, #10087 );
#8412 = FILL_AREA_STYLE_COLOUR( '', #10088 );
#8413 = VERTEX_POINT( '', #10089 );
#8414 = VERTEX_POINT( '', #10090 );
#8415 = B_SPLINE_CURVE_WITH_KNOTS( '', 3, ( #10091, #10092, #10093, #10094 ), .UNSPECIFIED., .F., .F., ( 4, 4 ), ( 0.00000000000000, 1.00000000000000 ), .UNSPECIFIED. );
#8416 = VERTEX_POINT( '', #10095 );
#8417 = LINE( '', #10096, #10097 );
#8418 = VERTEX_POINT( '', #10098 );
#8419 = B_SPLINE_CURVE_WITH_KNOTS( '', 3, ( #10099, #10100, #10101, #10102 ), .UNSPECIFIED., .F., .F., ( 4, 4 ), ( 0.00000000000000, 1.00000000000000 ), .UNSPECIFIED. );
#8420 = LINE( '', #10103, #10104 );
#8421 = FILL_AREA_STYLE_COLOUR( '', #10105 );
#8422 = VERTEX_POINT( '', #10106 );
#8423 = VERTEX_POINT( '', #10107 );
#8424 = B_SPLINE_CURVE_WITH_KNOTS( '', 1, ( #10108, #10109 ), .UNSPECIFIED., .F., .F., ( 2, 2 ), ( 0.00000000000000, 1.00000000000000 ), .UNSPECIFIED. );
#8425 = VERTEX_POINT( '', #10110 );
#8426 = LINE( '', #10111, #10112 );
#8427 = VERTEX_POINT( '', #10113 );
#8428 = LINE( '', #10114, #10115 );
#8429 = VERTEX_POINT( '', #10116 );
#8430 = LINE( '', #10117, #10118 );
#8431 = VERTEX_POINT( '', #10119 );
#8432 = B_SPLINE_CURVE_WITH_KNOTS( '', 1, ( #10120, #10121 ), .UNSPECIFIED., .F., .F., ( 2, 2 ), ( 0.00000000000000, 1.00000000000000 ), .UNSPECIFIED. );
#8433 = VERTEX_POINT( '', #10122 );
#8434 = B_SPLINE_CURVE_WITH_KNOTS( '', 1, ( #10123, #10124 ), .UNSPECIFIED., .F., .F., ( 2, 2 ), ( 0.00000000000000, 1.00000000000000 ), .UNSPECIFIED. );
#8435 = VERTEX_POINT( '', #10125 );
#8436 = LINE( '', #10126, #10127 );
#8437 = LINE( '', #10128, #10129 );
#8438 = FILL_AREA_STYLE_COLOUR( '', #10130 );
#8439 = VERTEX_POINT( '', #10131 );
#8440 = VERTEX_POINT( '', #10132 );
#8441 = LINE( '', #10133, #10134 );
#8442 = VERTEX_POINT( '', #10135 );
#8443 = LINE( '', #10136, #10137 );
#8444 = VERTEX_POINT( '', #10138 );
#8445 = LINE( '', #10139, #10140 );
#8446 = VERTEX_POINT( '', #10141 );
#8447 = LINE( '', #10142, #10143 );
#8448 = VERTEX_POINT( '', #10144 );
#8449 = CIRCLE( '', #10145, 0.000975000000000000 );
#8450 = LINE( '', #10146, #10147 );
#8451 = FILL_AREA_STYLE_COLOUR( '', #10148 );
#8452 = VERTEX_POINT( '', #10149 );
#8453 = VERTEX_POINT( '', #10150 );
#8454 = B_SPLINE_CURVE_WITH_KNOTS( '', 3, ( #10151, #10152, #10153, #10154 ), .UNSPECIFIED., .F., .F., ( 4, 4 ), ( 0.00000000000000, 1.00000000000000 ), .UNSPECIFIED. );
#8455 = VERTEX_POINT( '', #10155 );
#8456 = LINE( '', #10156, #10157 );
#8457 = VERTEX_POINT( '', #10158 );
#8458 = B_SPLINE_CURVE_WITH_KNOTS( '', 3, ( #10159, #10160, #10161, #10162 ), .UNSPECIFIED., .F., .F., ( 4, 4 ), ( 0.00000000000000, 1.00000000000000 ), .UNSPECIFIED. );
#8459 = LINE( '', #10163, #10164 );
#8460 = FILL_AREA_STYLE_COLOUR( '', #10165 );
#8461 = VERTEX_POINT( '', #10166 );
#8462 = VERTEX_POINT( '', #10167 );
#8463 = LINE( '', #10168, #10169 );
#8464 = CIRCLE( '', #10170, 0.000975000000000000 );
#8465 = VERTEX_POINT( '', #10171 );
#8466 = CIRCLE( '', #10172, 0.000975000000000000 );
#8467 = VERTEX_POINT( '', #10173 );
#8468 = LINE( '', #10174, #10175 );
#8469 = VERTEX_POINT( '', #10176 );
#8470 = CIRCLE( '', #10177, 0.000975000000000000 );
#8471 = CIRCLE( '', #10178, 0.000975000000000000 );
#8472 = FILL_AREA_STYLE_COLOUR( '', #10179 );
#8473 = VERTEX_POINT( '', #10180 );
#8474 = LINE( '', #10181, #10182 );
#8475 = VERTEX_POINT( '', #10183 );
#8476 = LINE( '', #10184, #10185 );
#8477 = LINE( '', #10186, #10187 );
#8478 = FILL_AREA_STYLE_COLOUR( '', #10188 );
#8479 = VERTEX_POINT( '', #10189 );
#8480 = VERTEX_POINT( '', #10190 );
#8481 = LINE( '', #10191, #10192 );
#8482 = VERTEX_POINT( '', #10193 );
#8483 = LINE( '', #10194, #10195 );
#8484 = VERTEX_POINT( '', #10196 );
#8485 = LINE( '', #10197, #10198 );
#8486 = LINE( '', #10199, #10200 );
#8487 = FILL_AREA_STYLE_COLOUR( '', #10201 );
#8488 = VERTEX_POINT( '', #10202 );
#8489 = VERTEX_POINT( '', #10203 );
#8490 = B_SPLINE_CURVE_WITH_KNOTS( '', 1, ( #10204, #10205 ), .UNSPECIFIED., .F., .F., ( 2, 2 ), ( 0.00000000000000, 1.00000000000000 ), .UNSPECIFIED. );
#8491 = VERTEX_POINT( '', #10206 );
#8492 = CIRCLE( '', #10207, 0.000975000000000000 );
#8493 = VERTEX_POINT( '', #10208 );
#8494 = LINE( '', #10209, #10210 );
#8495 = VERTEX_POINT( '', #10211 );
#8496 = LINE( '', #10212, #10213 );
#8497 = VERTEX_POINT( '', #10214 );
#8498 = LINE( '', #10215, #10216 );
#8499 = LINE( '', #10217, #10218 );
#8500 = FILL_AREA_STYLE_COLOUR( '', #10219 );
#8501 = VERTEX_POINT( '', #10220 );
#8502 = VERTEX_POINT( '', #10221 );
#8503 = LINE( '', #10222, #10223 );
#8504 = VERTEX_POINT( '', #10224 );
#8505 = LINE( '', #10225, #10226 );
#8506 = VERTEX_POINT( '', #10227 );
#8507 = LINE( '', #10228, #10229 );
#8508 = LINE( '', #10230, #10231 );
#8509 = FILL_AREA_STYLE_COLOUR( '', #10232 );
#8510 = VERTEX_POINT( '', #10233 );
#8511 = VERTEX_POINT( '', #10234 );
#8512 = LINE( '', #10235, #10236 );
#8513 = VERTEX_POINT( '', #10237 );
#8514 = LINE( '', #10238, #10239 );
#8515 = VERTEX_POINT( '', #10240 );
#8516 = LINE( '', #10241, #10242 );
#8517 = VERTEX_POINT( '', #10243 );
#8518 = LINE( '', #10244, #10245 );
#8519 = LINE( '', #10246, #10247 );
#8520 = FILL_AREA_STYLE_COLOUR( '', #10248 );
#8521 = VERTEX_POINT( '', #10249 );
#8522 = B_SPLINE_CURVE_WITH_KNOTS( '', 3, ( #10250, #10251, #10252, #10253 ), .UNSPECIFIED., .F., .F., ( 4, 4 ), ( 0.00000000000000, 1.00000000000000 ), .UNSPECIFIED. );
#8523 = VERTEX_POINT( '', #10254 );
#8524 = LINE( '', #10255, #10256 );
#8525 = B_SPLINE_CURVE_WITH_KNOTS( '', 3, ( #10257, #10258, #10259, #10260 ), .UNSPECIFIED., .F., .F., ( 4, 4 ), ( 0.00000000000000, 1.00000000000000 ), .UNSPECIFIED. );
#8526 = FILL_AREA_STYLE_COLOUR( '', #10261 );
#8527 = VERTEX_POINT( '', #10262 );
#8528 = VERTEX_POINT( '', #10263 );
#8529 = LINE( '', #10264, #10265 );
#8530 = CIRCLE( '', #10266, 0.000975000000000000 );
#8531 = VERTEX_POINT( '', #10267 );
#8532 = CIRCLE( '', #10268, 0.000975000000000000 );
#8533 = VERTEX_POINT( '', #10269 );
#8534 = LINE( '', #10270, #10271 );
#8535 = VERTEX_POINT( '', #10272 );
#8536 = CIRCLE( '', #10273, 0.000975000000000000 );
#8537 = CIRCLE( '', #10274, 0.000975000000000000 );
#8538 = FILL_AREA_STYLE_COLOUR( '', #10275 );
#8539 = VERTEX_POINT( '', #10276 );
#8540 = VERTEX_POINT( '', #10277 );
#8541 = LINE( '', #10278, #10279 );
#8542 = VERTEX_POINT( '', #10280 );
#8543 = LINE( '', #10281, #10282 );
#8544 = VERTEX_POINT( '', #10283 );
#8545 = LINE( '', #10284, #10285 );
#8546 = LINE( '', #10286, #10287 );
#8547 = FILL_AREA_STYLE_COLOUR( '', #10288 );
#8548 = VERTEX_POINT( '', #10289 );
#8549 = LINE( '', #10290, #10291 );
#8550 = VERTEX_POINT( '', #10292 );
#8551 = B_SPLINE_CURVE_WITH_KNOTS( '', 3, ( #10293, #10294, #10295, #10296 ), .UNSPECIFIED., .F., .F., ( 4, 4 ), ( 0.00000000000000, 1.00000000000000 ), .UNSPECIFIED. );
#8552 = LINE( '', #10297, #10298 );
#8553 = FILL_AREA_STYLE_COLOUR( '', #10299 );
#8554 = VERTEX_POINT( '', #10300 );
#8555 = B_SPLINE_CURVE_WITH_KNOTS( '', 3, ( #10301, #10302, #10303, #10304 ), .UNSPECIFIED., .F., .F., ( 4, 4 ), ( 0.00000000000000, 1.00000000000000 ), .UNSPECIFIED. );
#8556 = VERTEX_POINT( '', #10305 );
#8557 = B_SPLINE_CURVE_WITH_KNOTS( '', 3, ( #10306, #10307, #10308, #10309 ), .UNSPECIFIED., .F., .F., ( 4, 4 ), ( 0.00000000000000, 1.00000000000000 ), .UNSPECIFIED. );
#8558 = LINE( '', #10310, #10311 );
#8559 = FILL_AREA_STYLE_COLOUR( '', #10312 );
#8560 = VERTEX_POINT( '', #10313 );
#8561 = VERTEX_POINT( '', #10314 );
#8562 = LINE( '', #10315, #10316 );
#8563 = VERTEX_POINT( '', #10317 );
#8564 = LINE( '', #10318, #10319 );
#8565 = VERTEX_POINT( '', #10320 );
#8566 = LINE( '', #10321, #10322 );
#8567 = LINE( '', #10323, #10324 );
#8568 = FILL_AREA_STYLE_COLOUR( '', #10325 );
#8569 = VERTEX_POINT( '', #10326 );
#8570 = VERTEX_POINT( '', #10327 );
#8571 = B_SPLINE_CURVE_WITH_KNOTS( '', 3, ( #10328, #10329, #10330, #10331 ), .UNSPECIFIED., .F., .F., ( 4, 4 ), ( 0.00000000000000, 1.00000000000000 ), .UNSPECIFIED. );
#8572 = LINE( '', #10332, #10333 );
#8573 = LINE( '', #10334, #10335 );
#8574 = FILL_AREA_STYLE_COLOUR( '', #10336 );
#8575 = VERTEX_POINT( '', #10337 );
#8576 = VERTEX_POINT( '', #10338 );
#8577 = LINE( '', #10339, #10340 );
#8578 = VERTEX_POINT( '', #10341 );
#8579 = LINE( '', #10342, #10343 );
#8580 = VERTEX_POINT( '', #10344 );
#8581 = LINE( '', #10345, #10346 );
#8582 = VERTEX_POINT( '', #10347 );
#8583 = LINE( '', #10348, #10349 );
#8584 = VERTEX_POINT( '', #10350 );
#8585 = LINE( '', #10351, #10352 );
#8586 = VERTEX_POINT( '', #10353 );
#8587 = LINE( '', #10354, #10355 );
#8588 = VERTEX_POINT( '', #10356 );
#8589 = LINE( '', #10357, #10358 );
#8590 = LINE( '', #10359, #10360 );
#8591 = FILL_AREA_STYLE_COLOUR( '', #10361 );
#8592 = VERTEX_POINT( '', #10362 );
#8593 = LINE( '', #10363, #10364 );
#8594 = VERTEX_POINT( '', #10365 );
#8595 = LINE( '', #10366, #10367 );
#8596 = B_SPLINE_CURVE_WITH_KNOTS( '', 1, ( #10368, #10369 ), .UNSPECIFIED., .F., .F., ( 2, 2 ), ( 0.00000000000000, 1.00000000000000 ), .UNSPECIFIED. );
#8597 = FILL_AREA_STYLE_COLOUR( '', #10370 );
#8598 = VERTEX_POINT( '', #10371 );
#8599 = VERTEX_POINT( '', #10372 );
#8600 = B_SPLINE_CURVE_WITH_KNOTS( '', 3, ( #10373, #10374, #10375, #10376 ), .UNSPECIFIED., .F., .F., ( 4, 4 ), ( 0.00000000000000, 1.00000000000000 ), .UNSPECIFIED. );
#8601 = VERTEX_POINT( '', #10377 );
#8602 = LINE( '', #10378, #10379 );
#8603 = VERTEX_POINT( '', #10380 );
#8604 = B_SPLINE_CURVE_WITH_KNOTS( '', 3, ( #10381, #10382, #10383, #10384 ), .UNSPECIFIED., .F., .F., ( 4, 4 ), ( 0.00000000000000, 1.00000000000000 ), .UNSPECIFIED. );
#8605 = LINE( '', #10385, #10386 );
#8606 = FILL_AREA_STYLE_COLOUR( '', #10387 );
#8607 = VERTEX_POINT( '', #10388 );
#8608 = VERTEX_POINT( '', #10389 );
#8609 = LINE( '', #10390, #10391 );
#8610 = VERTEX_POINT( '', #10392 );
#8611 = LINE( '', #10393, #10394 );
#8612 = VERTEX_POINT( '', #10395 );
#8613 = LINE( '', #10396, #10397 );
#8614 = LINE( '', #10398, #10399 );
#8615 = FILL_AREA_STYLE_COLOUR( '', #10400 );
#8616 = VERTEX_POINT( '', #10401 );
#8617 = LINE( '', #10402, #10403 );
#8618 = VERTEX_POINT( '', #10404 );
#8619 = LINE( '', #10405, #10406 );
#8620 = LINE( '', #10407, #10408 );
#8621 = FILL_AREA_STYLE_COLOUR( '', #10409 );
#8622 = VERTEX_POINT( '', #10410 );
#8623 = LINE( '', #10411, #10412 );
#8624 = VERTEX_POINT( '', #10413 );
#8625 = LINE( '', #10414, #10415 );
#8626 = VERTEX_POINT( '', #10416 );
#8627 = LINE( '', #10417, #10418 );
#8628 = VERTEX_POINT( '', #10419 );
#8629 = LINE( '', #10420, #10421 );
#8630 = LINE( '', #10422, #10423 );
#8631 = FILL_AREA_STYLE_COLOUR( '', #10424 );
#8632 = VERTEX_POINT( '', #10425 );
#8633 = LINE( '', #10426, #10427 );
#8634 = VERTEX_POINT( '', #10428 );
#8635 = LINE( '', #10429, #10430 );
#8636 = LINE( '', #10431, #10432 );
#8637 = VERTEX_POINT( '', #10433 );
#8638 = LINE( '', #10434, #10435 );
#8639 = VERTEX_POINT( '', #10436 );
#8640 = LINE( '', #10437, #10438 );
#8641 = VERTEX_POINT( '', #10439 );
#8642 = LINE( '', #10440, #10441 );
#8643 = VERTEX_POINT( '', #10442 );
#8644 = LINE( '', #10443, #10444 );
#8645 = LINE( '', #10445, #10446 );
#8646 = FILL_AREA_STYLE_COLOUR( '', #10447 );
#8647 = VERTEX_POINT( '', #10448 );
#8648 = VERTEX_POINT( '', #10449 );
#8649 = LINE( '', #10450, #10451 );
#8650 = VERTEX_POINT( '', #10452 );
#8651 = LINE( '', #10453, #10454 );
#8652 = VERTEX_POINT( '', #10455 );
#8653 = LINE( '', #10456, #10457 );
#8654 = LINE( '', #10458, #10459 );
#8655 = FILL_AREA_STYLE_COLOUR( '', #10460 );
#8656 = VERTEX_POINT( '', #10461 );
#8657 = B_SPLINE_CURVE_WITH_KNOTS( '', 1, ( #10462, #10463 ), .UNSPECIFIED., .F., .F., ( 2, 2 ), ( 0.00000000000000, 1.00000000000000 ), .UNSPECIFIED. );
#8658 = VERTEX_POINT( '', #10464 );
#8659 = LINE( '', #10465, #10466 );
#8660 = LINE( '', #10467, #10468 );
#8661 = FILL_AREA_STYLE_COLOUR( '', #10469 );
#8662 = VERTEX_POINT( '', #10470 );
#8663 = LINE( '', #10471, #10472 );
#8664 = LINE( '', #10473, #10474 );
#8665 = FILL_AREA_STYLE_COLOUR( '', #10475 );
#8666 = VERTEX_POINT( '', #10476 );
#8667 = VERTEX_POINT( '', #10477 );
#8668 = LINE( '', #10478, #10479 );
#8669 = LINE( '', #10480, #10481 );
#8670 = LINE( '', #10482, #10483 );
#8671 = FILL_AREA_STYLE_COLOUR( '', #10484 );
#8672 = VERTEX_POINT( '', #10485 );
#8673 = LINE( '', #10486, #10487 );
#8674 = VERTEX_POINT( '', #10488 );
#8675 = LINE( '', #10489, #10490 );
#8676 = LINE( '', #10491, #10492 );
#8677 = FILL_AREA_STYLE_COLOUR( '', #10493 );
#8678 = VERTEX_POINT( '', #10494 );
#8679 = VERTEX_POINT( '', #10495 );
#8680 = LINE( '', #10496, #10497 );
#8681 = LINE( '', #10498, #10499 );
#8682 = LINE( '', #10500, #10501 );
#8683 = FILL_AREA_STYLE_COLOUR( '', #10502 );
#8684 = VERTEX_POINT( '', #10503 );
#8685 = B_SPLINE_CURVE_WITH_KNOTS( '', 3, ( #10504, #10505, #10506, #10507 ), .UNSPECIFIED., .F., .F., ( 4, 4 ), ( 0.00000000000000, 1.00000000000000 ), .UNSPECIFIED. );
#8686 = LINE( '', #10508, #10509 );
#8687 = LINE( '', #10510, #10511 );
#8688 = FILL_AREA_STYLE_COLOUR( '', #10512 );
#8689 = VERTEX_POINT( '', #10513 );
#8690 = LINE( '', #10514, #10515 );
#8691 = B_SPLINE_CURVE_WITH_KNOTS( '', 1, ( #10516, #10517 ), .UNSPECIFIED., .F., .F., ( 2, 2 ), ( 0.00000000000000, 1.00000000000000 ), .UNSPECIFIED. );
#8692 = FILL_AREA_STYLE_COLOUR( '', #10518 );
#8693 = VERTEX_POINT( '', #10519 );
#8694 = VERTEX_POINT( '', #10520 );
#8695 = LINE( '', #10521, #10522 );
#8696 = VERTEX_POINT( '', #10523 );
#8697 = LINE( '', #10524, #10525 );
#8698 = VERTEX_POINT( '', #10526 );
#8699 = LINE( '', #10527, #10528 );
#8700 = LINE( '', #10529, #10530 );
#8701 = FILL_AREA_STYLE_COLOUR( '', #10531 );
#8702 = VERTEX_POINT( '', #10532 );
#8703 = VERTEX_POINT( '', #10533 );
#8704 = LINE( '', #10534, #10535 );
#8705 = VERTEX_POINT( '', #10536 );
#8706 = LINE( '', #10537, #10538 );
#8707 = VERTEX_POINT( '', #10539 );
#8708 = LINE( '', #10540, #10541 );
#8709 = LINE( '', #10542, #10543 );
#8710 = FILL_AREA_STYLE_COLOUR( '', #10544 );
#8711 = VERTEX_POINT( '', #10545 );
#8712 = LINE( '', #10546, #10547 );
#8713 = LINE( '', #10548, #10549 );
#8714 = FILL_AREA_STYLE_COLOUR( '', #10550 );
#8715 = VERTEX_POINT( '', #10551 );
#8716 = VERTEX_POINT( '', #10552 );
#8717 = LINE( '', #10553, #10554 );
#8718 = VERTEX_POINT( '', #10555 );
#8719 = LINE( '', #10556, #10557 );
#8720 = VERTEX_POINT( '', #10558 );
#8721 = LINE( '', #10559, #10560 );
#8722 = LINE( '', #10561, #10562 );
#8723 = FILL_AREA_STYLE_COLOUR( '', #10563 );
#8724 = VERTEX_POINT( '', #10564 );
#8725 = VERTEX_POINT( '', #10565 );
#8726 = LINE( '', #10566, #10567 );
#8727 = B_SPLINE_CURVE_WITH_KNOTS( '', 1, ( #10568, #10569 ), .UNSPECIFIED., .F., .F., ( 2, 2 ), ( 0.00000000000000, 1.00000000000000 ), .UNSPECIFIED. );
#8728 = CIRCLE( '', #10570, 0.000975000000000000 );
#8729 = FILL_AREA_STYLE_COLOUR( '', #10571 );
#8730 = VERTEX_POINT( '', #10572 );
#8731 = LINE( '', #10573, #10574 );
#8732 = B_SPLINE_CURVE_WITH_KNOTS( '', 3, ( #10575, #10576, #10577, #10578 ), .UNSPECIFIED., .F., .F., ( 4, 4 ), ( 0.00000000000000, 1.00000000000000 ), .UNSPECIFIED. );
#8733 = LINE( '', #10579, #10580 );
#8734 = FILL_AREA_STYLE_COLOUR( '', #10581 );
#8735 = VERTEX_POINT( '', #10582 );
#8736 = VERTEX_POINT( '', #10583 );
#8737 = LINE( '', #10584, #10585 );
#8738 = VERTEX_POINT( '', #10586 );
#8739 = LINE( '', #10587, #10588 );
#8740 = VERTEX_POINT( '', #10589 );
#8741 = LINE( '', #10590, #10591 );
#8742 = LINE( '', #10592, #10593 );
#8743 = FILL_AREA_STYLE_COLOUR( '', #10594 );
#8744 = VERTEX_POINT( '', #10595 );
#8745 = VERTEX_POINT( '', #10596 );
#8746 = B_SPLINE_CURVE_WITH_KNOTS( '', 3, ( #10597, #10598, #10599, #10600 ), .UNSPECIFIED., .F., .F., ( 4, 4 ), ( 0.00000000000000, 1.00000000000000 ), .UNSPECIFIED. );
#8747 = VERTEX_POINT( '', #10601 );
#8748 = LINE( '', #10602, #10603 );
#8749 = VERTEX_POINT( '', #10604 );
#8750 = B_SPLINE_CURVE_WITH_KNOTS( '', 3, ( #10605, #10606, #10607, #10608 ), .UNSPECIFIED., .F., .F., ( 4, 4 ), ( 0.00000000000000, 1.00000000000000 ), .UNSPECIFIED. );
#8751 = LINE( '', #10609, #10610 );
#8752 = FILL_AREA_STYLE_COLOUR( '', #10611 );
#8753 = VERTEX_POINT( '', #10612 );
#8754 = LINE( '', #10613, #10614 );
#8755 = VERTEX_POINT( '', #10615 );
#8756 = LINE( '', #10616, #10617 );
#8757 = LINE( '', #10618, #10619 );
#8758 = FILL_AREA_STYLE_COLOUR( '', #10620 );
#8759 = VERTEX_POINT( '', #10621 );
#8760 = VERTEX_POINT( '', #10622 );
#8761 = LINE( '', #10623, #10624 );
#8762 = VERTEX_POINT( '', #10625 );
#8763 = LINE( '', #10626, #10627 );
#8764 = VERTEX_POINT( '', #10628 );
#8765 = LINE( '', #10629, #10630 );
#8766 = LINE( '', #10631, #10632 );
#8767 = FILL_AREA_STYLE_COLOUR( '', #10633 );
#8768 = VERTEX_POINT( '', #10634 );
#8769 = LINE( '', #10635, #10636 );
#8770 = VERTEX_POINT( '', #10637 );
#8771 = LINE( '', #10638, #10639 );
#8772 = LINE( '', #10640, #10641 );
#8773 = FILL_AREA_STYLE_COLOUR( '', #10642 );
#8774 = VERTEX_POINT( '', #10643 );
#8775 = LINE( '', #10644, #10645 );
#8776 = CIRCLE( '', #10646, 0.000975000000000000 );
#8777 = FILL_AREA_STYLE_COLOUR( '', #10647 );
#8778 = VERTEX_POINT( '', #10648 );
#8779 = LINE( '', #10649, #10650 );
#8780 = VERTEX_POINT( '', #10651 );
#8781 = LINE( '', #10652, #10653 );
#8782 = VERTEX_POINT( '', #10654 );
#8783 = LINE( '', #10655, #10656 );
#8784 = VERTEX_POINT( '', #10657 );
#8785 = LINE( '', #10658, #10659 );
#8786 = VERTEX_POINT( '', #10660 );
#8787 = LINE( '', #10661, #10662 );
#8788 = VERTEX_POINT( '', #10663 );
#8789 = LINE( '', #10664, #10665 );
#8790 = VERTEX_POINT( '', #10666 );
#8791 = LINE( '', #10667, #10668 );
#8792 = VERTEX_POINT( '', #10669 );
#8793 = LINE( '', #10670, #10671 );
#8794 = VERTEX_POINT( '', #10672 );
#8795 = LINE( '', #10673, #10674 );
#8796 = VERTEX_POINT( '', #10675 );
#8797 = LINE( '', #10676, #10677 );
#8798 = VERTEX_POINT( '', #10678 );
#8799 = LINE( '', #10679, #10680 );
#8800 = VERTEX_POINT( '', #10681 );
#8801 = LINE( '', #10682, #10683 );
#8802 = VERTEX_POINT( '', #10684 );
#8803 = LINE( '', #10685, #10686 );
#8804 = LINE( '', #10687, #10688 );
#8805 = VERTEX_POINT( '', #10689 );
#8806 = LINE( '', #10690, #10691 );
#8807 = LINE( '', #10692, #10693 );
#8808 = VERTEX_POINT( '', #10694 );
#8809 = LINE( '', #10695, #10696 );
#8810 = VERTEX_POINT( '', #10697 );
#8811 = LINE( '', #10698, #10699 );
#8812 = VERTEX_POINT( '', #10700 );
#8813 = LINE( '', #10701, #10702 );
#8814 = VERTEX_POINT( '', #10703 );
#8815 = LINE( '', #10704, #10705 );
#8816 = VERTEX_POINT( '', #10706 );
#8817 = LINE( '', #10707, #10708 );
#8818 = LINE( '', #10709, #10710 );
#8819 = VERTEX_POINT( '', #10711 );
#8820 = LINE( '', #10712, #10713 );
#8821 = VERTEX_POINT( '', #10714 );
#8822 = LINE( '', #10715, #10716 );
#8823 = VERTEX_POINT( '', #10717 );
#8824 = LINE( '', #10718, #10719 );
#8825 = LINE( '', #10720, #10721 );
#8826 = VERTEX_POINT( '', #10722 );
#8827 = LINE( '', #10723, #10724 );
#8828 = VERTEX_POINT( '', #10725 );
#8829 = LINE( '', #10726, #10727 );
#8830 = VERTEX_POINT( '', #10728 );
#8831 = LINE( '', #10729, #10730 );
#8832 = LINE( '', #10731, #10732 );
#8833 = VERTEX_POINT( '', #10733 );
#8834 = LINE( '', #10734, #10735 );
#8835 = VERTEX_POINT( '', #10736 );
#8836 = LINE( '', #10737, #10738 );
#8837 = VERTEX_POINT( '', #10739 );
#8838 = LINE( '', #10740, #10741 );
#8839 = VERTEX_POINT( '', #10742 );
#8840 = LINE( '', #10743, #10744 );
#8841 = VERTEX_POINT( '', #10745 );
#8842 = LINE( '', #10746, #10747 );
#8843 = VERTEX_POINT( '', #10748 );
#8844 = LINE( '', #10749, #10750 );
#8845 = VERTEX_POINT( '', #10751 );
#8846 = LINE( '', #10752, #10753 );
#8847 = VERTEX_POINT( '', #10754 );
#8848 = LINE( '', #10755, #10756 );
#8849 = VERTEX_POINT( '', #10757 );
#8850 = LINE( '', #10758, #10759 );
#8851 = VERTEX_POINT( '', #10760 );
#8852 = LINE( '', #10761, #10762 );
#8853 = VERTEX_POINT( '', #10763 );
#8854 = LINE( '', #10764, #10765 );
#8855 = VERTEX_POINT( '', #10766 );
#8856 = LINE( '', #10767, #10768 );
#8857 = VERTEX_POINT( '', #10769 );
#8858 = LINE( '', #10770, #10771 );
#8859 = VERTEX_POINT( '', #10772 );
#8860 = LINE( '', #10773, #10774 );
#8861 = VERTEX_POINT( '', #10775 );
#8862 = LINE( '', #10776, #10777 );
#8863 = LINE( '', #10778, #10779 );
#8864 = VERTEX_POINT( '', #10780 );
#8865 = LINE( '', #10781, #10782 );
#8866 = VERTEX_POINT( '', #10783 );
#8867 = LINE( '', #10784, #10785 );
#8868 = VERTEX_POINT( '', #10786 );
#8869 = LINE( '', #10787, #10788 );
#8870 = VERTEX_POINT( '', #10789 );
#8871 = LINE( '', #10790, #10791 );
#8872 = VERTEX_POINT( '', #10792 );
#8873 = LINE( '', #10793, #10794 );
#8874 = LINE( '', #10795, #10796 );
#8875 = VERTEX_POINT( '', #10797 );
#8876 = LINE( '', #10798, #10799 );
#8877 = VERTEX_POINT( '', #10800 );
#8878 = LINE( '', #10801, #10802 );
#8879 = VERTEX_POINT( '', #10803 );
#8880 = LINE( '', #10804, #10805 );
#8881 = VERTEX_POINT( '', #10806 );
#8882 = LINE( '', #10807, #10808 );
#8883 = VERTEX_POINT( '', #10809 );
#8884 = LINE( '', #10810, #10811 );
#8885 = LINE( '', #10812, #10813 );
#8886 = VERTEX_POINT( '', #10814 );
#8887 = LINE( '', #10815, #10816 );
#8888 = VERTEX_POINT( '', #10817 );
#8889 = LINE( '', #10818, #10819 );
#8890 = LINE( '', #10820, #10821 );
#8891 = LINE( '', #10822, #10823 );
#8892 = FILL_AREA_STYLE_COLOUR( '', #10824 );
#8893 = VERTEX_POINT( '', #10825 );
#8894 = B_SPLINE_CURVE_WITH_KNOTS( '', 3, ( #10826, #10827, #10828, #10829 ), .UNSPECIFIED., .F., .F., ( 4, 4 ), ( 0.00000000000000, 1.00000000000000 ), .UNSPECIFIED. );
#8895 = LINE( '', #10830, #10831 );
#8896 = B_SPLINE_CURVE_WITH_KNOTS( '', 3, ( #10832, #10833, #10834, #10835 ), .UNSPECIFIED., .F., .F., ( 4, 4 ), ( 0.00000000000000, 1.00000000000000 ), .UNSPECIFIED. );
#8897 = FILL_AREA_STYLE_COLOUR( '', #10836 );
#8898 = LINE( '', #10837, #10838 );
#8899 = FILL_AREA_STYLE_COLOUR( '', #10839 );
#8900 = VERTEX_POINT( '', #10840 );
#8901 = LINE( '', #10841, #10842 );
#8902 = LINE( '', #10843, #10844 );
#8903 = FILL_AREA_STYLE_COLOUR( '', #10845 );
#8904 = VERTEX_POINT( '', #10846 );
#8905 = CIRCLE( '', #10847, 0.000975000000000000 );
#8906 = VERTEX_POINT( '', #10848 );
#8907 = CIRCLE( '', #10849, 0.000975000000000000 );
#8908 = VERTEX_POINT( '', #10850 );
#8909 = LINE( '', #10851, #10852 );
#8910 = VERTEX_POINT( '', #10853 );
#8911 = CIRCLE( '', #10854, 0.000975000000000000 );
#8912 = CIRCLE( '', #10855, 0.000975000000000000 );
#8913 = FILL_AREA_STYLE_COLOUR( '', #10856 );
#8914 = VERTEX_POINT( '', #10857 );
#8915 = LINE( '', #10858, #10859 );
#8916 = VERTEX_POINT( '', #10860 );
#8917 = LINE( '', #10861, #10862 );
#8918 = B_SPLINE_CURVE_WITH_KNOTS( '', 1, ( #10863, #10864 ), .UNSPECIFIED., .F., .F., ( 2, 2 ), ( 0.00000000000000, 1.00000000000000 ), .UNSPECIFIED. );
#8919 = FILL_AREA_STYLE_COLOUR( '', #10865 );
#8920 = VERTEX_POINT( '', #10866 );
#8921 = LINE( '', #10867, #10868 );
#8922 = VERTEX_POINT( '', #10869 );
#8923 = LINE( '', #10870, #10871 );
#8924 = LINE( '', #10872, #10873 );
#8925 = FILL_AREA_STYLE_COLOUR( '', #10874 );
#8926 = VERTEX_POINT( '', #10875 );
#8927 = VERTEX_POINT( '', #10876 );
#8928 = LINE( '', #10877, #10878 );
#8929 = VERTEX_POINT( '', #10879 );
#8930 = LINE( '', #10880, #10881 );
#8931 = VERTEX_POINT( '', #10882 );
#8932 = LINE( '', #10883, #10884 );
#8933 = LINE( '', #10885, #10886 );
#8934 = FILL_AREA_STYLE_COLOUR( '', #10887 );
#8935 = VERTEX_POINT( '', #10888 );
#8936 = VERTEX_POINT( '', #10889 );
#8937 = B_SPLINE_CURVE_WITH_KNOTS( '', 3, ( #10890, #10891, #10892, #10893 ), .UNSPECIFIED., .F., .F., ( 4, 4 ), ( 0.00000000000000, 1.00000000000000 ), .UNSPECIFIED. );
#8938 = LINE( '', #10894, #10895 );
#8939 = LINE( '', #10896, #10897 );
#8940 = FILL_AREA_STYLE_COLOUR( '', #10898 );
#8941 = LINE( '', #10899, #10900 );
#8942 = LINE( '', #10901, #10902 );
#8943 = FILL_AREA_STYLE_COLOUR( '', #10903 );
#8944 = VERTEX_POINT( '', #10904 );
#8945 = LINE( '', #10905, #10906 );
#8946 = VERTEX_POINT( '', #10907 );
#8947 = LINE( '', #10908, #10909 );
#8948 = B_SPLINE_CURVE_WITH_KNOTS( '', 1, ( #10910, #10911 ), .UNSPECIFIED., .F., .F., ( 2, 2 ), ( 0.00000000000000, 1.00000000000000 ), .UNSPECIFIED. );
#8949 = B_SPLINE_CURVE_WITH_KNOTS( '', 1, ( #10912, #10913 ), .UNSPECIFIED., .F., .F., ( 2, 2 ), ( 0.00000000000000, 1.00000000000000 ), .UNSPECIFIED. );
#8950 = FILL_AREA_STYLE_COLOUR( '', #10914 );
#8951 = VERTEX_POINT( '', #10915 );
#8952 = B_SPLINE_CURVE_WITH_KNOTS( '', 3, ( #10916, #10917, #10918, #10919 ), .UNSPECIFIED., .F., .F., ( 4, 4 ), ( 0.00000000000000, 1.00000000000000 ), .UNSPECIFIED. );
#8953 = LINE( '', #10920, #10921 );
#8954 = FILL_AREA_STYLE_COLOUR( '', #10922 );
#8955 = VERTEX_POINT( '', #10923 );
#8956 = LINE( '', #10924, #10925 );
#8957 = LINE( '', #10926, #10927 );
#8958 = FILL_AREA_STYLE_COLOUR( '', #10928 );
#8959 = VERTEX_POINT( '', #10929 );
#8960 = VERTEX_POINT( '', #10930 );
#8961 = LINE( '', #10931, #10932 );
#8962 = LINE( '', #10933, #10934 );
#8963 = LINE( '', #10935, #10936 );
#8964 = FILL_AREA_STYLE_COLOUR( '', #10937 );
#8965 = VERTEX_POINT( '', #10938 );
#8966 = VERTEX_POINT( '', #10939 );
#8967 = LINE( '', #10940, #10941 );
#8968 = VERTEX_POINT( '', #10942 );
#8969 = LINE( '', #10943, #10944 );
#8970 = VERTEX_POINT( '', #10945 );
#8971 = LINE( '', #10946, #10947 );
#8972 = LINE( '', #10948, #10949 );
#8973 = FILL_AREA_STYLE_COLOUR( '', #10950 );
#8974 = VERTEX_POINT( '', #10951 );
#8975 = VERTEX_POINT( '', #10952 );
#8976 = LINE( '', #10953, #10954 );
#8977 = LINE( '', #10955, #10956 );
#8978 = LINE( '', #10957, #10958 );
#8979 = FILL_AREA_STYLE_COLOUR( '', #10959 );
#8980 = VERTEX_POINT( '', #10960 );
#8981 = VERTEX_POINT( '', #10961 );
#8982 = B_SPLINE_CURVE_WITH_KNOTS( '', 3, ( #10962, #10963, #10964, #10965 ), .UNSPECIFIED., .F., .F., ( 4, 4 ), ( 0.00000000000000, 1.00000000000000 ), .UNSPECIFIED. );
#8983 = LINE( '', #10966, #10967 );
#8984 = VERTEX_POINT( '', #10968 );
#8985 = B_SPLINE_CURVE_WITH_KNOTS( '', 3, ( #10969, #10970, #10971, #10972 ), .UNSPECIFIED., .F., .F., ( 4, 4 ), ( 0.00000000000000, 1.00000000000000 ), .UNSPECIFIED. );
#8986 = LINE( '', #10973, #10974 );
#8987 = FILL_AREA_STYLE_COLOUR( '', #10975 );
#8988 = VERTEX_POINT( '', #10976 );
#8989 = B_SPLINE_CURVE_WITH_KNOTS( '', 3, ( #10977, #10978, #10979, #10980 ), .UNSPECIFIED., .F., .F., ( 4, 4 ), ( 0.00000000000000, 1.00000000000000 ), .UNSPECIFIED. );
#8990 = VERTEX_POINT( '', #10981 );
#8991 = LINE( '', #10982, #10983 );
#8992 = B_SPLINE_CURVE_WITH_KNOTS( '', 3, ( #10984, #10985, #10986, #10987 ), .UNSPECIFIED., .F., .F., ( 4, 4 ), ( 0.00000000000000, 1.00000000000000 ), .UNSPECIFIED. );
#8993 = FILL_AREA_STYLE_COLOUR( '', #10988 );
#8994 = VERTEX_POINT( '', #10989 );
#8995 = LINE( '', #10990, #10991 );
#8996 = LINE( '', #10992, #10993 );
#8997 = FILL_AREA_STYLE_COLOUR( '', #10994 );
#8998 = VERTEX_POINT( '', #10995 );
#8999 = VERTEX_POINT( '', #10996 );
#9000 = LINE( '', #10997, #10998 );
#9001 = LINE( '', #10999, #11000 );
#9002 = LINE( '', #11001, #11002 );
#9003 = FILL_AREA_STYLE_COLOUR( '', #11003 );
#9004 = VERTEX_POINT( '', #11004 );
#9005 = VERTEX_POINT( '', #11005 );
#9006 = LINE( '', #11006, #11007 );
#9007 = LINE( '', #11008, #11009 );
#9008 = VERTEX_POINT( '', #11010 );
#9009 = LINE( '', #11011, #11012 );
#9010 = VERTEX_POINT( '', #11013 );
#9011 = LINE( '', #11014, #11015 );
#9012 = LINE( '', #11016, #11017 );
#9013 = FILL_AREA_STYLE_COLOUR( '', #11018 );
#9014 = FILL_AREA_STYLE_COLOUR( '', #11019 );
#9015 = VERTEX_POINT( '', #11020 );
#9016 = VERTEX_POINT( '', #11021 );
#9017 = LINE( '', #11022, #11023 );
#9018 = VERTEX_POINT( '', #11024 );
#9019 = LINE( '', #11025, #11026 );
#9020 = VERTEX_POINT( '', #11027 );
#9021 = LINE( '', #11028, #11029 );
#9022 = LINE( '', #11030, #11031 );
#9023 = FILL_AREA_STYLE_COLOUR( '', #11032 );
#9024 = VERTEX_POINT( '', #11033 );
#9025 = LINE( '', #11034, #11035 );
#9026 = LINE( '', #11036, #11037 );
#9027 = FILL_AREA_STYLE_COLOUR( '', #11038 );
#9028 = CIRCLE( '', #11039, 0.000975000000000000 );
#9029 = VERTEX_POINT( '', #11040 );
#9030 = LINE( '', #11041, #11042 );
#9031 = VERTEX_POINT( '', #11043 );
#9032 = LINE( '', #11044, #11045 );
#9033 = VERTEX_POINT( '', #11046 );
#9034 = LINE( '', #11047, #11048 );
#9035 = LINE( '', #11049, #11050 );
#9036 = FILL_AREA_STYLE_COLOUR( '', #11051 );
#9037 = VERTEX_POINT( '', #11052 );
#9038 = VERTEX_POINT( '', #11053 );
#9039 = LINE( '', #11054, #11055 );
#9040 = VERTEX_POINT( '', #11056 );
#9041 = LINE( '', #11057, #11058 );
#9042 = VERTEX_POINT( '', #11059 );
#9043 = LINE( '', #11060, #11061 );
#9044 = LINE( '', #11062, #11063 );
#9045 = FILL_AREA_STYLE_COLOUR( '', #11064 );
#9046 = LINE( '', #11065, #11066 );
#9047 = FILL_AREA_STYLE_COLOUR( '', #11067 );
#9048 = VERTEX_POINT( '', #11068 );
#9049 = LINE( '', #11069, #11070 );
#9050 = VERTEX_POINT( '', #11071 );
#9051 = LINE( '', #11072, #11073 );
#9052 = LINE( '', #11074, #11075 );
#9053 = FILL_AREA_STYLE_COLOUR( '', #11076 );
#9054 = VERTEX_POINT( '', #11077 );
#9055 = LINE( '', #11078, #11079 );
#9056 = LINE( '', #11080, #11081 );
#9057 = VERTEX_POINT( '', #11082 );
#9058 = LINE( '', #11083, #11084 );
#9059 = LINE( '', #11085, #11086 );
#9060 = FILL_AREA_STYLE_COLOUR( '', #11087 );
#9061 = VERTEX_POINT( '', #11088 );
#9062 = VERTEX_POINT( '', #11089 );
#9063 = LINE( '', #11090, #11091 );
#9064 = LINE( '', #11092, #11093 );
#9065 = VERTEX_POINT( '', #11094 );
#9066 = LINE( '', #11095, #11096 );
#9067 = LINE( '', #11097, #11098 );
#9068 = FILL_AREA_STYLE_COLOUR( '', #11099 );
#9069 = VERTEX_POINT( '', #11100 );
#9070 = VERTEX_POINT( '', #11101 );
#9071 = B_SPLINE_CURVE_WITH_KNOTS( '', 1, ( #11102, #11103 ), .UNSPECIFIED., .F., .F., ( 2, 2 ), ( 0.00000000000000, 1.00000000000000 ), .UNSPECIFIED. );
#9072 = VERTEX_POINT( '', #11104 );
#9073 = CIRCLE( '', #11105, 0.000975000000000000 );
#9074 = VERTEX_POINT( '', #11106 );
#9075 = LINE( '', #11107, #11108 );
#9076 = LINE( '', #11109, #11110 );
#9077 = VERTEX_POINT( '', #11111 );
#9078 = LINE( '', #11112, #11113 );
#9079 = LINE( '', #11114, #11115 );
#9080 = FILL_AREA_STYLE_COLOUR( '', #11116 );
#9081 = VERTEX_POINT( '', #11117 );
#9082 = VERTEX_POINT( '', #11118 );
#9083 = B_SPLINE_CURVE_WITH_KNOTS( '', 3, ( #11119, #11120, #11121, #11122 ), .UNSPECIFIED., .F., .F., ( 4, 4 ), ( 0.00000000000000, 1.00000000000000 ), .UNSPECIFIED. );
#9084 = VERTEX_POINT( '', #11123 );
#9085 = LINE( '', #11124, #11125 );
#9086 = VERTEX_POINT( '', #11126 );
#9087 = B_SPLINE_CURVE_WITH_KNOTS( '', 3, ( #11127, #11128, #11129, #11130 ), .UNSPECIFIED., .F., .F., ( 4, 4 ), ( 0.00000000000000, 1.00000000000000 ), .UNSPECIFIED. );
#9088 = LINE( '', #11131, #11132 );
#9089 = FILL_AREA_STYLE_COLOUR( '', #11133 );
#9090 = LINE( '', #11134, #11135 );
#9091 = LINE( '', #11136, #11137 );
#9092 = FILL_AREA_STYLE_COLOUR( '', #11138 );
#9093 = VERTEX_POINT( '', #11139 );
#9094 = LINE( '', #11140, #11141 );
#9095 = CIRCLE( '', #11142, 0.000975000000000000 );
#9096 = FILL_AREA_STYLE_COLOUR( '', #11143 );
#9097 = LINE( '', #11144, #11145 );
#9098 = VERTEX_POINT( '', #11146 );
#9099 = LINE( '', #11147, #11148 );
#9100 = VERTEX_POINT( '', #11149 );
#9101 = LINE( '', #11150, #11151 );
#9102 = VERTEX_POINT( '', #11152 );
#9103 = LINE( '', #11153, #11154 );
#9104 = VERTEX_POINT( '', #11155 );
#9105 = LINE( '', #11156, #11157 );
#9106 = VERTEX_POINT( '', #11158 );
#9107 = LINE( '', #11159, #11160 );
#9108 = LINE( '', #11161, #11162 );
#9109 = VERTEX_POINT( '', #11163 );
#9110 = LINE( '', #11164, #11165 );
#9111 = LINE( '', #11166, #11167 );
#9112 = VERTEX_POINT( '', #11168 );
#9113 = LINE( '', #11169, #11170 );
#9114 = VERTEX_POINT( '', #11171 );
#9115 = LINE( '', #11172, #11173 );
#9116 = LINE( '', #11174, #11175 );
#9117 = VERTEX_POINT( '', #11176 );
#9118 = LINE( '', #11177, #11178 );
#9119 = LINE( '', #11179, #11180 );
#9120 = VERTEX_POINT( '', #11181 );
#9121 = LINE( '', #11182, #11183 );
#9122 = LINE( '', #11184, #11185 );
#9123 = VERTEX_POINT( '', #11186 );
#9124 = LINE( '', #11187, #11188 );
#9125 = VERTEX_POINT( '', #11189 );
#9126 = LINE( '', #11190, #11191 );
#9127 = LINE( '', #11192, #11193 );
#9128 = LINE( '', #11194, #11195 );
#9129 = LINE( '', #11196, #11197 );
#9130 = LINE( '', #11198, #11199 );
#9131 = LINE( '', #11200, #11201 );
#9132 = LINE( '', #11202, #11203 );
#9133 = FILL_AREA_STYLE_COLOUR( '', #11204 );
#9134 = VERTEX_POINT( '', #11205 );
#9135 = LINE( '', #11206, #11207 );
#9136 = LINE( '', #11208, #11209 );
#9137 = FILL_AREA_STYLE_COLOUR( '', #11210 );
#9138 = VERTEX_POINT( '', #11211 );
#9139 = VERTEX_POINT( '', #11212 );
#9140 = LINE( '', #11213, #11214 );
#9141 = VERTEX_POINT( '', #11215 );
#9142 = LINE( '', #11216, #11217 );
#9143 = VERTEX_POINT( '', #11218 );
#9144 = LINE( '', #11219, #11220 );
#9145 = LINE( '', #11221, #11222 );
#9146 = FILL_AREA_STYLE_COLOUR( '', #11223 );
#9147 = VERTEX_POINT( '', #11224 );
#9148 = LINE( '', #11225, #11226 );
#9149 = LINE( '', #11227, #11228 );
#9150 = FILL_AREA_STYLE_COLOUR( '', #11229 );
#9151 = VERTEX_POINT( '', #11230 );
#9152 = VERTEX_POINT( '', #11231 );
#9153 = B_SPLINE_CURVE_WITH_KNOTS( '', 3, ( #11232, #11233, #11234, #11235 ), .UNSPECIFIED., .F., .F., ( 4, 4 ), ( 0.00000000000000, 1.00000000000000 ), .UNSPECIFIED. );
#9154 = LINE( '', #11236, #11237 );
#9155 = LINE( '', #11238, #11239 );
#9156 = FILL_AREA_STYLE_COLOUR( '', #11240 );
#9157 = LINE( '', #11241, #11242 );
#9158 = LINE( '', #11243, #11244 );
#9159 = FILL_AREA_STYLE_COLOUR( '', #11245 );
#9160 = VERTEX_POINT( '', #11246 );
#9161 = LINE( '', #11247, #11248 );
#9162 = VERTEX_POINT( '', #11249 );
#9163 = LINE( '', #11250, #11251 );
#9164 = LINE( '', #11252, #11253 );
#9165 = VERTEX_POINT( '', #11254 );
#9166 = LINE( '', #11255, #11256 );
#9167 = LINE( '', #11257, #11258 );
#9168 = VERTEX_POINT( '', #11259 );
#9169 = LINE( '', #11260, #11261 );
#9170 = LINE( '', #11262, #11263 );
#9171 = VERTEX_POINT( '', #11264 );
#9172 = VERTEX_POINT( '', #11265 );
#9173 = LINE( '', #11266, #11267 );
#9174 = VERTEX_POINT( '', #11268 );
#9175 = LINE( '', #11269, #11270 );
#9176 = VERTEX_POINT( '', #11271 );
#9177 = LINE( '', #11272, #11273 );
#9178 = LINE( '', #11274, #11275 );
#9179 = VERTEX_POINT( '', #11276 );
#9180 = VERTEX_POINT( '', #11277 );
#9181 = LINE( '', #11278, #11279 );
#9182 = LINE( '', #11280, #11281 );
#9183 = LINE( '', #11282, #11283 );
#9184 = VERTEX_POINT( '', #11284 );
#9185 = LINE( '', #11285, #11286 );
#9186 = VERTEX_POINT( '', #11287 );
#9187 = LINE( '', #11288, #11289 );
#9188 = LINE( '', #11290, #11291 );
#9189 = VERTEX_POINT( '', #11292 );
#9190 = VERTEX_POINT( '', #11293 );
#9191 = LINE( '', #11294, #11295 );
#9192 = LINE( '', #11296, #11297 );
#9193 = LINE( '', #11298, #11299 );
#9194 = VERTEX_POINT( '', #11300 );
#9195 = LINE( '', #11301, #11302 );
#9196 = VERTEX_POINT( '', #11303 );
#9197 = LINE( '', #11304, #11305 );
#9198 = LINE( '', #11306, #11307 );
#9199 = VERTEX_POINT( '', #11308 );
#9200 = LINE( '', #11309, #11310 );
#9201 = LINE( '', #11311, #11312 );
#9202 = VERTEX_POINT( '', #11313 );
#9203 = VERTEX_POINT( '', #11314 );
#9204 = LINE( '', #11315, #11316 );
#9205 = LINE( '', #11317, #11318 );
#9206 = LINE( '', #11319, #11320 );
#9207 = VERTEX_POINT( '', #11321 );
#9208 = VERTEX_POINT( '', #11322 );
#9209 = LINE( '', #11323, #11324 );
#9210 = VERTEX_POINT( '', #11325 );
#9211 = LINE( '', #11326, #11327 );
#9212 = VERTEX_POINT( '', #11328 );
#9213 = LINE( '', #11329, #11330 );
#9214 = LINE( '', #11331, #11332 );
#9215 = FILL_AREA_STYLE_COLOUR( '', #11333 );
#9216 = VERTEX_POINT( '', #11334 );
#9217 = VERTEX_POINT( '', #11335 );
#9218 = LINE( '', #11336, #11337 );
#9219 = LINE( '', #11338, #11339 );
#9220 = LINE( '', #11340, #11341 );
#9221 = FILL_AREA_STYLE_COLOUR( '', #11342 );
#9222 = VERTEX_POINT( '', #11343 );
#9223 = LINE( '', #11344, #11345 );
#9224 = VERTEX_POINT( '', #11346 );
#9225 = LINE( '', #11347, #11348 );
#9226 = LINE( '', #11349, #11350 );
#9227 = FILL_AREA_STYLE_COLOUR( '', #11351 );
#9228 = VERTEX_POINT( '', #11352 );
#9229 = LINE( '', #11353, #11354 );
#9230 = CIRCLE( '', #11355, 0.000975000000000000 );
#9231 = FILL_AREA_STYLE_COLOUR( '', #11356 );
#9232 = CIRCLE( '', #11357, 0.000975000000000000 );
#9233 = LINE( '', #11358, #11359 );
#9234 = FILL_AREA_STYLE_COLOUR( '', #11360 );
#9235 = VERTEX_POINT( '', #11361 );
#9236 = VERTEX_POINT( '', #11362 );
#9237 = LINE( '', #11363, #11364 );
#9238 = LINE( '', #11365, #11366 );
#9239 = LINE( '', #11367, #11368 );
#9240 = FILL_AREA_STYLE_COLOUR( '', #11369 );
#9241 = VERTEX_POINT( '', #11370 );
#9242 = VERTEX_POINT( '', #11371 );
#9243 = LINE( '', #11372, #11373 );
#9244 = VERTEX_POINT( '', #11374 );
#9245 = LINE( '', #11375, #11376 );
#9246 = B_SPLINE_CURVE_WITH_KNOTS( '', 1, ( #11377, #11378 ), .UNSPECIFIED., .F., .F., ( 2, 2 ), ( 0.00000000000000, 1.00000000000000 ), .UNSPECIFIED. );
#9247 = B_SPLINE_CURVE_WITH_KNOTS( '', 1, ( #11379, #11380 ), .UNSPECIFIED., .F., .F., ( 2, 2 ), ( 0.00000000000000, 1.00000000000000 ), .UNSPECIFIED. );
#9248 = FILL_AREA_STYLE_COLOUR( '', #11381 );
#9249 = VERTEX_POINT( '', #11382 );
#9250 = LINE( '', #11383, #11384 );
#9251 = VERTEX_POINT( '', #11385 );
#9252 = LINE( '', #11386, #11387 );
#9253 = VERTEX_POINT( '', #11388 );
#9254 = CIRCLE( '', #11389, 0.000975000000000000 );
#9255 = VERTEX_POINT( '', #11390 );
#9256 = B_SPLINE_CURVE_WITH_KNOTS( '', 1, ( #11391, #11392 ), .UNSPECIFIED., .F., .F., ( 2, 2 ), ( 0.00000000000000, 1.00000000000000 ), .UNSPECIFIED. );
#9257 = LINE( '', #11393, #11394 );
#9258 = FILL_AREA_STYLE_COLOUR( '', #11395 );
#9259 = LINE( '', #11396, #11397 );
#9260 = FILL_AREA_STYLE_COLOUR( '', #11398 );
#9261 = LINE( '', #11399, #11400 );
#9262 = FILL_AREA_STYLE_COLOUR( '', #11401 );
#9263 = VERTEX_POINT( '', #11402 );
#9264 = LINE( '', #11403, #11404 );
#9265 = LINE( '', #11405, #11406 );
#9266 = FILL_AREA_STYLE_COLOUR( '', #11407 );
#9267 = CIRCLE( '', #11408, 0.000975000000000000 );
#9268 = B_SPLINE_CURVE_WITH_KNOTS( '', 1, ( #11409, #11410 ), .UNSPECIFIED., .F., .F., ( 2, 2 ), ( 0.00000000000000, 1.00000000000000 ), .UNSPECIFIED. );
#9269 = FILL_AREA_STYLE_COLOUR( '', #11411 );
#9270 = VERTEX_POINT( '', #11412 );
#9271 = LINE( '', #11413, #11414 );
#9272 = LINE( '', #11415, #11416 );
#9273 = FILL_AREA_STYLE_COLOUR( '', #11417 );
#9274 = LINE( '', #11418, #11419 );
#9275 = LINE( '', #11420, #11421 );
#9276 = FILL_AREA_STYLE_COLOUR( '', #11422 );
#9277 = VERTEX_POINT( '', #11423 );
#9278 = VERTEX_POINT( '', #11424 );
#9279 = LINE( '', #11425, #11426 );
#9280 = LINE( '', #11427, #11428 );
#9281 = LINE( '', #11429, #11430 );
#9282 = FILL_AREA_STYLE_COLOUR( '', #11431 );
#9283 = VERTEX_POINT( '', #11432 );
#9284 = LINE( '', #11433, #11434 );
#9285 = LINE( '', #11435, #11436 );
#9286 = FILL_AREA_STYLE_COLOUR( '', #11437 );
#9287 = LINE( '', #11438, #11439 );
#9288 = FILL_AREA_STYLE_COLOUR( '', #11440 );
#9289 = VERTEX_POINT( '', #11441 );
#9290 = LINE( '', #11442, #11443 );
#9291 = LINE( '', #11444, #11445 );
#9292 = VERTEX_POINT( '', #11446 );
#9293 = LINE( '', #11447, #11448 );
#9294 = CIRCLE( '', #11449, 0.000975000000000000 );
#9295 = FILL_AREA_STYLE_COLOUR( '', #11450 );
#9296 = VERTEX_POINT( '', #11451 );
#9297 = VERTEX_POINT( '', #11452 );
#9298 = LINE( '', #11453, #11454 );
#9299 = LINE( '', #11455, #11456 );
#9300 = VERTEX_POINT( '', #11457 );
#9301 = CIRCLE( '', #11458, 0.000975000000000000 );
#9302 = LINE( '', #11459, #11460 );
#9303 = FILL_AREA_STYLE_COLOUR( '', #11461 );
#9304 = LINE( '', #11462, #11463 );
#9305 = FILL_AREA_STYLE_COLOUR( '', #11464 );
#9306 = VERTEX_POINT( '', #11465 );
#9307 = B_SPLINE_CURVE_WITH_KNOTS( '', 3, ( #11466, #11467, #11468, #11469 ), .UNSPECIFIED., .F., .F., ( 4, 4 ), ( 0.00000000000000, 1.00000000000000 ), .UNSPECIFIED. );
#9308 = LINE( '', #11470, #11471 );
#9309 = LINE( '', #11472, #11473 );
#9310 = FILL_AREA_STYLE_COLOUR( '', #11474 );
#9311 = LINE( '', #11475, #11476 );
#9312 = FILL_AREA_STYLE_COLOUR( '', #11477 );
#9313 = LINE( '', #11478, #11479 );
#9314 = LINE( '', #11480, #11481 );
#9315 = FILL_AREA_STYLE_COLOUR( '', #11482 );
#9316 = FILL_AREA_STYLE_COLOUR( '', #11483 );
#9317 = LINE( '', #11484, #11485 );
#9318 = FILL_AREA_STYLE_COLOUR( '', #11486 );
#9319 = VERTEX_POINT( '', #11487 );
#9320 = LINE( '', #11488, #11489 );
#9321 = VERTEX_POINT( '', #11490 );
#9322 = B_SPLINE_CURVE_WITH_KNOTS( '', 3, ( #11491, #11492, #11493, #11494 ), .UNSPECIFIED., .F., .F., ( 4, 4 ), ( 0.00000000000000, 1.00000000000000 ), .UNSPECIFIED. );
#9323 = LINE( '', #11495, #11496 );
#9324 = FILL_AREA_STYLE_COLOUR( '', #11497 );
#9325 = LINE( '', #11498, #11499 );
#9326 = LINE( '', #11500, #11501 );
#9327 = FILL_AREA_STYLE_COLOUR( '', #11502 );
#9328 = VERTEX_POINT( '', #11503 );
#9329 = B_SPLINE_CURVE_WITH_KNOTS( '', 1, ( #11504, #11505 ), .UNSPECIFIED., .F., .F., ( 2, 2 ), ( 0.00000000000000, 1.00000000000000 ), .UNSPECIFIED. );
#9330 = VERTEX_POINT( '', #11506 );
#9331 = LINE( '', #11507, #11508 );
#9332 = LINE( '', #11509, #11510 );
#9333 = B_SPLINE_CURVE_WITH_KNOTS( '', 1, ( #11511, #11512 ), .UNSPECIFIED., .F., .F., ( 2, 2 ), ( 0.00000000000000, 1.00000000000000 ), .UNSPECIFIED. );
#9334 = B_SPLINE_CURVE_WITH_KNOTS( '', 1, ( #11513, #11514 ), .UNSPECIFIED., .F., .F., ( 2, 2 ), ( 0.00000000000000, 1.00000000000000 ), .UNSPECIFIED. );
#9335 = FILL_AREA_STYLE_COLOUR( '', #11515 );
#9336 = VERTEX_POINT( '', #11516 );
#9337 = VERTEX_POINT( '', #11517 );
#9338 = LINE( '', #11518, #11519 );
#9339 = VERTEX_POINT( '', #11520 );
#9340 = LINE( '', #11521, #11522 );
#9341 = VERTEX_POINT( '', #11523 );
#9342 = LINE( '', #11524, #11525 );
#9343 = LINE( '', #11526, #11527 );
#9344 = FILL_AREA_STYLE_COLOUR( '', #11528 );
#9345 = B_SPLINE_CURVE_WITH_KNOTS( '', 1, ( #11529, #11530 ), .UNSPECIFIED., .F., .F., ( 2, 2 ), ( 0.00000000000000, 1.00000000000000 ), .UNSPECIFIED. );
#9346 = LINE( '', #11531, #11532 );
#9347 = FILL_AREA_STYLE_COLOUR( '', #11533 );
#9348 = VERTEX_POINT( '', #11534 );
#9349 = LINE( '', #11535, #11536 );
#9350 = VERTEX_POINT( '', #11537 );
#9351 = B_SPLINE_CURVE_WITH_KNOTS( '', 3, ( #11538, #11539, #11540, #11541 ), .UNSPECIFIED., .F., .F., ( 4, 4 ), ( 0.00000000000000, 1.00000000000000 ), .UNSPECIFIED. );
#9352 = LINE( '', #11542, #11543 );
#9353 = FILL_AREA_STYLE_COLOUR( '', #11544 );
#9354 = VERTEX_POINT( '', #11545 );
#9355 = LINE( '', #11546, #11547 );
#9356 = VERTEX_POINT( '', #11548 );
#9357 = LINE( '', #11549, #11550 );
#9358 = LINE( '', #11551, #11552 );
#9359 = FILL_AREA_STYLE_COLOUR( '', #11553 );
#9360 = VERTEX_POINT( '', #11554 );
#9361 = B_SPLINE_CURVE_WITH_KNOTS( '', 3, ( #11555, #11556, #11557, #11558 ), .UNSPECIFIED., .F., .F., ( 4, 4 ), ( 0.00000000000000, 1.00000000000000 ), .UNSPECIFIED. );
#9362 = VERTEX_POINT( '', #11559 );
#9363 = LINE( '', #11560, #11561 );
#9364 = B_SPLINE_CURVE_WITH_KNOTS( '', 3, ( #11562, #11563, #11564, #11565 ), .UNSPECIFIED., .F., .F., ( 4, 4 ), ( 0.00000000000000, 1.00000000000000 ), .UNSPECIFIED. );
#9365 = FILL_AREA_STYLE_COLOUR( '', #11566 );
#9366 = B_SPLINE_CURVE_WITH_KNOTS( '', 1, ( #11567, #11568 ), .UNSPECIFIED., .F., .F., ( 2, 2 ), ( 0.00000000000000, 1.00000000000000 ), .UNSPECIFIED. );
#9367 = FILL_AREA_STYLE_COLOUR( '', #11569 );
#9368 = B_SPLINE_CURVE_WITH_KNOTS( '', 3, ( #11570, #11571, #11572, #11573 ), .UNSPECIFIED., .F., .F., ( 4, 4 ), ( 0.00000000000000, 1.00000000000000 ), .UNSPECIFIED. );
#9369 = VERTEX_POINT( '', #11574 );
#9370 = LINE( '', #11575, #11576 );
#9371 = B_SPLINE_CURVE_WITH_KNOTS( '', 3, ( #11577, #11578, #11579, #11580 ), .UNSPECIFIED., .F., .F., ( 4, 4 ), ( 0.00000000000000, 1.00000000000000 ), .UNSPECIFIED. );
#9372 = FILL_AREA_STYLE_COLOUR( '', #11581 );
#9373 = VERTEX_POINT( '', #11582 );
#9374 = B_SPLINE_CURVE_WITH_KNOTS( '', 3, ( #11583, #11584, #11585, #11586 ), .UNSPECIFIED., .F., .F., ( 4, 4 ), ( 0.00000000000000, 1.00000000000000 ), .UNSPECIFIED. );
#9375 = VERTEX_POINT( '', #11587 );
#9376 = LINE( '', #11588, #11589 );
#9377 = B_SPLINE_CURVE_WITH_KNOTS( '', 3, ( #11590, #11591, #11592, #11593 ), .UNSPECIFIED., .F., .F., ( 4, 4 ), ( 0.00000000000000, 1.00000000000000 ), .UNSPECIFIED. );
#9378 = FILL_AREA_STYLE_COLOUR( '', #11594 );
#9379 = LINE( '', #11595, #11596 );
#9380 = VERTEX_POINT( '', #11597 );
#9381 = LINE( '', #11598, #11599 );
#9382 = LINE( '', #11600, #11601 );
#9383 = FILL_AREA_STYLE_COLOUR( '', #11602 );
#9384 = VERTEX_POINT( '', #11603 );
#9385 = LINE( '', #11604, #11605 );
#9386 = VERTEX_POINT( '', #11606 );
#9387 = B_SPLINE_CURVE_WITH_KNOTS( '', 3, ( #11607, #11608, #11609, #11610 ), .UNSPECIFIED., .F., .F., ( 4, 4 ), ( 0.00000000000000, 1.00000000000000 ), .UNSPECIFIED. );
#9388 = LINE( '', #11611, #11612 );
#9389 = FILL_AREA_STYLE_COLOUR( '', #11613 );
#9390 = LINE( '', #11614, #11615 );
#9391 = FILL_AREA_STYLE_COLOUR( '', #11616 );
#9392 = VERTEX_POINT( '', #11617 );
#9393 = LINE( '', #11618, #11619 );
#9394 = LINE( '', #11620, #11621 );
#9395 = VERTEX_POINT( '', #11622 );
#9396 = CIRCLE( '', #11623, 0.000975000000000000 );
#9397 = VERTEX_POINT( '', #11624 );
#9398 = B_SPLINE_CURVE_WITH_KNOTS( '', 1, ( #11625, #11626 ), .UNSPECIFIED., .F., .F., ( 2, 2 ), ( 0.00000000000000, 1.00000000000000 ), .UNSPECIFIED. );
#9399 = LINE( '', #11627, #11628 );
#9400 = FILL_AREA_STYLE_COLOUR( '', #11629 );
#9401 = LINE( '', #11630, #11631 );
#9402 = FILL_AREA_STYLE_COLOUR( '', #11632 );
#9403 = LINE( '', #11633, #11634 );
#9404 = FILL_AREA_STYLE_COLOUR( '', #11635 );
#9405 = VERTEX_POINT( '', #11636 );
#9406 = LINE( '', #11637, #11638 );
#9407 = LINE( '', #11639, #11640 );
#9408 = FILL_AREA_STYLE_COLOUR( '', #11641 );
#9409 = LINE( '', #11642, #11643 );
#9410 = FILL_AREA_STYLE_COLOUR( '', #11644 );
#9411 = VERTEX_POINT( '', #11645 );
#9412 = LINE( '', #11646, #11647 );
#9413 = VERTEX_POINT( '', #11648 );
#9414 = LINE( '', #11649, #11650 );
#9415 = LINE( '', #11651, #11652 );
#9416 = FILL_AREA_STYLE_COLOUR( '', #11653 );
#9417 = VERTEX_POINT( '', #11654 );
#9418 = LINE( '', #11655, #11656 );
#9419 = LINE( '', #11657, #11658 );
#9420 = FILL_AREA_STYLE_COLOUR( '', #11659 );
#9421 = VERTEX_POINT( '', #11660 );
#9422 = VERTEX_POINT( '', #11661 );
#9423 = LINE( '', #11662, #11663 );
#9424 = VERTEX_POINT( '', #11664 );
#9425 = LINE( '', #11665, #11666 );
#9426 = VERTEX_POINT( '', #11667 );
#9427 = LINE( '', #11668, #11669 );
#9428 = VERTEX_POINT( '', #11670 );
#9429 = LINE( '', #11671, #11672 );
#9430 = LINE( '', #11673, #11674 );
#9431 = VERTEX_POINT( '', #11675 );
#9432 = LINE( '', #11676, #11677 );
#9433 = VERTEX_POINT( '', #11678 );
#9434 = LINE( '', #11679, #11680 );
#9435 = LINE( '', #11681, #11682 );
#9436 = VERTEX_POINT( '', #11683 );
#9437 = LINE( '', #11684, #11685 );
#9438 = LINE( '', #11686, #11687 );
#9439 = VERTEX_POINT( '', #11688 );
#9440 = LINE( '', #11689, #11690 );
#9441 = VERTEX_POINT( '', #11691 );
#9442 = LINE( '', #11692, #11693 );
#9443 = VERTEX_POINT( '', #11694 );
#9444 = LINE( '', #11695, #11696 );
#9445 = VERTEX_POINT( '', #11697 );
#9446 = LINE( '', #11698, #11699 );
#9447 = LINE( '', #11700, #11701 );
#9448 = LINE( '', #11702, #11703 );
#9449 = LINE( '', #11704, #11705 );
#9450 = LINE( '', #11706, #11707 );
#9451 = LINE( '', #11708, #11709 );
#9452 = LINE( '', #11710, #11711 );
#9453 = VERTEX_POINT( '', #11712 );
#9454 = LINE( '', #11713, #11714 );
#9455 = LINE( '', #11715, #11716 );
#9456 = VERTEX_POINT( '', #11717 );
#9457 = LINE( '', #11718, #11719 );
#9458 = VERTEX_POINT( '', #11720 );
#9459 = LINE( '', #11721, #11722 );
#9460 = VERTEX_POINT( '', #11723 );
#9461 = LINE( '', #11724, #11725 );
#9462 = LINE( '', #11726, #11727 );
#9463 = LINE( '', #11728, #11729 );
#9464 = VERTEX_POINT( '', #11730 );
#9465 = LINE( '', #11731, #11732 );
#9466 = VERTEX_POINT( '', #11733 );
#9467 = LINE( '', #11734, #11735 );
#9468 = LINE( '', #11736, #11737 );
#9469 = LINE( '', #11738, #11739 );
#9470 = VERTEX_POINT( '', #11740 );
#9471 = LINE( '', #11741, #11742 );
#9472 = VERTEX_POINT( '', #11743 );
#9473 = LINE( '', #11744, #11745 );
#9474 = LINE( '', #11746, #11747 );
#9475 = LINE( '', #11748, #11749 );
#9476 = VERTEX_POINT( '', #11750 );
#9477 = LINE( '', #11751, #11752 );
#9478 = LINE( '', #11753, #11754 );
#9479 = LINE( '', #11755, #11756 );
#9480 = LINE( '', #11757, #11758 );
#9481 = VERTEX_POINT( '', #11759 );
#9482 = VERTEX_POINT( '', #11760 );
#9483 = LINE( '', #11761, #11762 );
#9484 = VERTEX_POINT( '', #11763 );
#9485 = LINE( '', #11764, #11765 );
#9486 = VERTEX_POINT( '', #11766 );
#9487 = LINE( '', #11767, #11768 );
#9488 = LINE( '', #11769, #11770 );
#9489 = VERTEX_POINT( '', #11771 );
#9490 = LINE( '', #11772, #11773 );
#9491 = LINE( '', #11774, #11775 );
#9492 = FILL_AREA_STYLE_COLOUR( '', #11776 );
#9493 = VERTEX_POINT( '', #11777 );
#9494 = LINE( '', #11778, #11779 );
#9495 = LINE( '', #11780, #11781 );
#9496 = FILL_AREA_STYLE_COLOUR( '', #11782 );
#9497 = LINE( '', #11783, #11784 );
#9498 = FILL_AREA_STYLE_COLOUR( '', #11785 );
#9499 = VERTEX_POINT( '', #11786 );
#9500 = LINE( '', #11787, #11788 );
#9501 = VERTEX_POINT( '', #11789 );
#9502 = LINE( '', #11790, #11791 );
#9503 = LINE( '', #11792, #11793 );
#9504 = FILL_AREA_STYLE_COLOUR( '', #11794 );
#9505 = VERTEX_POINT( '', #11795 );
#9506 = LINE( '', #11796, #11797 );
#9507 = VERTEX_POINT( '', #11798 );
#9508 = LINE( '', #11799, #11800 );
#9509 = LINE( '', #11801, #11802 );
#9510 = FILL_AREA_STYLE_COLOUR( '', #11803 );
#9511 = FILL_AREA_STYLE_COLOUR( '', #11804 );
#9512 = VERTEX_POINT( '', #11805 );
#9513 = LINE( '', #11806, #11807 );
#9514 = VERTEX_POINT( '', #11808 );
#9515 = LINE( '', #11809, #11810 );
#9516 = LINE( '', #11811, #11812 );
#9517 = FILL_AREA_STYLE_COLOUR( '', #11813 );
#9518 = LINE( '', #11814, #11815 );
#9519 = VERTEX_POINT( '', #11816 );
#9520 = LINE( '', #11817, #11818 );
#9521 = LINE( '', #11819, #11820 );
#9522 = FILL_AREA_STYLE_COLOUR( '', #11821 );
#9523 = FILL_AREA_STYLE_COLOUR( '', #11822 );
#9524 = VERTEX_POINT( '', #11823 );
#9525 = LINE( '', #11824, #11825 );
#9526 = LINE( '', #11826, #11827 );
#9527 = FILL_AREA_STYLE_COLOUR( '', #11828 );
#9528 = CIRCLE( '', #11829, 0.000975000000000000 );
#9529 = FILL_AREA_STYLE_COLOUR( '', #11830 );
#9530 = VERTEX_POINT( '', #11831 );
#9531 = LINE( '', #11832, #11833 );
#9532 = LINE( '', #11834, #11835 );
#9533 = B_SPLINE_CURVE_WITH_KNOTS( '', 1, ( #11836, #11837 ), .UNSPECIFIED., .F., .F., ( 2, 2 ), ( 0.00000000000000, 1.00000000000000 ), .UNSPECIFIED. );
#9534 = FILL_AREA_STYLE_COLOUR( '', #11838 );
#9535 = B_SPLINE_CURVE_WITH_KNOTS( '', 3, ( #11839, #11840, #11841, #11842 ), .UNSPECIFIED., .F., .F., ( 4, 4 ), ( 0.00000000000000, 1.00000000000000 ), .UNSPECIFIED. );
#9536 = VERTEX_POINT( '', #11843 );
#9537 = B_SPLINE_CURVE_WITH_KNOTS( '', 3, ( #11844, #11845, #11846, #11847 ), .UNSPECIFIED., .F., .F., ( 4, 4 ), ( 0.00000000000000, 1.00000000000000 ), .UNSPECIFIED. );
#9538 = LINE( '', #11848, #11849 );
#9539 = FILL_AREA_STYLE_COLOUR( '', #11850 );
#9540 = LINE( '', #11851, #11852 );
#9541 = FILL_AREA_STYLE_COLOUR( '', #11853 );
#9542 = B_SPLINE_CURVE_WITH_KNOTS( '', 3, ( #11854, #11855, #11856, #11857 ), .UNSPECIFIED., .F., .F., ( 4, 4 ), ( 0.00000000000000, 1.00000000000000 ), .UNSPECIFIED. );
#9543 = FILL_AREA_STYLE_COLOUR( '', #11858 );
#9544 = LINE( '', #11859, #11860 );
#9545 = LINE( '', #11861, #11862 );
#9546 = FILL_AREA_STYLE_COLOUR( '', #11863 );
#9547 = FILL_AREA_STYLE_COLOUR( '', #11864 );
#9548 = B_SPLINE_CURVE_WITH_KNOTS( '', 3, ( #11865, #11866, #11867, #11868 ), .UNSPECIFIED., .F., .F., ( 4, 4 ), ( 0.00000000000000, 1.00000000000000 ), .UNSPECIFIED. );
#9549 = FILL_AREA_STYLE_COLOUR( '', #11869 );
#9550 = FILL_AREA_STYLE_COLOUR( '', #11870 );
#9551 = LINE( '', #11871, #11872 );
#9552 = LINE( '', #11873, #11874 );
#9553 = LINE( '', #11875, #11876 );
#9554 = FILL_AREA_STYLE_COLOUR( '', #11877 );
#9555 = LINE( '', #11878, #11879 );
#9556 = FILL_AREA_STYLE_COLOUR( '', #11880 );
#9557 = VERTEX_POINT( '', #11881 );
#9558 = LINE( '', #11882, #11883 );
#9559 = VERTEX_POINT( '', #11884 );
#9560 = LINE( '', #11885, #11886 );
#9561 = VERTEX_POINT( '', #11887 );
#9562 = LINE( '', #11888, #11889 );
#9563 = LINE( '', #11890, #11891 );
#9564 = FILL_AREA_STYLE_COLOUR( '', #11892 );
#9565 = VERTEX_POINT( '', #11893 );
#9566 = LINE( '', #11894, #11895 );
#9567 = VERTEX_POINT( '', #11896 );
#9568 = LINE( '', #11897, #11898 );
#9569 = LINE( '', #11899, #11900 );
#9570 = FILL_AREA_STYLE_COLOUR( '', #11901 );
#9571 = B_SPLINE_CURVE_WITH_KNOTS( '', 3, ( #11902, #11903, #11904, #11905 ), .UNSPECIFIED., .F., .F., ( 4, 4 ), ( 0.00000000000000, 1.00000000000000 ), .UNSPECIFIED. );
#9572 = LINE( '', #11906, #11907 );
#9573 = FILL_AREA_STYLE_COLOUR( '', #11908 );
#9574 = B_SPLINE_CURVE_WITH_KNOTS( '', 3, ( #11909, #11910, #11911, #11912 ), .UNSPECIFIED., .F., .F., ( 4, 4 ), ( 0.00000000000000, 1.00000000000000 ), .UNSPECIFIED. );
#9575 = FILL_AREA_STYLE_COLOUR( '', #11913 );
#9576 = B_SPLINE_CURVE_WITH_KNOTS( '', 3, ( #11914, #11915, #11916, #11917 ), .UNSPECIFIED., .F., .F., ( 4, 4 ), ( 0.00000000000000, 1.00000000000000 ), .UNSPECIFIED. );
#9577 = LINE( '', #11918, #11919 );
#9578 = FILL_AREA_STYLE_COLOUR( '', #11920 );
#9579 = FILL_AREA_STYLE_COLOUR( '', #11921 );
#9580 = VERTEX_POINT( '', #11922 );
#9581 = LINE( '', #11923, #11924 );
#9582 = B_SPLINE_CURVE_WITH_KNOTS( '', 1, ( #11925, #11926 ), .UNSPECIFIED., .F., .F., ( 2, 2 ), ( 0.00000000000000, 1.00000000000000 ), .UNSPECIFIED. );
#9583 = FILL_AREA_STYLE_COLOUR( '', #11927 );
#9584 = LINE( '', #11928, #11929 );
#9585 = FILL_AREA_STYLE_COLOUR( '', #11930 );
#9586 = LINE( '', #11931, #11932 );
#9587 = FILL_AREA_STYLE_COLOUR( '', #11933 );
#9588 = LINE( '', #11934, #11935 );
#9589 = LINE( '', #11936, #11937 );
#9590 = FILL_AREA_STYLE_COLOUR( '', #11938 );
#9591 = LINE( '', #11939, #11940 );
#9592 = VERTEX_POINT( '', #11941 );
#9593 = LINE( '', #11942, #11943 );
#9594 = LINE( '', #11944, #11945 );
#9595 = FILL_AREA_STYLE_COLOUR( '', #11946 );
#9596 = LINE( '', #11947, #11948 );
#9597 = LINE( '', #11949, #11950 );
#9598 = FILL_AREA_STYLE_COLOUR( '', #11951 );
#9599 = LINE( '', #11952, #11953 );
#9600 = FILL_AREA_STYLE_COLOUR( '', #11954 );
#9601 = B_SPLINE_CURVE_WITH_KNOTS( '', 3, ( #11955, #11956, #11957, #11958 ), .UNSPECIFIED., .F., .F., ( 4, 4 ), ( 0.00000000000000, 1.00000000000000 ), .UNSPECIFIED. );
#9602 = LINE( '', #11959, #11960 );
#9603 = FILL_AREA_STYLE_COLOUR( '', #11961 );
#9604 = LINE( '', #11962, #11963 );
#9605 = FILL_AREA_STYLE_COLOUR( '', #11964 );
#9606 = VERTEX_POINT( '', #11965 );
#9607 = LINE( '', #11966, #11967 );
#9608 = VERTEX_POINT( '', #11968 );
#9609 = LINE( '', #11969, #11970 );
#9610 = LINE( '', #11971, #11972 );
#9611 = FILL_AREA_STYLE_COLOUR( '', #11973 );
#9612 = VERTEX_POINT( '', #11974 );
#9613 = LINE( '', #11975, #11976 );
#9614 = LINE( '', #11977, #11978 );
#9615 = FILL_AREA_STYLE_COLOUR( '', #11979 );
#9616 = LINE( '', #11980, #11981 );
#9617 = FILL_AREA_STYLE_COLOUR( '', #11982 );
#9618 = FILL_AREA_STYLE_COLOUR( '', #11983 );
#9619 = LINE( '', #11984, #11985 );
#9620 = FILL_AREA_STYLE_COLOUR( '', #11986 );
#9621 = LINE( '', #11987, #11988 );
#9622 = FILL_AREA_STYLE_COLOUR( '', #11989 );
#9623 = VERTEX_POINT( '', #11990 );
#9624 = LINE( '', #11991, #11992 );
#9625 = B_SPLINE_CURVE_WITH_KNOTS( '', 1, ( #11993, #11994 ), .UNSPECIFIED., .F., .F., ( 2, 2 ), ( 0.00000000000000, 1.00000000000000 ), .UNSPECIFIED. );
#9626 = FILL_AREA_STYLE_COLOUR( '', #11995 );
#9627 = LINE( '', #11996, #11997 );
#9628 = FILL_AREA_STYLE_COLOUR( '', #11998 );
#9629 = LINE( '', #11999, #12000 );
#9630 = FILL_AREA_STYLE_COLOUR( '', #12001 );
#9631 = LINE( '', #12002, #12003 );
#9632 = FILL_AREA_STYLE_COLOUR( '', #12004 );
#9633 = VERTEX_POINT( '', #12005 );
#9634 = B_SPLINE_CURVE_WITH_KNOTS( '', 1, ( #12006, #12007 ), .UNSPECIFIED., .F., .F., ( 2, 2 ), ( 0.00000000000000, 1.00000000000000 ), .UNSPECIFIED. );
#9635 = LINE( '', #12008, #12009 );
#9636 = FILL_AREA_STYLE_COLOUR( '', #12010 );
#9637 = LINE( '', #12011, #12012 );
#9638 = LINE( '', #12013, #12014 );
#9639 = FILL_AREA_STYLE_COLOUR( '', #12015 );
#9640 = VERTEX_POINT( '', #12016 );
#9641 = LINE( '', #12017, #12018 );
#9642 = LINE( '', #12019, #12020 );
#9643 = FILL_AREA_STYLE_COLOUR( '', #12021 );
#9644 = FILL_AREA_STYLE_COLOUR( '', #12022 );
#9645 = VERTEX_POINT( '', #12023 );
#9646 = LINE( '', #12024, #12025 );
#9647 = LINE( '', #12026, #12027 );
#9648 = FILL_AREA_STYLE_COLOUR( '', #12028 );
#9649 = FILL_AREA_STYLE_COLOUR( '', #12029 );
#9650 = FILL_AREA_STYLE_COLOUR( '', #12030 );
#9651 = VERTEX_POINT( '', #12031 );
#9652 = LINE( '', #12032, #12033 );
#9653 = LINE( '', #12034, #12035 );
#9654 = FILL_AREA_STYLE_COLOUR( '', #12036 );
#9655 = LINE( '', #12037, #12038 );
#9656 = LINE( '', #12039, #12040 );
#9657 = FILL_AREA_STYLE_COLOUR( '', #12041 );
#9658 = FILL_AREA_STYLE_COLOUR( '', #12042 );
#9659 = CIRCLE( '', #12043, 0.000975000000000000 );
#9660 = FILL_AREA_STYLE_COLOUR( '', #12044 );
#9661 = CIRCLE( '', #12045, 0.000975000000000000 );
#9662 = LINE( '', #12046, #12047 );
#9663 = FILL_AREA_STYLE_COLOUR( '', #12048 );
#9664 = VERTEX_POINT( '', #12049 );
#9665 = LINE( '', #12050, #12051 );
#9666 = B_SPLINE_CURVE_WITH_KNOTS( '', 1, ( #12052, #12053 ), .UNSPECIFIED., .F., .F., ( 2, 2 ), ( 0.00000000000000, 1.00000000000000 ), .UNSPECIFIED. );
#9667 = LINE( '', #12054, #12055 );
#9668 = FILL_AREA_STYLE_COLOUR( '', #12056 );
#9669 = VERTEX_POINT( '', #12057 );
#9670 = LINE( '', #12058, #12059 );
#9671 = LINE( '', #12060, #12061 );
#9672 = FILL_AREA_STYLE_COLOUR( '', #12062 );
#9673 = LINE( '', #12063, #12064 );
#9674 = LINE( '', #12065, #12066 );
#9675 = VERTEX_POINT( '', #12067 );
#9676 = LINE( '', #12068, #12069 );
#9677 = LINE( '', #12070, #12071 );
#9678 = FILL_AREA_STYLE_COLOUR( '', #12072 );
#9679 = LINE( '', #12073, #12074 );
#9680 = FILL_AREA_STYLE_COLOUR( '', #12075 );
#9681 = LINE( '', #12076, #12077 );
#9682 = FILL_AREA_STYLE_COLOUR( '', #12078 );
#9683 = FILL_AREA_STYLE_COLOUR( '', #12079 );
#9684 = LINE( '', #12080, #12081 );
#9685 = LINE( '', #12082, #12083 );
#9686 = FILL_AREA_STYLE_COLOUR( '', #12084 );
#9687 = LINE( '', #12085, #12086 );
#9688 = FILL_AREA_STYLE_COLOUR( '', #12087 );
#9689 = LINE( '', #12088, #12089 );
#9690 = FILL_AREA_STYLE_COLOUR( '', #12090 );
#9691 = VERTEX_POINT( '', #12091 );
#9692 = LINE( '', #12092, #12093 );
#9693 = LINE( '', #12094, #12095 );
#9694 = FILL_AREA_STYLE_COLOUR( '', #12096 );
#9695 = LINE( '', #12097, #12098 );
#9696 = FILL_AREA_STYLE_COLOUR( '', #12099 );
#9697 = FILL_AREA_STYLE_COLOUR( '', #12100 );
#9698 = FILL_AREA_STYLE_COLOUR( '', #12101 );
#9699 = LINE( '', #12102, #12103 );
#9700 = FILL_AREA_STYLE_COLOUR( '', #12104 );
#9701 = FILL_AREA_STYLE_COLOUR( '', #12105 );
#9702 = LINE( '', #12106, #12107 );
#9703 = FILL_AREA_STYLE_COLOUR( '', #12108 );
#9704 = CIRCLE( '', #12109, 0.000975000000000000 );
#9705 = LINE( '', #12110, #12111 );
#9706 = FILL_AREA_STYLE_COLOUR( '', #12112 );
#9707 = LINE( '', #12113, #12114 );
#9708 = FILL_AREA_STYLE_COLOUR( '', #12115 );
#9709 = LINE( '', #12116, #12117 );
#9710 = FILL_AREA_STYLE_COLOUR( '', #12118 );
#9711 = FILL_AREA_STYLE_COLOUR( '', #12119 );
#9712 = LINE( '', #12120, #12121 );
#9713 = FILL_AREA_STYLE_COLOUR( '', #12122 );
#9714 = FILL_AREA_STYLE_COLOUR( '', #12123 );
#9715 = LINE( '', #12124, #12125 );
#9716 = FILL_AREA_STYLE_COLOUR( '', #12126 );
#9717 = CIRCLE( '', #12127, 0.000975000000000000 );
#9718 = FILL_AREA_STYLE_COLOUR( '', #12128 );
#9719 = VERTEX_POINT( '', #12129 );
#9720 = CIRCLE( '', #12130, 0.000975000000000000 );
#9721 = LINE( '', #12131, #12132 );
#9722 = FILL_AREA_STYLE_COLOUR( '', #12133 );
#9723 = B_SPLINE_CURVE_WITH_KNOTS( '', 1, ( #12134, #12135 ), .UNSPECIFIED., .F., .F., ( 2, 2 ), ( 0.00000000000000, 1.00000000000000 ), .UNSPECIFIED. );
#9724 = FILL_AREA_STYLE_COLOUR( '', #12136 );
#9725 = B_SPLINE_CURVE_WITH_KNOTS( '', 3, ( #12137, #12138, #12139, #12140 ), .UNSPECIFIED., .F., .F., ( 4, 4 ), ( 0.00000000000000, 1.00000000000000 ), .UNSPECIFIED. );
#9726 = FILL_AREA_STYLE_COLOUR( '', #12141 );
#9727 = FILL_AREA_STYLE_COLOUR( '', #12142 );
#9728 = B_SPLINE_CURVE_WITH_KNOTS( '', 3, ( #12143, #12144, #12145, #12146 ), .UNSPECIFIED., .F., .F., ( 4, 4 ), ( 0.00000000000000, 1.00000000000000 ), .UNSPECIFIED. );
#9729 = FILL_AREA_STYLE_COLOUR( '', #12147 );
#9730 = LINE( '', #12148, #12149 );
#9731 = LINE( '', #12150, #12151 );
#9732 = FILL_AREA_STYLE_COLOUR( '', #12152 );
#9733 = LINE( '', #12153, #12154 );
#9734 = FILL_AREA_STYLE_COLOUR( '', #12155 );
#9735 = LINE( '', #12156, #12157 );
#9736 = FILL_AREA_STYLE_COLOUR( '', #12158 );
#9737 = B_SPLINE_CURVE_WITH_KNOTS( '', 3, ( #12159, #12160, #12161, #12162 ), .UNSPECIFIED., .F., .F., ( 4, 4 ), ( 0.00000000000000, 1.00000000000000 ), .UNSPECIFIED. );
#9738 = FILL_AREA_STYLE_COLOUR( '', #12163 );
#9739 = LINE( '', #12164, #12165 );
#9740 = LINE( '', #12166, #12167 );
#9741 = FILL_AREA_STYLE_COLOUR( '', #12168 );
#9742 = B_SPLINE_CURVE_WITH_KNOTS( '', 3, ( #12169, #12170, #12171, #12172 ), .UNSPECIFIED., .F., .F., ( 4, 4 ), ( 0.00000000000000, 1.00000000000000 ), .UNSPECIFIED. );
#9743 = LINE( '', #12173, #12174 );
#9744 = FILL_AREA_STYLE_COLOUR( '', #12175 );
#9745 = B_SPLINE_CURVE_WITH_KNOTS( '', 3, ( #12176, #12177, #12178, #12179 ), .UNSPECIFIED., .F., .F., ( 4, 4 ), ( 0.00000000000000, 1.00000000000000 ), .UNSPECIFIED. );
#9746 = FILL_AREA_STYLE_COLOUR( '', #12180 );
#9747 = LINE( '', #12181, #12182 );
#9748 = FILL_AREA_STYLE_COLOUR( '', #12183 );
#9749 = LINE( '', #12184, #12185 );
#9750 = FILL_AREA_STYLE_COLOUR( '', #12186 );
#9751 = FILL_AREA_STYLE_COLOUR( '', #12187 );
#9752 = LINE( '', #12188, #12189 );
#9753 = FILL_AREA_STYLE_COLOUR( '', #12190 );
#9754 = VERTEX_POINT( '', #12191 );
#9755 = LINE( '', #12192, #12193 );
#9756 = LINE( '', #12194, #12195 );
#9757 = FILL_AREA_STYLE_COLOUR( '', #12196 );
#9758 = FILL_AREA_STYLE_COLOUR( '', #12197 );
#9759 = FILL_AREA_STYLE_COLOUR( '', #12198 );
#9760 = FILL_AREA_STYLE_COLOUR( '', #12199 );
#9761 = LINE( '', #12200, #12201 );
#9762 = FILL_AREA_STYLE_COLOUR( '', #12202 );
#9763 = FILL_AREA_STYLE_COLOUR( '', #12203 );
#9764 = FILL_AREA_STYLE_COLOUR( '', #12204 );
#9765 = FILL_AREA_STYLE_COLOUR( '', #12205 );
#9766 = LINE( '', #12206, #12207 );
#9767 = FILL_AREA_STYLE_COLOUR( '', #12208 );
#9768 = LINE( '', #12209, #12210 );
#9769 = LINE( '', #12211, #12212 );
#9770 = FILL_AREA_STYLE_COLOUR( '', #12213 );
#9771 = FILL_AREA_STYLE_COLOUR( '', #12214 );
#9772 = LINE( '', #12215, #12216 );
#9773 = LINE( '', #12217, #12218 );
#9774 = FILL_AREA_STYLE_COLOUR( '', #12219 );
#9775 = FILL_AREA_STYLE_COLOUR( '', #12220 );
#9776 = FILL_AREA_STYLE_COLOUR( '', #12221 );
#9777 = FILL_AREA_STYLE_COLOUR( '', #12222 );
#9778 = FILL_AREA_STYLE_COLOUR( '', #12223 );
#9779 = FILL_AREA_STYLE_COLOUR( '', #12224 );
#9780 = LINE( '', #12225, #12226 );
#9781 = FILL_AREA_STYLE_COLOUR( '', #12227 );
#9782 = LINE( '', #12228, #12229 );
#9783 = FILL_AREA_STYLE_COLOUR( '', #12230 );
#9784 = FILL_AREA_STYLE_COLOUR( '', #12231 );
#9785 = LINE( '', #12232, #12233 );
#9786 = FILL_AREA_STYLE_COLOUR( '', #12234 );
#9787 = LINE( '', #12235, #12236 );
#9788 = FILL_AREA_STYLE_COLOUR( '', #12237 );
#9789 = B_SPLINE_CURVE_WITH_KNOTS( '', 3, ( #12238, #12239, #12240, #12241 ), .UNSPECIFIED., .F., .F., ( 4, 4 ), ( 0.00000000000000, 1.00000000000000 ), .UNSPECIFIED. );
#9790 = B_SPLINE_CURVE_WITH_KNOTS( '', 3, ( #12242, #12243, #12244, #12245 ), .UNSPECIFIED., .F., .F., ( 4, 4 ), ( 0.00000000000000, 1.00000000000000 ), .UNSPECIFIED. );
#9791 = FILL_AREA_STYLE_COLOUR( '', #12246 );
#9792 = FILL_AREA_STYLE_COLOUR( '', #12247 );
#9793 = FILL_AREA_STYLE_COLOUR( '', #12248 );
#9794 = FILL_AREA_STYLE_COLOUR( '', #12249 );
#9795 = FILL_AREA_STYLE_COLOUR( '', #12250 );
#9796 = FILL_AREA_STYLE_COLOUR( '', #12251 );
#9797 = FILL_AREA_STYLE_COLOUR( '', #12252 );
#9798 = FILL_AREA_STYLE_COLOUR( '', #12253 );
#9799 = FILL_AREA_STYLE_COLOUR( '', #12254 );
#9800 = LINE( '', #12255, #12256 );
#9801 = FILL_AREA_STYLE_COLOUR( '', #12257 );
#9802 = FILL_AREA_STYLE_COLOUR( '', #12258 );
#9803 = FILL_AREA_STYLE_COLOUR( '', #12259 );
#9804 = B_SPLINE_CURVE_WITH_KNOTS( '', 3, ( #12260, #12261, #12262, #12263 ), .UNSPECIFIED., .F., .F., ( 4, 4 ), ( 0.00000000000000, 1.00000000000000 ), .UNSPECIFIED. );
#9805 = FILL_AREA_STYLE_COLOUR( '', #12264 );
#9806 = FILL_AREA_STYLE_COLOUR( '', #12265 );
#9807 = FILL_AREA_STYLE_COLOUR( '', #12266 );
#9808 = FILL_AREA_STYLE_COLOUR( '', #12267 );
#9809 = FILL_AREA_STYLE_COLOUR( '', #12268 );
#9810 = FILL_AREA_STYLE_COLOUR( '', #12269 );
#9811 = LINE( '', #12270, #12271 );
#9812 = FILL_AREA_STYLE_COLOUR( '', #12272 );
#9813 = FILL_AREA_STYLE_COLOUR( '', #12273 );
#9814 = FILL_AREA_STYLE_COLOUR( '', #12274 );
#9815 = FILL_AREA_STYLE_COLOUR( '', #12275 );
#9816 = FILL_AREA_STYLE_COLOUR( '', #12276 );
#9817 = FILL_AREA_STYLE_COLOUR( '', #12277 );
#9818 = FILL_AREA_STYLE_COLOUR( '', #12278 );
#9819 = FILL_AREA_STYLE_COLOUR( '', #12279 );
#9820 = LINE( '', #12280, #12281 );
#9821 = FILL_AREA_STYLE_COLOUR( '', #12282 );
#9822 = FILL_AREA_STYLE_COLOUR( '', #12283 );
#9823 = B_SPLINE_CURVE_WITH_KNOTS( '', 3, ( #12284, #12285, #12286, #12287 ), .UNSPECIFIED., .F., .F., ( 4, 4 ), ( 0.00000000000000, 1.00000000000000 ), .UNSPECIFIED. );
#9824 = FILL_AREA_STYLE_COLOUR( '', #12288 );
#9825 = FILL_AREA_STYLE_COLOUR( '', #12289 );
#9826 = FILL_AREA_STYLE_COLOUR( '', #12290 );
#9827 = FILL_AREA_STYLE_COLOUR( '', #12291 );
#9828 = FILL_AREA_STYLE_COLOUR( '', #12292 );
#9829 = FILL_AREA_STYLE_COLOUR( '', #12293 );
#9830 = FILL_AREA_STYLE_COLOUR( '', #12294 );
#9831 = FILL_AREA_STYLE_COLOUR( '', #12295 );
#9832 = COLOUR_RGB( '', 0.866666674600000, 0.321568638100000, 0.156862750600000 );
#9833 = CARTESIAN_POINT( '', ( -0.00492500000000000, -0.000325000000000000, 0.00120000000000000 ) );
#9834 = CARTESIAN_POINT( '', ( -0.00492500000000000, -0.000925000000000000, 0.00120000000000000 ) );
#9835 = CARTESIAN_POINT( '', ( -0.00492500000001000, -0.000325000000010000, 0.00120000000001000 ) );
#9836 = VECTOR( '', #12296, 1.00000000000000 );
#9837 = CARTESIAN_POINT( '', ( 0.00492500000000000, -0.000925000000000000, 0.00120000000000000 ) );
#9838 = CARTESIAN_POINT( '', ( -0.00492500000001000, -0.000925000000010000, 0.00120000000001000 ) );
#9839 = VECTOR( '', #12297, 1.00000000000000 );
#9840 = CARTESIAN_POINT( '', ( 0.00492500000000000, -0.000325000000000000, 0.00120000000000000 ) );
#9841 = CARTESIAN_POINT( '', ( 0.00492500000001000, -0.000925000000010000, 0.00120000000001000 ) );
#9842 = VECTOR( '', #12298, 1.00000000000000 );
#9843 = CARTESIAN_POINT( '', ( 0.00527500000000000, -0.000325000000000000, 0.00120000000000000 ) );
#9844 = CARTESIAN_POINT( '', ( 0.00527500000001000, -0.000325000000010000, 0.00120000000001000 ) );
#9845 = VECTOR( '', #12299, 1.00000000000000 );
#9846 = CARTESIAN_POINT( '', ( 0.00527500000000000, -0.00197500000000000, 0.00120000000000000 ) );
#9847 = CARTESIAN_POINT( '', ( 0.00527500000001000, -0.000325000000010000, 0.00120000000001000 ) );
#9848 = VECTOR( '', #12300, 1.00000000000000 );
#9849 = CARTESIAN_POINT( '', ( -0.00527500000000000, -0.00197500000000000, 0.00120000000000000 ) );
#9850 = CARTESIAN_POINT( '', ( -0.00527500000001000, -0.00197500000001000, 0.00120000000001000 ) );
#9851 = VECTOR( '', #12301, 1.00000000000000 );
#9852 = CARTESIAN_POINT( '', ( -0.00527500000000000, -0.000325000000000000, 0.00120000000000000 ) );
#9853 = CARTESIAN_POINT( '', ( -0.00527500000001000, -0.000325000000010000, 0.00120000000001000 ) );
#9854 = VECTOR( '', #12302, 1.00000000000000 );
#9855 = CARTESIAN_POINT( '', ( -0.00527500000001000, -0.000325000000010000, 0.00120000000001000 ) );
#9856 = VECTOR( '', #12303, 1.00000000000000 );
#9857 = COLOUR_RGB( '', 0.866666674600000, 0.321568638100000, 0.156862750600000 );
#9858 = CARTESIAN_POINT( '', ( 0.00171500000000000, -0.00330000000000000, -0.00370000000000000 ) );
#9859 = CARTESIAN_POINT( '', ( 0.00177500000000000, -0.00335000000000000, -0.00420000000000000 ) );
#9860 = CARTESIAN_POINT( '', ( 0.00171500000001000, -0.00330000000001000, -0.00370000000001000 ) );
#9861 = CARTESIAN_POINT( '', ( 0.00171500000001000, -0.00330000000001000, -0.00386767416106800 ) );
#9862 = CARTESIAN_POINT( '', ( 0.00173500000001000, -0.00331666666667700, -0.00403434082773400 ) );
#9863 = CARTESIAN_POINT( '', ( 0.00177500000001000, -0.00335000000001000, -0.00420000000001000 ) );
#9864 = CARTESIAN_POINT( '', ( 0.00177500000000000, -0.00360000000000000, -0.00420000000000000 ) );
#9865 = CARTESIAN_POINT( '', ( 0.00177500000001000, -0.00360000000001000, -0.00420000000001000 ) );
#9866 = VECTOR( '', #12304, 1.00000000000000 );
#9867 = CARTESIAN_POINT( '', ( 0.00171500000000000, -0.00365000000000000, -0.00370000000000000 ) );
#9868 = CARTESIAN_POINT( '', ( 0.00171500000001000, -0.00365000000001000, -0.00370000000001000 ) );
#9869 = CARTESIAN_POINT( '', ( 0.00171500000001000, -0.00365000000001000, -0.00386767416106800 ) );
#9870 = CARTESIAN_POINT( '', ( 0.00173500000001000, -0.00363333333334300, -0.00403434082773400 ) );
#9871 = CARTESIAN_POINT( '', ( 0.00177500000001000, -0.00360000000001000, -0.00420000000001000 ) );
#9872 = CARTESIAN_POINT( '', ( 0.00171500000001000, -0.00365000000001000, -0.00370000000001000 ) );
#9873 = VECTOR( '', #12305, 1.00000000000000 );
#9874 = COLOUR_RGB( '', 0.866666674600000, 0.321568638100000, 0.156862750600000 );
#9875 = CARTESIAN_POINT( '', ( -0.00220000000000000, -0.00382500000000000, -0.00160000000000000 ) );
#9876 = CARTESIAN_POINT( '', ( -0.00220000000000000, -0.00382500000000000, -0.000600000000000000 ) );
#9877 = CARTESIAN_POINT( '', ( -0.00220000000001000, -0.00382500000001000, -0.00160000000001000 ) );
#9878 = VECTOR( '', #12306, 1.00000000000000 );
#9879 = CARTESIAN_POINT( '', ( -0.00210000000000000, -0.00372500000000000, -0.00160000000000000 ) );
#9880 = CARTESIAN_POINT( '', ( -0.00220000000001000, -0.00382500000001000, -0.00160000000001000 ) );
#9881 = VECTOR( '', #12307, 1.00000000000000 );
#9882 = CARTESIAN_POINT( '', ( -0.00210000000000000, -0.00372500000000000, -0.000600000000000000 ) );
#9883 = CARTESIAN_POINT( '', ( -0.00210000000001000, -0.00372500000001000, -0.00160000000001000 ) );
#9884 = VECTOR( '', #12308, 1.00000000000000 );
#9885 = CARTESIAN_POINT( '', ( -0.00220000000001000, -0.00382500000001000, -0.000600000000010000 ) );
#9886 = VECTOR( '', #12309, 1.00000000000000 );
#9887 = COLOUR_RGB( '', 0.866666674600000, 0.321568638100000, 0.156862750600000 );
#9888 = CARTESIAN_POINT( '', ( -0.00296500000000000, -0.00330000000000000, -0.00370000000000000 ) );
#9889 = CARTESIAN_POINT( '', ( -0.00302500000000000, -0.00335000000000000, -0.00420000000000000 ) );
#9890 = CARTESIAN_POINT( '', ( -0.00296500000001000, -0.00330000000001000, -0.00370000000001000 ) );
#9891 = CARTESIAN_POINT( '', ( -0.00296500000001000, -0.00330000000001000, -0.00386767416106800 ) );
#9892 = CARTESIAN_POINT( '', ( -0.00298500000001000, -0.00331666666667700, -0.00403434082773400 ) );
#9893 = CARTESIAN_POINT( '', ( -0.00302500000001000, -0.00335000000001000, -0.00420000000001000 ) );
#9894 = CARTESIAN_POINT( '', ( -0.00322500000000000, -0.00335000000000000, -0.00420000000000000 ) );
#9895 = CARTESIAN_POINT( '', ( -0.00322500000001000, -0.00335000000001000, -0.00420000000001000 ) );
#9896 = VECTOR( '', #12310, 1.00000000000000 );
#9897 = CARTESIAN_POINT( '', ( -0.00328500000000000, -0.00330000000000000, -0.00370000000000000 ) );
#9898 = CARTESIAN_POINT( '', ( -0.00328500000001000, -0.00330000000001000, -0.00370000000001000 ) );
#9899 = CARTESIAN_POINT( '', ( -0.00328500000001000, -0.00330000000001000, -0.00386767416106800 ) );
#9900 = CARTESIAN_POINT( '', ( -0.00326500000001000, -0.00331666666667700, -0.00403434082773400 ) );
#9901 = CARTESIAN_POINT( '', ( -0.00322500000001000, -0.00335000000001000, -0.00420000000001000 ) );
#9902 = CARTESIAN_POINT( '', ( -0.00328500000001000, -0.00330000000001000, -0.00370000000001000 ) );
#9903 = VECTOR( '', #12311, 1.00000000000000 );
#9904 = COLOUR_RGB( '', 0.866666674600000, 0.321568638100000, 0.156862750600000 );
#9905 = CARTESIAN_POINT( '', ( 0.00557500000000000, 0.000975000000000000, -0.000450000000000000 ) );
#9906 = CARTESIAN_POINT( '', ( 0.00557500000000000, -0.00197500000000000, -0.000450000000000000 ) );
#9907 = CARTESIAN_POINT( '', ( 0.00557500000001000, 0.000975000000010000, -0.000450000000010000 ) );
#9908 = VECTOR( '', #12312, 1.00000000000000 );
#9909 = CARTESIAN_POINT( '', ( 0.00557500000000000, -0.00197500000000000, 0.000400000000000000 ) );
#9910 = CARTESIAN_POINT( '', ( 0.00557500000001000, -0.00197500000001000, 0.000400000000010000 ) );
#9911 = VECTOR( '', #12313, 1.00000000000000 );
#9912 = CARTESIAN_POINT( '', ( 0.00557500000000000, 0.000975000000000000, 0.000400000000000000 ) );
#9913 = CARTESIAN_POINT( '', ( 0.00557500000001000, 0.000975000000010000, 0.000400000000010000 ) );
#9914 = VECTOR( '', #12314, 1.00000000000000 );
#9915 = CARTESIAN_POINT( '', ( 0.00557500000001000, 0.000975000000010000, 0.000400000000010000 ) );
#9916 = VECTOR( '', #12315, 1.00000000000000 );
#9917 = COLOUR_RGB( '', 0.866666674600000, 0.321568638100000, 0.156862750600000 );
#9918 = CARTESIAN_POINT( '', ( -0.00407500000000000, -0.00322500000000000, 0.00100000000000000 ) );
#9919 = CARTESIAN_POINT( '', ( -0.00407500000000000, -0.00292500000000000, 0.00100000000000000 ) );
#9920 = CARTESIAN_POINT( '', ( -0.00407500000001000, -0.00322500000001000, 0.00100000000001000 ) );
#9921 = VECTOR( '', #12316, 1.00000000000000 );
#9922 = CARTESIAN_POINT( '', ( -0.00467500000000000, -0.00292500000000000, 0.00100000000000000 ) );
#9923 = CARTESIAN_POINT( '', ( -0.00407500000001000, -0.00292500000001000, 0.00100000000001000 ) );
#9924 = VECTOR( '', #12317, 1.00000000000000 );
#9925 = CARTESIAN_POINT( '', ( -0.00467500000000000, -0.00322500000000000, 0.00100000000000000 ) );
#9926 = CARTESIAN_POINT( '', ( -0.00467500000001000, -0.00292500000001000, 0.00100000000001000 ) );
#9927 = VECTOR( '', #12318, 1.00000000000000 );
#9928 = CARTESIAN_POINT( '', ( -0.00467500000001000, -0.00322500000001000, 0.00100000000001000 ) );
#9929 = VECTOR( '', #12319, 1.00000000000000 );
#9930 = COLOUR_RGB( '', 0.866666674600000, 0.321568638100000, 0.156862750600000 );
#9931 = CARTESIAN_POINT( '', ( 0.00302500000000000, -0.00360000000000000, -0.00420000000000000 ) );
#9932 = CARTESIAN_POINT( '', ( 0.00302500000000000, -0.00335000000000000, -0.00420000000000000 ) );
#9933 = CARTESIAN_POINT( '', ( 0.00302500000001000, -0.00360000000001000, -0.00420000000001000 ) );
#9934 = VECTOR( '', #12320, 1.00000000000000 );
#9935 = CARTESIAN_POINT( '', ( 0.00322500000000000, -0.00335000000000000, -0.00420000000000000 ) );
#9936 = CARTESIAN_POINT( '', ( 0.00302500000001000, -0.00335000000001000, -0.00420000000001000 ) );
#9937 = VECTOR( '', #12321, 1.00000000000000 );
#9938 = CARTESIAN_POINT( '', ( 0.00322500000000000, -0.00360000000000000, -0.00420000000000000 ) );
#9939 = CARTESIAN_POINT( '', ( 0.00322500000001000, -0.00335000000001000, -0.00420000000001000 ) );
#9940 = VECTOR( '', #12322, 1.00000000000000 );
#9941 = CARTESIAN_POINT( '', ( 0.00322500000001000, -0.00360000000001000, -0.00420000000001000 ) );
#9942 = VECTOR( '', #12323, 1.00000000000000 );
#9943 = COLOUR_RGB( '', 0.866666674600000, 0.321568638100000, 0.156862750600000 );
#9944 = CARTESIAN_POINT( '', ( 0.00328500000000000, -0.00330000000000000, -0.00370000000000000 ) );
#9945 = CARTESIAN_POINT( '', ( 0.00328500000001000, -0.00330000000001000, -0.00370000000001000 ) );
#9946 = CARTESIAN_POINT( '', ( 0.00328500000001000, -0.00330000000001000, -0.00386767416106800 ) );
#9947 = CARTESIAN_POINT( '', ( 0.00326500000001000, -0.00331666666667700, -0.00403434082773400 ) );
#9948 = CARTESIAN_POINT( '', ( 0.00322500000001000, -0.00335000000001000, -0.00420000000001000 ) );
#9949 = CARTESIAN_POINT( '', ( 0.00296500000000000, -0.00330000000000000, -0.00370000000000000 ) );
#9950 = CARTESIAN_POINT( '', ( 0.00296500000001000, -0.00330000000001000, -0.00370000000001000 ) );
#9951 = CARTESIAN_POINT( '', ( 0.00296500000001000, -0.00330000000001000, -0.00386767416106800 ) );
#9952 = CARTESIAN_POINT( '', ( 0.00298500000001000, -0.00331666666667700, -0.00403434082773400 ) );
#9953 = CARTESIAN_POINT( '', ( 0.00302500000001000, -0.00335000000001000, -0.00420000000001000 ) );
#9954 = CARTESIAN_POINT( '', ( 0.00296500000001000, -0.00330000000001000, -0.00370000000001000 ) );
#9955 = VECTOR( '', #12324, 1.00000000000000 );
#9956 = COLOUR_RGB( '', 0.866666674600000, 0.321568638100000, 0.156862750600000 );
#9957 = CARTESIAN_POINT( '', ( 0.00415000000000000, -0.00372500000000000, -0.000600000000000000 ) );
#9958 = CARTESIAN_POINT( '', ( 0.00421500000000000, -0.00337840204454900, -0.000599928405774700 ) );
#9959 = CARTESIAN_POINT( '', ( 0.00415000000001147, -0.00372500000000215, -0.000600000000000000 ) );
#9960 = CARTESIAN_POINT( '', ( 0.00421500000001940, -0.00337840204455264, -0.000600000000000000 ) );
#9961 = CARTESIAN_POINT( '', ( 0.00415000000000000, -0.00372500000000000, -0.00160000000000000 ) );
#9962 = CARTESIAN_POINT( '', ( 0.00415000000001000, -0.00372500000001000, -0.00160000000001000 ) );
#9963 = VECTOR( '', #12325, 1.00000000000000 );
#9964 = CARTESIAN_POINT( '', ( 0.00421500000000000, -0.00337833333333300, -0.00160000000000000 ) );
#9965 = CARTESIAN_POINT( '', ( 0.00415000000001000, -0.00372500000001000, -0.00160000000001000 ) );
#9966 = VECTOR( '', #12326, 1.00000000000000 );
#9967 = CARTESIAN_POINT( '', ( 0.00421500000001000, -0.00337833333334300, -0.00160000000001000 ) );
#9968 = VECTOR( '', #12327, 1.00000000000000 );
#9969 = COLOUR_RGB( '', 0.866666674600000, 0.321568638100000, 0.156862750600000 );
#9970 = CARTESIAN_POINT( '', ( 0.00587500000000000, -0.00297500000000000, 0.00100000000000000 ) );
#9971 = CARTESIAN_POINT( '', ( 0.00537500000000000, -0.00297500000000000, 0.00100000000000000 ) );
#9972 = CARTESIAN_POINT( '', ( 0.00587500000001000, -0.00297500000001000, 0.00100000000001000 ) );
#9973 = VECTOR( '', #12328, 1.00000000000000 );
#9974 = CARTESIAN_POINT( '', ( 0.00537500000000000, -0.00322500000000000, 0.00100000000000000 ) );
#9975 = CARTESIAN_POINT( '', ( 0.00537500000001000, -0.00297500000001000, 0.00100000000001000 ) );
#9976 = VECTOR( '', #12329, 1.00000000000000 );
#9977 = CARTESIAN_POINT( '', ( 0.00587500000000000, -0.00322500000000000, 0.00100000000000000 ) );
#9978 = CARTESIAN_POINT( '', ( 0.00537500000001000, -0.00322500000001000, 0.00100000000001000 ) );
#9979 = VECTOR( '', #12330, 1.00000000000000 );
#9980 = CARTESIAN_POINT( '', ( 0.00587500000001000, -0.00322500000001000, 0.00100000000001000 ) );
#9981 = VECTOR( '', #12331, 1.00000000000000 );
#9982 = COLOUR_RGB( '', 0.866666674600000, 0.321568638100000, 0.156862750600000 );
#9983 = CARTESIAN_POINT( '', ( -0.00557500000000000, 0.000975000000000000, -0.00150000000000000 ) );
#9984 = CARTESIAN_POINT( '', ( -0.00527500000000000, 0.000675000000000000, -0.00120000000000000 ) );
#9985 = CARTESIAN_POINT( '', ( -0.00557500000001000, 0.000975000000010000, -0.00150000000001000 ) );
#9986 = VECTOR( '', #12332, 1.00000000000000 );
#9987 = CARTESIAN_POINT( '', ( 0.00527500000000000, 0.000675000000000000, -0.00120000000000000 ) );
#9988 = CARTESIAN_POINT( '', ( 0.00527500000001000, 0.000675000000010000, -0.00120000000001000 ) );
#9989 = VECTOR( '', #12333, 1.00000000000000 );
#9990 = CARTESIAN_POINT( '', ( 0.00557500000000000, 0.000975000000000000, -0.00150000000000000 ) );
#9991 = CARTESIAN_POINT( '', ( 0.00557500000001000, 0.000975000000010000, -0.00150000000001000 ) );
#9992 = VECTOR( '', #12334, 1.00000000000000 );
#9993 = CARTESIAN_POINT( '', ( 0.00557500000001000, 0.000975000000010000, -0.00150000000001000 ) );
#9994 = VECTOR( '', #12335, 1.00000000000000 );
#9995 = COLOUR_RGB( '', 0.866666674600000, 0.321568638100000, 0.156862750600000 );
#9996 = CARTESIAN_POINT( '', ( 0.00197500000000000, -0.00335000000000000, -0.00420000000000000 ) );
#9997 = CARTESIAN_POINT( '', ( 0.00177500000001000, -0.00335000000001000, -0.00420000000001000 ) );
#9998 = VECTOR( '', #12336, 1.00000000000000 );
#9999 = CARTESIAN_POINT( '', ( 0.00197500000000000, -0.00360000000000000, -0.00420000000000000 ) );
#10000 = CARTESIAN_POINT( '', ( 0.00197500000001000, -0.00335000000001000, -0.00420000000001000 ) );
#10001 = VECTOR( '', #12337, 1.00000000000000 );
#10002 = CARTESIAN_POINT( '', ( 0.00197500000001000, -0.00360000000001000, -0.00420000000001000 ) );
#10003 = VECTOR( '', #12338, 1.00000000000000 );
#10004 = COLOUR_RGB( '', 0.866666674600000, 0.321568638100000, 0.156862750600000 );
#10005 = CARTESIAN_POINT( '', ( 0.00171500000000000, -0.00365000000000000, -0.00127500000000000 ) );
#10006 = CARTESIAN_POINT( '', ( 0.00171500000001000, -0.00365000000001000, -0.00127500000001000 ) );
#10007 = VECTOR( '', #12339, 1.00000000000000 );
#10008 = CARTESIAN_POINT( '', ( 0.00203500000000000, -0.00365000000000000, -0.00370000000000000 ) );
#10009 = CARTESIAN_POINT( '', ( 0.00203500000001000, -0.00365000000001000, -0.00370000000001000 ) );
#10010 = VECTOR( '', #12340, 1.00000000000000 );
#10011 = CARTESIAN_POINT( '', ( 0.00203500000000000, -0.00365000000000000, -0.00127500000000000 ) );
#10012 = CARTESIAN_POINT( '', ( 0.00203500000001000, -0.00365000000001000, -0.00127500000001000 ) );
#10013 = VECTOR( '', #12341, 1.00000000000000 );
#10014 = CARTESIAN_POINT( '', ( 0.00203500000001000, -0.00365000000001000, -0.00127500000001000 ) );
#10015 = VECTOR( '', #12342, 1.00000000000000 );
#10016 = COLOUR_RGB( '', 0.866666674600000, 0.321568638100000, 0.156862750600000 );
#10017 = CARTESIAN_POINT( '', ( -0.00157500000000000, -0.00322500000000000, 0.00100000000000000 ) );
#10018 = CARTESIAN_POINT( '', ( -0.00157500000000000, -0.00292500000000000, 0.00100000000000000 ) );
#10019 = CARTESIAN_POINT( '', ( -0.00157500000001000, -0.00322500000001000, 0.00100000000001000 ) );
#10020 = VECTOR( '', #12343, 1.00000000000000 );
#10021 = CARTESIAN_POINT( '', ( -0.00217500000000000, -0.00292500000000000, 0.00100000000000000 ) );
#10022 = CARTESIAN_POINT( '', ( -0.00157500000001000, -0.00292500000001000, 0.00100000000001000 ) );
#10023 = VECTOR( '', #12344, 1.00000000000000 );
#10024 = CARTESIAN_POINT( '', ( -0.00217500000000000, -0.00322500000000000, 0.00100000000000000 ) );
#10025 = CARTESIAN_POINT( '', ( -0.00217500000001000, -0.00292500000001000, 0.00100000000001000 ) );
#10026 = VECTOR( '', #12345, 1.00000000000000 );
#10027 = CARTESIAN_POINT( '', ( -0.00217500000001000, -0.00322500000001000, 0.00100000000001000 ) );
#10028 = VECTOR( '', #12346, 1.00000000000000 );
#10029 = COLOUR_RGB( '', 0.866666674600000, 0.321568638100000, 0.156862750600000 );
#10030 = CARTESIAN_POINT( '', ( -0.00171500000000000, -2.50000000000000E-05, -0.000775000000000000 ) );
#10031 = CARTESIAN_POINT( '', ( -0.00171500000000000, -0.00197500000000000, -0.000775000000000000 ) );
#10032 = CARTESIAN_POINT( '', ( -0.00171500000001000, -2.50000000100000E-05, -0.000775000000010000 ) );
#10033 = VECTOR( '', #12347, 1.00000000000000 );
#10034 = CARTESIAN_POINT( '', ( -0.00171500000000000, -2.50000000000000E-05, -0.000175000000000000 ) );
#10035 = CARTESIAN_POINT( '', ( -0.00171500000001000, -2.50000000100000E-05, -0.000775000000010000 ) );
#10036 = VECTOR( '', #12348, 1.00000000000000 );
#10037 = CARTESIAN_POINT( '', ( -0.00171500000000000, -0.00197500000000000, -0.000175000000000000 ) );
#10038 = CARTESIAN_POINT( '', ( -0.00171500000001000, -2.50000000100000E-05, -0.000175000000010000 ) );
#10039 = VECTOR( '', #12349, 1.00000000000000 );
#10040 = CARTESIAN_POINT( '', ( -0.00171500000001000, -0.00197500000001000, -0.000775000000010000 ) );
#10041 = VECTOR( '', #12350, 1.00000000000000 );
#10042 = COLOUR_RGB( '', 0.866666674600000, 0.321568638100000, 0.156862750600000 );
#10043 = CARTESIAN_POINT( '', ( 0.00177500000000000, 0.000275000000000000, -0.000675000000000000 ) );
#10044 = CARTESIAN_POINT( '', ( 0.00171500000000000, -2.50000000000000E-05, -0.000775000000000000 ) );
#10045 = CARTESIAN_POINT( '', ( 0.00177500000001000, 0.000275000000010000, -0.000675000000010000 ) );
#10046 = CARTESIAN_POINT( '', ( 0.00173500000001000, 0.000178580812066500, -0.000741666666676700 ) );
#10047 = CARTESIAN_POINT( '', ( 0.00171500000001000, 7.85808120665200E-05, -0.000775000000010000 ) );
#10048 = CARTESIAN_POINT( '', ( 0.00171500000001000, -2.50000000100000E-05, -0.000775000000010000 ) );
#10049 = CARTESIAN_POINT( '', ( 0.00171500000000000, -2.50000000000000E-05, -0.000175000000000000 ) );
#10050 = CARTESIAN_POINT( '', ( 0.00171500000001000, -2.50000000100000E-05, -0.000175000000010000 ) );
#10051 = VECTOR( '', #12351, 1.00000000000000 );
#10052 = CARTESIAN_POINT( '', ( 0.00177500000000000, 0.000275000000000000, -0.000275000000000000 ) );
#10053 = CARTESIAN_POINT( '', ( 0.00177500000001000, 0.000275000000010000, -0.000275000000010000 ) );
#10054 = CARTESIAN_POINT( '', ( 0.00173500000001000, 0.000178580812066500, -0.000208333333343300 ) );
#10055 = CARTESIAN_POINT( '', ( 0.00171500000001000, 7.85808120665200E-05, -0.000175000000010000 ) );
#10056 = CARTESIAN_POINT( '', ( 0.00171500000001000, -2.50000000100000E-05, -0.000175000000010000 ) );
#10057 = CARTESIAN_POINT( '', ( 0.00177500000001000, 0.000275000000010000, -0.000275000000010000 ) );
#10058 = VECTOR( '', #12352, 1.00000000000000 );
#10059 = COLOUR_RGB( '', 0.866666674600000, 0.321568638100000, 0.156862750600000 );
#10060 = CARTESIAN_POINT( '', ( 0.00296500000000000, -0.00365000000000000, -0.00370000000000000 ) );
#10061 = CARTESIAN_POINT( '', ( 0.00296500000001000, -0.00365000000001000, -0.00370000000001000 ) );
#10062 = CARTESIAN_POINT( '', ( 0.00296500000001000, -0.00365000000001000, -0.00386767416106800 ) );
#10063 = CARTESIAN_POINT( '', ( 0.00298500000001000, -0.00363333333334300, -0.00403434082773400 ) );
#10064 = CARTESIAN_POINT( '', ( 0.00302500000001000, -0.00360000000001000, -0.00420000000001000 ) );
#10065 = CARTESIAN_POINT( '', ( 0.00296500000001000, -0.00365000000001000, -0.00370000000001000 ) );
#10066 = VECTOR( '', #12353, 1.00000000000000 );
#10067 = COLOUR_RGB( '', 0.866666674600000, 0.321568638100000, 0.156862750600000 );
#10068 = CARTESIAN_POINT( '', ( -0.000850000000000000, -0.00372500000000000, -0.000600000000000000 ) );
#10069 = CARTESIAN_POINT( '', ( -0.000785000000000000, -0.00337840204454900, -0.000599928405774700 ) );
#10070 = CARTESIAN_POINT( '', ( -0.000850000000007850, -0.00372499999999853, -0.000600000000000000 ) );
#10071 = CARTESIAN_POINT( '', ( -0.000785000000000000, -0.00337840204454901, -0.000600000000000000 ) );
#10072 = CARTESIAN_POINT( '', ( -0.000850000000000000, -0.00372500000000000, -0.00160000000000000 ) );
#10073 = CARTESIAN_POINT( '', ( -0.000850000000010000, -0.00372500000001000, -0.00160000000001000 ) );
#10074 = VECTOR( '', #12354, 1.00000000000000 );
#10075 = CARTESIAN_POINT( '', ( -0.000785000000000000, -0.00337833333333300, -0.00160000000000000 ) );
#10076 = CARTESIAN_POINT( '', ( -0.000850000000010000, -0.00372500000001000, -0.00160000000001000 ) );
#10077 = VECTOR( '', #12355, 1.00000000000000 );
#10078 = CARTESIAN_POINT( '', ( -0.000785000000010000, -0.00337833333334300, -0.00160000000001000 ) );
#10079 = VECTOR( '', #12356, 1.00000000000000 );
#10080 = COLOUR_RGB( '', 0.866666674600000, 0.321568638100000, 0.156862750600000 );
#10081 = CARTESIAN_POINT( '', ( 0.00328500000000000, -0.00365000000000000, -0.00370000000000000 ) );
#10082 = CARTESIAN_POINT( '', ( 0.00328500000001000, -0.00365000000001000, -0.00370000000001000 ) );
#10083 = CARTESIAN_POINT( '', ( 0.00328500000001000, -0.00365000000001000, -0.00386767416106800 ) );
#10084 = CARTESIAN_POINT( '', ( 0.00326500000001000, -0.00363333333334300, -0.00403434082773400 ) );
#10085 = CARTESIAN_POINT( '', ( 0.00322500000001000, -0.00360000000001000, -0.00420000000001000 ) );
#10086 = CARTESIAN_POINT( '', ( 0.00328500000001000, -0.00365000000001000, -0.00370000000001000 ) );
#10087 = VECTOR( '', #12357, 1.00000000000000 );
#10088 = COLOUR_RGB( '', 0.866666674600000, 0.321568638100000, 0.156862750600000 );
#10089 = CARTESIAN_POINT( '', ( 0.00447500000000000, 0.000275000000000000, -0.000275000000000000 ) );
#10090 = CARTESIAN_POINT( '', ( 0.00453500000000000, -2.50000000000000E-05, -0.000175000000000000 ) );
#10091 = CARTESIAN_POINT( '', ( 0.00447500000001000, 0.000275000000010000, -0.000275000000010000 ) );
#10092 = CARTESIAN_POINT( '', ( 0.00451500000001000, 0.000178580812066500, -0.000208333333343300 ) );
#10093 = CARTESIAN_POINT( '', ( 0.00453500000001000, 7.85808120665200E-05, -0.000175000000010000 ) );
#10094 = CARTESIAN_POINT( '', ( 0.00453500000001000, -2.50000000100000E-05, -0.000175000000010000 ) );
#10095 = CARTESIAN_POINT( '', ( 0.00453500000000000, -2.50000000000000E-05, -0.000775000000000000 ) );
#10096 = CARTESIAN_POINT( '', ( 0.00453500000001000, -2.50000000100000E-05, -0.000775000000010000 ) );
#10097 = VECTOR( '', #12358, 1.00000000000000 );
#10098 = CARTESIAN_POINT( '', ( 0.00447500000000000, 0.000275000000000000, -0.000675000000000000 ) );
#10099 = CARTESIAN_POINT( '', ( 0.00447500000001000, 0.000275000000010000, -0.000675000000010000 ) );
#10100 = CARTESIAN_POINT( '', ( 0.00451500000001000, 0.000178580812066500, -0.000741666666676700 ) );
#10101 = CARTESIAN_POINT( '', ( 0.00453500000001000, 7.85808120665200E-05, -0.000775000000010000 ) );
#10102 = CARTESIAN_POINT( '', ( 0.00453500000001000, -2.50000000100000E-05, -0.000775000000010000 ) );
#10103 = CARTESIAN_POINT( '', ( 0.00447500000001000, 0.000275000000010000, -0.000675000000010000 ) );
#10104 = VECTOR( '', #12359, 1.00000000000000 );
#10105 = COLOUR_RGB( '', 0.866666674600000, 0.321568638100000, 0.156862750600000 );
#10106 = CARTESIAN_POINT( '', ( 0.00203500000000000, -0.00337840204454900, -0.000599928405774700 ) );
#10107 = CARTESIAN_POINT( '', ( 0.00210000000000000, -0.00372500000000000, -0.000600000000000000 ) );
#10108 = CARTESIAN_POINT( '', ( 0.00203500000000785, -0.00337840204454753, -0.000600000000000000 ) );
#10109 = CARTESIAN_POINT( '', ( 0.00210000000001574, -0.00372499999999704, -0.000600000000000000 ) );
#10110 = CARTESIAN_POINT( '', ( 0.00220000000000000, -0.00382500000000000, -0.000600000000000000 ) );
#10111 = CARTESIAN_POINT( '', ( 0.00210000000001000, -0.00372500000001000, -0.000600000000010000 ) );
#10112 = VECTOR( '', #12360, 1.00000000000000 );
#10113 = CARTESIAN_POINT( '', ( 0.00280000000000000, -0.00382500000000000, -0.000600000000000000 ) );
#10114 = CARTESIAN_POINT( '', ( 0.00220000000001000, -0.00382500000001000, -0.000600000000010000 ) );
#10115 = VECTOR( '', #12361, 1.00000000000000 );
#10116 = CARTESIAN_POINT( '', ( 0.00290000000000000, -0.00372500000000000, -0.000600000000000000 ) );
#10117 = CARTESIAN_POINT( '', ( 0.00280000000001000, -0.00382500000001000, -0.000600000000010000 ) );
#10118 = VECTOR( '', #12362, 1.00000000000000 );
#10119 = CARTESIAN_POINT( '', ( 0.00296500000000000, -0.00337840204454900, -0.000599928405774700 ) );
#10120 = CARTESIAN_POINT( '', ( 0.00290000000001147, -0.00372500000000215, -0.000600000000000000 ) );
#10121 = CARTESIAN_POINT( '', ( 0.00296500000001940, -0.00337840204455264, -0.000600000000000000 ) );
#10122 = CARTESIAN_POINT( '', ( 0.00296500000000000, -0.00322500000000000, -0.000600000000000000 ) );
#10123 = CARTESIAN_POINT( '', ( 0.00296500000000000, -0.00322500000000000, -0.000600000000010005 ) );
#10124 = CARTESIAN_POINT( '', ( 0.00296500000000000, -0.00337840204454900, -0.000599928405774747 ) );
#10125 = CARTESIAN_POINT( '', ( 0.00203500000000000, -0.00322500000000000, -0.000600000000000000 ) );
#10126 = CARTESIAN_POINT( '', ( 0.00296500000001000, -0.00322500000001000, -0.000600000000010000 ) );
#10127 = VECTOR( '', #12363, 1.00000000000000 );
#10128 = CARTESIAN_POINT( '', ( 0.00203500000001000, -0.00382500000000000, -0.000600000000000000 ) );
#10129 = VECTOR( '', #12364, 1.00000000000000 );
#10130 = COLOUR_RGB( '', 0.866666674600000, 0.321568638100000, 0.156862750600000 );
#10131 = CARTESIAN_POINT( '', ( 0.000465000000000000, -0.00337833333333300, -0.00160000000000000 ) );
#10132 = CARTESIAN_POINT( '', ( 0.000465000000000000, -0.00330000000000000, -0.00160000000000000 ) );
#10133 = CARTESIAN_POINT( '', ( 0.000465000000010000, -0.00337833333334300, -0.00160000000001000 ) );
#10134 = VECTOR( '', #12365, 1.00000000000000 );
#10135 = CARTESIAN_POINT( '', ( 0.000465000000000000, -0.00330000000000000, -0.00370000000000000 ) );
#10136 = CARTESIAN_POINT( '', ( 0.000465000000010000, -0.00330000000001000, -0.00160000000001000 ) );
#10137 = VECTOR( '', #12366, 1.00000000000000 );
#10138 = CARTESIAN_POINT( '', ( 0.000465000000000000, -0.00365000000000000, -0.00370000000000000 ) );
#10139 = CARTESIAN_POINT( '', ( 0.000465000000010000, -0.00365000000001000, -0.00370000000001000 ) );
#10140 = VECTOR( '', #12367, 1.00000000000000 );
#10141 = CARTESIAN_POINT( '', ( 0.000465000000000000, -0.00365000000000000, -0.00127500000000000 ) );
#10142 = CARTESIAN_POINT( '', ( 0.000465000000010000, -0.00365000000001000, -0.00127500000001000 ) );
#10143 = VECTOR( '', #12368, 1.00000000000000 );
#10144 = CARTESIAN_POINT( '', ( 0.000465000000000000, -0.00337840204454900, -0.000599928405774700 ) );
#10145 = AXIS2_PLACEMENT_3D( '', #12369, #12370, #12371 );
#10146 = CARTESIAN_POINT( '', ( 0.000465000000010000, -0.00337833333334300, -0.00160000000001000 ) );
#10147 = VECTOR( '', #12372, 1.00000000000000 );
#10148 = COLOUR_RGB( '', 0.866666674600000, 0.321568638100000, 0.156862750600000 );
#10149 = CARTESIAN_POINT( '', ( -0.00427500000000000, 0.000275000000000000, -0.000675000000000000 ) );
#10150 = CARTESIAN_POINT( '', ( -0.00421500000000000, -2.50000000000000E-05, -0.000775000000000000 ) );
#10151 = CARTESIAN_POINT( '', ( -0.00427500000001000, 0.000275000000010000, -0.000675000000010000 ) );
#10152 = CARTESIAN_POINT( '', ( -0.00423500000001000, 0.000178580812066500, -0.000741666666676700 ) );
#10153 = CARTESIAN_POINT( '', ( -0.00421500000001000, 7.85808120665200E-05, -0.000775000000010000 ) );
#10154 = CARTESIAN_POINT( '', ( -0.00421500000001000, -2.50000000100000E-05, -0.000775000000010000 ) );
#10155 = CARTESIAN_POINT( '', ( -0.00453500000000000, -2.50000000000000E-05, -0.000775000000000000 ) );
#10156 = CARTESIAN_POINT( '', ( -0.00453500000001000, -2.50000000100000E-05, -0.000775000000010000 ) );
#10157 = VECTOR( '', #12373, 1.00000000000000 );
#10158 = CARTESIAN_POINT( '', ( -0.00447500000000000, 0.000275000000000000, -0.000675000000000000 ) );
#10159 = CARTESIAN_POINT( '', ( -0.00447500000001000, 0.000275000000010000, -0.000675000000010000 ) );
#10160 = CARTESIAN_POINT( '', ( -0.00451500000001000, 0.000178580812066500, -0.000741666666676700 ) );
#10161 = CARTESIAN_POINT( '', ( -0.00453500000001000, 7.85808120665200E-05, -0.000775000000010000 ) );
#10162 = CARTESIAN_POINT( '', ( -0.00453500000001000, -2.50000000100000E-05, -0.000775000000010000 ) );
#10163 = CARTESIAN_POINT( '', ( -0.00447500000001000, 0.000275000000010000, -0.000675000000010000 ) );
#10164 = VECTOR( '', #12374, 1.00000000000000 );
#10165 = COLOUR_RGB( '', 0.866666674600000, 0.321568638100000, 0.156862750600000 );
#10166 = CARTESIAN_POINT( '', ( -0.000785000000000000, -0.00322500000000000, -0.000469937890594800 ) );
#10167 = CARTESIAN_POINT( '', ( -0.000465000000000000, -0.00322500000000000, -0.000469937890594800 ) );
#10168 = CARTESIAN_POINT( '', ( -0.000785000000010000, -0.00322500000001000, -0.000469937890604800 ) );
#10169 = VECTOR( '', #12375, 1.00000000000000 );
#10170 = AXIS2_PLACEMENT_3D( '', #12376, #12377, #12378 );
#10171 = CARTESIAN_POINT( '', ( -0.000785000000000000, -0.00365000000000000, -0.00127500000000000 ) );
#10172 = AXIS2_PLACEMENT_3D( '', #12379, #12380, #12381 );
#10173 = CARTESIAN_POINT( '', ( -0.000465000000000000, -0.00365000000000000, -0.00127500000000000 ) );
#10174 = CARTESIAN_POINT( '', ( -0.000465000000010000, -0.00365000000001000, -0.00127500000001000 ) );
#10175 = VECTOR( '', #12382, 1.00000000000000 );
#10176 = CARTESIAN_POINT( '', ( -0.000465000000000000, -0.00337840204454900, -0.000599928405774700 ) );
#10177 = AXIS2_PLACEMENT_3D( '', #12383, #12384, #12385 );
#10178 = AXIS2_PLACEMENT_3D( '', #12386, #12387, #12388 );
#10179 = COLOUR_RGB( '', 0.866666674600000, 0.321568638100000, 0.156862750600000 );
#10180 = CARTESIAN_POINT( '', ( -0.00203500000000000, -2.50000000000000E-05, -0.000175000000000000 ) );
#10181 = CARTESIAN_POINT( '', ( -0.00171500000001000, -2.50000000100000E-05, -0.000175000000010000 ) );
#10182 = VECTOR( '', #12389, 1.00000000000000 );
#10183 = CARTESIAN_POINT( '', ( -0.00203500000000000, -0.00197500000000000, -0.000175000000000000 ) );
#10184 = CARTESIAN_POINT( '', ( -0.00203500000001000, -2.50000000100000E-05, -0.000175000000010000 ) );
#10185 = VECTOR( '', #12390, 1.00000000000000 );
#10186 = CARTESIAN_POINT( '', ( -0.00203500000001000, -0.00197500000001000, -0.000175000000010000 ) );
#10187 = VECTOR( '', #12391, 1.00000000000000 );
#10188 = COLOUR_RGB( '', 0.866666674600000, 0.321568638100000, 0.156862750600000 );
#10189 = CARTESIAN_POINT( '', ( 0.000325000000000000, -0.00292500000000000, 0.00160000000000000 ) );
#10190 = CARTESIAN_POINT( '', ( 0.000325000000000000, -0.00292500000000000, 0.00100000000000000 ) );
#10191 = CARTESIAN_POINT( '', ( 0.000325000000010000, -0.00292500000001000, 0.00160000000001000 ) );
#10192 = VECTOR( '', #12392, 1.00000000000000 );
#10193 = CARTESIAN_POINT( '', ( 0.000925000000000000, -0.00292500000000000, 0.00100000000000000 ) );
#10194 = CARTESIAN_POINT( '', ( 0.000925000000010000, -0.00292500000001000, 0.00100000000001000 ) );
#10195 = VECTOR( '', #12393, 1.00000000000000 );
#10196 = CARTESIAN_POINT( '', ( 0.000925000000000000, -0.00292500000000000, 0.00160000000000000 ) );
#10197 = CARTESIAN_POINT( '', ( 0.000925000000010000, -0.00292500000001000, 0.00160000000001000 ) );
#10198 = VECTOR( '', #12394, 1.00000000000000 );
#10199 = CARTESIAN_POINT( '', ( 0.000925000000010000, -0.00292500000001000, 0.00160000000001000 ) );
#10200 = VECTOR( '', #12395, 1.00000000000000 );
#10201 = COLOUR_RGB( '', 0.866666674600000, 0.321568638100000, 0.156862750600000 );
#10202 = CARTESIAN_POINT( '', ( -0.00171500000000000, -0.00337840204454900, -0.000599928405774700 ) );
#10203 = CARTESIAN_POINT( '', ( -0.00171500000000000, -0.00337833333333300, -0.00160000000000000 ) );
#10204 = CARTESIAN_POINT( '', ( -0.00171498755419343, -0.00337839971096839, -0.000599928405774700 ) );
#10205 = CARTESIAN_POINT( '', ( -0.00171500000000040, -0.00337833333333121, -0.00160000000000000 ) );
#10206 = CARTESIAN_POINT( '', ( -0.00171500000000000, -0.00365000000000000, -0.00127500000000000 ) );
#10207 = AXIS2_PLACEMENT_3D( '', #12396, #12397, #12398 );
#10208 = CARTESIAN_POINT( '', ( -0.00171500000000000, -0.00365000000000000, -0.00370000000000000 ) );
#10209 = CARTESIAN_POINT( '', ( -0.00171500000001000, -0.00365000000001000, -0.00127500000001000 ) );
#10210 = VECTOR( '', #12399, 1.00000000000000 );
#10211 = CARTESIAN_POINT( '', ( -0.00171500000000000, -0.00330000000000000, -0.00370000000000000 ) );
#10212 = CARTESIAN_POINT( '', ( -0.00171500000001000, -0.00330000000001000, -0.00370000000001000 ) );
#10213 = VECTOR( '', #12400, 1.00000000000000 );
#10214 = CARTESIAN_POINT( '', ( -0.00171500000000000, -0.00330000000000000, -0.00160000000000000 ) );
#10215 = CARTESIAN_POINT( '', ( -0.00171500000001000, -0.00330000000001000, -0.00160000000001000 ) );
#10216 = VECTOR( '', #12401, 1.00000000000000 );
#10217 = CARTESIAN_POINT( '', ( -0.00171500000001000, -0.00337833333334300, -0.00160000000001000 ) );
#10218 = VECTOR( '', #12402, 1.00000000000000 );
#10219 = COLOUR_RGB( '', 0.866666674600000, 0.321568638100000, 0.156862750600000 );
#10220 = CARTESIAN_POINT( '', ( -0.000785000000000000, -2.50000000000000E-05, -0.000775000000000000 ) );
#10221 = CARTESIAN_POINT( '', ( -0.000785000000000000, -0.00197500000000000, -0.000775000000000000 ) );
#10222 = CARTESIAN_POINT( '', ( -0.000785000000010000, -2.50000000100000E-05, -0.000775000000010000 ) );
#10223 = VECTOR( '', #12403, 1.00000000000000 );
#10224 = CARTESIAN_POINT( '', ( -0.000465000000000000, -2.50000000000000E-05, -0.000775000000000000 ) );
#10225 = CARTESIAN_POINT( '', ( -0.000785000000010000, -2.50000000100000E-05, -0.000775000000010000 ) );
#10226 = VECTOR( '', #12404, 1.00000000000000 );
#10227 = CARTESIAN_POINT( '', ( -0.000465000000000000, -0.00197500000000000, -0.000775000000000000 ) );
#10228 = CARTESIAN_POINT( '', ( -0.000465000000010000, -2.50000000100000E-05, -0.000775000000010000 ) );
#10229 = VECTOR( '', #12405, 1.00000000000000 );
#10230 = CARTESIAN_POINT( '', ( -0.000785000000010000, -0.00197500000001000, -0.000775000000010000 ) );
#10231 = VECTOR( '', #12406, 1.00000000000000 );
#10232 = COLOUR_RGB( '', 0.866666674600000, 0.321568638100000, 0.156862750600000 );
#10233 = CARTESIAN_POINT( '', ( -0.00527500000000000, 0.000675000000000000, 0.00120000000000000 ) );
#10234 = CARTESIAN_POINT( '', ( -0.00527500000000000, -2.50000000000000E-05, 0.00120000000000000 ) );
#10235 = CARTESIAN_POINT( '', ( -0.00527500000001000, 0.000675000000010000, 0.00120000000001000 ) );
#10236 = VECTOR( '', #12407, 1.00000000000000 );
#10237 = CARTESIAN_POINT( '', ( -0.00557500000000000, 0.000975000000000000, 0.00120000000000000 ) );
#10238 = CARTESIAN_POINT( '', ( -0.00557500000001000, 0.000975000000010000, 0.00120000000001000 ) );
#10239 = VECTOR( '', #12408, 1.00000000000000 );
#10240 = CARTESIAN_POINT( '', ( -0.00587500000000000, 0.000975000000000000, 0.00120000000000000 ) );
#10241 = CARTESIAN_POINT( '', ( -0.00587500000001000, 0.000975000000010000, 0.00120000000001000 ) );
#10242 = VECTOR( '', #12409, 1.00000000000000 );
#10243 = CARTESIAN_POINT( '', ( -0.00587500000000000, -2.50000000000000E-05, 0.00120000000000000 ) );
#10244 = CARTESIAN_POINT( '', ( -0.00587500000001000, 0.000975000000010000, 0.00120000000001000 ) );
#10245 = VECTOR( '', #12410, 1.00000000000000 );
#10246 = CARTESIAN_POINT( '', ( -0.00587500000001000, -2.50000000100000E-05, 0.00120000000001000 ) );
#10247 = VECTOR( '', #12411, 1.00000000000000 );
#10248 = COLOUR_RGB( '', 0.866666674600000, 0.321568638100000, 0.156862750600000 );
#10249 = CARTESIAN_POINT( '', ( 0.000525000000000000, -0.00335000000000000, -0.00420000000000000 ) );
#10250 = CARTESIAN_POINT( '', ( 0.000465000000010000, -0.00330000000001000, -0.00370000000001000 ) );
#10251 = CARTESIAN_POINT( '', ( 0.000465000000010000, -0.00330000000001000, -0.00386767416106800 ) );
#10252 = CARTESIAN_POINT( '', ( 0.000485000000010000, -0.00331666666667700, -0.00403434082773400 ) );
#10253 = CARTESIAN_POINT( '', ( 0.000525000000010000, -0.00335000000001000, -0.00420000000001000 ) );
#10254 = CARTESIAN_POINT( '', ( 0.000525000000000000, -0.00360000000000000, -0.00420000000000000 ) );
#10255 = CARTESIAN_POINT( '', ( 0.000525000000010000, -0.00360000000001000, -0.00420000000001000 ) );
#10256 = VECTOR( '', #12412, 1.00000000000000 );
#10257 = CARTESIAN_POINT( '', ( 0.000465000000010000, -0.00365000000001000, -0.00370000000001000 ) );
#10258 = CARTESIAN_POINT( '', ( 0.000465000000010000, -0.00365000000001000, -0.00386767416106800 ) );
#10259 = CARTESIAN_POINT( '', ( 0.000485000000010000, -0.00363333333334300, -0.00403434082773400 ) );
#10260 = CARTESIAN_POINT( '', ( 0.000525000000010000, -0.00360000000001000, -0.00420000000001000 ) );
#10261 = COLOUR_RGB( '', 0.866666674600000, 0.321568638100000, 0.156862750600000 );
#10262 = CARTESIAN_POINT( '', ( 0.00421500000000000, -0.00322500000000000, -0.000469937890594800 ) );
#10263 = CARTESIAN_POINT( '', ( 0.00453500000000000, -0.00322500000000000, -0.000469937890594800 ) );
#10264 = CARTESIAN_POINT( '', ( 0.00421500000001000, -0.00322500000001000, -0.000469937890604800 ) );
#10265 = VECTOR( '', #12413, 1.00000000000000 );
#10266 = AXIS2_PLACEMENT_3D( '', #12414, #12415, #12416 );
#10267 = CARTESIAN_POINT( '', ( 0.00421500000000000, -0.00365000000000000, -0.00127500000000000 ) );
#10268 = AXIS2_PLACEMENT_3D( '', #12417, #12418, #12419 );
#10269 = CARTESIAN_POINT( '', ( 0.00453500000000000, -0.00365000000000000, -0.00127500000000000 ) );
#10270 = CARTESIAN_POINT( '', ( 0.00453500000001000, -0.00365000000001000, -0.00127500000001000 ) );
#10271 = VECTOR( '', #12420, 1.00000000000000 );
#10272 = CARTESIAN_POINT( '', ( 0.00453500000000000, -0.00337840204454900, -0.000599928405774700 ) );
#10273 = AXIS2_PLACEMENT_3D( '', #12421, #12422, #12423 );
#10274 = AXIS2_PLACEMENT_3D( '', #12424, #12425, #12426 );
#10275 = COLOUR_RGB( '', 0.866666674600000, 0.321568638100000, 0.156862750600000 );
#10276 = CARTESIAN_POINT( '', ( -0.00302500000000000, 0.000275000000000000, -0.000675000000000000 ) );
#10277 = CARTESIAN_POINT( '', ( -0.00302500000000000, 0.000275000000000000, -0.000275000000000000 ) );
#10278 = CARTESIAN_POINT( '', ( -0.00302500000001000, 0.000275000000010000, -0.000675000000010000 ) );
#10279 = VECTOR( '', #12427, 1.00000000000000 );
#10280 = CARTESIAN_POINT( '', ( -0.00322500000000000, 0.000275000000000000, -0.000675000000000000 ) );
#10281 = CARTESIAN_POINT( '', ( -0.00322500000001000, 0.000275000000010000, -0.000675000000010000 ) );
#10282 = VECTOR( '', #12428, 1.00000000000000 );
#10283 = CARTESIAN_POINT( '', ( -0.00322500000000000, 0.000275000000000000, -0.000275000000000000 ) );
#10284 = CARTESIAN_POINT( '', ( -0.00322500000001000, 0.000275000000010000, -0.000275000000010000 ) );
#10285 = VECTOR( '', #12429, 1.00000000000000 );
#10286 = CARTESIAN_POINT( '', ( -0.00302500000001000, 0.000275000000010000, -0.000275000000010000 ) );
#10287 = VECTOR( '', #12430, 1.00000000000000 );
#10288 = COLOUR_RGB( '', 0.866666674600000, 0.321568638100000, 0.156862750600000 );
#10289 = CARTESIAN_POINT( '', ( 0.00421500000000000, -2.50000000000000E-05, -0.000775000000000000 ) );
#10290 = CARTESIAN_POINT( '', ( 0.00421500000001000, -2.50000000100000E-05, -0.000775000000010000 ) );
#10291 = VECTOR( '', #12431, 1.00000000000000 );
#10292 = CARTESIAN_POINT( '', ( 0.00427500000000000, 0.000275000000000000, -0.000675000000000000 ) );
#10293 = CARTESIAN_POINT( '', ( 0.00427500000001000, 0.000275000000010000, -0.000675000000010000 ) );
#10294 = CARTESIAN_POINT( '', ( 0.00423500000001000, 0.000178580812066500, -0.000741666666676700 ) );
#10295 = CARTESIAN_POINT( '', ( 0.00421500000001000, 7.85808120665200E-05, -0.000775000000010000 ) );
#10296 = CARTESIAN_POINT( '', ( 0.00421500000001000, -2.50000000100000E-05, -0.000775000000010000 ) );
#10297 = CARTESIAN_POINT( '', ( 0.00427500000001000, 0.000275000000010000, -0.000675000000010000 ) );
#10298 = VECTOR( '', #12432, 1.00000000000000 );
#10299 = COLOUR_RGB( '', 0.866666674600000, 0.321568638100000, 0.156862750600000 );
#10300 = CARTESIAN_POINT( '', ( -0.000525000000000000, 0.000275000000000000, -0.000675000000000000 ) );
#10301 = CARTESIAN_POINT( '', ( -0.000525000000010000, 0.000275000000010000, -0.000675000000010000 ) );
#10302 = CARTESIAN_POINT( '', ( -0.000485000000010000, 0.000178580812066500, -0.000741666666676700 ) );
#10303 = CARTESIAN_POINT( '', ( -0.000465000000010000, 7.85808120665200E-05, -0.000775000000010000 ) );
#10304 = CARTESIAN_POINT( '', ( -0.000465000000010000, -2.50000000100000E-05, -0.000775000000010000 ) );
#10305 = CARTESIAN_POINT( '', ( -0.000725000000000000, 0.000275000000000000, -0.000675000000000000 ) );
#10306 = CARTESIAN_POINT( '', ( -0.000725000000010000, 0.000275000000010000, -0.000675000000010000 ) );
#10307 = CARTESIAN_POINT( '', ( -0.000765000000010000, 0.000178580812066500, -0.000741666666676700 ) );
#10308 = CARTESIAN_POINT( '', ( -0.000785000000010000, 7.85808120665200E-05, -0.000775000000010000 ) );
#10309 = CARTESIAN_POINT( '', ( -0.000785000000010000, -2.50000000100000E-05, -0.000775000000010000 ) );
#10310 = CARTESIAN_POINT( '', ( -0.000725000000010000, 0.000275000000010000, -0.000675000000010000 ) );
#10311 = VECTOR( '', #12433, 1.00000000000000 );
#10312 = COLOUR_RGB( '', 0.866666674600000, 0.321568638100000, 0.156862750600000 );
#10313 = CARTESIAN_POINT( '', ( 0.00587500000000000, 0.000975000000000000, -0.00190000000000000 ) );
#10314 = CARTESIAN_POINT( '', ( 0.00517500000000000, 0.000975000000000000, -0.00190000000000000 ) );
#10315 = CARTESIAN_POINT( '', ( 0.00587500000001000, 0.000975000000010000, -0.00190000000001000 ) );
#10316 = VECTOR( '', #12434, 1.00000000000000 );
#10317 = CARTESIAN_POINT( '', ( 0.00587500000000000, -0.00452500000000000, -0.00190000000000000 ) );
#10318 = CARTESIAN_POINT( '', ( 0.00587500000001000, -0.00452500000001000, -0.00190000000001000 ) );
#10319 = VECTOR( '', #12435, 1.00000000000000 );
#10320 = CARTESIAN_POINT( '', ( 0.00517500000000000, -0.00452500000000000, -0.00190000000000000 ) );
#10321 = CARTESIAN_POINT( '', ( 0.00587500000001000, -0.00452500000001000, -0.00190000000001000 ) );
#10322 = VECTOR( '', #12436, 1.00000000000000 );
#10323 = CARTESIAN_POINT( '', ( 0.00517500000001000, -0.00452500000001000, -0.00190000000001000 ) );
#10324 = VECTOR( '', #12437, 1.00000000000000 );
#10325 = COLOUR_RGB( '', 0.866666674600000, 0.321568638100000, 0.156862750600000 );
#10326 = CARTESIAN_POINT( '', ( -0.00427500000000000, 0.000275000000000000, -0.000275000000000000 ) );
#10327 = CARTESIAN_POINT( '', ( -0.00421500000000000, -2.50000000000000E-05, -0.000175000000000000 ) );
#10328 = CARTESIAN_POINT( '', ( -0.00427500000001000, 0.000275000000010000, -0.000275000000010000 ) );
#10329 = CARTESIAN_POINT( '', ( -0.00423500000001000, 0.000178580812066500, -0.000208333333343300 ) );
#10330 = CARTESIAN_POINT( '', ( -0.00421500000001000, 7.85808120665200E-05, -0.000175000000010000 ) );
#10331 = CARTESIAN_POINT( '', ( -0.00421500000001000, -2.50000000100000E-05, -0.000175000000010000 ) );
#10332 = CARTESIAN_POINT( '', ( -0.00421500000001000, -2.50000000100000E-05, -0.000775000000010000 ) );
#10333 = VECTOR( '', #12438, 1.00000000000000 );
#10334 = CARTESIAN_POINT( '', ( -0.00427500000001000, 0.000275000000010000, -0.000675000000010000 ) );
#10335 = VECTOR( '', #12439, 1.00000000000000 );
#10336 = COLOUR_RGB( '', 0.866666674600000, 0.321568638100000, 0.156862750600000 );
#10337 = CARTESIAN_POINT( '', ( -0.00517500000000000, -0.00452500000000000, -0.00190000000000000 ) );
#10338 = CARTESIAN_POINT( '', ( -0.00517500000000000, -0.00452500000000000, 0.000100000000000000 ) );
#10339 = CARTESIAN_POINT( '', ( -0.00517500000001000, -0.00452500000001000, -0.00190000000001000 ) );
#10340 = VECTOR( '', #12440, 1.00000000000000 );
#10341 = CARTESIAN_POINT( '', ( -0.00517500000000000, 0.000975000000000000, -0.00190000000000000 ) );
#10342 = CARTESIAN_POINT( '', ( -0.00517500000001000, -0.00452500000001000, -0.00190000000001000 ) );
#10343 = VECTOR( '', #12441, 1.00000000000000 );
#10344 = CARTESIAN_POINT( '', ( -0.00517500000000000, 0.000975000000000000, -0.00160000000000000 ) );
#10345 = CARTESIAN_POINT( '', ( -0.00517500000001000, 0.000975000000010000, -0.00190000000001000 ) );
#10346 = VECTOR( '', #12442, 1.00000000000000 );
#10347 = CARTESIAN_POINT( '', ( -0.00517500000000000, -0.00382500000000000, -0.00160000000000000 ) );
#10348 = CARTESIAN_POINT( '', ( -0.00517500000001000, 0.000975000000010000, -0.00160000000001000 ) );
#10349 = VECTOR( '', #12443, 1.00000000000000 );
#10350 = CARTESIAN_POINT( '', ( -0.00517500000000000, -0.00382500000000000, -0.000600000000000000 ) );
#10351 = CARTESIAN_POINT( '', ( -0.00517500000001000, -0.00382500000001000, -0.00160000000001000 ) );
#10352 = VECTOR( '', #12444, 1.00000000000000 );
#10353 = CARTESIAN_POINT( '', ( -0.00517500000000000, -0.00322500000000000, -0.000600000000000000 ) );
#10354 = CARTESIAN_POINT( '', ( -0.00517500000001000, -0.00382500000001000, -0.000600000000010000 ) );
#10355 = VECTOR( '', #12445, 1.00000000000000 );
#10356 = CARTESIAN_POINT( '', ( -0.00517500000000000, -0.00322500000000000, 0.000600000000000000 ) );
#10357 = CARTESIAN_POINT( '', ( -0.00517500000001000, -0.00322500000001000, -0.000600000000010000 ) );
#10358 = VECTOR( '', #12446, 1.00000000000000 );
#10359 = CARTESIAN_POINT( '', ( -0.00517500000001000, -0.00452500000001000, 0.000100000000010000 ) );
#10360 = VECTOR( '', #12447, 1.00000000000000 );
#10361 = COLOUR_RGB( '', 0.866666674600000, 0.321568638100000, 0.156862750600000 );
#10362 = CARTESIAN_POINT( '', ( -0.00165000000000000, -0.00372500000000000, -0.00160000000000000 ) );
#10363 = CARTESIAN_POINT( '', ( -0.00171500000001000, -0.00337833333334300, -0.00160000000001000 ) );
#10364 = VECTOR( '', #12448, 1.00000000000000 );
#10365 = CARTESIAN_POINT( '', ( -0.00165000000000000, -0.00372500000000000, -0.000600000000000000 ) );
#10366 = CARTESIAN_POINT( '', ( -0.00165000000001000, -0.00372500000001000, -0.00160000000001000 ) );
#10367 = VECTOR( '', #12449, 1.00000000000000 );
#10368 = CARTESIAN_POINT( '', ( -0.00171500000001147, -0.00337840204455115, -0.000600000000000000 ) );
#10369 = CARTESIAN_POINT( '', ( -0.00165000000000358, -0.00372500000000067, -0.000600000000000000 ) );
#10370 = COLOUR_RGB( '', 0.866666674600000, 0.321568638100000, 0.156862750600000 );
#10371 = CARTESIAN_POINT( '', ( -0.00203500000000000, -0.00330000000000000, -0.00370000000000000 ) );
#10372 = CARTESIAN_POINT( '', ( -0.00197500000000000, -0.00335000000000000, -0.00420000000000000 ) );
#10373 = CARTESIAN_POINT( '', ( -0.00203500000001000, -0.00330000000001000, -0.00370000000001000 ) );
#10374 = CARTESIAN_POINT( '', ( -0.00203500000001000, -0.00330000000001000, -0.00386767416106800 ) );
#10375 = CARTESIAN_POINT( '', ( -0.00201500000001000, -0.00331666666667700, -0.00403434082773400 ) );
#10376 = CARTESIAN_POINT( '', ( -0.00197500000001000, -0.00335000000001000, -0.00420000000001000 ) );
#10377 = CARTESIAN_POINT( '', ( -0.00197500000000000, -0.00360000000000000, -0.00420000000000000 ) );
#10378 = CARTESIAN_POINT( '', ( -0.00197500000001000, -0.00360000000001000, -0.00420000000001000 ) );
#10379 = VECTOR( '', #12450, 1.00000000000000 );
#10380 = CARTESIAN_POINT( '', ( -0.00203500000000000, -0.00365000000000000, -0.00370000000000000 ) );
#10381 = CARTESIAN_POINT( '', ( -0.00203500000001000, -0.00365000000001000, -0.00370000000001000 ) );
#10382 = CARTESIAN_POINT( '', ( -0.00203500000001000, -0.00365000000001000, -0.00386767416106800 ) );
#10383 = CARTESIAN_POINT( '', ( -0.00201500000001000, -0.00363333333334300, -0.00403434082773400 ) );
#10384 = CARTESIAN_POINT( '', ( -0.00197500000001000, -0.00360000000001000, -0.00420000000001000 ) );
#10385 = CARTESIAN_POINT( '', ( -0.00203500000001000, -0.00365000000001000, -0.00370000000001000 ) );
#10386 = VECTOR( '', #12451, 1.00000000000000 );
#10387 = COLOUR_RGB( '', 0.866666674600000, 0.321568638100000, 0.156862750600000 );
#10388 = CARTESIAN_POINT( '', ( -0.00587500000000000, -0.00322500000000000, 0.00100000000000000 ) );
#10389 = CARTESIAN_POINT( '', ( -0.00537500000000000, -0.00322500000000000, 0.00100000000000000 ) );
#10390 = CARTESIAN_POINT( '', ( -0.00587500000001000, -0.00322500000001000, 0.00100000000001000 ) );
#10391 = VECTOR( '', #12452, 1.00000000000000 );
#10392 = CARTESIAN_POINT( '', ( -0.00537500000000000, -0.00297500000000000, 0.00100000000000000 ) );
#10393 = CARTESIAN_POINT( '', ( -0.00537500000001000, -0.00322500000001000, 0.00100000000001000 ) );
#10394 = VECTOR( '', #12453, 1.00000000000000 );
#10395 = CARTESIAN_POINT( '', ( -0.00587500000000000, -0.00297500000000000, 0.00100000000000000 ) );
#10396 = CARTESIAN_POINT( '', ( -0.00537500000001000, -0.00297500000001000, 0.00100000000001000 ) );
#10397 = VECTOR( '', #12454, 1.00000000000000 );
#10398 = CARTESIAN_POINT( '', ( -0.00587500000001000, -0.00322500000001000, 0.00100000000001000 ) );
#10399 = VECTOR( '', #12455, 1.00000000000000 );
#10400 = COLOUR_RGB( '', 0.866666674600000, 0.321568638100000, 0.156862750600000 );
#10401 = CARTESIAN_POINT( '', ( 0.000725000000000000, -0.00335000000000000, -0.00420000000000000 ) );
#10402 = CARTESIAN_POINT( '', ( 0.000525000000010000, -0.00335000000001000, -0.00420000000001000 ) );
#10403 = VECTOR( '', #12456, 1.00000000000000 );
#10404 = CARTESIAN_POINT( '', ( 0.000725000000000000, -0.00360000000000000, -0.00420000000000000 ) );
#10405 = CARTESIAN_POINT( '', ( 0.000725000000010000, -0.00335000000001000, -0.00420000000001000 ) );
#10406 = VECTOR( '', #12457, 1.00000000000000 );
#10407 = CARTESIAN_POINT( '', ( 0.000725000000010000, -0.00360000000001000, -0.00420000000001000 ) );
#10408 = VECTOR( '', #12458, 1.00000000000000 );
#10409 = COLOUR_RGB( '', 0.866666674600000, 0.321568638100000, 0.156862750600000 );
#10410 = CARTESIAN_POINT( '', ( 0.00453500000000000, -0.00365000000000000, -0.00370000000000000 ) );
#10411 = CARTESIAN_POINT( '', ( 0.00453500000001000, -0.00365000000001000, -0.00127500000001000 ) );
#10412 = VECTOR( '', #12459, 1.00000000000000 );
#10413 = CARTESIAN_POINT( '', ( 0.00453500000000000, -0.00330000000000000, -0.00370000000000000 ) );
#10414 = CARTESIAN_POINT( '', ( 0.00453500000001000, -0.00330000000001000, -0.00370000000001000 ) );
#10415 = VECTOR( '', #12460, 1.00000000000000 );
#10416 = CARTESIAN_POINT( '', ( 0.00453500000000000, -0.00330000000000000, -0.00160000000000000 ) );
#10417 = CARTESIAN_POINT( '', ( 0.00453500000001000, -0.00330000000001000, -0.00160000000001000 ) );
#10418 = VECTOR( '', #12461, 1.00000000000000 );
#10419 = CARTESIAN_POINT( '', ( 0.00453500000000000, -0.00337833333333300, -0.00160000000000000 ) );
#10420 = CARTESIAN_POINT( '', ( 0.00453500000001000, -0.00337833333334300, -0.00160000000001000 ) );
#10421 = VECTOR( '', #12462, 1.00000000000000 );
#10422 = CARTESIAN_POINT( '', ( 0.00453500000001000, -0.00337833333334300, -0.00160000000001000 ) );
#10423 = VECTOR( '', #12463, 1.00000000000000 );
#10424 = COLOUR_RGB( '', 0.866666674600000, 0.321568638100000, 0.156862750600000 );
#10425 = CARTESIAN_POINT( '', ( 0.00587500000000000, -0.00322500000000000, 0.000600000000000000 ) );
#10426 = CARTESIAN_POINT( '', ( 0.00587500000001000, -0.00322500000001000, 0.00100000000001000 ) );
#10427 = VECTOR( '', #12464, 1.00000000000000 );
#10428 = CARTESIAN_POINT( '', ( 0.00587500000000000, -0.00452500000000000, 0.000100000000000000 ) );
#10429 = CARTESIAN_POINT( '', ( 0.00587500000001000, -0.00452500000001000, 0.000100000000010000 ) );
#10430 = VECTOR( '', #12465, 1.00000000000000 );
#10431 = CARTESIAN_POINT( '', ( 0.00587500000001000, -0.00452500000001000, 0.000100000000010000 ) );
#10432 = VECTOR( '', #12466, 1.00000000000000 );
#10433 = CARTESIAN_POINT( '', ( 0.00587500000000000, 0.000975000000000000, 0.00120000000000000 ) );
#10434 = CARTESIAN_POINT( '', ( 0.00587500000001000, 0.000975000000010000, 0.00120000000001000 ) );
#10435 = VECTOR( '', #12467, 1.00000000000000 );
#10436 = CARTESIAN_POINT( '', ( 0.00587500000000000, -2.50000000000000E-05, 0.00120000000000000 ) );
#10437 = CARTESIAN_POINT( '', ( 0.00587500000001000, 0.000975000000010000, 0.00120000000001000 ) );
#10438 = VECTOR( '', #12468, 1.00000000000000 );
#10439 = CARTESIAN_POINT( '', ( 0.00587500000000000, -2.50000000000000E-05, 0.00160000000000000 ) );
#10440 = CARTESIAN_POINT( '', ( 0.00587500000001000, -2.50000000100000E-05, 0.00160000000001000 ) );
#10441 = VECTOR( '', #12469, 1.00000000000000 );
#10442 = CARTESIAN_POINT( '', ( 0.00587500000000000, -0.00297500000000000, 0.00160000000000000 ) );
#10443 = CARTESIAN_POINT( '', ( 0.00587500000001000, -0.00297500000001000, 0.00160000000001000 ) );
#10444 = VECTOR( '', #12470, 1.00000000000000 );
#10445 = CARTESIAN_POINT( '', ( 0.00587500000001000, -0.00297500000001000, 0.00160000000001000 ) );
#10446 = VECTOR( '', #12471, 1.00000000000000 );
#10447 = COLOUR_RGB( '', 0.866666674600000, 0.321568638100000, 0.156862750600000 );
#10448 = CARTESIAN_POINT( '', ( 0.000725000000000000, 0.000275000000000000, -0.000675000000000000 ) );
#10449 = CARTESIAN_POINT( '', ( 0.000725000000000000, 0.000275000000000000, -0.000275000000000000 ) );
#10450 = CARTESIAN_POINT( '', ( 0.000725000000010000, 0.000275000000010000, -0.000675000000010000 ) );
#10451 = VECTOR( '', #12472, 1.00000000000000 );
#10452 = CARTESIAN_POINT( '', ( 0.000525000000000000, 0.000275000000000000, -0.000675000000000000 ) );
#10453 = CARTESIAN_POINT( '', ( 0.000525000000010000, 0.000275000000010000, -0.000675000000010000 ) );
#10454 = VECTOR( '', #12473, 1.00000000000000 );
#10455 = CARTESIAN_POINT( '', ( 0.000525000000000000, 0.000275000000000000, -0.000275000000000000 ) );
#10456 = CARTESIAN_POINT( '', ( 0.000525000000010000, 0.000275000000010000, -0.000275000000010000 ) );
#10457 = VECTOR( '', #12474, 1.00000000000000 );
#10458 = CARTESIAN_POINT( '', ( 0.000725000000010000, 0.000275000000010000, -0.000275000000010000 ) );
#10459 = VECTOR( '', #12475, 1.00000000000000 );
#10460 = COLOUR_RGB( '', 0.866666674600000, 0.321568638100000, 0.156862750600000 );
#10461 = CARTESIAN_POINT( '', ( 0.000400000000000000, -0.00372500000000000, -0.000600000000000000 ) );
#10462 = CARTESIAN_POINT( '', ( 0.000400000000011470, -0.00372500000000215, -0.000600000000000000 ) );
#10463 = CARTESIAN_POINT( '', ( 0.000465000000019370, -0.00337840204455263, -0.000600000000000000 ) );
#10464 = CARTESIAN_POINT( '', ( 0.000400000000000000, -0.00372500000000000, -0.00160000000000000 ) );
#10465 = CARTESIAN_POINT( '', ( 0.000400000000010000, -0.00372500000001000, -0.00160000000001000 ) );
#10466 = VECTOR( '', #12476, 1.00000000000000 );
#10467 = CARTESIAN_POINT( '', ( 0.000400000000010000, -0.00372500000001000, -0.00160000000001000 ) );
#10468 = VECTOR( '', #12477, 1.00000000000000 );
#10469 = COLOUR_RGB( '', 0.866666674600000, 0.321568638100000, 0.156862750600000 );
#10470 = CARTESIAN_POINT( '', ( 0.00421500000000000, -0.00365000000000000, -0.00370000000000000 ) );
#10471 = CARTESIAN_POINT( '', ( 0.00421500000001000, -0.00365000000001000, -0.00127500000001000 ) );
#10472 = VECTOR( '', #12478, 1.00000000000000 );
#10473 = CARTESIAN_POINT( '', ( 0.00453500000001000, -0.00365000000001000, -0.00370000000001000 ) );
#10474 = VECTOR( '', #12479, 1.00000000000000 );
#10475 = COLOUR_RGB( '', 0.866666674600000, 0.321568638100000, 0.156862750600000 );
#10476 = CARTESIAN_POINT( '', ( -0.00587500000000000, -0.00452500000000000, -0.00190000000000000 ) );
#10477 = CARTESIAN_POINT( '', ( -0.00587500000000000, -0.00452500000000000, 0.000100000000000000 ) );
#10478 = CARTESIAN_POINT( '', ( -0.00587500000001000, -0.00452500000001000, -0.00190000000001000 ) );
#10479 = VECTOR( '', #12480, 1.00000000000000 );
#10480 = CARTESIAN_POINT( '', ( -0.00517500000001000, -0.00452500000001000, -0.00190000000001000 ) );
#10481 = VECTOR( '', #12481, 1.00000000000000 );
#10482 = CARTESIAN_POINT( '', ( -0.00587500000001000, -0.00452500000001000, 0.000100000000010000 ) );
#10483 = VECTOR( '', #12482, 1.00000000000000 );
#10484 = COLOUR_RGB( '', 0.866666674600000, 0.321568638100000, 0.156862750600000 );
#10485 = CARTESIAN_POINT( '', ( 0.00171500000000000, -0.00197500000000000, -0.000175000000000000 ) );
#10486 = CARTESIAN_POINT( '', ( 0.00171500000001000, -2.50000000100000E-05, -0.000175000000010000 ) );
#10487 = VECTOR( '', #12483, 1.00000000000000 );
#10488 = CARTESIAN_POINT( '', ( 0.00171500000000000, -0.00197500000000000, -0.000775000000000000 ) );
#10489 = CARTESIAN_POINT( '', ( 0.00171500000001000, -2.50000000100000E-05, -0.000775000000010000 ) );
#10490 = VECTOR( '', #12484, 1.00000000000000 );
#10491 = CARTESIAN_POINT( '', ( 0.00171500000001000, -0.00197500000001000, -0.000775000000010000 ) );
#10492 = VECTOR( '', #12485, 1.00000000000000 );
#10493 = COLOUR_RGB( '', 0.866666674600000, 0.321568638100000, 0.156862750600000 );
#10494 = CARTESIAN_POINT( '', ( 0.000325000000000000, -0.00322500000000000, 0.00160000000000000 ) );
#10495 = CARTESIAN_POINT( '', ( 0.000325000000000000, -0.00322500000000000, 0.00100000000000000 ) );
#10496 = CARTESIAN_POINT( '', ( 0.000325000000010000, -0.00322500000001000, 0.00160000000001000 ) );
#10497 = VECTOR( '', #12486, 1.00000000000000 );
#10498 = CARTESIAN_POINT( '', ( 0.000325000000010000, -0.00292500000001000, 0.00100000000001000 ) );
#10499 = VECTOR( '', #12487, 1.00000000000000 );
#10500 = CARTESIAN_POINT( '', ( 0.000325000000010000, -0.00322500000001000, 0.00160000000001000 ) );
#10501 = VECTOR( '', #12488, 1.00000000000000 );
#10502 = COLOUR_RGB( '', 0.866666674600000, 0.321568638100000, 0.156862750600000 );
#10503 = CARTESIAN_POINT( '', ( -0.00177500000000000, -0.00335000000000000, -0.00420000000000000 ) );
#10504 = CARTESIAN_POINT( '', ( -0.00171500000001000, -0.00330000000001000, -0.00370000000001000 ) );
#10505 = CARTESIAN_POINT( '', ( -0.00171500000001000, -0.00330000000001000, -0.00386767416106800 ) );
#10506 = CARTESIAN_POINT( '', ( -0.00173500000001000, -0.00331666666667700, -0.00403434082773400 ) );
#10507 = CARTESIAN_POINT( '', ( -0.00177500000001000, -0.00335000000001000, -0.00420000000001000 ) );
#10508 = CARTESIAN_POINT( '', ( -0.00197500000001000, -0.00335000000001000, -0.00420000000001000 ) );
#10509 = VECTOR( '', #12489, 1.00000000000000 );
#10510 = CARTESIAN_POINT( '', ( -0.00203500000001000, -0.00330000000001000, -0.00370000000001000 ) );
#10511 = VECTOR( '', #12490, 1.00000000000000 );
#10512 = COLOUR_RGB( '', 0.866666674600000, 0.321568638100000, 0.156862750600000 );
#10513 = CARTESIAN_POINT( '', ( -0.000785000000000000, -0.00322500000000000, -0.000600000000000000 ) );
#10514 = CARTESIAN_POINT( '', ( -0.000785000000010000, -0.00322500000001000, -0.000600000000010000 ) );
#10515 = VECTOR( '', #12491, 1.00000000000000 );
#10516 = CARTESIAN_POINT( '', ( -0.000785000000000000, -0.00322500000000000, -0.000600000000010005 ) );
#10517 = CARTESIAN_POINT( '', ( -0.000785000000000000, -0.00337840204454900, -0.000599928405774745 ) );
#10518 = COLOUR_RGB( '', 0.866666674600000, 0.321568638100000, 0.156862750600000 );
#10519 = CARTESIAN_POINT( '', ( 0.00155000000000000, -0.00382500000000000, -0.00160000000000000 ) );
#10520 = CARTESIAN_POINT( '', ( 0.00155000000000000, -0.00382500000000000, -0.000600000000000000 ) );
#10521 = CARTESIAN_POINT( '', ( 0.00155000000001000, -0.00382500000001000, -0.00160000000001000 ) );
#10522 = VECTOR( '', #12492, 1.00000000000000 );
#10523 = CARTESIAN_POINT( '', ( 0.00165000000000000, -0.00372500000000000, -0.00160000000000000 ) );
#10524 = CARTESIAN_POINT( '', ( 0.00155000000001000, -0.00382500000001000, -0.00160000000001000 ) );
#10525 = VECTOR( '', #12493, 1.00000000000000 );
#10526 = CARTESIAN_POINT( '', ( 0.00165000000000000, -0.00372500000000000, -0.000600000000000000 ) );
#10527 = CARTESIAN_POINT( '', ( 0.00165000000001000, -0.00372500000001000, -0.00160000000001000 ) );
#10528 = VECTOR( '', #12494, 1.00000000000000 );
#10529 = CARTESIAN_POINT( '', ( 0.00155000000001000, -0.00382500000001000, -0.000600000000010000 ) );
#10530 = VECTOR( '', #12495, 1.00000000000000 );
#10531 = COLOUR_RGB( '', 0.866666674600000, 0.321568638100000, 0.156862750600000 );
#10532 = CARTESIAN_POINT( '', ( -0.000465000000000000, -0.00330000000000000, -0.00160000000000000 ) );
#10533 = CARTESIAN_POINT( '', ( -0.000465000000000000, -0.00330000000000000, -0.00370000000000000 ) );
#10534 = CARTESIAN_POINT( '', ( -0.000465000000010000, -0.00330000000001000, -0.00160000000001000 ) );
#10535 = VECTOR( '', #12496, 1.00000000000000 );
#10536 = CARTESIAN_POINT( '', ( -0.000785000000000000, -0.00330000000000000, -0.00370000000000000 ) );
#10537 = CARTESIAN_POINT( '', ( -0.000785000000010000, -0.00330000000001000, -0.00370000000001000 ) );
#10538 = VECTOR( '', #12497, 1.00000000000000 );
#10539 = CARTESIAN_POINT( '', ( -0.000785000000000000, -0.00330000000000000, -0.00160000000000000 ) );
#10540 = CARTESIAN_POINT( '', ( -0.000785000000010000, -0.00330000000001000, -0.00160000000001000 ) );
#10541 = VECTOR( '', #12498, 1.00000000000000 );
#10542 = CARTESIAN_POINT( '', ( -0.000785000000010000, -0.00330000000001000, -0.00160000000001000 ) );
#10543 = VECTOR( '', #12499, 1.00000000000000 );
#10544 = COLOUR_RGB( '', 0.866666674600000, 0.321568638100000, 0.156862750600000 );
#10545 = CARTESIAN_POINT( '', ( -0.00587500000000000, 0.000975000000000000, -0.00190000000000000 ) );
#10546 = CARTESIAN_POINT( '', ( -0.00587500000001000, -0.00452500000001000, -0.00190000000001000 ) );
#10547 = VECTOR( '', #12500, 1.00000000000000 );
#10548 = CARTESIAN_POINT( '', ( -0.00517500000001000, 0.000975000000010000, -0.00190000000001000 ) );
#10549 = VECTOR( '', #12501, 1.00000000000000 );
#10550 = COLOUR_RGB( '', 0.866666674600000, 0.321568638100000, 0.156862750600000 );
#10551 = CARTESIAN_POINT( '', ( 0.000785000000000000, -2.50000000000000E-05, -0.000775000000000000 ) );
#10552 = CARTESIAN_POINT( '', ( 0.000785000000000000, -0.00197500000000000, -0.000775000000000000 ) );
#10553 = CARTESIAN_POINT( '', ( 0.000785000000010000, -2.50000000100000E-05, -0.000775000000010000 ) );
#10554 = VECTOR( '', #12502, 1.00000000000000 );
#10555 = CARTESIAN_POINT( '', ( 0.000785000000000000, -2.50000000000000E-05, -0.000175000000000000 ) );
#10556 = CARTESIAN_POINT( '', ( 0.000785000000010000, -2.50000000100000E-05, -0.000775000000010000 ) );
#10557 = VECTOR( '', #12503, 1.00000000000000 );
#10558 = CARTESIAN_POINT( '', ( 0.000785000000000000, -0.00197500000000000, -0.000175000000000000 ) );
#10559 = CARTESIAN_POINT( '', ( 0.000785000000010000, -2.50000000100000E-05, -0.000175000000010000 ) );
#10560 = VECTOR( '', #12504, 1.00000000000000 );
#10561 = CARTESIAN_POINT( '', ( 0.000785000000010000, -0.00197500000001000, -0.000775000000010000 ) );
#10562 = VECTOR( '', #12505, 1.00000000000000 );
#10563 = COLOUR_RGB( '', 0.866666674600000, 0.321568638100000, 0.156862750600000 );
#10564 = CARTESIAN_POINT( '', ( 0.000465000000000000, -0.00322500000000000, -0.000600000000000000 ) );
#10565 = CARTESIAN_POINT( '', ( 0.000465000000000000, -0.00322500000000000, -0.000469937890594800 ) );
#10566 = CARTESIAN_POINT( '', ( 0.000465000000010000, -0.00322500000001000, -0.000600000000010000 ) );
#10567 = VECTOR( '', #12506, 1.00000000000000 );
#10568 = CARTESIAN_POINT( '', ( 0.000465000000000000, -0.00322500000000000, -0.000600000000010005 ) );
#10569 = CARTESIAN_POINT( '', ( 0.000465000000000000, -0.00337840204454900, -0.000599928405774746 ) );
#10570 = AXIS2_PLACEMENT_3D( '', #12507, #12508, #12509 );
#10571 = COLOUR_RGB( '', 0.866666674600000, 0.321568638100000, 0.156862750600000 );
#10572 = CARTESIAN_POINT( '', ( -0.00177500000000000, -0.00360000000000000, -0.00420000000000000 ) );
#10573 = CARTESIAN_POINT( '', ( -0.00177500000001000, -0.00360000000001000, -0.00420000000001000 ) );
#10574 = VECTOR( '', #12510, 1.00000000000000 );
#10575 = CARTESIAN_POINT( '', ( -0.00171500000001000, -0.00365000000001000, -0.00370000000001000 ) );
#10576 = CARTESIAN_POINT( '', ( -0.00171500000001000, -0.00365000000001000, -0.00386767416106800 ) );
#10577 = CARTESIAN_POINT( '', ( -0.00173500000001000, -0.00363333333334300, -0.00403434082773400 ) );
#10578 = CARTESIAN_POINT( '', ( -0.00177500000001000, -0.00360000000001000, -0.00420000000001000 ) );
#10579 = CARTESIAN_POINT( '', ( -0.00171500000001000, -0.00365000000001000, -0.00370000000001000 ) );
#10580 = VECTOR( '', #12511, 1.00000000000000 );
#10581 = COLOUR_RGB( '', 0.866666674600000, 0.321568638100000, 0.156862750600000 );
#10582 = CARTESIAN_POINT( '', ( 0.00282500000000000, -0.00292500000000000, 0.00160000000000000 ) );
#10583 = CARTESIAN_POINT( '', ( 0.00282500000000000, -0.00292500000000000, 0.00100000000000000 ) );
#10584 = CARTESIAN_POINT( '', ( 0.00282500000001000, -0.00292500000001000, 0.00160000000001000 ) );
#10585 = VECTOR( '', #12512, 1.00000000000000 );
#10586 = CARTESIAN_POINT( '', ( 0.00342500000000000, -0.00292500000000000, 0.00100000000000000 ) );
#10587 = CARTESIAN_POINT( '', ( 0.00342500000001000, -0.00292500000001000, 0.00100000000001000 ) );
#10588 = VECTOR( '', #12513, 1.00000000000000 );
#10589 = CARTESIAN_POINT( '', ( 0.00342500000000000, -0.00292500000000000, 0.00160000000000000 ) );
#10590 = CARTESIAN_POINT( '', ( 0.00342500000001000, -0.00292500000001000, 0.00160000000001000 ) );
#10591 = VECTOR( '', #12514, 1.00000000000000 );
#10592 = CARTESIAN_POINT( '', ( 0.00342500000001000, -0.00292500000001000, 0.00160000000001000 ) );
#10593 = VECTOR( '', #12515, 1.00000000000000 );
#10594 = COLOUR_RGB( '', 0.866666674600000, 0.321568638100000, 0.156862750600000 );
#10595 = CARTESIAN_POINT( '', ( -0.00453500000000000, -0.00365000000000000, -0.00370000000000000 ) );
#10596 = CARTESIAN_POINT( '', ( -0.00447500000000000, -0.00360000000000000, -0.00420000000000000 ) );
#10597 = CARTESIAN_POINT( '', ( -0.00453500000001000, -0.00365000000001000, -0.00370000000001000 ) );
#10598 = CARTESIAN_POINT( '', ( -0.00453500000001000, -0.00365000000001000, -0.00386767416106800 ) );
#10599 = CARTESIAN_POINT( '', ( -0.00451500000001000, -0.00363333333334300, -0.00403434082773400 ) );
#10600 = CARTESIAN_POINT( '', ( -0.00447500000001000, -0.00360000000001000, -0.00420000000001000 ) );
#10601 = CARTESIAN_POINT( '', ( -0.00427500000000000, -0.00360000000000000, -0.00420000000000000 ) );
#10602 = CARTESIAN_POINT( '', ( -0.00427500000001000, -0.00360000000001000, -0.00420000000001000 ) );
#10603 = VECTOR( '', #12516, 1.00000000000000 );
#10604 = CARTESIAN_POINT( '', ( -0.00421500000000000, -0.00365000000000000, -0.00370000000000000 ) );
#10605 = CARTESIAN_POINT( '', ( -0.00421500000001000, -0.00365000000001000, -0.00370000000001000 ) );
#10606 = CARTESIAN_POINT( '', ( -0.00421500000001000, -0.00365000000001000, -0.00386767416106800 ) );
#10607 = CARTESIAN_POINT( '', ( -0.00423500000001000, -0.00363333333334300, -0.00403434082773400 ) );
#10608 = CARTESIAN_POINT( '', ( -0.00427500000001000, -0.00360000000001000, -0.00420000000001000 ) );
#10609 = CARTESIAN_POINT( '', ( -0.00421500000001000, -0.00365000000001000, -0.00370000000001000 ) );
#10610 = VECTOR( '', #12517, 1.00000000000000 );
#10611 = COLOUR_RGB( '', 0.866666674600000, 0.321568638100000, 0.156862750600000 );
#10612 = CARTESIAN_POINT( '', ( 0.00280000000000000, -0.00382500000000000, -0.00160000000000000 ) );
#10613 = CARTESIAN_POINT( '', ( 0.00280000000001000, -0.00382500000001000, -0.00160000000001000 ) );
#10614 = VECTOR( '', #12518, 1.00000000000000 );
#10615 = CARTESIAN_POINT( '', ( 0.00290000000000000, -0.00372500000000000, -0.00160000000000000 ) );
#10616 = CARTESIAN_POINT( '', ( 0.00280000000001000, -0.00382500000001000, -0.00160000000001000 ) );
#10617 = VECTOR( '', #12519, 1.00000000000000 );
#10618 = CARTESIAN_POINT( '', ( 0.00290000000001000, -0.00372500000001000, -0.00160000000001000 ) );
#10619 = VECTOR( '', #12520, 1.00000000000000 );
#10620 = COLOUR_RGB( '', 0.866666674600000, 0.321568638100000, 0.156862750600000 );
#10621 = CARTESIAN_POINT( '', ( -0.00405000000000000, -0.00382500000000000, -0.00160000000000000 ) );
#10622 = CARTESIAN_POINT( '', ( -0.00405000000000000, -0.00382500000000000, -0.000600000000000000 ) );
#10623 = CARTESIAN_POINT( '', ( -0.00405000000001000, -0.00382500000001000, -0.00160000000001000 ) );
#10624 = VECTOR( '', #12521, 1.00000000000000 );
#10625 = CARTESIAN_POINT( '', ( -0.00345000000000000, -0.00382500000000000, -0.00160000000000000 ) );
#10626 = CARTESIAN_POINT( '', ( -0.00405000000001000, -0.00382500000001000, -0.00160000000001000 ) );
#10627 = VECTOR( '', #12522, 1.00000000000000 );
#10628 = CARTESIAN_POINT( '', ( -0.00345000000000000, -0.00382500000000000, -0.000600000000000000 ) );
#10629 = CARTESIAN_POINT( '', ( -0.00345000000001000, -0.00382500000001000, -0.00160000000001000 ) );
#10630 = VECTOR( '', #12523, 1.00000000000000 );
#10631 = CARTESIAN_POINT( '', ( -0.00405000000001000, -0.00382500000001000, -0.000600000000010000 ) );
#10632 = VECTOR( '', #12524, 1.00000000000000 );
#10633 = COLOUR_RGB( '', 0.866666674600000, 0.321568638100000, 0.156862750600000 );
#10634 = CARTESIAN_POINT( '', ( -0.00407500000000000, -0.00292500000000000, 0.00160000000000000 ) );
#10635 = CARTESIAN_POINT( '', ( -0.00407500000001000, -0.00292500000001000, 0.00160000000001000 ) );
#10636 = VECTOR( '', #12525, 1.00000000000000 );
#10637 = CARTESIAN_POINT( '', ( -0.00407500000000000, -0.00322500000000000, 0.00160000000000000 ) );
#10638 = CARTESIAN_POINT( '', ( -0.00407500000001000, -0.00322500000001000, 0.00160000000001000 ) );
#10639 = VECTOR( '', #12526, 1.00000000000000 );
#10640 = CARTESIAN_POINT( '', ( -0.00407500000001000, -0.00322500000001000, 0.00160000000001000 ) );
#10641 = VECTOR( '', #12527, 1.00000000000000 );
#10642 = COLOUR_RGB( '', 0.866666674600000, 0.321568638100000, 0.156862750600000 );
#10643 = CARTESIAN_POINT( '', ( 0.00296500000000000, -0.00322500000000000, -0.000469937890594800 ) );
#10644 = CARTESIAN_POINT( '', ( 0.00296500000001000, -0.00322500000001000, -0.000600000000010000 ) );
#10645 = VECTOR( '', #12528, 1.00000000000000 );
#10646 = AXIS2_PLACEMENT_3D( '', #12529, #12530, #12531 );
#10647 = COLOUR_RGB( '', 0.866666674600000, 0.321568638100000, 0.156862750600000 );
#10648 = CARTESIAN_POINT( '', ( -0.00587500000000000, -0.00322500000000000, 0.000600000000000000 ) );
#10649 = CARTESIAN_POINT( '', ( -0.00517500000001000, -0.00322500000001000, 0.000600000000010000 ) );
#10650 = VECTOR( '', #12532, 1.00000000000000 );
#10651 = CARTESIAN_POINT( '', ( -0.00453500000000000, -0.00322500000000000, -0.000600000000000000 ) );
#10652 = CARTESIAN_POINT( '', ( -0.00453500000001000, -0.00322500000001000, -0.000600000000010000 ) );
#10653 = VECTOR( '', #12533, 1.00000000000000 );
#10654 = CARTESIAN_POINT( '', ( -0.00453500000000000, -0.00322500000000000, -0.000469937890594800 ) );
#10655 = CARTESIAN_POINT( '', ( -0.00453500000001000, -0.00322500000001000, -0.000600000000010000 ) );
#10656 = VECTOR( '', #12534, 1.00000000000000 );
#10657 = CARTESIAN_POINT( '', ( -0.00421500000000000, -0.00322500000000000, -0.000469937890594800 ) );
#10658 = CARTESIAN_POINT( '', ( -0.00453500000001000, -0.00322500000001000, -0.000469937890604800 ) );
#10659 = VECTOR( '', #12535, 1.00000000000000 );
#10660 = CARTESIAN_POINT( '', ( -0.00421500000000000, -0.00322500000000000, -0.000600000000000000 ) );
#10661 = CARTESIAN_POINT( '', ( -0.00421500000001000, -0.00322500000001000, -0.000600000000010000 ) );
#10662 = VECTOR( '', #12536, 1.00000000000000 );
#10663 = CARTESIAN_POINT( '', ( -0.00328500000000000, -0.00322500000000000, -0.000600000000000000 ) );
#10664 = CARTESIAN_POINT( '', ( -0.00328500000001000, -0.00322500000001000, -0.000600000000010000 ) );
#10665 = VECTOR( '', #12537, 1.00000000000000 );
#10666 = CARTESIAN_POINT( '', ( -0.00328500000000000, -0.00322500000000000, -0.000469937890594800 ) );
#10667 = CARTESIAN_POINT( '', ( -0.00328500000001000, -0.00322500000001000, -0.000600000000010000 ) );
#10668 = VECTOR( '', #12538, 1.00000000000000 );
#10669 = CARTESIAN_POINT( '', ( -0.00296500000000000, -0.00322500000000000, -0.000469937890594800 ) );
#10670 = CARTESIAN_POINT( '', ( -0.00328500000001000, -0.00322500000001000, -0.000469937890604800 ) );
#10671 = VECTOR( '', #12539, 1.00000000000000 );
#10672 = CARTESIAN_POINT( '', ( -0.00296500000000000, -0.00322500000000000, -0.000600000000000000 ) );
#10673 = CARTESIAN_POINT( '', ( -0.00296500000001000, -0.00322500000001000, -0.000600000000010000 ) );
#10674 = VECTOR( '', #12540, 1.00000000000000 );
#10675 = CARTESIAN_POINT( '', ( -0.00203500000000000, -0.00322500000000000, -0.000600000000000000 ) );
#10676 = CARTESIAN_POINT( '', ( -0.00203500000001000, -0.00322500000001000, -0.000600000000010000 ) );
#10677 = VECTOR( '', #12541, 1.00000000000000 );
#10678 = CARTESIAN_POINT( '', ( -0.00203500000000000, -0.00322500000000000, -0.000469937890594800 ) );
#10679 = CARTESIAN_POINT( '', ( -0.00203500000001000, -0.00322500000001000, -0.000600000000010000 ) );
#10680 = VECTOR( '', #12542, 1.00000000000000 );
#10681 = CARTESIAN_POINT( '', ( -0.00171500000000000, -0.00322500000000000, -0.000469937890594800 ) );
#10682 = CARTESIAN_POINT( '', ( -0.00203500000001000, -0.00322500000001000, -0.000469937890604800 ) );
#10683 = VECTOR( '', #12543, 1.00000000000000 );
#10684 = CARTESIAN_POINT( '', ( -0.00171500000000000, -0.00322500000000000, -0.000600000000000000 ) );
#10685 = CARTESIAN_POINT( '', ( -0.00171500000001000, -0.00322500000001000, -0.000600000000010000 ) );
#10686 = VECTOR( '', #12544, 1.00000000000000 );
#10687 = CARTESIAN_POINT( '', ( -0.000785000000010000, -0.00322500000001000, -0.000600000000010000 ) );
#10688 = VECTOR( '', #12545, 1.00000000000000 );
#10689 = CARTESIAN_POINT( '', ( -0.000465000000000000, -0.00322500000000000, -0.000600000000000000 ) );
#10690 = CARTESIAN_POINT( '', ( -0.000465000000010000, -0.00322500000001000, -0.000600000000010000 ) );
#10691 = VECTOR( '', #12546, 1.00000000000000 );
#10692 = CARTESIAN_POINT( '', ( 0.000465000000010000, -0.00322500000001000, -0.000600000000010000 ) );
#10693 = VECTOR( '', #12547, 1.00000000000000 );
#10694 = CARTESIAN_POINT( '', ( 0.000785000000000000, -0.00322500000000000, -0.000469937890594800 ) );
#10695 = CARTESIAN_POINT( '', ( 0.000465000000010000, -0.00322500000001000, -0.000469937890604800 ) );
#10696 = VECTOR( '', #12548, 1.00000000000000 );
#10697 = CARTESIAN_POINT( '', ( 0.000785000000000000, -0.00322500000000000, -0.000600000000000000 ) );
#10698 = CARTESIAN_POINT( '', ( 0.000785000000010000, -0.00322500000001000, -0.000600000000010000 ) );
#10699 = VECTOR( '', #12549, 1.00000000000000 );
#10700 = CARTESIAN_POINT( '', ( 0.00171500000000000, -0.00322500000000000, -0.000600000000000000 ) );
#10701 = CARTESIAN_POINT( '', ( 0.00171500000001000, -0.00322500000001000, -0.000600000000010000 ) );
#10702 = VECTOR( '', #12550, 1.00000000000000 );
#10703 = CARTESIAN_POINT( '', ( 0.00171500000000000, -0.00322500000000000, -0.000469937890594800 ) );
#10704 = CARTESIAN_POINT( '', ( 0.00171500000001000, -0.00322500000001000, -0.000600000000010000 ) );
#10705 = VECTOR( '', #12551, 1.00000000000000 );
#10706 = CARTESIAN_POINT( '', ( 0.00203500000000000, -0.00322500000000000, -0.000469937890594800 ) );
#10707 = CARTESIAN_POINT( '', ( 0.00171500000001000, -0.00322500000001000, -0.000469937890604800 ) );
#10708 = VECTOR( '', #12552, 1.00000000000000 );
#10709 = CARTESIAN_POINT( '', ( 0.00203500000001000, -0.00322500000001000, -0.000600000000010000 ) );
#10710 = VECTOR( '', #12553, 1.00000000000000 );
#10711 = CARTESIAN_POINT( '', ( 0.00328500000000000, -0.00322500000000000, -0.000469937890594800 ) );
#10712 = CARTESIAN_POINT( '', ( 0.00296500000001000, -0.00322500000001000, -0.000469937890604800 ) );
#10713 = VECTOR( '', #12554, 1.00000000000000 );
#10714 = CARTESIAN_POINT( '', ( 0.00328500000000000, -0.00322500000000000, -0.000600000000000000 ) );
#10715 = CARTESIAN_POINT( '', ( 0.00328500000001000, -0.00322500000001000, -0.000600000000010000 ) );
#10716 = VECTOR( '', #12555, 1.00000000000000 );
#10717 = CARTESIAN_POINT( '', ( 0.00421500000000000, -0.00322500000000000, -0.000600000000000000 ) );
#10718 = CARTESIAN_POINT( '', ( 0.00421500000001000, -0.00322500000001000, -0.000600000000010000 ) );
#10719 = VECTOR( '', #12556, 1.00000000000000 );
#10720 = CARTESIAN_POINT( '', ( 0.00421500000001000, -0.00322500000001000, -0.000600000000010000 ) );
#10721 = VECTOR( '', #12557, 1.00000000000000 );
#10722 = CARTESIAN_POINT( '', ( 0.00453500000000000, -0.00322500000000000, -0.000600000000000000 ) );
#10723 = CARTESIAN_POINT( '', ( 0.00453500000001000, -0.00322500000001000, -0.000600000000010000 ) );
#10724 = VECTOR( '', #12558, 1.00000000000000 );
#10725 = CARTESIAN_POINT( '', ( 0.00517500000000000, -0.00322500000000000, -0.000600000000000000 ) );
#10726 = CARTESIAN_POINT( '', ( 0.00517500000001000, -0.00322500000001000, -0.000600000000010000 ) );
#10727 = VECTOR( '', #12559, 1.00000000000000 );
#10728 = CARTESIAN_POINT( '', ( 0.00517500000000000, -0.00322500000000000, 0.000600000000000000 ) );
#10729 = CARTESIAN_POINT( '', ( 0.00517500000001000, -0.00322500000001000, -0.000600000000010000 ) );
#10730 = VECTOR( '', #12560, 1.00000000000000 );
#10731 = CARTESIAN_POINT( '', ( 0.00587500000001000, -0.00322500000001000, 0.000600000000010000 ) );
#10732 = VECTOR( '', #12561, 1.00000000000000 );
#10733 = CARTESIAN_POINT( '', ( 0.00537500000000000, -0.00322500000000000, 0.00160000000000000 ) );
#10734 = CARTESIAN_POINT( '', ( 0.00537500000001000, -0.00322500000001000, 0.00160000000001000 ) );
#10735 = VECTOR( '', #12562, 1.00000000000000 );
#10736 = CARTESIAN_POINT( '', ( 0.00467500000000000, -0.00322500000000000, 0.00160000000000000 ) );
#10737 = CARTESIAN_POINT( '', ( 0.00467500000001000, -0.00322500000001000, 0.00160000000001000 ) );
#10738 = VECTOR( '', #12563, 1.00000000000000 );
#10739 = CARTESIAN_POINT( '', ( 0.00467500000000000, -0.00322500000000000, 0.00100000000000000 ) );
#10740 = CARTESIAN_POINT( '', ( 0.00467500000001000, -0.00322500000001000, 0.00160000000001000 ) );
#10741 = VECTOR( '', #12564, 1.00000000000000 );
#10742 = CARTESIAN_POINT( '', ( 0.00407500000000000, -0.00322500000000000, 0.00100000000000000 ) );
#10743 = CARTESIAN_POINT( '', ( 0.00407500000001000, -0.00322500000001000, 0.00100000000001000 ) );
#10744 = VECTOR( '', #12565, 1.00000000000000 );
#10745 = CARTESIAN_POINT( '', ( 0.00407500000000000, -0.00322500000000000, 0.00160000000000000 ) );
#10746 = CARTESIAN_POINT( '', ( 0.00407500000001000, -0.00322500000001000, 0.00160000000001000 ) );
#10747 = VECTOR( '', #12566, 1.00000000000000 );
#10748 = CARTESIAN_POINT( '', ( 0.00342500000000000, -0.00322500000000000, 0.00160000000000000 ) );
#10749 = CARTESIAN_POINT( '', ( 0.00342500000001000, -0.00322500000001000, 0.00160000000001000 ) );
#10750 = VECTOR( '', #12567, 1.00000000000000 );
#10751 = CARTESIAN_POINT( '', ( 0.00342500000000000, -0.00322500000000000, 0.00100000000000000 ) );
#10752 = CARTESIAN_POINT( '', ( 0.00342500000001000, -0.00322500000001000, 0.00160000000001000 ) );
#10753 = VECTOR( '', #12568, 1.00000000000000 );
#10754 = CARTESIAN_POINT( '', ( 0.00282500000000000, -0.00322500000000000, 0.00100000000000000 ) );
#10755 = CARTESIAN_POINT( '', ( 0.00282500000001000, -0.00322500000001000, 0.00100000000001000 ) );
#10756 = VECTOR( '', #12569, 1.00000000000000 );
#10757 = CARTESIAN_POINT( '', ( 0.00282500000000000, -0.00322500000000000, 0.00160000000000000 ) );
#10758 = CARTESIAN_POINT( '', ( 0.00282500000001000, -0.00322500000001000, 0.00160000000001000 ) );
#10759 = VECTOR( '', #12570, 1.00000000000000 );
#10760 = CARTESIAN_POINT( '', ( 0.00217500000000000, -0.00322500000000000, 0.00160000000000000 ) );
#10761 = CARTESIAN_POINT( '', ( 0.00217500000001000, -0.00322500000001000, 0.00160000000001000 ) );
#10762 = VECTOR( '', #12571, 1.00000000000000 );
#10763 = CARTESIAN_POINT( '', ( 0.00217500000000000, -0.00322500000000000, 0.00100000000000000 ) );
#10764 = CARTESIAN_POINT( '', ( 0.00217500000001000, -0.00322500000001000, 0.00160000000001000 ) );
#10765 = VECTOR( '', #12572, 1.00000000000000 );
#10766 = CARTESIAN_POINT( '', ( 0.00157500000000000, -0.00322500000000000, 0.00100000000000000 ) );
#10767 = CARTESIAN_POINT( '', ( 0.00157500000001000, -0.00322500000001000, 0.00100000000001000 ) );
#10768 = VECTOR( '', #12573, 1.00000000000000 );
#10769 = CARTESIAN_POINT( '', ( 0.00157500000000000, -0.00322500000000000, 0.00160000000000000 ) );
#10770 = CARTESIAN_POINT( '', ( 0.00157500000001000, -0.00322500000001000, 0.00160000000001000 ) );
#10771 = VECTOR( '', #12574, 1.00000000000000 );
#10772 = CARTESIAN_POINT( '', ( 0.000925000000000000, -0.00322500000000000, 0.00160000000000000 ) );
#10773 = CARTESIAN_POINT( '', ( 0.000925000000010000, -0.00322500000001000, 0.00160000000001000 ) );
#10774 = VECTOR( '', #12575, 1.00000000000000 );
#10775 = CARTESIAN_POINT( '', ( 0.000925000000000000, -0.00322500000000000, 0.00100000000000000 ) );
#10776 = CARTESIAN_POINT( '', ( 0.000925000000010000, -0.00322500000001000, 0.00160000000001000 ) );
#10777 = VECTOR( '', #12576, 1.00000000000000 );
#10778 = CARTESIAN_POINT( '', ( 0.000325000000010000, -0.00322500000001000, 0.00100000000001000 ) );
#10779 = VECTOR( '', #12577, 1.00000000000000 );
#10780 = CARTESIAN_POINT( '', ( -0.000325000000000000, -0.00322500000000000, 0.00160000000000000 ) );
#10781 = CARTESIAN_POINT( '', ( -0.000325000000010000, -0.00322500000001000, 0.00160000000001000 ) );
#10782 = VECTOR( '', #12578, 1.00000000000000 );
#10783 = CARTESIAN_POINT( '', ( -0.000325000000000000, -0.00322500000000000, 0.00100000000000000 ) );
#10784 = CARTESIAN_POINT( '', ( -0.000325000000010000, -0.00322500000001000, 0.00160000000001000 ) );
#10785 = VECTOR( '', #12579, 1.00000000000000 );
#10786 = CARTESIAN_POINT( '', ( -0.000925000000000000, -0.00322500000000000, 0.00100000000000000 ) );
#10787 = CARTESIAN_POINT( '', ( -0.000925000000010000, -0.00322500000001000, 0.00100000000001000 ) );
#10788 = VECTOR( '', #12580, 1.00000000000000 );
#10789 = CARTESIAN_POINT( '', ( -0.000925000000000000, -0.00322500000000000, 0.00160000000000000 ) );
#10790 = CARTESIAN_POINT( '', ( -0.000925000000010000, -0.00322500000001000, 0.00160000000001000 ) );
#10791 = VECTOR( '', #12581, 1.00000000000000 );
#10792 = CARTESIAN_POINT( '', ( -0.00157500000000000, -0.00322500000000000, 0.00160000000000000 ) );
#10793 = CARTESIAN_POINT( '', ( -0.00157500000001000, -0.00322500000001000, 0.00160000000001000 ) );
#10794 = VECTOR( '', #12582, 1.00000000000000 );
#10795 = CARTESIAN_POINT( '', ( -0.00157500000001000, -0.00322500000001000, 0.00160000000001000 ) );
#10796 = VECTOR( '', #12583, 1.00000000000000 );
#10797 = CARTESIAN_POINT( '', ( -0.00217500000000000, -0.00322500000000000, 0.00160000000000000 ) );
#10798 = CARTESIAN_POINT( '', ( -0.00217500000001000, -0.00322500000001000, 0.00160000000001000 ) );
#10799 = VECTOR( '', #12584, 1.00000000000000 );
#10800 = CARTESIAN_POINT( '', ( -0.00282500000000000, -0.00322500000000000, 0.00160000000000000 ) );
#10801 = CARTESIAN_POINT( '', ( -0.00282500000001000, -0.00322500000001000, 0.00160000000001000 ) );
#10802 = VECTOR( '', #12585, 1.00000000000000 );
#10803 = CARTESIAN_POINT( '', ( -0.00282500000000000, -0.00322500000000000, 0.00100000000000000 ) );
#10804 = CARTESIAN_POINT( '', ( -0.00282500000001000, -0.00322500000001000, 0.00160000000001000 ) );
#10805 = VECTOR( '', #12586, 1.00000000000000 );
#10806 = CARTESIAN_POINT( '', ( -0.00342500000000000, -0.00322500000000000, 0.00100000000000000 ) );
#10807 = CARTESIAN_POINT( '', ( -0.00342500000001000, -0.00322500000001000, 0.00100000000001000 ) );
#10808 = VECTOR( '', #12587, 1.00000000000000 );
#10809 = CARTESIAN_POINT( '', ( -0.00342500000000000, -0.00322500000000000, 0.00160000000000000 ) );
#10810 = CARTESIAN_POINT( '', ( -0.00342500000001000, -0.00322500000001000, 0.00160000000001000 ) );
#10811 = VECTOR( '', #12588, 1.00000000000000 );
#10812 = CARTESIAN_POINT( '', ( -0.00407500000001000, -0.00322500000001000, 0.00160000000001000 ) );
#10813 = VECTOR( '', #12589, 1.00000000000000 );
#10814 = CARTESIAN_POINT( '', ( -0.00467500000000000, -0.00322500000000000, 0.00160000000000000 ) );
#10815 = CARTESIAN_POINT( '', ( -0.00467500000001000, -0.00322500000001000, 0.00160000000001000 ) );
#10816 = VECTOR( '', #12590, 1.00000000000000 );
#10817 = CARTESIAN_POINT( '', ( -0.00537500000000000, -0.00322500000000000, 0.00160000000000000 ) );
#10818 = CARTESIAN_POINT( '', ( -0.00537500000001000, -0.00322500000001000, 0.00160000000001000 ) );
#10819 = VECTOR( '', #12591, 1.00000000000000 );
#10820 = CARTESIAN_POINT( '', ( -0.00537500000001000, -0.00322500000001000, 0.00160000000001000 ) );
#10821 = VECTOR( '', #12592, 1.00000000000000 );
#10822 = CARTESIAN_POINT( '', ( -0.00587500000001000, -0.00322500000001000, 0.00100000000001000 ) );
#10823 = VECTOR( '', #12593, 1.00000000000000 );
#10824 = COLOUR_RGB( '', 0.866666674600000, 0.321568638100000, 0.156862750600000 );
#10825 = CARTESIAN_POINT( '', ( 0.000465000000000000, -2.50000000000000E-05, -0.000175000000000000 ) );
#10826 = CARTESIAN_POINT( '', ( 0.000525000000010000, 0.000275000000010000, -0.000275000000010000 ) );
#10827 = CARTESIAN_POINT( '', ( 0.000485000000010000, 0.000178580812066500, -0.000208333333343300 ) );
#10828 = CARTESIAN_POINT( '', ( 0.000465000000010000, 7.85808120665200E-05, -0.000175000000010000 ) );
#10829 = CARTESIAN_POINT( '', ( 0.000465000000010000, -2.50000000100000E-05, -0.000175000000010000 ) );
#10830 = CARTESIAN_POINT( '', ( 0.000785000000010000, -2.50000000100000E-05, -0.000175000000010000 ) );
#10831 = VECTOR( '', #12594, 1.00000000000000 );
#10832 = CARTESIAN_POINT( '', ( 0.000725000000010000, 0.000275000000010000, -0.000275000000010000 ) );
#10833 = CARTESIAN_POINT( '', ( 0.000765000000010000, 0.000178580812066500, -0.000208333333343300 ) );
#10834 = CARTESIAN_POINT( '', ( 0.000785000000010000, 7.85808120665200E-05, -0.000175000000010000 ) );
#10835 = CARTESIAN_POINT( '', ( 0.000785000000010000, -2.50000000100000E-05, -0.000175000000010000 ) );
#10836 = COLOUR_RGB( '', 0.866666674600000, 0.321568638100000, 0.156862750600000 );
#10837 = CARTESIAN_POINT( '', ( -0.00177500000001000, -0.00335000000001000, -0.00420000000001000 ) );
#10838 = VECTOR( '', #12595, 1.00000000000000 );
#10839 = COLOUR_RGB( '', 0.866666674600000, 0.321568638100000, 0.156862750600000 );
#10840 = CARTESIAN_POINT( '', ( 0.00537500000000000, -0.00297500000000000, 0.00160000000000000 ) );
#10841 = CARTESIAN_POINT( '', ( 0.00537500000001000, -0.00297500000001000, 0.00160000000001000 ) );
#10842 = VECTOR( '', #12596, 1.00000000000000 );
#10843 = CARTESIAN_POINT( '', ( 0.00587500000001000, -0.00297500000001000, 0.00160000000001000 ) );
#10844 = VECTOR( '', #12597, 1.00000000000000 );
#10845 = COLOUR_RGB( '', 0.866666674600000, 0.321568638100000, 0.156862750600000 );
#10846 = CARTESIAN_POINT( '', ( -0.00453500000000000, -0.00337840204454900, -0.000599928405774700 ) );
#10847 = AXIS2_PLACEMENT_3D( '', #12598, #12599, #12600 );
#10848 = CARTESIAN_POINT( '', ( -0.00453500000000000, -0.00365000000000000, -0.00127500000000000 ) );
#10849 = AXIS2_PLACEMENT_3D( '', #12601, #12602, #12603 );
#10850 = CARTESIAN_POINT( '', ( -0.00421500000000000, -0.00365000000000000, -0.00127500000000000 ) );
#10851 = CARTESIAN_POINT( '', ( -0.00421500000001000, -0.00365000000001000, -0.00127500000001000 ) );
#10852 = VECTOR( '', #12604, 1.00000000000000 );
#10853 = CARTESIAN_POINT( '', ( -0.00421500000000000, -0.00337840204454900, -0.000599928405774700 ) );
#10854 = AXIS2_PLACEMENT_3D( '', #12605, #12606, #12607 );
#10855 = AXIS2_PLACEMENT_3D( '', #12608, #12609, #12610 );
#10856 = COLOUR_RGB( '', 0.866666674600000, 0.321568638100000, 0.156862750600000 );
#10857 = CARTESIAN_POINT( '', ( 0.00460000000000000, -0.00372500000000000, -0.00160000000000000 ) );
#10858 = CARTESIAN_POINT( '', ( 0.00453500000001000, -0.00337833333334300, -0.00160000000001000 ) );
#10859 = VECTOR( '', #12611, 1.00000000000000 );
#10860 = CARTESIAN_POINT( '', ( 0.00460000000000000, -0.00372500000000000, -0.000600000000000000 ) );
#10861 = CARTESIAN_POINT( '', ( 0.00460000000001000, -0.00372500000001000, -0.00160000000001000 ) );
#10862 = VECTOR( '', #12612, 1.00000000000000 );
#10863 = CARTESIAN_POINT( '', ( 0.00453500000000785, -0.00337840204454753, -0.000600000000000000 ) );
#10864 = CARTESIAN_POINT( '', ( 0.00460000000001574, -0.00372499999999704, -0.000600000000000000 ) );
#10865 = COLOUR_RGB( '', 0.866666674600000, 0.321568638100000, 0.156862750600000 );
#10866 = CARTESIAN_POINT( '', ( -0.00447500000000000, -0.00335000000000000, -0.00420000000000000 ) );
#10867 = CARTESIAN_POINT( '', ( -0.00447500000001000, -0.00360000000001000, -0.00420000000001000 ) );
#10868 = VECTOR( '', #12613, 1.00000000000000 );
#10869 = CARTESIAN_POINT( '', ( -0.00427500000000000, -0.00335000000000000, -0.00420000000000000 ) );
#10870 = CARTESIAN_POINT( '', ( -0.00447500000001000, -0.00335000000001000, -0.00420000000001000 ) );
#10871 = VECTOR( '', #12614, 1.00000000000000 );
#10872 = CARTESIAN_POINT( '', ( -0.00427500000001000, -0.00335000000001000, -0.00420000000001000 ) );
#10873 = VECTOR( '', #12615, 1.00000000000000 );
#10874 = COLOUR_RGB( '', 0.866666674600000, 0.321568638100000, 0.156862750600000 );
#10875 = CARTESIAN_POINT( '', ( -0.00557500000000000, 0.000975000000000000, 0.000400000000000000 ) );
#10876 = CARTESIAN_POINT( '', ( -0.00557500000000000, -0.00197500000000000, 0.000400000000000000 ) );
#10877 = CARTESIAN_POINT( '', ( -0.00557500000001000, 0.000975000000010000, 0.000400000000010000 ) );
#10878 = VECTOR( '', #12616, 1.00000000000000 );
#10879 = CARTESIAN_POINT( '', ( -0.00557500000000000, -0.00197500000000000, -0.000450000000000000 ) );
#10880 = CARTESIAN_POINT( '', ( -0.00557500000001000, -0.00197500000001000, -0.000450000000010000 ) );
#10881 = VECTOR( '', #12617, 1.00000000000000 );
#10882 = CARTESIAN_POINT( '', ( -0.00557500000000000, 0.000975000000000000, -0.000450000000000000 ) );
#10883 = CARTESIAN_POINT( '', ( -0.00557500000001000, 0.000975000000010000, -0.000450000000010000 ) );
#10884 = VECTOR( '', #12618, 1.00000000000000 );
#10885 = CARTESIAN_POINT( '', ( -0.00557500000001000, 0.000975000000010000, -0.000450000000010000 ) );
#10886 = VECTOR( '', #12619, 1.00000000000000 );
#10887 = COLOUR_RGB( '', 0.866666674600000, 0.321568638100000, 0.156862750600000 );
#10888 = CARTESIAN_POINT( '', ( 0.00427500000000000, 0.000275000000000000, -0.000275000000000000 ) );
#10889 = CARTESIAN_POINT( '', ( 0.00421500000000000, -2.50000000000000E-05, -0.000175000000000000 ) );
#10890 = CARTESIAN_POINT( '', ( 0.00427500000001000, 0.000275000000010000, -0.000275000000010000 ) );
#10891 = CARTESIAN_POINT( '', ( 0.00423500000001000, 0.000178580812066500, -0.000208333333343300 ) );
#10892 = CARTESIAN_POINT( '', ( 0.00421500000001000, 7.85808120665200E-05, -0.000175000000010000 ) );
#10893 = CARTESIAN_POINT( '', ( 0.00421500000001000, -2.50000000100000E-05, -0.000175000000010000 ) );
#10894 = CARTESIAN_POINT( '', ( 0.00453500000001000, -2.50000000100000E-05, -0.000175000000010000 ) );
#10895 = VECTOR( '', #12620, 1.00000000000000 );
#10896 = CARTESIAN_POINT( '', ( 0.00447500000001000, 0.000275000000010000, -0.000275000000010000 ) );
#10897 = VECTOR( '', #12621, 1.00000000000000 );
#10898 = COLOUR_RGB( '', 0.866666674600000, 0.321568638100000, 0.156862750600000 );
#10899 = CARTESIAN_POINT( '', ( 0.000925000000010000, -0.00322500000001000, 0.00100000000001000 ) );
#10900 = VECTOR( '', #12622, 1.00000000000000 );
#10901 = CARTESIAN_POINT( '', ( 0.000925000000010000, -0.00322500000001000, 0.00160000000001000 ) );
#10902 = VECTOR( '', #12623, 1.00000000000000 );
#10903 = COLOUR_RGB( '', 0.866666674600000, 0.321568638100000, 0.156862750600000 );
#10904 = CARTESIAN_POINT( '', ( -0.00470000000000000, -0.00382500000000000, -0.000600000000000000 ) );
#10905 = CARTESIAN_POINT( '', ( -0.00517500000001000, -0.00382500000001000, -0.000600000000010000 ) );
#10906 = VECTOR( '', #12624, 1.00000000000000 );
#10907 = CARTESIAN_POINT( '', ( -0.00460000000000000, -0.00372500000000000, -0.000600000000000000 ) );
#10908 = CARTESIAN_POINT( '', ( -0.00470000000001000, -0.00382500000001000, -0.000600000000010000 ) );
#10909 = VECTOR( '', #12625, 1.00000000000000 );
#10910 = CARTESIAN_POINT( '', ( -0.00460000000000785, -0.00372499999999853, -0.000600000000000000 ) );
#10911 = CARTESIAN_POINT( '', ( -0.00453500000000000, -0.00337840204454901, -0.000600000000000000 ) );
#10912 = CARTESIAN_POINT( '', ( -0.00453500000000000, -0.00322500000000000, -0.000600000000010005 ) );
#10913 = CARTESIAN_POINT( '', ( -0.00453500000000000, -0.00337840204454900, -0.000599928405774745 ) );
#10914 = COLOUR_RGB( '', 0.866666674600000, 0.321568638100000, 0.156862750600000 );
#10915 = CARTESIAN_POINT( '', ( 0.000785000000000000, -0.00365000000000000, -0.00370000000000000 ) );
#10916 = CARTESIAN_POINT( '', ( 0.000785000000010000, -0.00365000000001000, -0.00370000000001000 ) );
#10917 = CARTESIAN_POINT( '', ( 0.000785000000010000, -0.00365000000001000, -0.00386767416106800 ) );
#10918 = CARTESIAN_POINT( '', ( 0.000765000000010000, -0.00363333333334300, -0.00403434082773400 ) );
#10919 = CARTESIAN_POINT( '', ( 0.000725000000010000, -0.00360000000001000, -0.00420000000001000 ) );
#10920 = CARTESIAN_POINT( '', ( 0.000785000000010000, -0.00365000000001000, -0.00370000000001000 ) );
#10921 = VECTOR( '', #12626, 1.00000000000000 );
#10922 = COLOUR_RGB( '', 0.866666674600000, 0.321568638100000, 0.156862750600000 );
#10923 = CARTESIAN_POINT( '', ( -0.00217500000000000, -0.00292500000000000, 0.00160000000000000 ) );
#10924 = CARTESIAN_POINT( '', ( -0.00217500000001000, -0.00292500000001000, 0.00160000000001000 ) );
#10925 = VECTOR( '', #12627, 1.00000000000000 );
#10926 = CARTESIAN_POINT( '', ( -0.00217500000001000, -0.00322500000001000, 0.00160000000001000 ) );
#10927 = VECTOR( '', #12628, 1.00000000000000 );
#10928 = COLOUR_RGB( '', 0.866666674600000, 0.321568638100000, 0.156862750600000 );
#10929 = CARTESIAN_POINT( '', ( -0.000325000000000000, -0.00292500000000000, 0.00160000000000000 ) );
#10930 = CARTESIAN_POINT( '', ( -0.000325000000000000, -0.00292500000000000, 0.00100000000000000 ) );
#10931 = CARTESIAN_POINT( '', ( -0.000325000000010000, -0.00292500000001000, 0.00160000000001000 ) );
#10932 = VECTOR( '', #12629, 1.00000000000000 );
#10933 = CARTESIAN_POINT( '', ( -0.000325000000010000, -0.00322500000001000, 0.00100000000001000 ) );
#10934 = VECTOR( '', #12630, 1.00000000000000 );
#10935 = CARTESIAN_POINT( '', ( -0.000325000000010000, -0.00322500000001000, 0.00160000000001000 ) );
#10936 = VECTOR( '', #12631, 1.00000000000000 );
#10937 = COLOUR_RGB( '', 0.866666674600000, 0.321568638100000, 0.156862750600000 );
#10938 = CARTESIAN_POINT( '', ( 0.00407500000000000, -0.00292500000000000, 0.00160000000000000 ) );
#10939 = CARTESIAN_POINT( '', ( 0.00407500000000000, -0.00292500000000000, 0.00100000000000000 ) );
#10940 = CARTESIAN_POINT( '', ( 0.00407500000001000, -0.00292500000001000, 0.00160000000001000 ) );
#10941 = VECTOR( '', #12632, 1.00000000000000 );
#10942 = CARTESIAN_POINT( '', ( 0.00467500000000000, -0.00292500000000000, 0.00100000000000000 ) );
#10943 = CARTESIAN_POINT( '', ( 0.00467500000001000, -0.00292500000001000, 0.00100000000001000 ) );
#10944 = VECTOR( '', #12633, 1.00000000000000 );
#10945 = CARTESIAN_POINT( '', ( 0.00467500000000000, -0.00292500000000000, 0.00160000000000000 ) );
#10946 = CARTESIAN_POINT( '', ( 0.00467500000001000, -0.00292500000001000, 0.00160000000001000 ) );
#10947 = VECTOR( '', #12634, 1.00000000000000 );
#10948 = CARTESIAN_POINT( '', ( 0.00467500000001000, -0.00292500000001000, 0.00160000000001000 ) );
#10949 = VECTOR( '', #12635, 1.00000000000000 );
#10950 = COLOUR_RGB( '', 0.866666674600000, 0.321568638100000, 0.156862750600000 );
#10951 = CARTESIAN_POINT( '', ( 0.000785000000000000, -0.00330000000000000, -0.00160000000000000 ) );
#10952 = CARTESIAN_POINT( '', ( 0.000785000000000000, -0.00330000000000000, -0.00370000000000000 ) );
#10953 = CARTESIAN_POINT( '', ( 0.000785000000010000, -0.00330000000001000, -0.00160000000001000 ) );
#10954 = VECTOR( '', #12636, 1.00000000000000 );
#10955 = CARTESIAN_POINT( '', ( 0.000465000000010000, -0.00330000000001000, -0.00370000000001000 ) );
#10956 = VECTOR( '', #12637, 1.00000000000000 );
#10957 = CARTESIAN_POINT( '', ( 0.000465000000010000, -0.00330000000001000, -0.00160000000001000 ) );
#10958 = VECTOR( '', #12638, 1.00000000000000 );
#10959 = COLOUR_RGB( '', 0.866666674600000, 0.321568638100000, 0.156862750600000 );
#10960 = CARTESIAN_POINT( '', ( -0.00197500000000000, 0.000275000000000000, -0.000675000000000000 ) );
#10961 = CARTESIAN_POINT( '', ( -0.00203500000000000, -2.50000000000000E-05, -0.000775000000000000 ) );
#10962 = CARTESIAN_POINT( '', ( -0.00197500000001000, 0.000275000000010000, -0.000675000000010000 ) );
#10963 = CARTESIAN_POINT( '', ( -0.00201500000001000, 0.000178580812066500, -0.000741666666676700 ) );
#10964 = CARTESIAN_POINT( '', ( -0.00203500000001000, 7.85808120665200E-05, -0.000775000000010000 ) );
#10965 = CARTESIAN_POINT( '', ( -0.00203500000001000, -2.50000000100000E-05, -0.000775000000010000 ) );
#10966 = CARTESIAN_POINT( '', ( -0.00203500000001000, -2.50000000100000E-05, -0.000175000000010000 ) );
#10967 = VECTOR( '', #12639, 1.00000000000000 );
#10968 = CARTESIAN_POINT( '', ( -0.00197500000000000, 0.000275000000000000, -0.000275000000000000 ) );
#10969 = CARTESIAN_POINT( '', ( -0.00197500000001000, 0.000275000000010000, -0.000275000000010000 ) );
#10970 = CARTESIAN_POINT( '', ( -0.00201500000001000, 0.000178580812066500, -0.000208333333343300 ) );
#10971 = CARTESIAN_POINT( '', ( -0.00203500000001000, 7.85808120665200E-05, -0.000175000000010000 ) );
#10972 = CARTESIAN_POINT( '', ( -0.00203500000001000, -2.50000000100000E-05, -0.000175000000010000 ) );
#10973 = CARTESIAN_POINT( '', ( -0.00197500000001000, 0.000275000000010000, -0.000275000000010000 ) );
#10974 = VECTOR( '', #12640, 1.00000000000000 );
#10975 = COLOUR_RGB( '', 0.866666674600000, 0.321568638100000, 0.156862750600000 );
#10976 = CARTESIAN_POINT( '', ( -0.00328500000000000, -2.50000000000000E-05, -0.000775000000000000 ) );
#10977 = CARTESIAN_POINT( '', ( -0.00322500000001000, 0.000275000000010000, -0.000675000000010000 ) );
#10978 = CARTESIAN_POINT( '', ( -0.00326500000001000, 0.000178580812066500, -0.000741666666676700 ) );
#10979 = CARTESIAN_POINT( '', ( -0.00328500000001000, 7.85808120665200E-05, -0.000775000000010000 ) );
#10980 = CARTESIAN_POINT( '', ( -0.00328500000001000, -2.50000000100000E-05, -0.000775000000010000 ) );
#10981 = CARTESIAN_POINT( '', ( -0.00328500000000000, -2.50000000000000E-05, -0.000175000000000000 ) );
#10982 = CARTESIAN_POINT( '', ( -0.00328500000001000, -2.50000000100000E-05, -0.000175000000010000 ) );
#10983 = VECTOR( '', #12641, 1.00000000000000 );
#10984 = CARTESIAN_POINT( '', ( -0.00322500000001000, 0.000275000000010000, -0.000275000000010000 ) );
#10985 = CARTESIAN_POINT( '', ( -0.00326500000001000, 0.000178580812066500, -0.000208333333343300 ) );
#10986 = CARTESIAN_POINT( '', ( -0.00328500000001000, 7.85808120665200E-05, -0.000175000000010000 ) );
#10987 = CARTESIAN_POINT( '', ( -0.00328500000001000, -2.50000000100000E-05, -0.000175000000010000 ) );
#10988 = COLOUR_RGB( '', 0.866666674600000, 0.321568638100000, 0.156862750600000 );
#10989 = CARTESIAN_POINT( '', ( 0.00296500000000000, -0.00337833333333300, -0.00160000000000000 ) );
#10990 = CARTESIAN_POINT( '', ( 0.00290000000001000, -0.00372500000001000, -0.00160000000001000 ) );
#10991 = VECTOR( '', #12642, 1.00000000000000 );
#10992 = CARTESIAN_POINT( '', ( 0.00296500000001000, -0.00337833333334300, -0.00160000000001000 ) );
#10993 = VECTOR( '', #12643, 1.00000000000000 );
#10994 = COLOUR_RGB( '', 0.866666674600000, 0.321568638100000, 0.156862750600000 );
#10995 = CARTESIAN_POINT( '', ( -0.00177500000000000, 0.000275000000000000, -0.000675000000000000 ) );
#10996 = CARTESIAN_POINT( '', ( -0.00177500000000000, 0.000275000000000000, -0.000275000000000000 ) );
#10997 = CARTESIAN_POINT( '', ( -0.00177500000001000, 0.000275000000010000, -0.000675000000010000 ) );
#10998 = VECTOR( '', #12644, 1.00000000000000 );
#10999 = CARTESIAN_POINT( '', ( -0.00197500000001000, 0.000275000000010000, -0.000675000000010000 ) );
#11000 = VECTOR( '', #12645, 1.00000000000000 );
#11001 = CARTESIAN_POINT( '', ( -0.00177500000001000, 0.000275000000010000, -0.000275000000010000 ) );
#11002 = VECTOR( '', #12646, 1.00000000000000 );
#11003 = COLOUR_RGB( '', 0.866666674600000, 0.321568638100000, 0.156862750600000 );
#11004 = CARTESIAN_POINT( '', ( 0.00492500000000000, -2.50000000000000E-05, 0.00160000000000000 ) );
#11005 = CARTESIAN_POINT( '', ( 0.00492500000000000, -2.50000000000000E-05, 0.00150000000000000 ) );
#11006 = CARTESIAN_POINT( '', ( 0.00492500000001000, -2.50000000100000E-05, 0.00160000000001000 ) );
#11007 = VECTOR( '', #12647, 1.00000000000000 );
#11008 = CARTESIAN_POINT( '', ( 0.00492500000001000, -0.000325000000010000, 0.00120000000001000 ) );
#11009 = VECTOR( '', #12648, 1.00000000000000 );
#11010 = CARTESIAN_POINT( '', ( 0.00492500000000000, -0.000625000000000000, 0.00150000000000000 ) );
#11011 = CARTESIAN_POINT( '', ( 0.00492500000001000, -0.000925000000010000, 0.00120000000001000 ) );
#11012 = VECTOR( '', #12649, 1.00000000000000 );
#11013 = CARTESIAN_POINT( '', ( 0.00492500000000000, -0.000625000000000000, 0.00160000000000000 ) );
#11014 = CARTESIAN_POINT( '', ( 0.00492500000001000, -0.000625000000010000, 0.00160000000001000 ) );
#11015 = VECTOR( '', #12650, 1.00000000000000 );
#11016 = CARTESIAN_POINT( '', ( 0.00492500000001000, -0.000625000000010000, 0.00160000000001000 ) );
#11017 = VECTOR( '', #12651, 1.00000000000000 );
#11018 = COLOUR_RGB( '', 0.866666674600000, 0.321568638100000, 0.156862750600000 );
#11019 = COLOUR_RGB( '', 0.866666674600000, 0.321568638100000, 0.156862750600000 );
#11020 = CARTESIAN_POINT( '', ( 0.00320000000000000, -0.00162500000000000, -0.00160000000000000 ) );
#11021 = CARTESIAN_POINT( '', ( 0.00320000000000000, -0.00162500000000000, -0.00120000000000000 ) );
#11022 = CARTESIAN_POINT( '', ( 0.00320000000001000, -0.00162500000001000, -0.00160000000001000 ) );
#11023 = VECTOR( '', #12652, 1.00000000000000 );
#11024 = CARTESIAN_POINT( '', ( 0.00430000000000000, -0.00162500000000000, -0.00120000000000000 ) );
#11025 = CARTESIAN_POINT( '', ( 0.00320000000001000, -0.00162500000001000, -0.00120000000001000 ) );
#11026 = VECTOR( '', #12653, 1.00000000000000 );
#11027 = CARTESIAN_POINT( '', ( 0.00430000000000000, -0.00162500000000000, -0.00160000000000000 ) );
#11028 = CARTESIAN_POINT( '', ( 0.00430000000001000, -0.00162500000001000, -0.00120000000001000 ) );
#11029 = VECTOR( '', #12654, 1.00000000000000 );
#11030 = CARTESIAN_POINT( '', ( 0.00320000000001000, -0.00162500000001000, -0.00160000000001000 ) );
#11031 = VECTOR( '', #12655, 1.00000000000000 );
#11032 = COLOUR_RGB( '', 0.866666674600000, 0.321568638100000, 0.156862750600000 );
#11033 = CARTESIAN_POINT( '', ( -0.000925000000000000, -0.00292500000000000, 0.00100000000000000 ) );
#11034 = CARTESIAN_POINT( '', ( -0.000325000000010000, -0.00292500000001000, 0.00100000000001000 ) );
#11035 = VECTOR( '', #12656, 1.00000000000000 );
#11036 = CARTESIAN_POINT( '', ( -0.000925000000010000, -0.00292500000001000, 0.00100000000001000 ) );
#11037 = VECTOR( '', #12657, 1.00000000000000 );
#11038 = COLOUR_RGB( '', 0.866666674600000, 0.321568638100000, 0.156862750600000 );
#11039 = AXIS2_PLACEMENT_3D( '', #12658, #12659, #12660 );
#11040 = CARTESIAN_POINT( '', ( 0.00203500000000000, -0.00330000000000000, -0.00370000000000000 ) );
#11041 = CARTESIAN_POINT( '', ( 0.00203500000001000, -0.00330000000001000, -0.00370000000001000 ) );
#11042 = VECTOR( '', #12661, 1.00000000000000 );
#11043 = CARTESIAN_POINT( '', ( 0.00203500000000000, -0.00330000000000000, -0.00160000000000000 ) );
#11044 = CARTESIAN_POINT( '', ( 0.00203500000001000, -0.00330000000001000, -0.00160000000001000 ) );
#11045 = VECTOR( '', #12662, 1.00000000000000 );
#11046 = CARTESIAN_POINT( '', ( 0.00203500000000000, -0.00337833333333300, -0.00160000000000000 ) );
#11047 = CARTESIAN_POINT( '', ( 0.00203500000001000, -0.00337833333334300, -0.00160000000001000 ) );
#11048 = VECTOR( '', #12663, 1.00000000000000 );
#11049 = CARTESIAN_POINT( '', ( 0.00203500000001000, -0.00337833333334300, -0.00160000000001000 ) );
#11050 = VECTOR( '', #12664, 1.00000000000000 );
#11051 = COLOUR_RGB( '', 0.866666674600000, 0.321568638100000, 0.156862750600000 );
#11052 = CARTESIAN_POINT( '', ( 0.00328500000000000, -2.50000000000000E-05, -0.000775000000000000 ) );
#11053 = CARTESIAN_POINT( '', ( 0.00328500000000000, -0.00197500000000000, -0.000775000000000000 ) );
#11054 = CARTESIAN_POINT( '', ( 0.00328500000001000, -2.50000000100000E-05, -0.000775000000010000 ) );
#11055 = VECTOR( '', #12665, 1.00000000000000 );
#11056 = CARTESIAN_POINT( '', ( 0.00328500000000000, -2.50000000000000E-05, -0.000175000000000000 ) );
#11057 = CARTESIAN_POINT( '', ( 0.00328500000001000, -2.50000000100000E-05, -0.000775000000010000 ) );
#11058 = VECTOR( '', #12666, 1.00000000000000 );
#11059 = CARTESIAN_POINT( '', ( 0.00328500000000000, -0.00197500000000000, -0.000175000000000000 ) );
#11060 = CARTESIAN_POINT( '', ( 0.00328500000001000, -2.50000000100000E-05, -0.000175000000010000 ) );
#11061 = VECTOR( '', #12667, 1.00000000000000 );
#11062 = CARTESIAN_POINT( '', ( 0.00328500000001000, -0.00197500000001000, -0.000775000000010000 ) );
#11063 = VECTOR( '', #12668, 1.00000000000000 );
#11064 = COLOUR_RGB( '', 0.866666674600000, 0.321568638100000, 0.156862750600000 );
#11065 = CARTESIAN_POINT( '', ( -0.00587500000001000, -0.00452500000001000, 0.000100000000010000 ) );
#11066 = VECTOR( '', #12669, 1.00000000000000 );
#11067 = COLOUR_RGB( '', 0.866666674600000, 0.321568638100000, 0.156862750600000 );
#11068 = CARTESIAN_POINT( '', ( 0.00210000000000000, -0.00372500000000000, -0.00160000000000000 ) );
#11069 = CARTESIAN_POINT( '', ( 0.00210000000001000, -0.00372500000001000, -0.00160000000001000 ) );
#11070 = VECTOR( '', #12670, 1.00000000000000 );
#11071 = CARTESIAN_POINT( '', ( 0.00220000000000000, -0.00382500000000000, -0.00160000000000000 ) );
#11072 = CARTESIAN_POINT( '', ( 0.00210000000001000, -0.00372500000001000, -0.00160000000001000 ) );
#11073 = VECTOR( '', #12671, 1.00000000000000 );
#11074 = CARTESIAN_POINT( '', ( 0.00220000000001000, -0.00382500000001000, -0.00160000000001000 ) );
#11075 = VECTOR( '', #12672, 1.00000000000000 );
#11076 = COLOUR_RGB( '', 0.866666674600000, 0.321568638100000, 0.156862750600000 );
#11077 = CARTESIAN_POINT( '', ( -0.000465000000000000, -0.00365000000000000, -0.00370000000000000 ) );
#11078 = CARTESIAN_POINT( '', ( -0.000465000000010000, -0.00365000000001000, -0.00127500000001000 ) );
#11079 = VECTOR( '', #12673, 1.00000000000000 );
#11080 = CARTESIAN_POINT( '', ( -0.000465000000010000, -0.00330000000001000, -0.00370000000001000 ) );
#11081 = VECTOR( '', #12674, 1.00000000000000 );
#11082 = CARTESIAN_POINT( '', ( -0.000465000000000000, -0.00337833333333300, -0.00160000000000000 ) );
#11083 = CARTESIAN_POINT( '', ( -0.000465000000010000, -0.00337833333334300, -0.00160000000001000 ) );
#11084 = VECTOR( '', #12675, 1.00000000000000 );
#11085 = CARTESIAN_POINT( '', ( -0.000465000000010000, -0.00337833333334300, -0.00160000000001000 ) );
#11086 = VECTOR( '', #12676, 1.00000000000000 );
#11087 = COLOUR_RGB( '', 0.866666674600000, 0.321568638100000, 0.156862750600000 );
#11088 = CARTESIAN_POINT( '', ( -0.00527500000000000, -0.00197500000000000, -0.00120000000000000 ) );
#11089 = CARTESIAN_POINT( '', ( -0.00527500000000000, -0.00197500000000000, -0.000450000000000000 ) );
#11090 = CARTESIAN_POINT( '', ( -0.00527500000001000, -0.00197500000001000, -0.00120000000001000 ) );
#11091 = VECTOR( '', #12677, 1.00000000000000 );
#11092 = CARTESIAN_POINT( '', ( -0.00527500000001000, 0.000675000000010000, -0.00120000000001000 ) );
#11093 = VECTOR( '', #12678, 1.00000000000000 );
#11094 = CARTESIAN_POINT( '', ( -0.00527500000000000, 0.000675000000000000, -0.000450000000000000 ) );
#11095 = CARTESIAN_POINT( '', ( -0.00527500000001000, 0.000675000000010000, -0.00120000000001000 ) );
#11096 = VECTOR( '', #12679, 1.00000000000000 );
#11097 = CARTESIAN_POINT( '', ( -0.00527500000001000, -0.00197500000001000, -0.000450000000010000 ) );
#11098 = VECTOR( '', #12680, 1.00000000000000 );
#11099 = COLOUR_RGB( '', 0.866666674600000, 0.321568638100000, 0.156862750600000 );
#11100 = CARTESIAN_POINT( '', ( -0.00296500000000000, -0.00337840204454900, -0.000599928405774700 ) );
#11101 = CARTESIAN_POINT( '', ( -0.00296500000000000, -0.00337833333333300, -0.00160000000000000 ) );
#11102 = CARTESIAN_POINT( '', ( -0.00296498755419343, -0.00337839971096839, -0.000599928405774700 ) );
#11103 = CARTESIAN_POINT( '', ( -0.00296500000000040, -0.00337833333333120, -0.00160000000000000 ) );
#11104 = CARTESIAN_POINT( '', ( -0.00296500000000000, -0.00365000000000000, -0.00127500000000000 ) );
#11105 = AXIS2_PLACEMENT_3D( '', #12681, #12682, #12683 );
#11106 = CARTESIAN_POINT( '', ( -0.00296500000000000, -0.00365000000000000, -0.00370000000000000 ) );
#11107 = CARTESIAN_POINT( '', ( -0.00296500000001000, -0.00365000000001000, -0.00127500000001000 ) );
#11108 = VECTOR( '', #12684, 1.00000000000000 );
#11109 = CARTESIAN_POINT( '', ( -0.00296500000001000, -0.00330000000001000, -0.00370000000001000 ) );
#11110 = VECTOR( '', #12685, 1.00000000000000 );
#11111 = CARTESIAN_POINT( '', ( -0.00296500000000000, -0.00330000000000000, -0.00160000000000000 ) );
#11112 = CARTESIAN_POINT( '', ( -0.00296500000001000, -0.00330000000001000, -0.00160000000001000 ) );
#11113 = VECTOR( '', #12686, 1.00000000000000 );
#11114 = CARTESIAN_POINT( '', ( -0.00296500000001000, -0.00337833333334300, -0.00160000000001000 ) );
#11115 = VECTOR( '', #12687, 1.00000000000000 );
#11116 = COLOUR_RGB( '', 0.866666674600000, 0.321568638100000, 0.156862750600000 );
#11117 = CARTESIAN_POINT( '', ( 0.00302500000000000, 0.000275000000000000, -0.000675000000000000 ) );
#11118 = CARTESIAN_POINT( '', ( 0.00296500000000000, -2.50000000000000E-05, -0.000775000000000000 ) );
#11119 = CARTESIAN_POINT( '', ( 0.00302500000001000, 0.000275000000010000, -0.000675000000010000 ) );
#11120 = CARTESIAN_POINT( '', ( 0.00298500000001000, 0.000178580812066500, -0.000741666666676700 ) );
#11121 = CARTESIAN_POINT( '', ( 0.00296500000001000, 7.85808120665200E-05, -0.000775000000010000 ) );
#11122 = CARTESIAN_POINT( '', ( 0.00296500000001000, -2.50000000100000E-05, -0.000775000000010000 ) );
#11123 = CARTESIAN_POINT( '', ( 0.00296500000000000, -2.50000000000000E-05, -0.000175000000000000 ) );
#11124 = CARTESIAN_POINT( '', ( 0.00296500000001000, -2.50000000100000E-05, -0.000175000000010000 ) );
#11125 = VECTOR( '', #12688, 1.00000000000000 );
#11126 = CARTESIAN_POINT( '', ( 0.00302500000000000, 0.000275000000000000, -0.000275000000000000 ) );
#11127 = CARTESIAN_POINT( '', ( 0.00302500000001000, 0.000275000000010000, -0.000275000000010000 ) );
#11128 = CARTESIAN_POINT( '', ( 0.00298500000001000, 0.000178580812066500, -0.000208333333343300 ) );
#11129 = CARTESIAN_POINT( '', ( 0.00296500000001000, 7.85808120665200E-05, -0.000175000000010000 ) );
#11130 = CARTESIAN_POINT( '', ( 0.00296500000001000, -2.50000000100000E-05, -0.000175000000010000 ) );
#11131 = CARTESIAN_POINT( '', ( 0.00302500000001000, 0.000275000000010000, -0.000275000000010000 ) );
#11132 = VECTOR( '', #12689, 1.00000000000000 );
#11133 = COLOUR_RGB( '', 0.866666674600000, 0.321568638100000, 0.156862750600000 );
#11134 = CARTESIAN_POINT( '', ( -0.00453500000001000, -0.00365000000001000, -0.00127500000001000 ) );
#11135 = VECTOR( '', #12690, 1.00000000000000 );
#11136 = CARTESIAN_POINT( '', ( -0.00421500000001000, -0.00365000000001000, -0.00127500000001000 ) );
#11137 = VECTOR( '', #12691, 1.00000000000000 );
#11138 = COLOUR_RGB( '', 0.866666674600000, 0.321568638100000, 0.156862750600000 );
#11139 = CARTESIAN_POINT( '', ( 0.000785000000000000, -0.00337840204454900, -0.000599928405774700 ) );
#11140 = CARTESIAN_POINT( '', ( 0.000785000000010000, -0.00382500000000000, -0.000600000000000000 ) );
#11141 = VECTOR( '', #12692, 1.00000000000000 );
#11142 = AXIS2_PLACEMENT_3D( '', #12693, #12694, #12695 );
#11143 = COLOUR_RGB( '', 0.866666674600000, 0.321568638100000, 0.156862750600000 );
#11144 = CARTESIAN_POINT( '', ( 0.00587500000001000, -2.50000000100000E-05, 0.00160000000001000 ) );
#11145 = VECTOR( '', #12696, 1.00000000000000 );
#11146 = CARTESIAN_POINT( '', ( -0.00492500000000000, -0.000625000000000000, 0.00160000000000000 ) );
#11147 = CARTESIAN_POINT( '', ( -0.00492500000001000, -0.000625000000010000, 0.00160000000001000 ) );
#11148 = VECTOR( '', #12697, 1.00000000000000 );
#11149 = CARTESIAN_POINT( '', ( -0.00492500000000000, -2.50000000000000E-05, 0.00160000000000000 ) );
#11150 = CARTESIAN_POINT( '', ( -0.00492500000001000, -2.50000000100000E-05, 0.00160000000001000 ) );
#11151 = VECTOR( '', #12698, 1.00000000000000 );
#11152 = CARTESIAN_POINT( '', ( -0.00587500000000000, -2.50000000000000E-05, 0.00160000000000000 ) );
#11153 = CARTESIAN_POINT( '', ( -0.00587500000001000, -2.50000000100000E-05, 0.00160000000001000 ) );
#11154 = VECTOR( '', #12699, 1.00000000000000 );
#11155 = CARTESIAN_POINT( '', ( -0.00587500000000000, -0.00297500000000000, 0.00160000000000000 ) );
#11156 = CARTESIAN_POINT( '', ( -0.00587500000001000, -0.00297500000001000, 0.00160000000001000 ) );
#11157 = VECTOR( '', #12700, 1.00000000000000 );
#11158 = CARTESIAN_POINT( '', ( -0.00537500000000000, -0.00297500000000000, 0.00160000000000000 ) );
#11159 = CARTESIAN_POINT( '', ( -0.00587500000001000, -0.00297500000001000, 0.00160000000001000 ) );
#11160 = VECTOR( '', #12701, 1.00000000000000 );
#11161 = CARTESIAN_POINT( '', ( -0.00537500000001000, -0.00322500000001000, 0.00160000000001000 ) );
#11162 = VECTOR( '', #12702, 1.00000000000000 );
#11163 = CARTESIAN_POINT( '', ( -0.00467500000000000, -0.00292500000000000, 0.00160000000000000 ) );
#11164 = CARTESIAN_POINT( '', ( -0.00467500000001000, -0.00322500000001000, 0.00160000000001000 ) );
#11165 = VECTOR( '', #12703, 1.00000000000000 );
#11166 = CARTESIAN_POINT( '', ( -0.00407500000001000, -0.00292500000001000, 0.00160000000001000 ) );
#11167 = VECTOR( '', #12704, 1.00000000000000 );
#11168 = CARTESIAN_POINT( '', ( -0.00342500000000000, -0.00292500000000000, 0.00160000000000000 ) );
#11169 = CARTESIAN_POINT( '', ( -0.00342500000001000, -0.00322500000001000, 0.00160000000001000 ) );
#11170 = VECTOR( '', #12705, 1.00000000000000 );
#11171 = CARTESIAN_POINT( '', ( -0.00282500000000000, -0.00292500000000000, 0.00160000000000000 ) );
#11172 = CARTESIAN_POINT( '', ( -0.00282500000001000, -0.00292500000001000, 0.00160000000001000 ) );
#11173 = VECTOR( '', #12706, 1.00000000000000 );
#11174 = CARTESIAN_POINT( '', ( -0.00282500000001000, -0.00322500000001000, 0.00160000000001000 ) );
#11175 = VECTOR( '', #12707, 1.00000000000000 );
#11176 = CARTESIAN_POINT( '', ( -0.00157500000000000, -0.00292500000000000, 0.00160000000000000 ) );
#11177 = CARTESIAN_POINT( '', ( -0.00157500000001000, -0.00292500000001000, 0.00160000000001000 ) );
#11178 = VECTOR( '', #12708, 1.00000000000000 );
#11179 = CARTESIAN_POINT( '', ( -0.00157500000001000, -0.00322500000001000, 0.00160000000001000 ) );
#11180 = VECTOR( '', #12709, 1.00000000000000 );
#11181 = CARTESIAN_POINT( '', ( -0.000925000000000000, -0.00292500000000000, 0.00160000000000000 ) );
#11182 = CARTESIAN_POINT( '', ( -0.000925000000010000, -0.00322500000001000, 0.00160000000001000 ) );
#11183 = VECTOR( '', #12710, 1.00000000000000 );
#11184 = CARTESIAN_POINT( '', ( -0.000325000000010000, -0.00292500000001000, 0.00160000000001000 ) );
#11185 = VECTOR( '', #12711, 1.00000000000000 );
#11186 = CARTESIAN_POINT( '', ( 0.00157500000000000, -0.00292500000000000, 0.00160000000000000 ) );
#11187 = CARTESIAN_POINT( '', ( 0.00157500000001000, -0.00322500000001000, 0.00160000000001000 ) );
#11188 = VECTOR( '', #12712, 1.00000000000000 );
#11189 = CARTESIAN_POINT( '', ( 0.00217500000000000, -0.00292500000000000, 0.00160000000000000 ) );
#11190 = CARTESIAN_POINT( '', ( 0.00217500000001000, -0.00292500000001000, 0.00160000000001000 ) );
#11191 = VECTOR( '', #12713, 1.00000000000000 );
#11192 = CARTESIAN_POINT( '', ( 0.00217500000001000, -0.00322500000001000, 0.00160000000001000 ) );
#11193 = VECTOR( '', #12714, 1.00000000000000 );
#11194 = CARTESIAN_POINT( '', ( 0.00282500000001000, -0.00322500000001000, 0.00160000000001000 ) );
#11195 = VECTOR( '', #12715, 1.00000000000000 );
#11196 = CARTESIAN_POINT( '', ( 0.00342500000001000, -0.00322500000001000, 0.00160000000001000 ) );
#11197 = VECTOR( '', #12716, 1.00000000000000 );
#11198 = CARTESIAN_POINT( '', ( 0.00407500000001000, -0.00322500000001000, 0.00160000000001000 ) );
#11199 = VECTOR( '', #12717, 1.00000000000000 );
#11200 = CARTESIAN_POINT( '', ( 0.00467500000001000, -0.00322500000001000, 0.00160000000001000 ) );
#11201 = VECTOR( '', #12718, 1.00000000000000 );
#11202 = CARTESIAN_POINT( '', ( 0.00537500000001000, -0.00322500000001000, 0.00160000000001000 ) );
#11203 = VECTOR( '', #12719, 1.00000000000000 );
#11204 = COLOUR_RGB( '', 0.866666674600000, 0.321568638100000, 0.156862750600000 );
#11205 = CARTESIAN_POINT( '', ( 0.000785000000000000, -0.00365000000000000, -0.00127500000000000 ) );
#11206 = CARTESIAN_POINT( '', ( 0.000785000000010000, -0.00365000000001000, -0.00127500000001000 ) );
#11207 = VECTOR( '', #12720, 1.00000000000000 );
#11208 = CARTESIAN_POINT( '', ( 0.000785000000010000, -0.00365000000001000, -0.00127500000001000 ) );
#11209 = VECTOR( '', #12721, 1.00000000000000 );
#11210 = COLOUR_RGB( '', 0.866666674600000, 0.321568638100000, 0.156862750600000 );
#11211 = CARTESIAN_POINT( '', ( -0.00296500000000000, -2.50000000000000E-05, -0.000775000000000000 ) );
#11212 = CARTESIAN_POINT( '', ( -0.00296500000000000, -0.00197500000000000, -0.000775000000000000 ) );
#11213 = CARTESIAN_POINT( '', ( -0.00296500000001000, -2.50000000100000E-05, -0.000775000000010000 ) );
#11214 = VECTOR( '', #12722, 1.00000000000000 );
#11215 = CARTESIAN_POINT( '', ( -0.00296500000000000, -2.50000000000000E-05, -0.000175000000000000 ) );
#11216 = CARTESIAN_POINT( '', ( -0.00296500000001000, -2.50000000100000E-05, -0.000775000000010000 ) );
#11217 = VECTOR( '', #12723, 1.00000000000000 );
#11218 = CARTESIAN_POINT( '', ( -0.00296500000000000, -0.00197500000000000, -0.000175000000000000 ) );
#11219 = CARTESIAN_POINT( '', ( -0.00296500000001000, -2.50000000100000E-05, -0.000175000000010000 ) );
#11220 = VECTOR( '', #12724, 1.00000000000000 );
#11221 = CARTESIAN_POINT( '', ( -0.00296500000001000, -0.00197500000001000, -0.000775000000010000 ) );
#11222 = VECTOR( '', #12725, 1.00000000000000 );
#11223 = COLOUR_RGB( '', 0.866666674600000, 0.321568638100000, 0.156862750600000 );
#11224 = CARTESIAN_POINT( '', ( -0.000785000000000000, -0.00365000000000000, -0.00370000000000000 ) );
#11225 = CARTESIAN_POINT( '', ( -0.000785000000010000, -0.00365000000001000, -0.00127500000001000 ) );
#11226 = VECTOR( '', #12726, 1.00000000000000 );
#11227 = CARTESIAN_POINT( '', ( -0.000465000000010000, -0.00365000000001000, -0.00370000000001000 ) );
#11228 = VECTOR( '', #12727, 1.00000000000000 );
#11229 = COLOUR_RGB( '', 0.866666674600000, 0.321568638100000, 0.156862750600000 );
#11230 = CARTESIAN_POINT( '', ( -0.000525000000000000, 0.000275000000000000, -0.000275000000000000 ) );
#11231 = CARTESIAN_POINT( '', ( -0.000465000000000000, -2.50000000000000E-05, -0.000175000000000000 ) );
#11232 = CARTESIAN_POINT( '', ( -0.000525000000010000, 0.000275000000010000, -0.000275000000010000 ) );
#11233 = CARTESIAN_POINT( '', ( -0.000485000000010000, 0.000178580812066500, -0.000208333333343300 ) );
#11234 = CARTESIAN_POINT( '', ( -0.000465000000010000, 7.85808120665200E-05, -0.000175000000010000 ) );
#11235 = CARTESIAN_POINT( '', ( -0.000465000000010000, -2.50000000100000E-05, -0.000175000000010000 ) );
#11236 = CARTESIAN_POINT( '', ( -0.000465000000010000, -2.50000000100000E-05, -0.000775000000010000 ) );
#11237 = VECTOR( '', #12728, 1.00000000000000 );
#11238 = CARTESIAN_POINT( '', ( -0.000525000000010000, 0.000275000000010000, -0.000675000000010000 ) );
#11239 = VECTOR( '', #12729, 1.00000000000000 );
#11240 = COLOUR_RGB( '', 0.866666674600000, 0.321568638100000, 0.156862750600000 );
#11241 = CARTESIAN_POINT( '', ( -0.00557500000001000, 0.000975000000010000, -0.000450000000010000 ) );
#11242 = VECTOR( '', #12730, 1.00000000000000 );
#11243 = CARTESIAN_POINT( '', ( -0.00527500000001000, -0.00197500000001000, -0.000450000000010000 ) );
#11244 = VECTOR( '', #12731, 1.00000000000000 );
#11245 = COLOUR_RGB( '', 0.866666674600000, 0.321568638100000, 0.156862750600000 );
#11246 = CARTESIAN_POINT( '', ( 0.00527500000000000, -0.00197500000000000, -0.00120000000000000 ) );
#11247 = CARTESIAN_POINT( '', ( 0.00527500000001000, -0.00197500000001000, -0.00120000000001000 ) );
#11248 = VECTOR( '', #12732, 1.00000000000000 );
#11249 = CARTESIAN_POINT( '', ( -0.00527500000000000, -0.00197500000000000, 0.000400000000000000 ) );
#11250 = CARTESIAN_POINT( '', ( -0.00557500000001000, -0.00197500000001000, 0.000400000000010000 ) );
#11251 = VECTOR( '', #12733, 1.00000000000000 );
#11252 = CARTESIAN_POINT( '', ( -0.00527500000001000, -0.00197500000001000, 0.000400000000010000 ) );
#11253 = VECTOR( '', #12734, 1.00000000000000 );
#11254 = CARTESIAN_POINT( '', ( 0.00527500000000000, -0.00197500000000000, 0.000400000000000000 ) );
#11255 = CARTESIAN_POINT( '', ( 0.00527500000001000, -0.00197500000001000, 0.00120000000001000 ) );
#11256 = VECTOR( '', #12735, 1.00000000000000 );
#11257 = CARTESIAN_POINT( '', ( 0.00527500000001000, -0.00197500000001000, 0.000400000000010000 ) );
#11258 = VECTOR( '', #12736, 1.00000000000000 );
#11259 = CARTESIAN_POINT( '', ( 0.00527500000000000, -0.00197500000000000, -0.000450000000000000 ) );
#11260 = CARTESIAN_POINT( '', ( 0.00557500000001000, -0.00197500000001000, -0.000450000000010000 ) );
#11261 = VECTOR( '', #12737, 1.00000000000000 );
#11262 = CARTESIAN_POINT( '', ( 0.00527500000001000, -0.00197500000001000, -0.000450000000010000 ) );
#11263 = VECTOR( '', #12738, 1.00000000000000 );
#11264 = CARTESIAN_POINT( '', ( 0.00421500000000000, -0.00197500000000000, -0.000775000000000000 ) );
#11265 = CARTESIAN_POINT( '', ( 0.00421500000000000, -0.00197500000000000, -0.000175000000000000 ) );
#11266 = CARTESIAN_POINT( '', ( 0.00421500000001000, -0.00197500000001000, -0.000775000000010000 ) );
#11267 = VECTOR( '', #12739, 1.00000000000000 );
#11268 = CARTESIAN_POINT( '', ( 0.00453500000000000, -0.00197500000000000, -0.000775000000000000 ) );
#11269 = CARTESIAN_POINT( '', ( 0.00421500000001000, -0.00197500000001000, -0.000775000000010000 ) );
#11270 = VECTOR( '', #12740, 1.00000000000000 );
#11271 = CARTESIAN_POINT( '', ( 0.00453500000000000, -0.00197500000000000, -0.000175000000000000 ) );
#11272 = CARTESIAN_POINT( '', ( 0.00453500000001000, -0.00197500000001000, -0.000775000000010000 ) );
#11273 = VECTOR( '', #12741, 1.00000000000000 );
#11274 = CARTESIAN_POINT( '', ( 0.00421500000001000, -0.00197500000001000, -0.000175000000010000 ) );
#11275 = VECTOR( '', #12742, 1.00000000000000 );
#11276 = CARTESIAN_POINT( '', ( 0.00296500000000000, -0.00197500000000000, -0.000775000000000000 ) );
#11277 = CARTESIAN_POINT( '', ( 0.00296500000000000, -0.00197500000000000, -0.000175000000000000 ) );
#11278 = CARTESIAN_POINT( '', ( 0.00296500000001000, -0.00197500000001000, -0.000775000000010000 ) );
#11279 = VECTOR( '', #12743, 1.00000000000000 );
#11280 = CARTESIAN_POINT( '', ( 0.00296500000001000, -0.00197500000001000, -0.000775000000010000 ) );
#11281 = VECTOR( '', #12744, 1.00000000000000 );
#11282 = CARTESIAN_POINT( '', ( 0.00296500000001000, -0.00197500000001000, -0.000175000000010000 ) );
#11283 = VECTOR( '', #12745, 1.00000000000000 );
#11284 = CARTESIAN_POINT( '', ( 0.00203500000000000, -0.00197500000000000, -0.000775000000000000 ) );
#11285 = CARTESIAN_POINT( '', ( 0.00171500000001000, -0.00197500000001000, -0.000775000000010000 ) );
#11286 = VECTOR( '', #12746, 1.00000000000000 );
#11287 = CARTESIAN_POINT( '', ( 0.00203500000000000, -0.00197500000000000, -0.000175000000000000 ) );
#11288 = CARTESIAN_POINT( '', ( 0.00203500000001000, -0.00197500000001000, -0.000775000000010000 ) );
#11289 = VECTOR( '', #12747, 1.00000000000000 );
#11290 = CARTESIAN_POINT( '', ( 0.00171500000001000, -0.00197500000001000, -0.000175000000010000 ) );
#11291 = VECTOR( '', #12748, 1.00000000000000 );
#11292 = CARTESIAN_POINT( '', ( 0.000465000000000000, -0.00197500000000000, -0.000775000000000000 ) );
#11293 = CARTESIAN_POINT( '', ( 0.000465000000000000, -0.00197500000000000, -0.000175000000000000 ) );
#11294 = CARTESIAN_POINT( '', ( 0.000465000000010000, -0.00197500000001000, -0.000775000000010000 ) );
#11295 = VECTOR( '', #12749, 1.00000000000000 );
#11296 = CARTESIAN_POINT( '', ( 0.000465000000010000, -0.00197500000001000, -0.000775000000010000 ) );
#11297 = VECTOR( '', #12750, 1.00000000000000 );
#11298 = CARTESIAN_POINT( '', ( 0.000465000000010000, -0.00197500000001000, -0.000175000000010000 ) );
#11299 = VECTOR( '', #12751, 1.00000000000000 );
#11300 = CARTESIAN_POINT( '', ( -0.000785000000000000, -0.00197500000000000, -0.000175000000000000 ) );
#11301 = CARTESIAN_POINT( '', ( -0.000785000000010000, -0.00197500000001000, -0.000775000000010000 ) );
#11302 = VECTOR( '', #12752, 1.00000000000000 );
#11303 = CARTESIAN_POINT( '', ( -0.000465000000000000, -0.00197500000000000, -0.000175000000000000 ) );
#11304 = CARTESIAN_POINT( '', ( -0.000465000000010000, -0.00197500000001000, -0.000775000000010000 ) );
#11305 = VECTOR( '', #12753, 1.00000000000000 );
#11306 = CARTESIAN_POINT( '', ( -0.000785000000010000, -0.00197500000001000, -0.000175000000010000 ) );
#11307 = VECTOR( '', #12754, 1.00000000000000 );
#11308 = CARTESIAN_POINT( '', ( -0.00203500000000000, -0.00197500000000000, -0.000775000000000000 ) );
#11309 = CARTESIAN_POINT( '', ( -0.00203500000001000, -0.00197500000001000, -0.000775000000010000 ) );
#11310 = VECTOR( '', #12755, 1.00000000000000 );
#11311 = CARTESIAN_POINT( '', ( -0.00203500000001000, -0.00197500000001000, -0.000775000000010000 ) );
#11312 = VECTOR( '', #12756, 1.00000000000000 );
#11313 = CARTESIAN_POINT( '', ( -0.00328500000000000, -0.00197500000000000, -0.000775000000000000 ) );
#11314 = CARTESIAN_POINT( '', ( -0.00328500000000000, -0.00197500000000000, -0.000175000000000000 ) );
#11315 = CARTESIAN_POINT( '', ( -0.00328500000001000, -0.00197500000001000, -0.000775000000010000 ) );
#11316 = VECTOR( '', #12757, 1.00000000000000 );
#11317 = CARTESIAN_POINT( '', ( -0.00328500000001000, -0.00197500000001000, -0.000775000000010000 ) );
#11318 = VECTOR( '', #12758, 1.00000000000000 );
#11319 = CARTESIAN_POINT( '', ( -0.00328500000001000, -0.00197500000001000, -0.000175000000010000 ) );
#11320 = VECTOR( '', #12759, 1.00000000000000 );
#11321 = CARTESIAN_POINT( '', ( -0.00453500000000000, -0.00197500000000000, -0.000775000000000000 ) );
#11322 = CARTESIAN_POINT( '', ( -0.00453500000000000, -0.00197500000000000, -0.000175000000000000 ) );
#11323 = CARTESIAN_POINT( '', ( -0.00453500000001000, -0.00197500000001000, -0.000775000000010000 ) );
#11324 = VECTOR( '', #12760, 1.00000000000000 );
#11325 = CARTESIAN_POINT( '', ( -0.00421500000000000, -0.00197500000000000, -0.000775000000000000 ) );
#11326 = CARTESIAN_POINT( '', ( -0.00453500000001000, -0.00197500000001000, -0.000775000000010000 ) );
#11327 = VECTOR( '', #12761, 1.00000000000000 );
#11328 = CARTESIAN_POINT( '', ( -0.00421500000000000, -0.00197500000000000, -0.000175000000000000 ) );
#11329 = CARTESIAN_POINT( '', ( -0.00421500000001000, -0.00197500000001000, -0.000775000000010000 ) );
#11330 = VECTOR( '', #12762, 1.00000000000000 );
#11331 = CARTESIAN_POINT( '', ( -0.00453500000001000, -0.00197500000001000, -0.000175000000010000 ) );
#11332 = VECTOR( '', #12763, 1.00000000000000 );
#11333 = COLOUR_RGB( '', 0.866666674600000, 0.321568638100000, 0.156862750600000 );
#11334 = CARTESIAN_POINT( '', ( 0.00430000000000000, -0.000475000000000000, -0.00120000000000000 ) );
#11335 = CARTESIAN_POINT( '', ( 0.00430000000000000, -0.000475000000000000, -0.00160000000000000 ) );
#11336 = CARTESIAN_POINT( '', ( 0.00430000000001000, -0.000475000000010000, -0.00120000000001000 ) );
#11337 = VECTOR( '', #12764, 1.00000000000000 );
#11338 = CARTESIAN_POINT( '', ( 0.00430000000001000, -0.00162500000001000, -0.00160000000001000 ) );
#11339 = VECTOR( '', #12765, 1.00000000000000 );
#11340 = CARTESIAN_POINT( '', ( 0.00430000000001000, -0.00162500000001000, -0.00120000000001000 ) );
#11341 = VECTOR( '', #12766, 1.00000000000000 );
#11342 = COLOUR_RGB( '', 0.866666674600000, 0.321568638100000, 0.156862750600000 );
#11343 = CARTESIAN_POINT( '', ( 0.00470000000000000, -0.00382500000000000, -0.00160000000000000 ) );
#11344 = CARTESIAN_POINT( '', ( 0.00460000000001000, -0.00372500000001000, -0.00160000000001000 ) );
#11345 = VECTOR( '', #12767, 1.00000000000000 );
#11346 = CARTESIAN_POINT( '', ( 0.00470000000000000, -0.00382500000000000, -0.000600000000000000 ) );
#11347 = CARTESIAN_POINT( '', ( 0.00470000000001000, -0.00382500000001000, -0.000600000000010000 ) );
#11348 = VECTOR( '', #12768, 1.00000000000000 );
#11349 = CARTESIAN_POINT( '', ( 0.00460000000001000, -0.00372500000001000, -0.000600000000010000 ) );
#11350 = VECTOR( '', #12769, 1.00000000000000 );
#11351 = COLOUR_RGB( '', 0.866666674600000, 0.321568638100000, 0.156862750600000 );
#11352 = CARTESIAN_POINT( '', ( 0.00328500000000000, -0.00337840204454900, -0.000599928405774700 ) );
#11353 = CARTESIAN_POINT( '', ( 0.00328500000001000, -0.00382500000000000, -0.000600000000000000 ) );
#11354 = VECTOR( '', #12770, 1.00000000000000 );
#11355 = AXIS2_PLACEMENT_3D( '', #12771, #12772, #12773 );
#11356 = COLOUR_RGB( '', 0.866666674600000, 0.321568638100000, 0.156862750600000 );
#11357 = AXIS2_PLACEMENT_3D( '', #12774, #12775, #12776 );
#11358 = CARTESIAN_POINT( '', ( -0.00171500000001000, -0.00382500000000000, -0.000600000000000000 ) );
#11359 = VECTOR( '', #12777, 1.00000000000000 );
#11360 = COLOUR_RGB( '', 0.866666674600000, 0.321568638100000, 0.156862750600000 );
#11361 = CARTESIAN_POINT( '', ( 0.00405000000000000, -0.00382500000000000, -0.00160000000000000 ) );
#11362 = CARTESIAN_POINT( '', ( 0.00405000000000000, -0.00382500000000000, -0.000600000000000000 ) );
#11363 = CARTESIAN_POINT( '', ( 0.00405000000001000, -0.00382500000001000, -0.00160000000001000 ) );
#11364 = VECTOR( '', #12778, 1.00000000000000 );
#11365 = CARTESIAN_POINT( '', ( 0.00405000000001000, -0.00382500000001000, -0.00160000000001000 ) );
#11366 = VECTOR( '', #12779, 1.00000000000000 );
#11367 = CARTESIAN_POINT( '', ( 0.00405000000001000, -0.00382500000001000, -0.000600000000010000 ) );
#11368 = VECTOR( '', #12780, 1.00000000000000 );
#11369 = COLOUR_RGB( '', 0.866666674600000, 0.321568638100000, 0.156862750600000 );
#11370 = CARTESIAN_POINT( '', ( -0.00421500000000000, -0.00337833333333300, -0.00160000000000000 ) );
#11371 = CARTESIAN_POINT( '', ( -0.00415000000000000, -0.00372500000000000, -0.00160000000000000 ) );
#11372 = CARTESIAN_POINT( '', ( -0.00421500000001000, -0.00337833333334300, -0.00160000000001000 ) );
#11373 = VECTOR( '', #12781, 1.00000000000000 );
#11374 = CARTESIAN_POINT( '', ( -0.00415000000000000, -0.00372500000000000, -0.000600000000000000 ) );
#11375 = CARTESIAN_POINT( '', ( -0.00415000000001000, -0.00372500000001000, -0.00160000000001000 ) );
#11376 = VECTOR( '', #12782, 1.00000000000000 );
#11377 = CARTESIAN_POINT( '', ( -0.00421500000001147, -0.00337840204455115, -0.000600000000000000 ) );
#11378 = CARTESIAN_POINT( '', ( -0.00415000000000354, -0.00372500000000066, -0.000600000000000000 ) );
#11379 = CARTESIAN_POINT( '', ( -0.00421498755419342, -0.00337839971096839, -0.000599928405774700 ) );
#11380 = CARTESIAN_POINT( '', ( -0.00421500000000040, -0.00337833333333120, -0.00160000000000000 ) );
#11381 = COLOUR_RGB( '', 0.866666674600000, 0.321568638100000, 0.156862750600000 );
#11382 = CARTESIAN_POINT( '', ( -0.00203500000000000, -0.00330000000000000, -0.00160000000000000 ) );
#11383 = CARTESIAN_POINT( '', ( -0.00203500000001000, -0.00330000000001000, -0.00160000000001000 ) );
#11384 = VECTOR( '', #12783, 1.00000000000000 );
#11385 = CARTESIAN_POINT( '', ( -0.00203500000000000, -0.00365000000000000, -0.00127500000000000 ) );
#11386 = CARTESIAN_POINT( '', ( -0.00203500000001000, -0.00365000000001000, -0.00127500000001000 ) );
#11387 = VECTOR( '', #12784, 1.00000000000000 );
#11388 = CARTESIAN_POINT( '', ( -0.00203500000000000, -0.00337840204454900, -0.000599928405774700 ) );
#11389 = AXIS2_PLACEMENT_3D( '', #12785, #12786, #12787 );
#11390 = CARTESIAN_POINT( '', ( -0.00203500000000000, -0.00337833333333300, -0.00160000000000000 ) );
#11391 = CARTESIAN_POINT( '', ( -0.00203500000000000, -0.00337840204455900, -0.000599928405774701 ) );
#11392 = CARTESIAN_POINT( '', ( -0.00203500000000000, -0.00337833333333300, -0.00160000000000000 ) );
#11393 = CARTESIAN_POINT( '', ( -0.00203500000001000, -0.00337833333334300, -0.00160000000001000 ) );
#11394 = VECTOR( '', #12788, 1.00000000000000 );
#11395 = COLOUR_RGB( '', 0.866666674600000, 0.321568638100000, 0.156862750600000 );
#11396 = CARTESIAN_POINT( '', ( 0.000465000000010000, -2.50000000100000E-05, -0.000175000000010000 ) );
#11397 = VECTOR( '', #12789, 1.00000000000000 );
#11398 = COLOUR_RGB( '', 0.866666674600000, 0.321568638100000, 0.156862750600000 );
#11399 = CARTESIAN_POINT( '', ( -0.000465000000010000, -2.50000000100000E-05, -0.000175000000010000 ) );
#11400 = VECTOR( '', #12790, 1.00000000000000 );
#11401 = COLOUR_RGB( '', 0.866666674600000, 0.321568638100000, 0.156862750600000 );
#11402 = CARTESIAN_POINT( '', ( -0.00447500000000000, 0.000275000000000000, -0.000275000000000000 ) );
#11403 = CARTESIAN_POINT( '', ( -0.00447500000001000, 0.000275000000010000, -0.000275000000010000 ) );
#11404 = VECTOR( '', #12791, 1.00000000000000 );
#11405 = CARTESIAN_POINT( '', ( -0.00427500000001000, 0.000275000000010000, -0.000275000000010000 ) );
#11406 = VECTOR( '', #12792, 1.00000000000000 );
#11407 = COLOUR_RGB( '', 0.866666674600000, 0.321568638100000, 0.156862750600000 );
#11408 = AXIS2_PLACEMENT_3D( '', #12793, #12794, #12795 );
#11409 = CARTESIAN_POINT( '', ( -0.00203500000000000, -0.00322500000000000, -0.000600000000010005 ) );
#11410 = CARTESIAN_POINT( '', ( -0.00203500000000000, -0.00337840204454900, -0.000599928405774746 ) );
#11411 = COLOUR_RGB( '', 0.866666674600000, 0.321568638100000, 0.156862750600000 );
#11412 = CARTESIAN_POINT( '', ( -0.00527500000000000, 0.000675000000000000, 0.000400000000000000 ) );
#11413 = CARTESIAN_POINT( '', ( -0.00557500000001000, 0.000975000000010000, 0.000400000000010000 ) );
#11414 = VECTOR( '', #12796, 1.00000000000000 );
#11415 = CARTESIAN_POINT( '', ( -0.00527500000001000, -0.00197500000001000, 0.000400000000010000 ) );
#11416 = VECTOR( '', #12797, 1.00000000000000 );
#11417 = COLOUR_RGB( '', 0.866666674600000, 0.321568638100000, 0.156862750600000 );
#11418 = CARTESIAN_POINT( '', ( 0.00453500000001000, -2.50000000100000E-05, -0.000175000000010000 ) );
#11419 = VECTOR( '', #12798, 1.00000000000000 );
#11420 = CARTESIAN_POINT( '', ( 0.00421500000001000, -2.50000000100000E-05, -0.000175000000010000 ) );
#11421 = VECTOR( '', #12799, 1.00000000000000 );
#11422 = COLOUR_RGB( '', 0.866666674600000, 0.321568638100000, 0.156862750600000 );
#11423 = CARTESIAN_POINT( '', ( -0.00328500000000000, -0.00365000000000000, -0.00127500000000000 ) );
#11424 = CARTESIAN_POINT( '', ( -0.00328500000000000, -0.00365000000000000, -0.00370000000000000 ) );
#11425 = CARTESIAN_POINT( '', ( -0.00328500000001000, -0.00365000000001000, -0.00127500000001000 ) );
#11426 = VECTOR( '', #12800, 1.00000000000000 );
#11427 = CARTESIAN_POINT( '', ( -0.00296500000001000, -0.00365000000001000, -0.00370000000001000 ) );
#11428 = VECTOR( '', #12801, 1.00000000000000 );
#11429 = CARTESIAN_POINT( '', ( -0.00296500000001000, -0.00365000000001000, -0.00127500000001000 ) );
#11430 = VECTOR( '', #12802, 1.00000000000000 );
#11431 = COLOUR_RGB( '', 0.866666674600000, 0.321568638100000, 0.156862750600000 );
#11432 = CARTESIAN_POINT( '', ( 0.00217500000000000, -0.00292500000000000, 0.00100000000000000 ) );
#11433 = CARTESIAN_POINT( '', ( 0.00217500000001000, -0.00292500000001000, 0.00160000000001000 ) );
#11434 = VECTOR( '', #12803, 1.00000000000000 );
#11435 = CARTESIAN_POINT( '', ( 0.00217500000001000, -0.00322500000001000, 0.00100000000001000 ) );
#11436 = VECTOR( '', #12804, 1.00000000000000 );
#11437 = COLOUR_RGB( '', 0.866666674600000, 0.321568638100000, 0.156862750600000 );
#11438 = CARTESIAN_POINT( '', ( 0.00467500000001000, -0.00322500000001000, 0.00100000000001000 ) );
#11439 = VECTOR( '', #12805, 1.00000000000000 );
#11440 = COLOUR_RGB( '', 0.866666674600000, 0.321568638100000, 0.156862750600000 );
#11441 = CARTESIAN_POINT( '', ( 0.00296500000000000, -0.00330000000000000, -0.00160000000000000 ) );
#11442 = CARTESIAN_POINT( '', ( 0.00296500000001000, -0.00337833333334300, -0.00160000000001000 ) );
#11443 = VECTOR( '', #12806, 1.00000000000000 );
#11444 = CARTESIAN_POINT( '', ( 0.00296500000001000, -0.00330000000001000, -0.00160000000001000 ) );
#11445 = VECTOR( '', #12807, 1.00000000000000 );
#11446 = CARTESIAN_POINT( '', ( 0.00296500000000000, -0.00365000000000000, -0.00127500000000000 ) );
#11447 = CARTESIAN_POINT( '', ( 0.00296500000001000, -0.00365000000001000, -0.00127500000001000 ) );
#11448 = VECTOR( '', #12808, 1.00000000000000 );
#11449 = AXIS2_PLACEMENT_3D( '', #12809, #12810, #12811 );
#11450 = COLOUR_RGB( '', 0.866666674600000, 0.321568638100000, 0.156862750600000 );
#11451 = CARTESIAN_POINT( '', ( 0.00171500000000000, -0.00337833333333300, -0.00160000000000000 ) );
#11452 = CARTESIAN_POINT( '', ( 0.00171500000000000, -0.00330000000000000, -0.00160000000000000 ) );
#11453 = CARTESIAN_POINT( '', ( 0.00171500000001000, -0.00337833333334300, -0.00160000000001000 ) );
#11454 = VECTOR( '', #12812, 1.00000000000000 );
#11455 = CARTESIAN_POINT( '', ( 0.00171500000001000, -0.00330000000001000, -0.00160000000001000 ) );
#11456 = VECTOR( '', #12813, 1.00000000000000 );
#11457 = CARTESIAN_POINT( '', ( 0.00171500000000000, -0.00337840204454900, -0.000599928405774700 ) );
#11458 = AXIS2_PLACEMENT_3D( '', #12814, #12815, #12816 );
#11459 = CARTESIAN_POINT( '', ( 0.00171500000001000, -0.00337833333334300, -0.00160000000001000 ) );
#11460 = VECTOR( '', #12817, 1.00000000000000 );
#11461 = COLOUR_RGB( '', 0.866666674600000, 0.321568638100000, 0.156862750600000 );
#11462 = CARTESIAN_POINT( '', ( 0.00328500000001000, -0.00330000000001000, -0.00370000000001000 ) );
#11463 = VECTOR( '', #12818, 1.00000000000000 );
#11464 = COLOUR_RGB( '', 0.866666674600000, 0.321568638100000, 0.156862750600000 );
#11465 = CARTESIAN_POINT( '', ( 0.00322500000000000, 0.000275000000000000, -0.000675000000000000 ) );
#11466 = CARTESIAN_POINT( '', ( 0.00322500000001000, 0.000275000000010000, -0.000675000000010000 ) );
#11467 = CARTESIAN_POINT( '', ( 0.00326500000001000, 0.000178580812066500, -0.000741666666676700 ) );
#11468 = CARTESIAN_POINT( '', ( 0.00328500000001000, 7.85808120665200E-05, -0.000775000000010000 ) );
#11469 = CARTESIAN_POINT( '', ( 0.00328500000001000, -2.50000000100000E-05, -0.000775000000010000 ) );
#11470 = CARTESIAN_POINT( '', ( 0.00296500000001000, -2.50000000100000E-05, -0.000775000000010000 ) );
#11471 = VECTOR( '', #12819, 1.00000000000000 );
#11472 = CARTESIAN_POINT( '', ( 0.00302500000001000, 0.000275000000010000, -0.000675000000010000 ) );
#11473 = VECTOR( '', #12820, 1.00000000000000 );
#11474 = COLOUR_RGB( '', 0.866666674600000, 0.321568638100000, 0.156862750600000 );
#11475 = CARTESIAN_POINT( '', ( -0.000465000000010000, -0.00382500000000000, -0.000600000000000000 ) );
#11476 = VECTOR( '', #12821, 1.00000000000000 );
#11477 = COLOUR_RGB( '', 0.866666674600000, 0.321568638100000, 0.156862750600000 );
#11478 = CARTESIAN_POINT( '', ( -0.00296500000001000, -2.50000000100000E-05, -0.000175000000010000 ) );
#11479 = VECTOR( '', #12822, 1.00000000000000 );
#11480 = CARTESIAN_POINT( '', ( -0.00328500000001000, -2.50000000100000E-05, -0.000175000000010000 ) );
#11481 = VECTOR( '', #12823, 1.00000000000000 );
#11482 = COLOUR_RGB( '', 0.866666674600000, 0.321568638100000, 0.156862750600000 );
#11483 = COLOUR_RGB( '', 0.866666674600000, 0.321568638100000, 0.156862750600000 );
#11484 = CARTESIAN_POINT( '', ( 0.00453500000001000, -0.00382500000000000, -0.000600000000000000 ) );
#11485 = VECTOR( '', #12824, 1.00000000000000 );
#11486 = COLOUR_RGB( '', 0.866666674600000, 0.321568638100000, 0.156862750600000 );
#11487 = CARTESIAN_POINT( '', ( 0.00203500000000000, -2.50000000000000E-05, -0.000175000000000000 ) );
#11488 = CARTESIAN_POINT( '', ( 0.00203500000001000, -2.50000000100000E-05, -0.000175000000010000 ) );
#11489 = VECTOR( '', #12825, 1.00000000000000 );
#11490 = CARTESIAN_POINT( '', ( 0.00197500000000000, 0.000275000000000000, -0.000275000000000000 ) );
#11491 = CARTESIAN_POINT( '', ( 0.00197500000001000, 0.000275000000010000, -0.000275000000010000 ) );
#11492 = CARTESIAN_POINT( '', ( 0.00201500000001000, 0.000178580812066500, -0.000208333333343300 ) );
#11493 = CARTESIAN_POINT( '', ( 0.00203500000001000, 7.85808120665200E-05, -0.000175000000010000 ) );
#11494 = CARTESIAN_POINT( '', ( 0.00203500000001000, -2.50000000100000E-05, -0.000175000000010000 ) );
#11495 = CARTESIAN_POINT( '', ( 0.00197500000001000, 0.000275000000010000, -0.000275000000010000 ) );
#11496 = VECTOR( '', #12826, 1.00000000000000 );
#11497 = COLOUR_RGB( '', 0.866666674600000, 0.321568638100000, 0.156862750600000 );
#11498 = CARTESIAN_POINT( '', ( 0.00296500000001000, -2.50000000100000E-05, -0.000175000000010000 ) );
#11499 = VECTOR( '', #12827, 1.00000000000000 );
#11500 = CARTESIAN_POINT( '', ( 0.00296500000001000, -2.50000000100000E-05, -0.000775000000010000 ) );
#11501 = VECTOR( '', #12828, 1.00000000000000 );
#11502 = COLOUR_RGB( '', 0.866666674600000, 0.321568638100000, 0.156862750600000 );
#11503 = CARTESIAN_POINT( '', ( 0.000850000000000000, -0.00372500000000000, -0.000600000000000000 ) );
#11504 = CARTESIAN_POINT( '', ( 0.000785000000007850, -0.00337840204454753, -0.000600000000000000 ) );
#11505 = CARTESIAN_POINT( '', ( 0.000850000000015745, -0.00372499999999704, -0.000600000000000000 ) );
#11506 = CARTESIAN_POINT( '', ( 0.000950000000000000, -0.00382500000000000, -0.000600000000000000 ) );
#11507 = CARTESIAN_POINT( '', ( 0.000850000000010000, -0.00372500000001000, -0.000600000000010000 ) );
#11508 = VECTOR( '', #12829, 1.00000000000000 );
#11509 = CARTESIAN_POINT( '', ( 0.000950000000010000, -0.00382500000001000, -0.000600000000010000 ) );
#11510 = VECTOR( '', #12830, 1.00000000000000 );
#11511 = CARTESIAN_POINT( '', ( 0.00165000000001147, -0.00372500000000215, -0.000600000000000000 ) );
#11512 = CARTESIAN_POINT( '', ( 0.00171500000001937, -0.00337840204455263, -0.000600000000000000 ) );
#11513 = CARTESIAN_POINT( '', ( 0.00171500000000000, -0.00322500000000000, -0.000600000000010005 ) );
#11514 = CARTESIAN_POINT( '', ( 0.00171500000000000, -0.00337840204454900, -0.000599928405774746 ) );
#11515 = COLOUR_RGB( '', 0.866666674600000, 0.321568638100000, 0.156862750600000 );
#11516 = CARTESIAN_POINT( '', ( 0.00427500000000000, -0.00360000000000000, -0.00420000000000000 ) );
#11517 = CARTESIAN_POINT( '', ( 0.00427500000000000, -0.00335000000000000, -0.00420000000000000 ) );
#11518 = CARTESIAN_POINT( '', ( 0.00427500000001000, -0.00360000000001000, -0.00420000000001000 ) );
#11519 = VECTOR( '', #12831, 1.00000000000000 );
#11520 = CARTESIAN_POINT( '', ( 0.00447500000000000, -0.00335000000000000, -0.00420000000000000 ) );
#11521 = CARTESIAN_POINT( '', ( 0.00427500000001000, -0.00335000000001000, -0.00420000000001000 ) );
#11522 = VECTOR( '', #12832, 1.00000000000000 );
#11523 = CARTESIAN_POINT( '', ( 0.00447500000000000, -0.00360000000000000, -0.00420000000000000 ) );
#11524 = CARTESIAN_POINT( '', ( 0.00447500000001000, -0.00335000000001000, -0.00420000000001000 ) );
#11525 = VECTOR( '', #12833, 1.00000000000000 );
#11526 = CARTESIAN_POINT( '', ( 0.00447500000001000, -0.00360000000001000, -0.00420000000001000 ) );
#11527 = VECTOR( '', #12834, 1.00000000000000 );
#11528 = COLOUR_RGB( '', 0.866666674600000, 0.321568638100000, 0.156862750600000 );
#11529 = CARTESIAN_POINT( '', ( -0.00210000000000785, -0.00372499999999853, -0.000600000000000000 ) );
#11530 = CARTESIAN_POINT( '', ( -0.00203500000000000, -0.00337840204454901, -0.000600000000000000 ) );
#11531 = CARTESIAN_POINT( '', ( -0.00210000000001000, -0.00372500000001000, -0.00160000000001000 ) );
#11532 = VECTOR( '', #12835, 1.00000000000000 );
#11533 = COLOUR_RGB( '', 0.866666674600000, 0.321568638100000, 0.156862750600000 );
#11534 = CARTESIAN_POINT( '', ( -0.000785000000000000, -2.50000000000000E-05, -0.000175000000000000 ) );
#11535 = CARTESIAN_POINT( '', ( -0.000785000000010000, -2.50000000100000E-05, -0.000175000000010000 ) );
#11536 = VECTOR( '', #12836, 1.00000000000000 );
#11537 = CARTESIAN_POINT( '', ( -0.000725000000000000, 0.000275000000000000, -0.000275000000000000 ) );
#11538 = CARTESIAN_POINT( '', ( -0.000725000000010000, 0.000275000000010000, -0.000275000000010000 ) );
#11539 = CARTESIAN_POINT( '', ( -0.000765000000010000, 0.000178580812066500, -0.000208333333343300 ) );
#11540 = CARTESIAN_POINT( '', ( -0.000785000000010000, 7.85808120665200E-05, -0.000175000000010000 ) );
#11541 = CARTESIAN_POINT( '', ( -0.000785000000010000, -2.50000000100000E-05, -0.000175000000010000 ) );
#11542 = CARTESIAN_POINT( '', ( -0.000725000000010000, 0.000275000000010000, -0.000275000000010000 ) );
#11543 = VECTOR( '', #12837, 1.00000000000000 );
#11544 = COLOUR_RGB( '', 0.866666674600000, 0.321568638100000, 0.156862750600000 );
#11545 = CARTESIAN_POINT( '', ( 0.000850000000000000, -0.00372500000000000, -0.00160000000000000 ) );
#11546 = CARTESIAN_POINT( '', ( 0.000850000000010000, -0.00372500000001000, -0.00160000000001000 ) );
#11547 = VECTOR( '', #12838, 1.00000000000000 );
#11548 = CARTESIAN_POINT( '', ( 0.000950000000000000, -0.00382500000000000, -0.00160000000000000 ) );
#11549 = CARTESIAN_POINT( '', ( 0.000850000000010000, -0.00372500000001000, -0.00160000000001000 ) );
#11550 = VECTOR( '', #12839, 1.00000000000000 );
#11551 = CARTESIAN_POINT( '', ( 0.000950000000010000, -0.00382500000001000, -0.00160000000001000 ) );
#11552 = VECTOR( '', #12840, 1.00000000000000 );
#11553 = COLOUR_RGB( '', 0.866666674600000, 0.321568638100000, 0.156862750600000 );
#11554 = CARTESIAN_POINT( '', ( -0.00322500000000000, -0.00360000000000000, -0.00420000000000000 ) );
#11555 = CARTESIAN_POINT( '', ( -0.00328500000001000, -0.00365000000001000, -0.00370000000001000 ) );
#11556 = CARTESIAN_POINT( '', ( -0.00328500000001000, -0.00365000000001000, -0.00386767416106800 ) );
#11557 = CARTESIAN_POINT( '', ( -0.00326500000001000, -0.00363333333334300, -0.00403434082773400 ) );
#11558 = CARTESIAN_POINT( '', ( -0.00322500000001000, -0.00360000000001000, -0.00420000000001000 ) );
#11559 = CARTESIAN_POINT( '', ( -0.00302500000000000, -0.00360000000000000, -0.00420000000000000 ) );
#11560 = CARTESIAN_POINT( '', ( -0.00302500000001000, -0.00360000000001000, -0.00420000000001000 ) );
#11561 = VECTOR( '', #12841, 1.00000000000000 );
#11562 = CARTESIAN_POINT( '', ( -0.00296500000001000, -0.00365000000001000, -0.00370000000001000 ) );
#11563 = CARTESIAN_POINT( '', ( -0.00296500000001000, -0.00365000000001000, -0.00386767416106800 ) );
#11564 = CARTESIAN_POINT( '', ( -0.00298500000001000, -0.00363333333334300, -0.00403434082773400 ) );
#11565 = CARTESIAN_POINT( '', ( -0.00302500000001000, -0.00360000000001000, -0.00420000000001000 ) );
#11566 = COLOUR_RGB( '', 0.866666674600000, 0.321568638100000, 0.156862750600000 );
#11567 = CARTESIAN_POINT( '', ( 0.00421500000000000, -0.00322500000000000, -0.000600000000010005 ) );
#11568 = CARTESIAN_POINT( '', ( 0.00421500000000000, -0.00337840204454900, -0.000599928405774746 ) );
#11569 = COLOUR_RGB( '', 0.866666674600000, 0.321568638100000, 0.156862750600000 );
#11570 = CARTESIAN_POINT( '', ( 0.000725000000010000, 0.000275000000010000, -0.000675000000010000 ) );
#11571 = CARTESIAN_POINT( '', ( 0.000765000000010000, 0.000178580812066500, -0.000741666666676700 ) );
#11572 = CARTESIAN_POINT( '', ( 0.000785000000010000, 7.85808120665200E-05, -0.000775000000010000 ) );
#11573 = CARTESIAN_POINT( '', ( 0.000785000000010000, -2.50000000100000E-05, -0.000775000000010000 ) );
#11574 = CARTESIAN_POINT( '', ( 0.000465000000000000, -2.50000000000000E-05, -0.000775000000000000 ) );
#11575 = CARTESIAN_POINT( '', ( 0.000465000000010000, -2.50000000100000E-05, -0.000775000000010000 ) );
#11576 = VECTOR( '', #12842, 1.00000000000000 );
#11577 = CARTESIAN_POINT( '', ( 0.000525000000010000, 0.000275000000010000, -0.000675000000010000 ) );
#11578 = CARTESIAN_POINT( '', ( 0.000485000000010000, 0.000178580812066500, -0.000741666666676700 ) );
#11579 = CARTESIAN_POINT( '', ( 0.000465000000010000, 7.85808120665200E-05, -0.000775000000010000 ) );
#11580 = CARTESIAN_POINT( '', ( 0.000465000000010000, -2.50000000100000E-05, -0.000775000000010000 ) );
#11581 = COLOUR_RGB( '', 0.866666674600000, 0.321568638100000, 0.156862750600000 );
#11582 = CARTESIAN_POINT( '', ( -0.000525000000000000, -0.00335000000000000, -0.00420000000000000 ) );
#11583 = CARTESIAN_POINT( '', ( -0.000465000000010000, -0.00330000000001000, -0.00370000000001000 ) );
#11584 = CARTESIAN_POINT( '', ( -0.000465000000010000, -0.00330000000001000, -0.00386767416106800 ) );
#11585 = CARTESIAN_POINT( '', ( -0.000485000000010000, -0.00331666666667700, -0.00403434082773400 ) );
#11586 = CARTESIAN_POINT( '', ( -0.000525000000010000, -0.00335000000001000, -0.00420000000001000 ) );
#11587 = CARTESIAN_POINT( '', ( -0.000725000000000000, -0.00335000000000000, -0.00420000000000000 ) );
#11588 = CARTESIAN_POINT( '', ( -0.000725000000010000, -0.00335000000001000, -0.00420000000001000 ) );
#11589 = VECTOR( '', #12843, 1.00000000000000 );
#11590 = CARTESIAN_POINT( '', ( -0.000785000000010000, -0.00330000000001000, -0.00370000000001000 ) );
#11591 = CARTESIAN_POINT( '', ( -0.000785000000010000, -0.00330000000001000, -0.00386767416106800 ) );
#11592 = CARTESIAN_POINT( '', ( -0.000765000000010000, -0.00331666666667700, -0.00403434082773400 ) );
#11593 = CARTESIAN_POINT( '', ( -0.000725000000010000, -0.00335000000001000, -0.00420000000001000 ) );
#11594 = COLOUR_RGB( '', 0.866666674600000, 0.321568638100000, 0.156862750600000 );
#11595 = CARTESIAN_POINT( '', ( -0.00421500000001000, -2.50000000100000E-05, -0.000175000000010000 ) );
#11596 = VECTOR( '', #12844, 1.00000000000000 );
#11597 = CARTESIAN_POINT( '', ( -0.00453500000000000, -2.50000000000000E-05, -0.000175000000000000 ) );
#11598 = CARTESIAN_POINT( '', ( -0.00421500000001000, -2.50000000100000E-05, -0.000175000000010000 ) );
#11599 = VECTOR( '', #12845, 1.00000000000000 );
#11600 = CARTESIAN_POINT( '', ( -0.00453500000001000, -2.50000000100000E-05, -0.000175000000010000 ) );
#11601 = VECTOR( '', #12846, 1.00000000000000 );
#11602 = COLOUR_RGB( '', 0.866666674600000, 0.321568638100000, 0.156862750600000 );
#11603 = CARTESIAN_POINT( '', ( 0.00203500000000000, -2.50000000000000E-05, -0.000775000000000000 ) );
#11604 = CARTESIAN_POINT( '', ( 0.00203500000001000, -2.50000000100000E-05, -0.000775000000010000 ) );
#11605 = VECTOR( '', #12847, 1.00000000000000 );
#11606 = CARTESIAN_POINT( '', ( 0.00197500000000000, 0.000275000000000000, -0.000675000000000000 ) );
#11607 = CARTESIAN_POINT( '', ( 0.00197500000001000, 0.000275000000010000, -0.000675000000010000 ) );
#11608 = CARTESIAN_POINT( '', ( 0.00201500000001000, 0.000178580812066500, -0.000741666666676700 ) );
#11609 = CARTESIAN_POINT( '', ( 0.00203500000001000, 7.85808120665200E-05, -0.000775000000010000 ) );
#11610 = CARTESIAN_POINT( '', ( 0.00203500000001000, -2.50000000100000E-05, -0.000775000000010000 ) );
#11611 = CARTESIAN_POINT( '', ( 0.00197500000001000, 0.000275000000010000, -0.000675000000010000 ) );
#11612 = VECTOR( '', #12848, 1.00000000000000 );
#11613 = COLOUR_RGB( '', 0.866666674600000, 0.321568638100000, 0.156862750600000 );
#11614 = CARTESIAN_POINT( '', ( -0.00203500000001000, -2.50000000100000E-05, -0.000775000000010000 ) );
#11615 = VECTOR( '', #12849, 1.00000000000000 );
#11616 = COLOUR_RGB( '', 0.866666674600000, 0.321568638100000, 0.156862750600000 );
#11617 = CARTESIAN_POINT( '', ( -0.00328500000000000, -0.00330000000000000, -0.00160000000000000 ) );
#11618 = CARTESIAN_POINT( '', ( -0.00328500000001000, -0.00330000000001000, -0.00160000000001000 ) );
#11619 = VECTOR( '', #12850, 1.00000000000000 );
#11620 = CARTESIAN_POINT( '', ( -0.00328500000001000, -0.00365000000001000, -0.00370000000001000 ) );
#11621 = VECTOR( '', #12851, 1.00000000000000 );
#11622 = CARTESIAN_POINT( '', ( -0.00328500000000000, -0.00337840204454900, -0.000599928405774700 ) );
#11623 = AXIS2_PLACEMENT_3D( '', #12852, #12853, #12854 );
#11624 = CARTESIAN_POINT( '', ( -0.00328500000000000, -0.00337833333333300, -0.00160000000000000 ) );
#11625 = CARTESIAN_POINT( '', ( -0.00328500000000000, -0.00337840204455900, -0.000599928405774701 ) );
#11626 = CARTESIAN_POINT( '', ( -0.00328500000000000, -0.00337833333333300, -0.00160000000000000 ) );
#11627 = CARTESIAN_POINT( '', ( -0.00328500000001000, -0.00337833333334300, -0.00160000000001000 ) );
#11628 = VECTOR( '', #12855, 1.00000000000000 );
#11629 = COLOUR_RGB( '', 0.866666674600000, 0.321568638100000, 0.156862750600000 );
#11630 = CARTESIAN_POINT( '', ( 0.00328500000001000, -2.50000000100000E-05, -0.000175000000010000 ) );
#11631 = VECTOR( '', #12856, 1.00000000000000 );
#11632 = COLOUR_RGB( '', 0.866666674600000, 0.321568638100000, 0.156862750600000 );
#11633 = CARTESIAN_POINT( '', ( -0.00322500000001000, -0.00360000000001000, -0.00420000000001000 ) );
#11634 = VECTOR( '', #12857, 1.00000000000000 );
#11635 = COLOUR_RGB( '', 0.866666674600000, 0.321568638100000, 0.156862750600000 );
#11636 = CARTESIAN_POINT( '', ( 0.00322500000000000, 0.000275000000000000, -0.000275000000000000 ) );
#11637 = CARTESIAN_POINT( '', ( 0.00322500000001000, 0.000275000000010000, -0.000675000000010000 ) );
#11638 = VECTOR( '', #12858, 1.00000000000000 );
#11639 = CARTESIAN_POINT( '', ( 0.00322500000001000, 0.000275000000010000, -0.000275000000010000 ) );
#11640 = VECTOR( '', #12859, 1.00000000000000 );
#11641 = COLOUR_RGB( '', 0.866666674600000, 0.321568638100000, 0.156862750600000 );
#11642 = CARTESIAN_POINT( '', ( -0.000525000000010000, 0.000275000000010000, -0.000275000000010000 ) );
#11643 = VECTOR( '', #12860, 1.00000000000000 );
#11644 = COLOUR_RGB( '', 0.866666674600000, 0.321568638100000, 0.156862750600000 );
#11645 = CARTESIAN_POINT( '', ( -0.000725000000000000, -0.00360000000000000, -0.00420000000000000 ) );
#11646 = CARTESIAN_POINT( '', ( -0.000725000000010000, -0.00360000000001000, -0.00420000000001000 ) );
#11647 = VECTOR( '', #12861, 1.00000000000000 );
#11648 = CARTESIAN_POINT( '', ( -0.000525000000000000, -0.00360000000000000, -0.00420000000000000 ) );
#11649 = CARTESIAN_POINT( '', ( -0.000525000000010000, -0.00335000000001000, -0.00420000000001000 ) );
#11650 = VECTOR( '', #12862, 1.00000000000000 );
#11651 = CARTESIAN_POINT( '', ( -0.000525000000010000, -0.00360000000001000, -0.00420000000001000 ) );
#11652 = VECTOR( '', #12863, 1.00000000000000 );
#11653 = COLOUR_RGB( '', 0.866666674600000, 0.321568638100000, 0.156862750600000 );
#11654 = CARTESIAN_POINT( '', ( -0.00492500000000000, -0.000625000000000000, 0.00150000000000000 ) );
#11655 = CARTESIAN_POINT( '', ( -0.00492500000001000, -0.000925000000010000, 0.00120000000001000 ) );
#11656 = VECTOR( '', #12864, 1.00000000000000 );
#11657 = CARTESIAN_POINT( '', ( -0.00492500000001000, -0.000625000000010000, 0.00150000000001000 ) );
#11658 = VECTOR( '', #12865, 1.00000000000000 );
#11659 = COLOUR_RGB( '', 0.866666674600000, 0.321568638100000, 0.156862750600000 );
#11660 = CARTESIAN_POINT( '', ( -0.00453500000000000, -0.00330000000000000, -0.00160000000000000 ) );
#11661 = CARTESIAN_POINT( '', ( -0.00421500000000000, -0.00330000000000000, -0.00160000000000000 ) );
#11662 = CARTESIAN_POINT( '', ( -0.00453500000001000, -0.00330000000001000, -0.00160000000001000 ) );
#11663 = VECTOR( '', #12866, 1.00000000000000 );
#11664 = CARTESIAN_POINT( '', ( -0.00453500000000000, -0.00337833333333300, -0.00160000000000000 ) );
#11665 = CARTESIAN_POINT( '', ( -0.00453500000001000, -0.00337833333334300, -0.00160000000001000 ) );
#11666 = VECTOR( '', #12867, 1.00000000000000 );
#11667 = CARTESIAN_POINT( '', ( -0.00460000000000000, -0.00372500000000000, -0.00160000000000000 ) );
#11668 = CARTESIAN_POINT( '', ( -0.00460000000001000, -0.00372500000001000, -0.00160000000001000 ) );
#11669 = VECTOR( '', #12868, 1.00000000000000 );
#11670 = CARTESIAN_POINT( '', ( -0.00470000000000000, -0.00382500000000000, -0.00160000000000000 ) );
#11671 = CARTESIAN_POINT( '', ( -0.00470000000001000, -0.00382500000001000, -0.00160000000001000 ) );
#11672 = VECTOR( '', #12869, 1.00000000000000 );
#11673 = CARTESIAN_POINT( '', ( -0.00517500000001000, -0.00382500000001000, -0.00160000000001000 ) );
#11674 = VECTOR( '', #12870, 1.00000000000000 );
#11675 = CARTESIAN_POINT( '', ( 0.00517500000000000, 0.000975000000000000, -0.00160000000000000 ) );
#11676 = CARTESIAN_POINT( '', ( -0.00517500000001000, 0.000975000000010000, -0.00160000000001000 ) );
#11677 = VECTOR( '', #12871, 1.00000000000000 );
#11678 = CARTESIAN_POINT( '', ( 0.00517500000000000, -0.00382500000000000, -0.00160000000000000 ) );
#11679 = CARTESIAN_POINT( '', ( 0.00517500000001000, 0.000975000000010000, -0.00160000000001000 ) );
#11680 = VECTOR( '', #12872, 1.00000000000000 );
#11681 = CARTESIAN_POINT( '', ( 0.00470000000001000, -0.00382500000001000, -0.00160000000001000 ) );
#11682 = VECTOR( '', #12873, 1.00000000000000 );
#11683 = CARTESIAN_POINT( '', ( 0.00421500000000000, -0.00330000000000000, -0.00160000000000000 ) );
#11684 = CARTESIAN_POINT( '', ( 0.00421500000001000, -0.00330000000001000, -0.00160000000001000 ) );
#11685 = VECTOR( '', #12874, 1.00000000000000 );
#11686 = CARTESIAN_POINT( '', ( 0.00421500000001000, -0.00337833333334300, -0.00160000000001000 ) );
#11687 = VECTOR( '', #12875, 1.00000000000000 );
#11688 = CARTESIAN_POINT( '', ( 0.00345000000000000, -0.00382500000000000, -0.00160000000000000 ) );
#11689 = CARTESIAN_POINT( '', ( 0.00345000000001000, -0.00382500000001000, -0.00160000000001000 ) );
#11690 = VECTOR( '', #12876, 1.00000000000000 );
#11691 = CARTESIAN_POINT( '', ( 0.00335000000000000, -0.00372500000000000, -0.00160000000000000 ) );
#11692 = CARTESIAN_POINT( '', ( 0.00335000000001000, -0.00372500000001000, -0.00160000000001000 ) );
#11693 = VECTOR( '', #12877, 1.00000000000000 );
#11694 = CARTESIAN_POINT( '', ( 0.00328500000000000, -0.00337833333333300, -0.00160000000000000 ) );
#11695 = CARTESIAN_POINT( '', ( 0.00328500000001000, -0.00337833333334300, -0.00160000000001000 ) );
#11696 = VECTOR( '', #12878, 1.00000000000000 );
#11697 = CARTESIAN_POINT( '', ( 0.00328500000000000, -0.00330000000000000, -0.00160000000000000 ) );
#11698 = CARTESIAN_POINT( '', ( 0.00328500000001000, -0.00337833333334300, -0.00160000000001000 ) );
#11699 = VECTOR( '', #12879, 1.00000000000000 );
#11700 = CARTESIAN_POINT( '', ( 0.00296500000001000, -0.00330000000001000, -0.00160000000001000 ) );
#11701 = VECTOR( '', #12880, 1.00000000000000 );
#11702 = CARTESIAN_POINT( '', ( 0.00220000000001000, -0.00382500000001000, -0.00160000000001000 ) );
#11703 = VECTOR( '', #12881, 1.00000000000000 );
#11704 = CARTESIAN_POINT( '', ( 0.00203500000001000, -0.00337833333334300, -0.00160000000001000 ) );
#11705 = VECTOR( '', #12882, 1.00000000000000 );
#11706 = CARTESIAN_POINT( '', ( 0.00171500000001000, -0.00330000000001000, -0.00160000000001000 ) );
#11707 = VECTOR( '', #12883, 1.00000000000000 );
#11708 = CARTESIAN_POINT( '', ( 0.00165000000001000, -0.00372500000001000, -0.00160000000001000 ) );
#11709 = VECTOR( '', #12884, 1.00000000000000 );
#11710 = CARTESIAN_POINT( '', ( 0.000950000000010000, -0.00382500000001000, -0.00160000000001000 ) );
#11711 = VECTOR( '', #12885, 1.00000000000000 );
#11712 = CARTESIAN_POINT( '', ( 0.000785000000000000, -0.00337833333333300, -0.00160000000000000 ) );
#11713 = CARTESIAN_POINT( '', ( 0.000785000000010000, -0.00337833333334300, -0.00160000000001000 ) );
#11714 = VECTOR( '', #12886, 1.00000000000000 );
#11715 = CARTESIAN_POINT( '', ( 0.000785000000010000, -0.00337833333334300, -0.00160000000001000 ) );
#11716 = VECTOR( '', #12887, 1.00000000000000 );
#11717 = CARTESIAN_POINT( '', ( 0.000300000000000000, -0.00382500000000000, -0.00160000000000000 ) );
#11718 = CARTESIAN_POINT( '', ( 0.000300000000010000, -0.00382500000001000, -0.00160000000001000 ) );
#11719 = VECTOR( '', #12888, 1.00000000000000 );
#11720 = CARTESIAN_POINT( '', ( -0.000300000000000000, -0.00382500000000000, -0.00160000000000000 ) );
#11721 = CARTESIAN_POINT( '', ( -0.000300000000010000, -0.00382500000001000, -0.00160000000001000 ) );
#11722 = VECTOR( '', #12889, 1.00000000000000 );
#11723 = CARTESIAN_POINT( '', ( -0.000400000000000000, -0.00372500000000000, -0.00160000000000000 ) );
#11724 = CARTESIAN_POINT( '', ( -0.000400000000010000, -0.00372500000001000, -0.00160000000001000 ) );
#11725 = VECTOR( '', #12890, 1.00000000000000 );
#11726 = CARTESIAN_POINT( '', ( -0.000465000000010000, -0.00337833333334300, -0.00160000000001000 ) );
#11727 = VECTOR( '', #12891, 1.00000000000000 );
#11728 = CARTESIAN_POINT( '', ( -0.000785000000010000, -0.00337833333334300, -0.00160000000001000 ) );
#11729 = VECTOR( '', #12892, 1.00000000000000 );
#11730 = CARTESIAN_POINT( '', ( -0.000950000000000000, -0.00382500000000000, -0.00160000000000000 ) );
#11731 = CARTESIAN_POINT( '', ( -0.000950000000010000, -0.00382500000001000, -0.00160000000001000 ) );
#11732 = VECTOR( '', #12893, 1.00000000000000 );
#11733 = CARTESIAN_POINT( '', ( -0.00155000000000000, -0.00382500000000000, -0.00160000000000000 ) );
#11734 = CARTESIAN_POINT( '', ( -0.00155000000001000, -0.00382500000001000, -0.00160000000001000 ) );
#11735 = VECTOR( '', #12894, 1.00000000000000 );
#11736 = CARTESIAN_POINT( '', ( -0.00165000000001000, -0.00372500000001000, -0.00160000000001000 ) );
#11737 = VECTOR( '', #12895, 1.00000000000000 );
#11738 = CARTESIAN_POINT( '', ( -0.00203500000001000, -0.00330000000001000, -0.00160000000001000 ) );
#11739 = VECTOR( '', #12896, 1.00000000000000 );
#11740 = CARTESIAN_POINT( '', ( -0.00280000000000000, -0.00382500000000000, -0.00160000000000000 ) );
#11741 = CARTESIAN_POINT( '', ( -0.00280000000001000, -0.00382500000001000, -0.00160000000001000 ) );
#11742 = VECTOR( '', #12897, 1.00000000000000 );
#11743 = CARTESIAN_POINT( '', ( -0.00290000000000000, -0.00372500000000000, -0.00160000000000000 ) );
#11744 = CARTESIAN_POINT( '', ( -0.00290000000001000, -0.00372500000001000, -0.00160000000001000 ) );
#11745 = VECTOR( '', #12898, 1.00000000000000 );
#11746 = CARTESIAN_POINT( '', ( -0.00296500000001000, -0.00337833333334300, -0.00160000000001000 ) );
#11747 = VECTOR( '', #12899, 1.00000000000000 );
#11748 = CARTESIAN_POINT( '', ( -0.00328500000001000, -0.00330000000001000, -0.00160000000001000 ) );
#11749 = VECTOR( '', #12900, 1.00000000000000 );
#11750 = CARTESIAN_POINT( '', ( -0.00335000000000000, -0.00372500000000000, -0.00160000000000000 ) );
#11751 = CARTESIAN_POINT( '', ( -0.00335000000001000, -0.00372500000001000, -0.00160000000001000 ) );
#11752 = VECTOR( '', #12901, 1.00000000000000 );
#11753 = CARTESIAN_POINT( '', ( -0.00345000000001000, -0.00382500000001000, -0.00160000000001000 ) );
#11754 = VECTOR( '', #12902, 1.00000000000000 );
#11755 = CARTESIAN_POINT( '', ( -0.00415000000001000, -0.00372500000001000, -0.00160000000001000 ) );
#11756 = VECTOR( '', #12903, 1.00000000000000 );
#11757 = CARTESIAN_POINT( '', ( -0.00421500000001000, -0.00337833333334300, -0.00160000000001000 ) );
#11758 = VECTOR( '', #12904, 1.00000000000000 );
#11759 = CARTESIAN_POINT( '', ( -0.00430000000000000, -0.00162500000000000, -0.00160000000000000 ) );
#11760 = CARTESIAN_POINT( '', ( -0.00430000000000000, -0.000475000000000000, -0.00160000000000000 ) );
#11761 = CARTESIAN_POINT( '', ( -0.00430000000001000, -0.00162500000001000, -0.00160000000001000 ) );
#11762 = VECTOR( '', #12905, 1.00000000000000 );
#11763 = CARTESIAN_POINT( '', ( -0.00320000000000000, -0.00162500000000000, -0.00160000000000000 ) );
#11764 = CARTESIAN_POINT( '', ( -0.00430000000001000, -0.00162500000001000, -0.00160000000001000 ) );
#11765 = VECTOR( '', #12906, 1.00000000000000 );
#11766 = CARTESIAN_POINT( '', ( -0.00320000000000000, -0.000475000000000000, -0.00160000000000000 ) );
#11767 = CARTESIAN_POINT( '', ( -0.00320000000001000, -0.00162500000001000, -0.00160000000001000 ) );
#11768 = VECTOR( '', #12907, 1.00000000000000 );
#11769 = CARTESIAN_POINT( '', ( -0.00430000000001000, -0.000475000000010000, -0.00160000000001000 ) );
#11770 = VECTOR( '', #12908, 1.00000000000000 );
#11771 = CARTESIAN_POINT( '', ( 0.00320000000000000, -0.000475000000000000, -0.00160000000000000 ) );
#11772 = CARTESIAN_POINT( '', ( 0.00320000000001000, -0.00162500000001000, -0.00160000000001000 ) );
#11773 = VECTOR( '', #12909, 1.00000000000000 );
#11774 = CARTESIAN_POINT( '', ( 0.00320000000001000, -0.000475000000010000, -0.00160000000001000 ) );
#11775 = VECTOR( '', #12910, 1.00000000000000 );
#11776 = COLOUR_RGB( '', 0.866666674600000, 0.321568638100000, 0.156862750600000 );
#11777 = CARTESIAN_POINT( '', ( -0.00280000000000000, -0.00382500000000000, -0.000600000000000000 ) );
#11778 = CARTESIAN_POINT( '', ( -0.00280000000001000, -0.00382500000001000, -0.00160000000001000 ) );
#11779 = VECTOR( '', #12911, 1.00000000000000 );
#11780 = CARTESIAN_POINT( '', ( -0.00280000000001000, -0.00382500000001000, -0.000600000000010000 ) );
#11781 = VECTOR( '', #12912, 1.00000000000000 );
#11782 = COLOUR_RGB( '', 0.866666674600000, 0.321568638100000, 0.156862750600000 );
#11783 = CARTESIAN_POINT( '', ( -0.00557500000001000, 0.000975000000010000, -0.00150000000001000 ) );
#11784 = VECTOR( '', #12913, 1.00000000000000 );
#11785 = COLOUR_RGB( '', 0.866666674600000, 0.321568638100000, 0.156862750600000 );
#11786 = CARTESIAN_POINT( '', ( -0.00155000000000000, -0.00382500000000000, -0.000600000000000000 ) );
#11787 = CARTESIAN_POINT( '', ( -0.00165000000001000, -0.00372500000001000, -0.000600000000010000 ) );
#11788 = VECTOR( '', #12914, 1.00000000000000 );
#11789 = CARTESIAN_POINT( '', ( -0.000950000000000000, -0.00382500000000000, -0.000600000000000000 ) );
#11790 = CARTESIAN_POINT( '', ( -0.00155000000001000, -0.00382500000001000, -0.000600000000010000 ) );
#11791 = VECTOR( '', #12915, 1.00000000000000 );
#11792 = CARTESIAN_POINT( '', ( -0.000950000000010000, -0.00382500000001000, -0.000600000000010000 ) );
#11793 = VECTOR( '', #12916, 1.00000000000000 );
#11794 = COLOUR_RGB( '', 0.866666674600000, 0.321568638100000, 0.156862750600000 );
#11795 = CARTESIAN_POINT( '', ( -0.00342500000000000, -0.00292500000000000, 0.00100000000000000 ) );
#11796 = CARTESIAN_POINT( '', ( -0.00342500000001000, -0.00292500000001000, 0.00160000000001000 ) );
#11797 = VECTOR( '', #12917, 1.00000000000000 );
#11798 = CARTESIAN_POINT( '', ( -0.00282500000000000, -0.00292500000000000, 0.00100000000000000 ) );
#11799 = CARTESIAN_POINT( '', ( -0.00282500000001000, -0.00292500000001000, 0.00100000000001000 ) );
#11800 = VECTOR( '', #12918, 1.00000000000000 );
#11801 = CARTESIAN_POINT( '', ( -0.00282500000001000, -0.00292500000001000, 0.00160000000001000 ) );
#11802 = VECTOR( '', #12919, 1.00000000000000 );
#11803 = COLOUR_RGB( '', 0.866666674600000, 0.321568638100000, 0.156862750600000 );
#11804 = COLOUR_RGB( '', 0.866666674600000, 0.321568638100000, 0.156862750600000 );
#11805 = CARTESIAN_POINT( '', ( -0.00430000000000000, -0.000475000000000000, -0.00120000000000000 ) );
#11806 = CARTESIAN_POINT( '', ( -0.00430000000001000, -0.000475000000010000, -0.00160000000001000 ) );
#11807 = VECTOR( '', #12920, 1.00000000000000 );
#11808 = CARTESIAN_POINT( '', ( -0.00320000000000000, -0.000475000000000000, -0.00120000000000000 ) );
#11809 = CARTESIAN_POINT( '', ( -0.00320000000001000, -0.000475000000010000, -0.00120000000001000 ) );
#11810 = VECTOR( '', #12921, 1.00000000000000 );
#11811 = CARTESIAN_POINT( '', ( -0.00430000000001000, -0.000475000000010000, -0.00120000000001000 ) );
#11812 = VECTOR( '', #12922, 1.00000000000000 );
#11813 = COLOUR_RGB( '', 0.866666674600000, 0.321568638100000, 0.156862750600000 );
#11814 = CARTESIAN_POINT( '', ( -0.00527500000001000, 0.000675000000010000, 0.000400000000010000 ) );
#11815 = VECTOR( '', #12923, 1.00000000000000 );
#11816 = CARTESIAN_POINT( '', ( -0.00527500000000000, -2.50000000000000E-05, 0.00150000000000000 ) );
#11817 = CARTESIAN_POINT( '', ( -0.00527500000001000, -2.50000000100000E-05, 0.00120000000001000 ) );
#11818 = VECTOR( '', #12924, 1.00000000000000 );
#11819 = CARTESIAN_POINT( '', ( -0.00527500000001000, -0.000325000000010000, 0.00120000000001000 ) );
#11820 = VECTOR( '', #12925, 1.00000000000000 );
#11821 = COLOUR_RGB( '', 0.866666674600000, 0.321568638100000, 0.156862750600000 );
#11822 = COLOUR_RGB( '', 0.866666674600000, 0.321568638100000, 0.156862750600000 );
#11823 = CARTESIAN_POINT( '', ( 0.00517500000000000, -0.00382500000000000, -0.000600000000000000 ) );
#11824 = CARTESIAN_POINT( '', ( 0.00470000000001000, -0.00382500000001000, -0.000600000000010000 ) );
#11825 = VECTOR( '', #12926, 1.00000000000000 );
#11826 = CARTESIAN_POINT( '', ( 0.00517500000001000, -0.00382500000001000, -0.000600000000010000 ) );
#11827 = VECTOR( '', #12927, 1.00000000000000 );
#11828 = COLOUR_RGB( '', 0.866666674600000, 0.321568638100000, 0.156862750600000 );
#11829 = AXIS2_PLACEMENT_3D( '', #12928, #12929, #12930 );
#11830 = COLOUR_RGB( '', 0.866666674600000, 0.321568638100000, 0.156862750600000 );
#11831 = CARTESIAN_POINT( '', ( -0.00453500000000000, -0.00330000000000000, -0.00370000000000000 ) );
#11832 = CARTESIAN_POINT( '', ( -0.00453500000001000, -0.00330000000001000, -0.00160000000001000 ) );
#11833 = VECTOR( '', #12931, 1.00000000000000 );
#11834 = CARTESIAN_POINT( '', ( -0.00453500000001000, -0.00365000000001000, -0.00370000000001000 ) );
#11835 = VECTOR( '', #12932, 1.00000000000000 );
#11836 = CARTESIAN_POINT( '', ( -0.00453500000000000, -0.00337840204455900, -0.000599928405774701 ) );
#11837 = CARTESIAN_POINT( '', ( -0.00453500000000000, -0.00337833333333300, -0.00160000000000000 ) );
#11838 = COLOUR_RGB( '', 0.866666674600000, 0.321568638100000, 0.156862750600000 );
#11839 = CARTESIAN_POINT( '', ( 0.00453500000001000, -0.00330000000001000, -0.00370000000001000 ) );
#11840 = CARTESIAN_POINT( '', ( 0.00453500000001000, -0.00330000000001000, -0.00386767416106800 ) );
#11841 = CARTESIAN_POINT( '', ( 0.00451500000001000, -0.00331666666667700, -0.00403434082773400 ) );
#11842 = CARTESIAN_POINT( '', ( 0.00447500000001000, -0.00335000000001000, -0.00420000000001000 ) );
#11843 = CARTESIAN_POINT( '', ( 0.00421500000000000, -0.00330000000000000, -0.00370000000000000 ) );
#11844 = CARTESIAN_POINT( '', ( 0.00421500000001000, -0.00330000000001000, -0.00370000000001000 ) );
#11845 = CARTESIAN_POINT( '', ( 0.00421500000001000, -0.00330000000001000, -0.00386767416106800 ) );
#11846 = CARTESIAN_POINT( '', ( 0.00423500000001000, -0.00331666666667700, -0.00403434082773400 ) );
#11847 = CARTESIAN_POINT( '', ( 0.00427500000001000, -0.00335000000001000, -0.00420000000001000 ) );
#11848 = CARTESIAN_POINT( '', ( 0.00421500000001000, -0.00330000000001000, -0.00370000000001000 ) );
#11849 = VECTOR( '', #12933, 1.00000000000000 );
#11850 = COLOUR_RGB( '', 0.866666674600000, 0.321568638100000, 0.156862750600000 );
#11851 = CARTESIAN_POINT( '', ( -0.00421500000001000, -0.00382500000000000, -0.000600000000000000 ) );
#11852 = VECTOR( '', #12934, 1.00000000000000 );
#11853 = COLOUR_RGB( '', 0.866666674600000, 0.321568638100000, 0.156862750600000 );
#11854 = CARTESIAN_POINT( '', ( -0.00453500000001000, -0.00330000000001000, -0.00370000000001000 ) );
#11855 = CARTESIAN_POINT( '', ( -0.00453500000001000, -0.00330000000001000, -0.00386767416106800 ) );
#11856 = CARTESIAN_POINT( '', ( -0.00451500000001000, -0.00331666666667700, -0.00403434082773400 ) );
#11857 = CARTESIAN_POINT( '', ( -0.00447500000001000, -0.00335000000001000, -0.00420000000001000 ) );
#11858 = COLOUR_RGB( '', 0.866666674600000, 0.321568638100000, 0.156862750600000 );
#11859 = CARTESIAN_POINT( '', ( 0.00282500000001000, -0.00292500000001000, 0.00100000000001000 ) );
#11860 = VECTOR( '', #12935, 1.00000000000000 );
#11861 = CARTESIAN_POINT( '', ( 0.00342500000001000, -0.00322500000001000, 0.00100000000001000 ) );
#11862 = VECTOR( '', #12936, 1.00000000000000 );
#11863 = COLOUR_RGB( '', 0.866666674600000, 0.321568638100000, 0.156862750600000 );
#11864 = COLOUR_RGB( '', 0.866666674600000, 0.321568638100000, 0.156862750600000 );
#11865 = CARTESIAN_POINT( '', ( 0.00322500000001000, 0.000275000000010000, -0.000275000000010000 ) );
#11866 = CARTESIAN_POINT( '', ( 0.00326500000001000, 0.000178580812066500, -0.000208333333343300 ) );
#11867 = CARTESIAN_POINT( '', ( 0.00328500000001000, 7.85808120665200E-05, -0.000175000000010000 ) );
#11868 = CARTESIAN_POINT( '', ( 0.00328500000001000, -2.50000000100000E-05, -0.000175000000010000 ) );
#11869 = COLOUR_RGB( '', 0.866666674600000, 0.321568638100000, 0.156862750600000 );
#11870 = COLOUR_RGB( '', 0.866666674600000, 0.321568638100000, 0.156862750600000 );
#11871 = CARTESIAN_POINT( '', ( -0.00587500000001000, -0.00297500000001000, 0.00160000000001000 ) );
#11872 = VECTOR( '', #12937, 1.00000000000000 );
#11873 = CARTESIAN_POINT( '', ( -0.00587500000001000, -2.50000000100000E-05, 0.00160000000001000 ) );
#11874 = VECTOR( '', #12938, 1.00000000000000 );
#11875 = CARTESIAN_POINT( '', ( -0.00587500000001000, 0.000975000000010000, -0.00190000000001000 ) );
#11876 = VECTOR( '', #12939, 1.00000000000000 );
#11877 = COLOUR_RGB( '', 0.866666674600000, 0.321568638100000, 0.156862750600000 );
#11878 = CARTESIAN_POINT( '', ( -0.00557500000001000, 0.000975000000010000, 0.000400000000010000 ) );
#11879 = VECTOR( '', #12940, 1.00000000000000 );
#11880 = COLOUR_RGB( '', 0.866666674600000, 0.321568638100000, 0.156862750600000 );
#11881 = CARTESIAN_POINT( '', ( 0.00557500000000000, 0.000975000000000000, 0.00120000000000000 ) );
#11882 = CARTESIAN_POINT( '', ( 0.00557500000001000, 0.000975000000010000, 0.00120000000001000 ) );
#11883 = VECTOR( '', #12941, 1.00000000000000 );
#11884 = CARTESIAN_POINT( '', ( 0.00527500000000000, 0.000675000000000000, 0.00120000000000000 ) );
#11885 = CARTESIAN_POINT( '', ( 0.00557500000001000, 0.000975000000010000, 0.00120000000001000 ) );
#11886 = VECTOR( '', #12942, 1.00000000000000 );
#11887 = CARTESIAN_POINT( '', ( 0.00527500000000000, -2.50000000000000E-05, 0.00120000000000000 ) );
#11888 = CARTESIAN_POINT( '', ( 0.00527500000001000, 0.000675000000010000, 0.00120000000001000 ) );
#11889 = VECTOR( '', #12943, 1.00000000000000 );
#11890 = CARTESIAN_POINT( '', ( 0.00527500000001000, -2.50000000100000E-05, 0.00120000000001000 ) );
#11891 = VECTOR( '', #12944, 1.00000000000000 );
#11892 = COLOUR_RGB( '', 0.866666674600000, 0.321568638100000, 0.156862750600000 );
#11893 = CARTESIAN_POINT( '', ( -0.00430000000000000, -0.00162500000000000, -0.00120000000000000 ) );
#11894 = CARTESIAN_POINT( '', ( -0.00430000000001000, -0.00162500000001000, -0.00160000000001000 ) );
#11895 = VECTOR( '', #12945, 1.00000000000000 );
#11896 = CARTESIAN_POINT( '', ( -0.00320000000000000, -0.00162500000000000, -0.00120000000000000 ) );
#11897 = CARTESIAN_POINT( '', ( -0.00430000000001000, -0.00162500000001000, -0.00120000000001000 ) );
#11898 = VECTOR( '', #12946, 1.00000000000000 );
#11899 = CARTESIAN_POINT( '', ( -0.00320000000001000, -0.00162500000001000, -0.00120000000001000 ) );
#11900 = VECTOR( '', #12947, 1.00000000000000 );
#11901 = COLOUR_RGB( '', 0.866666674600000, 0.321568638100000, 0.156862750600000 );
#11902 = CARTESIAN_POINT( '', ( 0.000785000000010000, -0.00330000000001000, -0.00370000000001000 ) );
#11903 = CARTESIAN_POINT( '', ( 0.000785000000010000, -0.00330000000001000, -0.00386767416106800 ) );
#11904 = CARTESIAN_POINT( '', ( 0.000765000000010000, -0.00331666666667700, -0.00403434082773400 ) );
#11905 = CARTESIAN_POINT( '', ( 0.000725000000010000, -0.00335000000001000, -0.00420000000001000 ) );
#11906 = CARTESIAN_POINT( '', ( 0.000785000000010000, -0.00330000000001000, -0.00370000000001000 ) );
#11907 = VECTOR( '', #12948, 1.00000000000000 );
#11908 = COLOUR_RGB( '', 0.866666674600000, 0.321568638100000, 0.156862750600000 );
#11909 = CARTESIAN_POINT( '', ( -0.000465000000010000, -0.00365000000001000, -0.00370000000001000 ) );
#11910 = CARTESIAN_POINT( '', ( -0.000465000000010000, -0.00365000000001000, -0.00386767416106800 ) );
#11911 = CARTESIAN_POINT( '', ( -0.000485000000010000, -0.00363333333334300, -0.00403434082773400 ) );
#11912 = CARTESIAN_POINT( '', ( -0.000525000000010000, -0.00360000000001000, -0.00420000000001000 ) );
#11913 = COLOUR_RGB( '', 0.866666674600000, 0.321568638100000, 0.156862750600000 );
#11914 = CARTESIAN_POINT( '', ( -0.000785000000010000, -0.00365000000001000, -0.00370000000001000 ) );
#11915 = CARTESIAN_POINT( '', ( -0.000785000000010000, -0.00365000000001000, -0.00386767416106800 ) );
#11916 = CARTESIAN_POINT( '', ( -0.000765000000010000, -0.00363333333334300, -0.00403434082773400 ) );
#11917 = CARTESIAN_POINT( '', ( -0.000725000000010000, -0.00360000000001000, -0.00420000000001000 ) );
#11918 = CARTESIAN_POINT( '', ( -0.000785000000010000, -0.00365000000001000, -0.00370000000001000 ) );
#11919 = VECTOR( '', #12949, 1.00000000000000 );
#11920 = COLOUR_RGB( '', 0.866666674600000, 0.321568638100000, 0.156862750600000 );
#11921 = COLOUR_RGB( '', 0.866666674600000, 0.321568638100000, 0.156862750600000 );
#11922 = CARTESIAN_POINT( '', ( -0.00290000000000000, -0.00372500000000000, -0.000600000000000000 ) );
#11923 = CARTESIAN_POINT( '', ( -0.00290000000001000, -0.00372500000001000, -0.00160000000001000 ) );
#11924 = VECTOR( '', #12950, 1.00000000000000 );
#11925 = CARTESIAN_POINT( '', ( -0.00296500000001147, -0.00337840204455115, -0.000600000000000000 ) );
#11926 = CARTESIAN_POINT( '', ( -0.00290000000000358, -0.00372500000000067, -0.000600000000000000 ) );
#11927 = COLOUR_RGB( '', 0.866666674600000, 0.321568638100000, 0.156862750600000 );
#11928 = CARTESIAN_POINT( '', ( -0.00290000000001000, -0.00372500000001000, -0.000600000000010000 ) );
#11929 = VECTOR( '', #12951, 1.00000000000000 );
#11930 = COLOUR_RGB( '', 0.866666674600000, 0.321568638100000, 0.156862750600000 );
#11931 = CARTESIAN_POINT( '', ( -0.00328500000001000, -2.50000000100000E-05, -0.000775000000010000 ) );
#11932 = VECTOR( '', #12952, 1.00000000000000 );
#11933 = COLOUR_RGB( '', 0.866666674600000, 0.321568638100000, 0.156862750600000 );
#11934 = CARTESIAN_POINT( '', ( -0.00282500000001000, -0.00322500000001000, 0.00100000000001000 ) );
#11935 = VECTOR( '', #12953, 1.00000000000000 );
#11936 = CARTESIAN_POINT( '', ( -0.00342500000001000, -0.00292500000001000, 0.00100000000001000 ) );
#11937 = VECTOR( '', #12954, 1.00000000000000 );
#11938 = COLOUR_RGB( '', 0.866666674600000, 0.321568638100000, 0.156862750600000 );
#11939 = CARTESIAN_POINT( '', ( -0.00492500000001000, -0.000625000000010000, 0.00160000000001000 ) );
#11940 = VECTOR( '', #12955, 1.00000000000000 );
#11941 = CARTESIAN_POINT( '', ( -0.00492500000000000, -2.50000000000000E-05, 0.00150000000000000 ) );
#11942 = CARTESIAN_POINT( '', ( -0.00492500000001000, -0.000325000000010000, 0.00120000000001000 ) );
#11943 = VECTOR( '', #12956, 1.00000000000000 );
#11944 = CARTESIAN_POINT( '', ( -0.00492500000001000, -2.50000000100000E-05, 0.00160000000001000 ) );
#11945 = VECTOR( '', #12957, 1.00000000000000 );
#11946 = COLOUR_RGB( '', 0.866666674600000, 0.321568638100000, 0.156862750600000 );
#11947 = CARTESIAN_POINT( '', ( -0.00470000000001000, -0.00382500000001000, -0.00160000000001000 ) );
#11948 = VECTOR( '', #12958, 1.00000000000000 );
#11949 = CARTESIAN_POINT( '', ( -0.00460000000001000, -0.00372500000001000, -0.00160000000001000 ) );
#11950 = VECTOR( '', #12959, 1.00000000000000 );
#11951 = COLOUR_RGB( '', 0.866666674600000, 0.321568638100000, 0.156862750600000 );
#11952 = CARTESIAN_POINT( '', ( -0.00537500000001000, -0.00297500000001000, 0.00160000000001000 ) );
#11953 = VECTOR( '', #12960, 1.00000000000000 );
#11954 = COLOUR_RGB( '', 0.866666674600000, 0.321568638100000, 0.156862750600000 );
#11955 = CARTESIAN_POINT( '', ( -0.00177500000001000, 0.000275000000010000, -0.000675000000010000 ) );
#11956 = CARTESIAN_POINT( '', ( -0.00173500000001000, 0.000178580812066500, -0.000741666666676700 ) );
#11957 = CARTESIAN_POINT( '', ( -0.00171500000001000, 7.85808120665200E-05, -0.000775000000010000 ) );
#11958 = CARTESIAN_POINT( '', ( -0.00171500000001000, -2.50000000100000E-05, -0.000775000000010000 ) );
#11959 = CARTESIAN_POINT( '', ( -0.00203500000001000, -2.50000000100000E-05, -0.000775000000010000 ) );
#11960 = VECTOR( '', #12961, 1.00000000000000 );
#11961 = COLOUR_RGB( '', 0.866666674600000, 0.321568638100000, 0.156862750600000 );
#11962 = CARTESIAN_POINT( '', ( -0.00415000000001000, -0.00372500000001000, -0.000600000000010000 ) );
#11963 = VECTOR( '', #12962, 1.00000000000000 );
#11964 = COLOUR_RGB( '', 0.866666674600000, 0.321568638100000, 0.156862750600000 );
#11965 = CARTESIAN_POINT( '', ( -0.000300000000000000, -0.00382500000000000, -0.000600000000000000 ) );
#11966 = CARTESIAN_POINT( '', ( -0.000300000000010000, -0.00382500000001000, -0.00160000000001000 ) );
#11967 = VECTOR( '', #12963, 1.00000000000000 );
#11968 = CARTESIAN_POINT( '', ( 0.000300000000000000, -0.00382500000000000, -0.000600000000000000 ) );
#11969 = CARTESIAN_POINT( '', ( 0.000300000000010000, -0.00382500000001000, -0.00160000000001000 ) );
#11970 = VECTOR( '', #12964, 1.00000000000000 );
#11971 = CARTESIAN_POINT( '', ( -0.000300000000010000, -0.00382500000001000, -0.000600000000010000 ) );
#11972 = VECTOR( '', #12965, 1.00000000000000 );
#11973 = COLOUR_RGB( '', 0.866666674600000, 0.321568638100000, 0.156862750600000 );
#11974 = CARTESIAN_POINT( '', ( 0.00527500000000000, -2.50000000000000E-05, 0.00150000000000000 ) );
#11975 = CARTESIAN_POINT( '', ( 0.00527500000001000, -2.50000000100000E-05, 0.00150000000001000 ) );
#11976 = VECTOR( '', #12966, 1.00000000000000 );
#11977 = CARTESIAN_POINT( '', ( 0.00527500000001000, -0.000325000000010000, 0.00120000000001000 ) );
#11978 = VECTOR( '', #12967, 1.00000000000000 );
#11979 = COLOUR_RGB( '', 0.866666674600000, 0.321568638100000, 0.156862750600000 );
#11980 = CARTESIAN_POINT( '', ( -0.00171500000001000, -0.00365000000001000, -0.00127500000001000 ) );
#11981 = VECTOR( '', #12968, 1.00000000000000 );
#11982 = COLOUR_RGB( '', 0.866666674600000, 0.321568638100000, 0.156862750600000 );
#11983 = COLOUR_RGB( '', 0.866666674600000, 0.321568638100000, 0.156862750600000 );
#11984 = CARTESIAN_POINT( '', ( -0.00467500000001000, -0.00292500000001000, 0.00160000000001000 ) );
#11985 = VECTOR( '', #12969, 1.00000000000000 );
#11986 = COLOUR_RGB( '', 0.866666674600000, 0.321568638100000, 0.156862750600000 );
#11987 = CARTESIAN_POINT( '', ( -0.00328500000001000, -2.50000000100000E-05, -0.000775000000010000 ) );
#11988 = VECTOR( '', #12970, 1.00000000000000 );
#11989 = COLOUR_RGB( '', 0.866666674600000, 0.321568638100000, 0.156862750600000 );
#11990 = CARTESIAN_POINT( '', ( -0.000400000000000000, -0.00372500000000000, -0.000600000000000000 ) );
#11991 = CARTESIAN_POINT( '', ( -0.000400000000010000, -0.00372500000001000, -0.00160000000001000 ) );
#11992 = VECTOR( '', #12971, 1.00000000000000 );
#11993 = CARTESIAN_POINT( '', ( -0.000465000000011470, -0.00337840204455115, -0.000600000000000000 ) );
#11994 = CARTESIAN_POINT( '', ( -0.000400000000003580, -0.00372500000000067, -0.000600000000000000 ) );
#11995 = COLOUR_RGB( '', 0.866666674600000, 0.321568638100000, 0.156862750600000 );
#11996 = CARTESIAN_POINT( '', ( -0.00430000000001000, -0.00162500000001000, -0.00120000000001000 ) );
#11997 = VECTOR( '', #12972, 1.00000000000000 );
#11998 = COLOUR_RGB( '', 0.866666674600000, 0.321568638100000, 0.156862750600000 );
#11999 = CARTESIAN_POINT( '', ( -0.00155000000001000, -0.00382500000001000, -0.00160000000001000 ) );
#12000 = VECTOR( '', #12973, 1.00000000000000 );
#12001 = COLOUR_RGB( '', 0.866666674600000, 0.321568638100000, 0.156862750600000 );
#12002 = CARTESIAN_POINT( '', ( 0.00407500000001000, -0.00292500000001000, 0.00100000000001000 ) );
#12003 = VECTOR( '', #12974, 1.00000000000000 );
#12004 = COLOUR_RGB( '', 0.866666674600000, 0.321568638100000, 0.156862750600000 );
#12005 = CARTESIAN_POINT( '', ( -0.00335000000000000, -0.00372500000000000, -0.000600000000000000 ) );
#12006 = CARTESIAN_POINT( '', ( -0.00335000000000785, -0.00372499999999853, -0.000600000000000000 ) );
#12007 = CARTESIAN_POINT( '', ( -0.00328500000000000, -0.00337840204454901, -0.000600000000000000 ) );
#12008 = CARTESIAN_POINT( '', ( -0.00335000000001000, -0.00372500000001000, -0.00160000000001000 ) );
#12009 = VECTOR( '', #12975, 1.00000000000000 );
#12010 = COLOUR_RGB( '', 0.866666674600000, 0.321568638100000, 0.156862750600000 );
#12011 = CARTESIAN_POINT( '', ( -0.00453500000001000, -2.50000000100000E-05, -0.000175000000010000 ) );
#12012 = VECTOR( '', #12976, 1.00000000000000 );
#12013 = CARTESIAN_POINT( '', ( -0.00453500000001000, -2.50000000100000E-05, -0.000775000000010000 ) );
#12014 = VECTOR( '', #12977, 1.00000000000000 );
#12015 = COLOUR_RGB( '', 0.866666674600000, 0.321568638100000, 0.156862750600000 );
#12016 = CARTESIAN_POINT( '', ( 0.00320000000000000, -0.000475000000000000, -0.00120000000000000 ) );
#12017 = CARTESIAN_POINT( '', ( 0.00320000000001000, -0.000475000000010000, -0.00160000000001000 ) );
#12018 = VECTOR( '', #12978, 1.00000000000000 );
#12019 = CARTESIAN_POINT( '', ( 0.00320000000001000, -0.00162500000001000, -0.00120000000001000 ) );
#12020 = VECTOR( '', #12979, 1.00000000000000 );
#12021 = COLOUR_RGB( '', 0.866666674600000, 0.321568638100000, 0.156862750600000 );
#12022 = COLOUR_RGB( '', 0.866666674600000, 0.321568638100000, 0.156862750600000 );
#12023 = CARTESIAN_POINT( '', ( 0.00527500000000000, 0.000675000000000000, -0.000450000000000000 ) );
#12024 = CARTESIAN_POINT( '', ( 0.00557500000001000, 0.000975000000010000, -0.000450000000010000 ) );
#12025 = VECTOR( '', #12980, 1.00000000000000 );
#12026 = CARTESIAN_POINT( '', ( 0.00527500000001000, -0.00197500000001000, -0.000450000000010000 ) );
#12027 = VECTOR( '', #12981, 1.00000000000000 );
#12028 = COLOUR_RGB( '', 0.866666674600000, 0.321568638100000, 0.156862750600000 );
#12029 = COLOUR_RGB( '', 0.866666674600000, 0.321568638100000, 0.156862750600000 );
#12030 = COLOUR_RGB( '', 0.866666674600000, 0.321568638100000, 0.156862750600000 );
#12031 = CARTESIAN_POINT( '', ( 0.00157500000000000, -0.00292500000000000, 0.00100000000000000 ) );
#12032 = CARTESIAN_POINT( '', ( 0.00157500000001000, -0.00292500000001000, 0.00100000000001000 ) );
#12033 = VECTOR( '', #12982, 1.00000000000000 );
#12034 = CARTESIAN_POINT( '', ( 0.00157500000001000, -0.00292500000001000, 0.00160000000001000 ) );
#12035 = VECTOR( '', #12983, 1.00000000000000 );
#12036 = COLOUR_RGB( '', 0.866666674600000, 0.321568638100000, 0.156862750600000 );
#12037 = CARTESIAN_POINT( '', ( 0.00203500000001000, -2.50000000100000E-05, -0.000775000000010000 ) );
#12038 = VECTOR( '', #12984, 1.00000000000000 );
#12039 = CARTESIAN_POINT( '', ( 0.00203500000001000, -2.50000000100000E-05, -0.000175000000010000 ) );
#12040 = VECTOR( '', #12985, 1.00000000000000 );
#12041 = COLOUR_RGB( '', 0.866666674600000, 0.321568638100000, 0.156862750600000 );
#12042 = COLOUR_RGB( '', 0.866666674600000, 0.321568638100000, 0.156862750600000 );
#12043 = AXIS2_PLACEMENT_3D( '', #12986, #12987, #12988 );
#12044 = COLOUR_RGB( '', 0.866666674600000, 0.321568638100000, 0.156862750600000 );
#12045 = AXIS2_PLACEMENT_3D( '', #12989, #12990, #12991 );
#12046 = CARTESIAN_POINT( '', ( -0.00296500000001000, -0.00382500000000000, -0.000600000000000000 ) );
#12047 = VECTOR( '', #12992, 1.00000000000000 );
#12048 = COLOUR_RGB( '', 0.866666674600000, 0.321568638100000, 0.156862750600000 );
#12049 = CARTESIAN_POINT( '', ( 0.00335000000000000, -0.00372500000000000, -0.000600000000000000 ) );
#12050 = CARTESIAN_POINT( '', ( 0.00335000000001000, -0.00372500000001000, -0.00160000000001000 ) );
#12051 = VECTOR( '', #12993, 1.00000000000000 );
#12052 = CARTESIAN_POINT( '', ( 0.00328500000000785, -0.00337840204454753, -0.000600000000000000 ) );
#12053 = CARTESIAN_POINT( '', ( 0.00335000000001574, -0.00372499999999704, -0.000600000000000000 ) );
#12054 = CARTESIAN_POINT( '', ( 0.00328500000001000, -0.00337833333334300, -0.00160000000001000 ) );
#12055 = VECTOR( '', #12994, 1.00000000000000 );
#12056 = COLOUR_RGB( '', 0.866666674600000, 0.321568638100000, 0.156862750600000 );
#12057 = CARTESIAN_POINT( '', ( 0.00527500000000000, 0.000675000000000000, 0.000400000000000000 ) );
#12058 = CARTESIAN_POINT( '', ( 0.00557500000001000, 0.000975000000010000, 0.000400000000010000 ) );
#12059 = VECTOR( '', #12995, 1.00000000000000 );
#12060 = CARTESIAN_POINT( '', ( 0.00527500000001000, -0.00197500000001000, 0.000400000000010000 ) );
#12061 = VECTOR( '', #12996, 1.00000000000000 );
#12062 = COLOUR_RGB( '', 0.866666674600000, 0.321568638100000, 0.156862750600000 );
#12063 = CARTESIAN_POINT( '', ( 0.00517500000001000, -0.00382500000001000, -0.00160000000001000 ) );
#12064 = VECTOR( '', #12997, 1.00000000000000 );
#12065 = CARTESIAN_POINT( '', ( 0.00517500000001000, 0.000975000000010000, -0.00190000000001000 ) );
#12066 = VECTOR( '', #12998, 1.00000000000000 );
#12067 = CARTESIAN_POINT( '', ( 0.00517500000000000, -0.00452500000000000, 0.000100000000000000 ) );
#12068 = CARTESIAN_POINT( '', ( 0.00517500000001000, -0.00452500000001000, 0.000100000000010000 ) );
#12069 = VECTOR( '', #12999, 1.00000000000000 );
#12070 = CARTESIAN_POINT( '', ( 0.00517500000001000, -0.00452500000001000, 0.000100000000010000 ) );
#12071 = VECTOR( '', #13000, 1.00000000000000 );
#12072 = COLOUR_RGB( '', 0.866666674600000, 0.321568638100000, 0.156862750600000 );
#12073 = CARTESIAN_POINT( '', ( 0.00328500000001000, -0.00330000000001000, -0.00160000000001000 ) );
#12074 = VECTOR( '', #13001, 1.00000000000000 );
#12075 = COLOUR_RGB( '', 0.866666674600000, 0.321568638100000, 0.156862750600000 );
#12076 = CARTESIAN_POINT( '', ( -0.000925000000010000, -0.00292500000001000, 0.00160000000001000 ) );
#12077 = VECTOR( '', #13002, 1.00000000000000 );
#12078 = COLOUR_RGB( '', 0.866666674600000, 0.321568638100000, 0.156862750600000 );
#12079 = COLOUR_RGB( '', 0.866666674600000, 0.321568638100000, 0.156862750600000 );
#12080 = CARTESIAN_POINT( '', ( 0.00527500000001000, -2.50000000100000E-05, 0.00120000000001000 ) );
#12081 = VECTOR( '', #13003, 1.00000000000000 );
#12082 = CARTESIAN_POINT( '', ( 0.00527500000001000, 0.000675000000010000, 0.00120000000001000 ) );
#12083 = VECTOR( '', #13004, 1.00000000000000 );
#12084 = COLOUR_RGB( '', 0.866666674600000, 0.321568638100000, 0.156862750600000 );
#12085 = CARTESIAN_POINT( '', ( -0.000400000000010000, -0.00372500000001000, -0.000600000000010000 ) );
#12086 = VECTOR( '', #13005, 1.00000000000000 );
#12087 = COLOUR_RGB( '', 0.866666674600000, 0.321568638100000, 0.156862750600000 );
#12088 = CARTESIAN_POINT( '', ( 0.000300000000010000, -0.00382500000001000, -0.000600000000010000 ) );
#12089 = VECTOR( '', #13006, 1.00000000000000 );
#12090 = COLOUR_RGB( '', 0.866666674600000, 0.321568638100000, 0.156862750600000 );
#12091 = CARTESIAN_POINT( '', ( -0.00421500000000000, -0.00330000000000000, -0.00370000000000000 ) );
#12092 = CARTESIAN_POINT( '', ( -0.00421500000001000, -0.00330000000001000, -0.00160000000001000 ) );
#12093 = VECTOR( '', #13007, 1.00000000000000 );
#12094 = CARTESIAN_POINT( '', ( -0.00453500000001000, -0.00330000000001000, -0.00370000000001000 ) );
#12095 = VECTOR( '', #13008, 1.00000000000000 );
#12096 = COLOUR_RGB( '', 0.866666674600000, 0.321568638100000, 0.156862750600000 );
#12097 = CARTESIAN_POINT( '', ( 0.00171500000001000, -0.00330000000001000, -0.00370000000001000 ) );
#12098 = VECTOR( '', #13009, 1.00000000000000 );
#12099 = COLOUR_RGB( '', 0.866666674600000, 0.321568638100000, 0.156862750600000 );
#12100 = COLOUR_RGB( '', 0.866666674600000, 0.321568638100000, 0.156862750600000 );
#12101 = COLOUR_RGB( '', 0.866666674600000, 0.321568638100000, 0.156862750600000 );
#12102 = CARTESIAN_POINT( '', ( -0.00302500000001000, -0.00335000000001000, -0.00420000000001000 ) );
#12103 = VECTOR( '', #13010, 1.00000000000000 );
#12104 = COLOUR_RGB( '', 0.866666674600000, 0.321568638100000, 0.156862750600000 );
#12105 = COLOUR_RGB( '', 0.866666674600000, 0.321568638100000, 0.156862750600000 );
#12106 = CARTESIAN_POINT( '', ( 0.00177500000001000, 0.000275000000010000, -0.000675000000010000 ) );
#12107 = VECTOR( '', #13011, 1.00000000000000 );
#12108 = COLOUR_RGB( '', 0.866666674600000, 0.321568638100000, 0.156862750600000 );
#12109 = AXIS2_PLACEMENT_3D( '', #13012, #13013, #13014 );
#12110 = CARTESIAN_POINT( '', ( 0.000785000000010000, -0.00337833333334300, -0.00160000000001000 ) );
#12111 = VECTOR( '', #13015, 1.00000000000000 );
#12112 = COLOUR_RGB( '', 0.866666674600000, 0.321568638100000, 0.156862750600000 );
#12113 = CARTESIAN_POINT( '', ( -0.00527500000001000, -2.50000000100000E-05, 0.00150000000001000 ) );
#12114 = VECTOR( '', #13016, 1.00000000000000 );
#12115 = COLOUR_RGB( '', 0.866666674600000, 0.321568638100000, 0.156862750600000 );
#12116 = CARTESIAN_POINT( '', ( -0.00421500000001000, -2.50000000100000E-05, -0.000775000000010000 ) );
#12117 = VECTOR( '', #13017, 1.00000000000000 );
#12118 = COLOUR_RGB( '', 0.866666674600000, 0.321568638100000, 0.156862750600000 );
#12119 = COLOUR_RGB( '', 0.866666674600000, 0.321568638100000, 0.156862750600000 );
#12120 = CARTESIAN_POINT( '', ( 0.00517500000001000, -0.00452500000001000, 0.000100000000010000 ) );
#12121 = VECTOR( '', #13018, 1.00000000000000 );
#12122 = COLOUR_RGB( '', 0.866666674600000, 0.321568638100000, 0.156862750600000 );
#12123 = COLOUR_RGB( '', 0.866666674600000, 0.321568638100000, 0.156862750600000 );
#12124 = CARTESIAN_POINT( '', ( -0.000950000000010000, -0.00382500000001000, -0.00160000000001000 ) );
#12125 = VECTOR( '', #13019, 1.00000000000000 );
#12126 = COLOUR_RGB( '', 0.866666674600000, 0.321568638100000, 0.156862750600000 );
#12127 = AXIS2_PLACEMENT_3D( '', #13020, #13021, #13022 );
#12128 = COLOUR_RGB( '', 0.866666674600000, 0.321568638100000, 0.156862750600000 );
#12129 = CARTESIAN_POINT( '', ( 0.00328500000000000, -0.00365000000000000, -0.00127500000000000 ) );
#12130 = AXIS2_PLACEMENT_3D( '', #13023, #13024, #13025 );
#12131 = CARTESIAN_POINT( '', ( 0.00328500000001000, -0.00365000000001000, -0.00127500000001000 ) );
#12132 = VECTOR( '', #13026, 1.00000000000000 );
#12133 = COLOUR_RGB( '', 0.866666674600000, 0.321568638100000, 0.156862750600000 );
#12134 = CARTESIAN_POINT( '', ( -0.00328500000000000, -0.00322500000000000, -0.000600000000010005 ) );
#12135 = CARTESIAN_POINT( '', ( -0.00328500000000000, -0.00337840204454900, -0.000599928405774747 ) );
#12136 = COLOUR_RGB( '', 0.866666674600000, 0.321568638100000, 0.156862750600000 );
#12137 = CARTESIAN_POINT( '', ( 0.00203500000001000, -0.00330000000001000, -0.00370000000001000 ) );
#12138 = CARTESIAN_POINT( '', ( 0.00203500000001000, -0.00330000000001000, -0.00386767416106800 ) );
#12139 = CARTESIAN_POINT( '', ( 0.00201500000001000, -0.00331666666667700, -0.00403434082773400 ) );
#12140 = CARTESIAN_POINT( '', ( 0.00197500000001000, -0.00335000000001000, -0.00420000000001000 ) );
#12141 = COLOUR_RGB( '', 0.866666674600000, 0.321568638100000, 0.156862750600000 );
#12142 = COLOUR_RGB( '', 0.866666674600000, 0.321568638100000, 0.156862750600000 );
#12143 = CARTESIAN_POINT( '', ( -0.00177500000001000, 0.000275000000010000, -0.000275000000010000 ) );
#12144 = CARTESIAN_POINT( '', ( -0.00173500000001000, 0.000178580812066500, -0.000208333333343300 ) );
#12145 = CARTESIAN_POINT( '', ( -0.00171500000001000, 7.85808120665200E-05, -0.000175000000010000 ) );
#12146 = CARTESIAN_POINT( '', ( -0.00171500000001000, -2.50000000100000E-05, -0.000175000000010000 ) );
#12147 = COLOUR_RGB( '', 0.866666674600000, 0.321568638100000, 0.156862750600000 );
#12148 = CARTESIAN_POINT( '', ( 0.00557500000001000, 0.000975000000010000, -0.000450000000010000 ) );
#12149 = VECTOR( '', #13027, 1.00000000000000 );
#12150 = CARTESIAN_POINT( '', ( 0.00557500000001000, 0.000975000000010000, 0.00120000000001000 ) );
#12151 = VECTOR( '', #13028, 1.00000000000000 );
#12152 = COLOUR_RGB( '', 0.866666674600000, 0.321568638100000, 0.156862750600000 );
#12153 = CARTESIAN_POINT( '', ( 0.00217500000001000, -0.00292500000001000, 0.00100000000001000 ) );
#12154 = VECTOR( '', #13029, 1.00000000000000 );
#12155 = COLOUR_RGB( '', 0.866666674600000, 0.321568638100000, 0.156862750600000 );
#12156 = CARTESIAN_POINT( '', ( 0.000465000000010000, -2.50000000100000E-05, -0.000175000000010000 ) );
#12157 = VECTOR( '', #13030, 1.00000000000000 );
#12158 = COLOUR_RGB( '', 0.866666674600000, 0.321568638100000, 0.156862750600000 );
#12159 = CARTESIAN_POINT( '', ( -0.00447500000001000, 0.000275000000010000, -0.000275000000010000 ) );
#12160 = CARTESIAN_POINT( '', ( -0.00451500000001000, 0.000178580812066500, -0.000208333333343300 ) );
#12161 = CARTESIAN_POINT( '', ( -0.00453500000001000, 7.85808120665200E-05, -0.000175000000010000 ) );
#12162 = CARTESIAN_POINT( '', ( -0.00453500000001000, -2.50000000100000E-05, -0.000175000000010000 ) );
#12163 = COLOUR_RGB( '', 0.866666674600000, 0.321568638100000, 0.156862750600000 );
#12164 = CARTESIAN_POINT( '', ( -0.000465000000010000, -2.50000000100000E-05, -0.000175000000010000 ) );
#12165 = VECTOR( '', #13031, 1.00000000000000 );
#12166 = CARTESIAN_POINT( '', ( -0.000785000000010000, -2.50000000100000E-05, -0.000175000000010000 ) );
#12167 = VECTOR( '', #13032, 1.00000000000000 );
#12168 = COLOUR_RGB( '', 0.866666674600000, 0.321568638100000, 0.156862750600000 );
#12169 = CARTESIAN_POINT( '', ( 0.00421500000001000, -0.00365000000001000, -0.00370000000001000 ) );
#12170 = CARTESIAN_POINT( '', ( 0.00421500000001000, -0.00365000000001000, -0.00386767416106800 ) );
#12171 = CARTESIAN_POINT( '', ( 0.00423500000001000, -0.00363333333334300, -0.00403434082773400 ) );
#12172 = CARTESIAN_POINT( '', ( 0.00427500000001000, -0.00360000000001000, -0.00420000000001000 ) );
#12173 = CARTESIAN_POINT( '', ( 0.00421500000001000, -0.00365000000001000, -0.00370000000001000 ) );
#12174 = VECTOR( '', #13033, 1.00000000000000 );
#12175 = COLOUR_RGB( '', 0.866666674600000, 0.321568638100000, 0.156862750600000 );
#12176 = CARTESIAN_POINT( '', ( 0.00203500000001000, -0.00365000000001000, -0.00370000000001000 ) );
#12177 = CARTESIAN_POINT( '', ( 0.00203500000001000, -0.00365000000001000, -0.00386767416106800 ) );
#12178 = CARTESIAN_POINT( '', ( 0.00201500000001000, -0.00363333333334300, -0.00403434082773400 ) );
#12179 = CARTESIAN_POINT( '', ( 0.00197500000001000, -0.00360000000001000, -0.00420000000001000 ) );
#12180 = COLOUR_RGB( '', 0.866666674600000, 0.321568638100000, 0.156862750600000 );
#12181 = CARTESIAN_POINT( '', ( 0.000465000000010000, -2.50000000100000E-05, -0.000775000000010000 ) );
#12182 = VECTOR( '', #13034, 1.00000000000000 );
#12183 = COLOUR_RGB( '', 0.866666674600000, 0.321568638100000, 0.156862750600000 );
#12184 = CARTESIAN_POINT( '', ( -0.00345000000001000, -0.00382500000001000, -0.000600000000010000 ) );
#12185 = VECTOR( '', #13035, 1.00000000000000 );
#12186 = COLOUR_RGB( '', 0.866666674600000, 0.321568638100000, 0.156862750600000 );
#12187 = COLOUR_RGB( '', 0.866666674600000, 0.321568638100000, 0.156862750600000 );
#12188 = CARTESIAN_POINT( '', ( 0.00320000000001000, -0.000475000000010000, -0.00120000000001000 ) );
#12189 = VECTOR( '', #13036, 1.00000000000000 );
#12190 = COLOUR_RGB( '', 0.866666674600000, 0.321568638100000, 0.156862750600000 );
#12191 = CARTESIAN_POINT( '', ( 0.00345000000000000, -0.00382500000000000, -0.000600000000000000 ) );
#12192 = CARTESIAN_POINT( '', ( 0.00335000000001000, -0.00372500000001000, -0.000600000000010000 ) );
#12193 = VECTOR( '', #13037, 1.00000000000000 );
#12194 = CARTESIAN_POINT( '', ( 0.00345000000001000, -0.00382500000001000, -0.000600000000010000 ) );
#12195 = VECTOR( '', #13038, 1.00000000000000 );
#12196 = COLOUR_RGB( '', 0.866666674600000, 0.321568638100000, 0.156862750600000 );
#12197 = COLOUR_RGB( '', 0.866666674600000, 0.321568638100000, 0.156862750600000 );
#12198 = COLOUR_RGB( '', 0.866666674600000, 0.321568638100000, 0.156862750600000 );
#12199 = COLOUR_RGB( '', 0.866666674600000, 0.321568638100000, 0.156862750600000 );
#12200 = CARTESIAN_POINT( '', ( 0.00427500000001000, 0.000275000000010000, -0.000275000000010000 ) );
#12201 = VECTOR( '', #13039, 1.00000000000000 );
#12202 = COLOUR_RGB( '', 0.866666674600000, 0.321568638100000, 0.156862750600000 );
#12203 = COLOUR_RGB( '', 0.866666674600000, 0.321568638100000, 0.156862750600000 );
#12204 = COLOUR_RGB( '', 0.866666674600000, 0.321568638100000, 0.156862750600000 );
#12205 = COLOUR_RGB( '', 0.866666674600000, 0.321568638100000, 0.156862750600000 );
#12206 = CARTESIAN_POINT( '', ( 0.00328500000001000, -0.00365000000001000, -0.00127500000001000 ) );
#12207 = VECTOR( '', #13040, 1.00000000000000 );
#12208 = COLOUR_RGB( '', 0.866666674600000, 0.321568638100000, 0.156862750600000 );
#12209 = CARTESIAN_POINT( '', ( 0.00527500000001000, 0.000675000000010000, -0.00120000000001000 ) );
#12210 = VECTOR( '', #13041, 1.00000000000000 );
#12211 = CARTESIAN_POINT( '', ( -0.00320000000001000, -0.00162500000001000, -0.00120000000001000 ) );
#12212 = VECTOR( '', #13042, 1.00000000000000 );
#12213 = COLOUR_RGB( '', 0.866666674600000, 0.321568638100000, 0.156862750600000 );
#12214 = COLOUR_RGB( '', 0.866666674600000, 0.321568638100000, 0.156862750600000 );
#12215 = CARTESIAN_POINT( '', ( 0.00421500000001000, -2.50000000100000E-05, -0.000175000000010000 ) );
#12216 = VECTOR( '', #13043, 1.00000000000000 );
#12217 = CARTESIAN_POINT( '', ( 0.00421500000001000, -2.50000000100000E-05, -0.000775000000010000 ) );
#12218 = VECTOR( '', #13044, 1.00000000000000 );
#12219 = COLOUR_RGB( '', 0.866666674600000, 0.321568638100000, 0.156862750600000 );
#12220 = COLOUR_RGB( '', 0.866666674600000, 0.321568638100000, 0.156862750600000 );
#12221 = COLOUR_RGB( '', 0.866666674600000, 0.321568638100000, 0.156862750600000 );
#12222 = COLOUR_RGB( '', 0.866666674600000, 0.321568638100000, 0.156862750600000 );
#12223 = COLOUR_RGB( '', 0.866666674600000, 0.321568638100000, 0.156862750600000 );
#12224 = COLOUR_RGB( '', 0.866666674600000, 0.321568638100000, 0.156862750600000 );
#12225 = CARTESIAN_POINT( '', ( 0.00453500000001000, -2.50000000100000E-05, -0.000775000000010000 ) );
#12226 = VECTOR( '', #13045, 1.00000000000000 );
#12227 = COLOUR_RGB( '', 0.866666674600000, 0.321568638100000, 0.156862750600000 );
#12228 = CARTESIAN_POINT( '', ( 0.00527500000001000, 0.000675000000010000, -0.000450000000010000 ) );
#12229 = VECTOR( '', #13046, 1.00000000000000 );
#12230 = COLOUR_RGB( '', 0.866666674600000, 0.321568638100000, 0.156862750600000 );
#12231 = COLOUR_RGB( '', 0.866666674600000, 0.321568638100000, 0.156862750600000 );
#12232 = CARTESIAN_POINT( '', ( 0.00171500000001000, -2.50000000100000E-05, -0.000775000000010000 ) );
#12233 = VECTOR( '', #13047, 1.00000000000000 );
#12234 = COLOUR_RGB( '', 0.866666674600000, 0.321568638100000, 0.156862750600000 );
#12235 = CARTESIAN_POINT( '', ( -0.00421500000001000, -0.00330000000001000, -0.00370000000001000 ) );
#12236 = VECTOR( '', #13048, 1.00000000000000 );
#12237 = COLOUR_RGB( '', 0.866666674600000, 0.321568638100000, 0.156862750600000 );
#12238 = CARTESIAN_POINT( '', ( -0.00302500000001000, 0.000275000000010000, -0.000275000000010000 ) );
#12239 = CARTESIAN_POINT( '', ( -0.00298500000001000, 0.000178580812066500, -0.000208333333343300 ) );
#12240 = CARTESIAN_POINT( '', ( -0.00296500000001000, 7.85808120665200E-05, -0.000175000000010000 ) );
#12241 = CARTESIAN_POINT( '', ( -0.00296500000001000, -2.50000000100000E-05, -0.000175000000010000 ) );
#12242 = CARTESIAN_POINT( '', ( -0.00302500000001000, 0.000275000000010000, -0.000675000000010000 ) );
#12243 = CARTESIAN_POINT( '', ( -0.00298500000001000, 0.000178580812066500, -0.000741666666676700 ) );
#12244 = CARTESIAN_POINT( '', ( -0.00296500000001000, 7.85808120665200E-05, -0.000775000000010000 ) );
#12245 = CARTESIAN_POINT( '', ( -0.00296500000001000, -2.50000000100000E-05, -0.000775000000010000 ) );
#12246 = COLOUR_RGB( '', 0.866666674600000, 0.321568638100000, 0.156862750600000 );
#12247 = COLOUR_RGB( '', 0.866666674600000, 0.321568638100000, 0.156862750600000 );
#12248 = COLOUR_RGB( '', 0.866666674600000, 0.321568638100000, 0.156862750600000 );
#12249 = COLOUR_RGB( '', 0.866666674600000, 0.321568638100000, 0.156862750600000 );
#12250 = COLOUR_RGB( '', 0.866666674600000, 0.321568638100000, 0.156862750600000 );
#12251 = COLOUR_RGB( '', 0.866666674600000, 0.321568638100000, 0.156862750600000 );
#12252 = COLOUR_RGB( '', 0.866666674600000, 0.321568638100000, 0.156862750600000 );
#12253 = COLOUR_RGB( '', 0.866666674600000, 0.321568638100000, 0.156862750600000 );
#12254 = COLOUR_RGB( '', 0.866666674600000, 0.321568638100000, 0.156862750600000 );
#12255 = CARTESIAN_POINT( '', ( 0.00421500000001000, -0.00330000000001000, -0.00160000000001000 ) );
#12256 = VECTOR( '', #13049, 1.00000000000000 );
#12257 = COLOUR_RGB( '', 0.866666674600000, 0.321568638100000, 0.156862750600000 );
#12258 = COLOUR_RGB( '', 0.866666674600000, 0.321568638100000, 0.156862750600000 );
#12259 = COLOUR_RGB( '', 0.866666674600000, 0.321568638100000, 0.156862750600000 );
#12260 = CARTESIAN_POINT( '', ( 0.00453500000001000, -0.00365000000001000, -0.00370000000001000 ) );
#12261 = CARTESIAN_POINT( '', ( 0.00453500000001000, -0.00365000000001000, -0.00386767416106800 ) );
#12262 = CARTESIAN_POINT( '', ( 0.00451500000001000, -0.00363333333334300, -0.00403434082773400 ) );
#12263 = CARTESIAN_POINT( '', ( 0.00447500000001000, -0.00360000000001000, -0.00420000000001000 ) );
#12264 = COLOUR_RGB( '', 0.866666674600000, 0.321568638100000, 0.156862750600000 );
#12265 = COLOUR_RGB( '', 0.866666674600000, 0.321568638100000, 0.156862750600000 );
#12266 = COLOUR_RGB( '', 0.866666674600000, 0.321568638100000, 0.156862750600000 );
#12267 = COLOUR_RGB( '', 0.866666674600000, 0.321568638100000, 0.156862750600000 );
#12268 = COLOUR_RGB( '', 0.866666674600000, 0.321568638100000, 0.156862750600000 );
#12269 = COLOUR_RGB( '', 0.866666674600000, 0.321568638100000, 0.156862750600000 );
#12270 = CARTESIAN_POINT( '', ( -0.00157500000001000, -0.00292500000001000, 0.00160000000001000 ) );
#12271 = VECTOR( '', #13050, 1.00000000000000 );
#12272 = COLOUR_RGB( '', 0.866666674600000, 0.321568638100000, 0.156862750600000 );
#12273 = COLOUR_RGB( '', 0.866666674600000, 0.321568638100000, 0.156862750600000 );
#12274 = COLOUR_RGB( '', 0.866666674600000, 0.321568638100000, 0.156862750600000 );
#12275 = COLOUR_RGB( '', 0.866666674600000, 0.321568638100000, 0.156862750600000 );
#12276 = COLOUR_RGB( '', 0.866666674600000, 0.321568638100000, 0.156862750600000 );
#12277 = COLOUR_RGB( '', 0.866666674600000, 0.321568638100000, 0.156862750600000 );
#12278 = COLOUR_RGB( '', 0.866666674600000, 0.321568638100000, 0.156862750600000 );
#12279 = COLOUR_RGB( '', 0.866666674600000, 0.321568638100000, 0.156862750600000 );
#12280 = CARTESIAN_POINT( '', ( 0.00345000000001000, -0.00382500000001000, -0.00160000000001000 ) );
#12281 = VECTOR( '', #13051, 1.00000000000000 );
#12282 = COLOUR_RGB( '', 0.866666674600000, 0.321568638100000, 0.156862750600000 );
#12283 = COLOUR_RGB( '', 0.866666674600000, 0.321568638100000, 0.156862750600000 );
#12284 = CARTESIAN_POINT( '', ( -0.00421500000001000, -0.00330000000001000, -0.00370000000001000 ) );
#12285 = CARTESIAN_POINT( '', ( -0.00421500000001000, -0.00330000000001000, -0.00386767416106800 ) );
#12286 = CARTESIAN_POINT( '', ( -0.00423500000001000, -0.00331666666667700, -0.00403434082773400 ) );
#12287 = CARTESIAN_POINT( '', ( -0.00427500000001000, -0.00335000000001000, -0.00420000000001000 ) );
#12288 = COLOUR_RGB( '', 0.866666674600000, 0.321568638100000, 0.156862750600000 );
#12289 = COLOUR_RGB( '', 0.866666674600000, 0.321568638100000, 0.156862750600000 );
#12290 = COLOUR_RGB( '', 0.866666674600000, 0.321568638100000, 0.156862750600000 );
#12291 = COLOUR_RGB( '', 0.866666674600000, 0.321568638100000, 0.156862750600000 );
#12292 = COLOUR_RGB( '', 0.866666674600000, 0.321568638100000, 0.156862750600000 );
#12293 = COLOUR_RGB( '', 0.866666674600000, 0.321568638100000, 0.156862750600000 );
#12294 = COLOUR_RGB( '', 0.866666674600000, 0.321568638100000, 0.156862750600000 );
#12295 = COLOUR_RGB( '', 0.866666674600000, 0.321568638100000, 0.156862750600000 );
#12296 = DIRECTION( '', ( 0.00000000000000, -1.00000000000000, 0.00000000000000 ) );
#12297 = DIRECTION( '', ( 1.00000000000000, 0.00000000000000, 0.00000000000000 ) );
#12298 = DIRECTION( '', ( 0.00000000000000, 1.00000000000000, 0.00000000000000 ) );
#12299 = DIRECTION( '', ( -1.00000000000000, 0.00000000000000, 0.00000000000000 ) );
#12300 = DIRECTION( '', ( 0.00000000000000, -1.00000000000000, 0.00000000000000 ) );
#12301 = DIRECTION( '', ( 1.00000000000000, 0.00000000000000, 0.00000000000000 ) );
#12302 = DIRECTION( '', ( 0.00000000000000, -1.00000000000000, 0.00000000000000 ) );
#12303 = DIRECTION( '', ( 1.00000000000000, 0.00000000000000, 0.00000000000000 ) );
#12304 = DIRECTION( '', ( 0.00000000000000, 1.00000000000000, 0.00000000000000 ) );
#12305 = DIRECTION( '', ( 0.00000000000000, 1.00000000000000, 0.00000000000000 ) );
#12306 = DIRECTION( '', ( 0.00000000000000, 0.00000000000000, 1.00000000000000 ) );
#12307 = DIRECTION( '', ( 0.707106781186548, 0.707106781186548, 0.00000000000000 ) );
#12308 = DIRECTION( '', ( 0.00000000000000, 0.00000000000000, 1.00000000000000 ) );
#12309 = DIRECTION( '', ( 0.707106781186498, 0.707106781186598, 0.00000000000000 ) );
#12310 = DIRECTION( '', ( 1.00000000000000, 0.00000000000000, 0.00000000000000 ) );
#12311 = DIRECTION( '', ( 1.00000000000000, 0.00000000000000, 0.00000000000000 ) );
#12312 = DIRECTION( '', ( 0.00000000000000, -1.00000000000000, 0.00000000000000 ) );
#12313 = DIRECTION( '', ( 0.00000000000000, 0.00000000000000, -1.00000000000000 ) );
#12314 = DIRECTION( '', ( 0.00000000000000, -1.00000000000000, 0.00000000000000 ) );
#12315 = DIRECTION( '', ( 0.00000000000000, 0.00000000000000, -1.00000000000000 ) );
#12316 = DIRECTION( '', ( 0.00000000000000, 1.00000000000000, 0.00000000000000 ) );
#12317 = DIRECTION( '', ( -1.00000000000000, 0.00000000000000, 0.00000000000000 ) );
#12318 = DIRECTION( '', ( 0.00000000000000, -1.00000000000000, 0.00000000000000 ) );
#12319 = DIRECTION( '', ( 1.00000000000000, 0.00000000000000, 0.00000000000000 ) );
#12320 = DIRECTION( '', ( 0.00000000000000, 1.00000000000000, 0.00000000000000 ) );
#12321 = DIRECTION( '', ( 1.00000000000000, 0.00000000000000, 0.00000000000000 ) );
#12322 = DIRECTION( '', ( 0.00000000000000, -1.00000000000000, 0.00000000000000 ) );
#12323 = DIRECTION( '', ( -1.00000000000000, 0.00000000000000, 0.00000000000000 ) );
#12324 = DIRECTION( '', ( 1.00000000000000, 0.00000000000000, 0.00000000000000 ) );
#12325 = DIRECTION( '', ( 0.00000000000000, 0.00000000000000, 1.00000000000000 ) );
#12326 = DIRECTION( '', ( 0.184288535072457, 0.982872186930146, 0.00000000000000 ) );
#12327 = DIRECTION( '', ( 0.00000000000000, -6.87063068601586E-05, 0.999999997639722 ) );
#12328 = DIRECTION( '', ( -1.00000000000000, 0.00000000000000, 0.00000000000000 ) );
#12329 = DIRECTION( '', ( 0.00000000000000, -1.00000000000000, 0.00000000000000 ) );
#12330 = DIRECTION( '', ( 1.00000000000000, 0.00000000000000, 0.00000000000000 ) );
#12331 = DIRECTION( '', ( 0.00000000000000, 1.00000000000000, 0.00000000000000 ) );
#12332 = DIRECTION( '', ( 0.577350269189626, -0.577350269189626, 0.577350269189626 ) );
#12333 = DIRECTION( '', ( -1.00000000000000, 0.00000000000000, 0.00000000000000 ) );
#12334 = DIRECTION( '', ( -0.577350269189626, -0.577350269189626, 0.577350269189626 ) );
#12335 = DIRECTION( '', ( -1.00000000000000, 0.00000000000000, 0.00000000000000 ) );
#12336 = DIRECTION( '', ( 1.00000000000000, 0.00000000000000, 0.00000000000000 ) );
#12337 = DIRECTION( '', ( 0.00000000000000, -1.00000000000000, 0.00000000000000 ) );
#12338 = DIRECTION( '', ( -1.00000000000000, 0.00000000000000, 0.00000000000000 ) );
#12339 = DIRECTION( '', ( 0.00000000000000, 0.00000000000000, -1.00000000000000 ) );
#12340 = DIRECTION( '', ( -1.00000000000000, 0.00000000000000, 0.00000000000000 ) );
#12341 = DIRECTION( '', ( 0.00000000000000, 0.00000000000000, -1.00000000000000 ) );
#12342 = DIRECTION( '', ( -1.00000000000000, 0.00000000000000, 0.00000000000000 ) );
#12343 = DIRECTION( '', ( 0.00000000000000, 1.00000000000000, 0.00000000000000 ) );
#12344 = DIRECTION( '', ( -1.00000000000000, 0.00000000000000, 0.00000000000000 ) );
#12345 = DIRECTION( '', ( 0.00000000000000, -1.00000000000000, 0.00000000000000 ) );
#12346 = DIRECTION( '', ( 1.00000000000000, 0.00000000000000, 0.00000000000000 ) );
#12347 = DIRECTION( '', ( 0.00000000000000, -1.00000000000000, 0.00000000000000 ) );
#12348 = DIRECTION( '', ( 0.00000000000000, 0.00000000000000, 1.00000000000000 ) );
#12349 = DIRECTION( '', ( 0.00000000000000, -1.00000000000000, 0.00000000000000 ) );
#12350 = DIRECTION( '', ( 0.00000000000000, 0.00000000000000, 1.00000000000000 ) );
#12351 = DIRECTION( '', ( 0.00000000000000, 0.00000000000000, -1.00000000000000 ) );
#12352 = DIRECTION( '', ( 0.00000000000000, 0.00000000000000, -1.00000000000000 ) );
#12353 = DIRECTION( '', ( 0.00000000000000, 1.00000000000000, 0.00000000000000 ) );
#12354 = DIRECTION( '', ( 0.00000000000000, 0.00000000000000, 1.00000000000000 ) );
#12355 = DIRECTION( '', ( 0.184288535072457, 0.982872186930146, 0.00000000000000 ) );
#12356 = DIRECTION( '', ( 0.00000000000000, -6.87063068614886E-05, 0.999999997639722 ) );
#12357 = DIRECTION( '', ( -1.00000000000000, 0.00000000000000, 0.00000000000000 ) );
#12358 = DIRECTION( '', ( 0.00000000000000, 0.00000000000000, 1.00000000000000 ) );
#12359 = DIRECTION( '', ( 0.00000000000000, 0.00000000000000, 1.00000000000000 ) );
#12360 = DIRECTION( '', ( 0.707106781186548, -0.707106781186548, 0.00000000000000 ) );
#12361 = DIRECTION( '', ( 1.00000000000000, 0.00000000000000, 0.00000000000000 ) );
#12362 = DIRECTION( '', ( 0.707106781186548, 0.707106781186548, 0.00000000000000 ) );
#12363 = DIRECTION( '', ( -1.00000000000000, 0.00000000000000, 0.00000000000000 ) );
#12364 = DIRECTION( '', ( 0.00000000000000, -1.00000000000000, 0.00000000000000 ) );
#12365 = DIRECTION( '', ( 0.00000000000000, 1.00000000000000, 0.00000000000000 ) );
#12366 = DIRECTION( '', ( 0.00000000000000, 0.00000000000000, -1.00000000000000 ) );
#12367 = DIRECTION( '', ( 0.00000000000000, 1.00000000000000, 0.00000000000000 ) );
#12368 = DIRECTION( '', ( 0.00000000000000, 0.00000000000000, -1.00000000000000 ) );
#12369 = CARTESIAN_POINT( '', ( 0.000465000000010000, -0.00267500000001000, -0.00127500000001000 ) );
#12370 = DIRECTION( '', ( 1.00000000000000, 0.00000000000000, 0.00000000000000 ) );
#12371 = DIRECTION( '', ( 0.00000000000000, -0.721367521367298, 0.692552452249215 ) );
#12372 = DIRECTION( '', ( 0.00000000000000, -6.87063068597086E-05, 0.999999997639722 ) );
#12373 = DIRECTION( '', ( 1.00000000000000, 0.00000000000000, 0.00000000000000 ) );
#12374 = DIRECTION( '', ( 1.00000000000000, 0.00000000000000, 0.00000000000000 ) );
#12375 = DIRECTION( '', ( 1.00000000000000, 0.00000000000000, 0.00000000000000 ) );
#12376 = CARTESIAN_POINT( '', ( -0.000785000000010000, -0.00267500000001000, -0.00127500000001000 ) );
#12377 = DIRECTION( '', ( 1.00000000000000, 0.00000000000000, 0.00000000000000 ) );
#12378 = DIRECTION( '', ( 0.00000000000000, -0.564102564104808, 0.825704727593576 ) );
#12379 = CARTESIAN_POINT( '', ( -0.000785000000010000, -0.00267500000001000, -0.00127500000001000 ) );
#12380 = DIRECTION( '', ( 1.00000000000000, 0.00000000000000, 0.00000000000000 ) );
#12381 = DIRECTION( '', ( 0.00000000000000, -0.721367521367298, 0.692552452249215 ) );
#12382 = DIRECTION( '', ( -1.00000000000000, 0.00000000000000, 0.00000000000000 ) );
#12383 = CARTESIAN_POINT( '', ( -0.000465000000010000, -0.00267500000001000, -0.00127500000001000 ) );
#12384 = DIRECTION( '', ( 1.00000000000000, 0.00000000000000, 0.00000000000000 ) );
#12385 = DIRECTION( '', ( 0.00000000000000, -0.721367521367298, 0.692552452249215 ) );
#12386 = CARTESIAN_POINT( '', ( -0.000465000000010000, -0.00267500000001000, -0.00127500000001000 ) );
#12387 = DIRECTION( '', ( 1.00000000000000, 0.00000000000000, 0.00000000000000 ) );
#12388 = DIRECTION( '', ( 0.00000000000000, -0.564102564104808, 0.825704727593576 ) );
#12389 = DIRECTION( '', ( -1.00000000000000, 0.00000000000000, 0.00000000000000 ) );
#12390 = DIRECTION( '', ( 0.00000000000000, -1.00000000000000, 0.00000000000000 ) );
#12391 = DIRECTION( '', ( 1.00000000000000, 0.00000000000000, 0.00000000000000 ) );
#12392 = DIRECTION( '', ( 0.00000000000000, 0.00000000000000, -1.00000000000000 ) );
#12393 = DIRECTION( '', ( -1.00000000000000, 0.00000000000000, 0.00000000000000 ) );
#12394 = DIRECTION( '', ( 0.00000000000000, 0.00000000000000, -1.00000000000000 ) );
#12395 = DIRECTION( '', ( -1.00000000000000, 0.00000000000000, 0.00000000000000 ) );
#12396 = CARTESIAN_POINT( '', ( -0.00171500000001000, -0.00267500000001000, -0.00127500000001000 ) );
#12397 = DIRECTION( '', ( 1.00000000000000, 0.00000000000000, 0.00000000000000 ) );
#12398 = DIRECTION( '', ( 0.00000000000000, -0.721367521367298, 0.692552452249215 ) );
#12399 = DIRECTION( '', ( 0.00000000000000, 0.00000000000000, -1.00000000000000 ) );
#12400 = DIRECTION( '', ( 0.00000000000000, -1.00000000000000, 0.00000000000000 ) );
#12401 = DIRECTION( '', ( 0.00000000000000, 0.00000000000000, -1.00000000000000 ) );
#12402 = DIRECTION( '', ( 0.00000000000000, 1.00000000000000, 0.00000000000000 ) );
#12403 = DIRECTION( '', ( 0.00000000000000, -1.00000000000000, 0.00000000000000 ) );
#12404 = DIRECTION( '', ( 1.00000000000000, 0.00000000000000, 0.00000000000000 ) );
#12405 = DIRECTION( '', ( 0.00000000000000, -1.00000000000000, 0.00000000000000 ) );
#12406 = DIRECTION( '', ( 1.00000000000000, 0.00000000000000, 0.00000000000000 ) );
#12407 = DIRECTION( '', ( 0.00000000000000, -1.00000000000000, 0.00000000000000 ) );
#12408 = DIRECTION( '', ( 0.707106781186548, -0.707106781186548, 0.00000000000000 ) );
#12409 = DIRECTION( '', ( 1.00000000000000, 0.00000000000000, 0.00000000000000 ) );
#12410 = DIRECTION( '', ( 0.00000000000000, -1.00000000000000, 0.00000000000000 ) );
#12411 = DIRECTION( '', ( 1.00000000000000, 0.00000000000000, 0.00000000000000 ) );
#12412 = DIRECTION( '', ( 0.00000000000000, 1.00000000000000, 0.00000000000000 ) );
#12413 = DIRECTION( '', ( 1.00000000000000, 0.00000000000000, 0.00000000000000 ) );
#12414 = CARTESIAN_POINT( '', ( 0.00421500000001000, -0.00267500000001000, -0.00127500000001000 ) );
#12415 = DIRECTION( '', ( 1.00000000000000, 0.00000000000000, 0.00000000000000 ) );
#12416 = DIRECTION( '', ( 0.00000000000000, -0.564102564104808, 0.825704727593576 ) );
#12417 = CARTESIAN_POINT( '', ( 0.00421500000001000, -0.00267500000001000, -0.00127500000001000 ) );
#12418 = DIRECTION( '', ( 1.00000000000000, 0.00000000000000, 0.00000000000000 ) );
#12419 = DIRECTION( '', ( 0.00000000000000, -0.721367521367298, 0.692552452249215 ) );
#12420 = DIRECTION( '', ( -1.00000000000000, 0.00000000000000, 0.00000000000000 ) );
#12421 = CARTESIAN_POINT( '', ( 0.00453500000001000, -0.00267500000001000, -0.00127500000001000 ) );
#12422 = DIRECTION( '', ( 1.00000000000000, 0.00000000000000, 0.00000000000000 ) );
#12423 = DIRECTION( '', ( 0.00000000000000, -0.721367521367298, 0.692552452249215 ) );
#12424 = CARTESIAN_POINT( '', ( 0.00453500000001000, -0.00267500000001000, -0.00127500000001000 ) );
#12425 = DIRECTION( '', ( 1.00000000000000, 0.00000000000000, 0.00000000000000 ) );
#12426 = DIRECTION( '', ( 0.00000000000000, -0.564102564104808, 0.825704727593576 ) );
#12427 = DIRECTION( '', ( 0.00000000000000, 0.00000000000000, 1.00000000000000 ) );
#12428 = DIRECTION( '', ( 1.00000000000000, 0.00000000000000, 0.00000000000000 ) );
#12429 = DIRECTION( '', ( 0.00000000000000, 0.00000000000000, -1.00000000000000 ) );
#12430 = DIRECTION( '', ( -1.00000000000000, 0.00000000000000, 0.00000000000000 ) );
#12431 = DIRECTION( '', ( 1.00000000000000, 0.00000000000000, 0.00000000000000 ) );
#12432 = DIRECTION( '', ( 1.00000000000000, 0.00000000000000, 0.00000000000000 ) );
#12433 = DIRECTION( '', ( 1.00000000000000, 0.00000000000000, 0.00000000000000 ) );
#12434 = DIRECTION( '', ( -1.00000000000000, 0.00000000000000, 0.00000000000000 ) );
#12435 = DIRECTION( '', ( 0.00000000000000, 1.00000000000000, 0.00000000000000 ) );
#12436 = DIRECTION( '', ( -1.00000000000000, 0.00000000000000, 0.00000000000000 ) );
#12437 = DIRECTION( '', ( 0.00000000000000, 1.00000000000000, 0.00000000000000 ) );
#12438 = DIRECTION( '', ( 0.00000000000000, 0.00000000000000, 1.00000000000000 ) );
#12439 = DIRECTION( '', ( 0.00000000000000, 0.00000000000000, 1.00000000000000 ) );
#12440 = DIRECTION( '', ( 0.00000000000000, 0.00000000000000, 1.00000000000000 ) );
#12441 = DIRECTION( '', ( 0.00000000000000, 1.00000000000000, 0.00000000000000 ) );
#12442 = DIRECTION( '', ( 0.00000000000000, 0.00000000000000, 1.00000000000000 ) );
#12443 = DIRECTION( '', ( 0.00000000000000, -1.00000000000000, 0.00000000000000 ) );
#12444 = DIRECTION( '', ( 0.00000000000000, 0.00000000000000, 1.00000000000000 ) );
#12445 = DIRECTION( '', ( 0.00000000000000, 1.00000000000000, 0.00000000000000 ) );
#12446 = DIRECTION( '', ( 0.00000000000000, 0.00000000000000, 1.00000000000000 ) );
#12447 = DIRECTION( '', ( 0.00000000000000, 0.933345606201574, 0.358979079312731 ) );
#12448 = DIRECTION( '', ( 0.184288535072457, -0.982872186930146, 0.00000000000000 ) );
#12449 = DIRECTION( '', ( 0.00000000000000, 0.00000000000000, 1.00000000000000 ) );
#12450 = DIRECTION( '', ( 0.00000000000000, 1.00000000000000, 0.00000000000000 ) );
#12451 = DIRECTION( '', ( 0.00000000000000, 1.00000000000000, 0.00000000000000 ) );
#12452 = DIRECTION( '', ( 1.00000000000000, 0.00000000000000, 0.00000000000000 ) );
#12453 = DIRECTION( '', ( 0.00000000000000, 1.00000000000000, 0.00000000000000 ) );
#12454 = DIRECTION( '', ( -1.00000000000000, 0.00000000000000, 0.00000000000000 ) );
#12455 = DIRECTION( '', ( 0.00000000000000, 1.00000000000000, 0.00000000000000 ) );
#12456 = DIRECTION( '', ( 1.00000000000000, 0.00000000000000, 0.00000000000000 ) );
#12457 = DIRECTION( '', ( 0.00000000000000, -1.00000000000000, 0.00000000000000 ) );
#12458 = DIRECTION( '', ( -1.00000000000000, 0.00000000000000, 0.00000000000000 ) );
#12459 = DIRECTION( '', ( 0.00000000000000, 0.00000000000000, -1.00000000000000 ) );
#12460 = DIRECTION( '', ( 0.00000000000000, -1.00000000000000, 0.00000000000000 ) );
#12461 = DIRECTION( '', ( 0.00000000000000, 0.00000000000000, -1.00000000000000 ) );
#12462 = DIRECTION( '', ( 0.00000000000000, 1.00000000000000, 0.00000000000000 ) );
#12463 = DIRECTION( '', ( 0.00000000000000, -6.87063068619286E-05, 0.999999997639722 ) );
#12464 = DIRECTION( '', ( 0.00000000000000, 0.00000000000000, -1.00000000000000 ) );
#12465 = DIRECTION( '', ( 0.00000000000000, 0.933345606201574, 0.358979079312731 ) );
#12466 = DIRECTION( '', ( 0.00000000000000, 0.00000000000000, -1.00000000000000 ) );
#12467 = DIRECTION( '', ( 0.00000000000000, 0.00000000000000, -1.00000000000000 ) );
#12468 = DIRECTION( '', ( 0.00000000000000, -1.00000000000000, 0.00000000000000 ) );
#12469 = DIRECTION( '', ( 0.00000000000000, 0.00000000000000, -1.00000000000000 ) );
#12470 = DIRECTION( '', ( 0.00000000000000, 1.00000000000000, 0.00000000000000 ) );
#12471 = DIRECTION( '', ( 0.00000000000000, 0.00000000000000, -1.00000000000000 ) );
#12472 = DIRECTION( '', ( 0.00000000000000, 0.00000000000000, 1.00000000000000 ) );
#12473 = DIRECTION( '', ( 1.00000000000000, 0.00000000000000, 0.00000000000000 ) );
#12474 = DIRECTION( '', ( 0.00000000000000, 0.00000000000000, -1.00000000000000 ) );
#12475 = DIRECTION( '', ( -1.00000000000000, 0.00000000000000, 0.00000000000000 ) );
#12476 = DIRECTION( '', ( 0.00000000000000, 0.00000000000000, 1.00000000000000 ) );
#12477 = DIRECTION( '', ( 0.184288535072457, 0.982872186930146, 0.00000000000000 ) );
#12478 = DIRECTION( '', ( 0.00000000000000, 0.00000000000000, -1.00000000000000 ) );
#12479 = DIRECTION( '', ( -1.00000000000000, 0.00000000000000, 0.00000000000000 ) );
#12480 = DIRECTION( '', ( 0.00000000000000, 0.00000000000000, 1.00000000000000 ) );
#12481 = DIRECTION( '', ( -1.00000000000000, 0.00000000000000, 0.00000000000000 ) );
#12482 = DIRECTION( '', ( 1.00000000000000, 0.00000000000000, 0.00000000000000 ) );
#12483 = DIRECTION( '', ( 0.00000000000000, -1.00000000000000, 0.00000000000000 ) );
#12484 = DIRECTION( '', ( 0.00000000000000, -1.00000000000000, 0.00000000000000 ) );
#12485 = DIRECTION( '', ( 0.00000000000000, 0.00000000000000, 1.00000000000000 ) );
#12486 = DIRECTION( '', ( 0.00000000000000, 0.00000000000000, -1.00000000000000 ) );
#12487 = DIRECTION( '', ( 0.00000000000000, -1.00000000000000, 0.00000000000000 ) );
#12488 = DIRECTION( '', ( 0.00000000000000, 1.00000000000000, 0.00000000000000 ) );
#12489 = DIRECTION( '', ( 1.00000000000000, 0.00000000000000, 0.00000000000000 ) );
#12490 = DIRECTION( '', ( 1.00000000000000, 0.00000000000000, 0.00000000000000 ) );
#12491 = DIRECTION( '', ( 0.00000000000000, 0.00000000000000, 1.00000000000000 ) );
#12492 = DIRECTION( '', ( 0.00000000000000, 0.00000000000000, 1.00000000000000 ) );
#12493 = DIRECTION( '', ( 0.707106781186548, 0.707106781186548, 0.00000000000000 ) );
#12494 = DIRECTION( '', ( 0.00000000000000, 0.00000000000000, 1.00000000000000 ) );
#12495 = DIRECTION( '', ( 0.707106781186548, 0.707106781186548, 0.00000000000000 ) );
#12496 = DIRECTION( '', ( 0.00000000000000, 0.00000000000000, -1.00000000000000 ) );
#12497 = DIRECTION( '', ( 1.00000000000000, 0.00000000000000, 0.00000000000000 ) );
#12498 = DIRECTION( '', ( 0.00000000000000, 0.00000000000000, -1.00000000000000 ) );
#12499 = DIRECTION( '', ( 1.00000000000000, 0.00000000000000, 0.00000000000000 ) );
#12500 = DIRECTION( '', ( 0.00000000000000, 1.00000000000000, 0.00000000000000 ) );
#12501 = DIRECTION( '', ( -1.00000000000000, 0.00000000000000, 0.00000000000000 ) );
#12502 = DIRECTION( '', ( 0.00000000000000, -1.00000000000000, 0.00000000000000 ) );
#12503 = DIRECTION( '', ( 0.00000000000000, 0.00000000000000, 1.00000000000000 ) );
#12504 = DIRECTION( '', ( 0.00000000000000, -1.00000000000000, 0.00000000000000 ) );
#12505 = DIRECTION( '', ( 0.00000000000000, 0.00000000000000, 1.00000000000000 ) );
#12506 = DIRECTION( '', ( 0.00000000000000, 0.00000000000000, 1.00000000000000 ) );
#12507 = CARTESIAN_POINT( '', ( 0.000465000000010000, -0.00267500000001000, -0.00127500000001000 ) );
#12508 = DIRECTION( '', ( 1.00000000000000, 0.00000000000000, 0.00000000000000 ) );
#12509 = DIRECTION( '', ( 0.00000000000000, -0.564102564104808, 0.825704727593576 ) );
#12510 = DIRECTION( '', ( -1.00000000000000, 0.00000000000000, 0.00000000000000 ) );
#12511 = DIRECTION( '', ( -1.00000000000000, 0.00000000000000, 0.00000000000000 ) );
#12512 = DIRECTION( '', ( 0.00000000000000, 0.00000000000000, -1.00000000000000 ) );
#12513 = DIRECTION( '', ( -1.00000000000000, 0.00000000000000, 0.00000000000000 ) );
#12514 = DIRECTION( '', ( 0.00000000000000, 0.00000000000000, -1.00000000000000 ) );
#12515 = DIRECTION( '', ( -1.00000000000000, 0.00000000000000, 0.00000000000000 ) );
#12516 = DIRECTION( '', ( -1.00000000000000, 0.00000000000000, 0.00000000000000 ) );
#12517 = DIRECTION( '', ( -1.00000000000000, 0.00000000000000, 0.00000000000000 ) );
#12518 = DIRECTION( '', ( 0.00000000000000, 0.00000000000000, 1.00000000000000 ) );
#12519 = DIRECTION( '', ( 0.707106781186498, 0.707106781186598, 0.00000000000000 ) );
#12520 = DIRECTION( '', ( 0.00000000000000, 0.00000000000000, 1.00000000000000 ) );
#12521 = DIRECTION( '', ( 0.00000000000000, 0.00000000000000, 1.00000000000000 ) );
#12522 = DIRECTION( '', ( 1.00000000000000, 0.00000000000000, 0.00000000000000 ) );
#12523 = DIRECTION( '', ( 0.00000000000000, 0.00000000000000, 1.00000000000000 ) );
#12524 = DIRECTION( '', ( 1.00000000000000, 0.00000000000000, 0.00000000000000 ) );
#12525 = DIRECTION( '', ( 0.00000000000000, 0.00000000000000, -1.00000000000000 ) );
#12526 = DIRECTION( '', ( 0.00000000000000, 0.00000000000000, -1.00000000000000 ) );
#12527 = DIRECTION( '', ( 0.00000000000000, 1.00000000000000, 0.00000000000000 ) );
#12528 = DIRECTION( '', ( 0.00000000000000, 0.00000000000000, 1.00000000000000 ) );
#12529 = CARTESIAN_POINT( '', ( 0.00296500000001000, -0.00267500000001000, -0.00127500000001000 ) );
#12530 = DIRECTION( '', ( 1.00000000000000, 0.00000000000000, 0.00000000000000 ) );
#12531 = DIRECTION( '', ( 0.00000000000000, -0.564102564104808, 0.825704727593576 ) );
#12532 = DIRECTION( '', ( -1.00000000000000, 0.00000000000000, 0.00000000000000 ) );
#12533 = DIRECTION( '', ( -1.00000000000000, 0.00000000000000, 0.00000000000000 ) );
#12534 = DIRECTION( '', ( 0.00000000000000, 0.00000000000000, 1.00000000000000 ) );
#12535 = DIRECTION( '', ( 1.00000000000000, 0.00000000000000, 0.00000000000000 ) );
#12536 = DIRECTION( '', ( 0.00000000000000, 0.00000000000000, 1.00000000000000 ) );
#12537 = DIRECTION( '', ( -1.00000000000000, 0.00000000000000, 0.00000000000000 ) );
#12538 = DIRECTION( '', ( 0.00000000000000, 0.00000000000000, 1.00000000000000 ) );
#12539 = DIRECTION( '', ( 1.00000000000000, 0.00000000000000, 0.00000000000000 ) );
#12540 = DIRECTION( '', ( 0.00000000000000, 0.00000000000000, 1.00000000000000 ) );
#12541 = DIRECTION( '', ( -1.00000000000000, 0.00000000000000, 0.00000000000000 ) );
#12542 = DIRECTION( '', ( 0.00000000000000, 0.00000000000000, 1.00000000000000 ) );
#12543 = DIRECTION( '', ( 1.00000000000000, 0.00000000000000, 0.00000000000000 ) );
#12544 = DIRECTION( '', ( 0.00000000000000, 0.00000000000000, 1.00000000000000 ) );
#12545 = DIRECTION( '', ( -1.00000000000000, 0.00000000000000, 0.00000000000000 ) );
#12546 = DIRECTION( '', ( 0.00000000000000, 0.00000000000000, 1.00000000000000 ) );
#12547 = DIRECTION( '', ( -1.00000000000000, 0.00000000000000, 0.00000000000000 ) );
#12548 = DIRECTION( '', ( 1.00000000000000, 0.00000000000000, 0.00000000000000 ) );
#12549 = DIRECTION( '', ( 0.00000000000000, 0.00000000000000, 1.00000000000000 ) );
#12550 = DIRECTION( '', ( -1.00000000000000, 0.00000000000000, 0.00000000000000 ) );
#12551 = DIRECTION( '', ( 0.00000000000000, 0.00000000000000, 1.00000000000000 ) );
#12552 = DIRECTION( '', ( 1.00000000000000, 0.00000000000000, 0.00000000000000 ) );
#12553 = DIRECTION( '', ( 0.00000000000000, 0.00000000000000, 1.00000000000000 ) );
#12554 = DIRECTION( '', ( 1.00000000000000, 0.00000000000000, 0.00000000000000 ) );
#12555 = DIRECTION( '', ( 0.00000000000000, 0.00000000000000, 1.00000000000000 ) );
#12556 = DIRECTION( '', ( -1.00000000000000, 0.00000000000000, 0.00000000000000 ) );
#12557 = DIRECTION( '', ( 0.00000000000000, 0.00000000000000, 1.00000000000000 ) );
#12558 = DIRECTION( '', ( 0.00000000000000, 0.00000000000000, 1.00000000000000 ) );
#12559 = DIRECTION( '', ( -1.00000000000000, 0.00000000000000, 0.00000000000000 ) );
#12560 = DIRECTION( '', ( 0.00000000000000, 0.00000000000000, 1.00000000000000 ) );
#12561 = DIRECTION( '', ( -1.00000000000000, 0.00000000000000, 0.00000000000000 ) );
#12562 = DIRECTION( '', ( 0.00000000000000, 0.00000000000000, -1.00000000000000 ) );
#12563 = DIRECTION( '', ( 1.00000000000000, 0.00000000000000, 0.00000000000000 ) );
#12564 = DIRECTION( '', ( 0.00000000000000, 0.00000000000000, -1.00000000000000 ) );
#12565 = DIRECTION( '', ( 1.00000000000000, 0.00000000000000, 0.00000000000000 ) );
#12566 = DIRECTION( '', ( 0.00000000000000, 0.00000000000000, -1.00000000000000 ) );
#12567 = DIRECTION( '', ( 1.00000000000000, 0.00000000000000, 0.00000000000000 ) );
#12568 = DIRECTION( '', ( 0.00000000000000, 0.00000000000000, -1.00000000000000 ) );
#12569 = DIRECTION( '', ( 1.00000000000000, 0.00000000000000, 0.00000000000000 ) );
#12570 = DIRECTION( '', ( 0.00000000000000, 0.00000000000000, -1.00000000000000 ) );
#12571 = DIRECTION( '', ( 1.00000000000000, 0.00000000000000, 0.00000000000000 ) );
#12572 = DIRECTION( '', ( 0.00000000000000, 0.00000000000000, -1.00000000000000 ) );
#12573 = DIRECTION( '', ( 1.00000000000000, 0.00000000000000, 0.00000000000000 ) );
#12574 = DIRECTION( '', ( 0.00000000000000, 0.00000000000000, -1.00000000000000 ) );
#12575 = DIRECTION( '', ( 1.00000000000000, 0.00000000000000, 0.00000000000000 ) );
#12576 = DIRECTION( '', ( 0.00000000000000, 0.00000000000000, -1.00000000000000 ) );
#12577 = DIRECTION( '', ( 1.00000000000000, 0.00000000000000, 0.00000000000000 ) );
#12578 = DIRECTION( '', ( 1.00000000000000, 0.00000000000000, 0.00000000000000 ) );
#12579 = DIRECTION( '', ( 0.00000000000000, 0.00000000000000, -1.00000000000000 ) );
#12580 = DIRECTION( '', ( 1.00000000000000, 0.00000000000000, 0.00000000000000 ) );
#12581 = DIRECTION( '', ( 0.00000000000000, 0.00000000000000, -1.00000000000000 ) );
#12582 = DIRECTION( '', ( 1.00000000000000, 0.00000000000000, 0.00000000000000 ) );
#12583 = DIRECTION( '', ( 0.00000000000000, 0.00000000000000, -1.00000000000000 ) );
#12584 = DIRECTION( '', ( 0.00000000000000, 0.00000000000000, -1.00000000000000 ) );
#12585 = DIRECTION( '', ( 1.00000000000000, 0.00000000000000, 0.00000000000000 ) );
#12586 = DIRECTION( '', ( 0.00000000000000, 0.00000000000000, -1.00000000000000 ) );
#12587 = DIRECTION( '', ( 1.00000000000000, 0.00000000000000, 0.00000000000000 ) );
#12588 = DIRECTION( '', ( 0.00000000000000, 0.00000000000000, -1.00000000000000 ) );
#12589 = DIRECTION( '', ( 1.00000000000000, 0.00000000000000, 0.00000000000000 ) );
#12590 = DIRECTION( '', ( 0.00000000000000, 0.00000000000000, -1.00000000000000 ) );
#12591 = DIRECTION( '', ( 1.00000000000000, 0.00000000000000, 0.00000000000000 ) );
#12592 = DIRECTION( '', ( 0.00000000000000, 0.00000000000000, -1.00000000000000 ) );
#12593 = DIRECTION( '', ( 0.00000000000000, 0.00000000000000, -1.00000000000000 ) );
#12594 = DIRECTION( '', ( -1.00000000000000, 0.00000000000000, 0.00000000000000 ) );
#12595 = DIRECTION( '', ( 0.00000000000000, -1.00000000000000, 0.00000000000000 ) );
#12596 = DIRECTION( '', ( 0.00000000000000, 0.00000000000000, -1.00000000000000 ) );
#12597 = DIRECTION( '', ( -1.00000000000000, 0.00000000000000, 0.00000000000000 ) );
#12598 = CARTESIAN_POINT( '', ( -0.00453500000001000, -0.00267500000001000, -0.00127500000001000 ) );
#12599 = DIRECTION( '', ( 1.00000000000000, 0.00000000000000, 0.00000000000000 ) );
#12600 = DIRECTION( '', ( 0.00000000000000, -0.564102564104808, 0.825704727593576 ) );
#12601 = CARTESIAN_POINT( '', ( -0.00453500000001000, -0.00267500000001000, -0.00127500000001000 ) );
#12602 = DIRECTION( '', ( 1.00000000000000, 0.00000000000000, 0.00000000000000 ) );
#12603 = DIRECTION( '', ( 0.00000000000000, -0.721367521367298, 0.692552452249215 ) );
#12604 = DIRECTION( '', ( -1.00000000000000, 0.00000000000000, 0.00000000000000 ) );
#12605 = CARTESIAN_POINT( '', ( -0.00421500000001000, -0.00267500000001000, -0.00127500000001000 ) );
#12606 = DIRECTION( '', ( 1.00000000000000, 0.00000000000000, 0.00000000000000 ) );
#12607 = DIRECTION( '', ( 0.00000000000000, -0.721367521367298, 0.692552452249215 ) );
#12608 = CARTESIAN_POINT( '', ( -0.00421500000001000, -0.00267500000001000, -0.00127500000001000 ) );
#12609 = DIRECTION( '', ( 1.00000000000000, 0.00000000000000, 0.00000000000000 ) );
#12610 = DIRECTION( '', ( 0.00000000000000, -0.564102564104808, 0.825704727593576 ) );
#12611 = DIRECTION( '', ( 0.184288535072457, -0.982872186930146, 0.00000000000000 ) );
#12612 = DIRECTION( '', ( 0.00000000000000, 0.00000000000000, 1.00000000000000 ) );
#12613 = DIRECTION( '', ( 0.00000000000000, 1.00000000000000, 0.00000000000000 ) );
#12614 = DIRECTION( '', ( 1.00000000000000, 0.00000000000000, 0.00000000000000 ) );
#12615 = DIRECTION( '', ( 0.00000000000000, -1.00000000000000, 0.00000000000000 ) );
#12616 = DIRECTION( '', ( 0.00000000000000, -1.00000000000000, 0.00000000000000 ) );
#12617 = DIRECTION( '', ( 0.00000000000000, 0.00000000000000, 1.00000000000000 ) );
#12618 = DIRECTION( '', ( 0.00000000000000, -1.00000000000000, 0.00000000000000 ) );
#12619 = DIRECTION( '', ( 0.00000000000000, 0.00000000000000, 1.00000000000000 ) );
#12620 = DIRECTION( '', ( -1.00000000000000, 0.00000000000000, 0.00000000000000 ) );
#12621 = DIRECTION( '', ( -1.00000000000000, 0.00000000000000, 0.00000000000000 ) );
#12622 = DIRECTION( '', ( 0.00000000000000, 1.00000000000000, 0.00000000000000 ) );
#12623 = DIRECTION( '', ( 0.00000000000000, 1.00000000000000, 0.00000000000000 ) );
#12624 = DIRECTION( '', ( 1.00000000000000, 0.00000000000000, 0.00000000000000 ) );
#12625 = DIRECTION( '', ( 0.707106781186498, 0.707106781186598, 0.00000000000000 ) );
#12626 = DIRECTION( '', ( -1.00000000000000, 0.00000000000000, 0.00000000000000 ) );
#12627 = DIRECTION( '', ( 0.00000000000000, 0.00000000000000, -1.00000000000000 ) );
#12628 = DIRECTION( '', ( 0.00000000000000, 1.00000000000000, 0.00000000000000 ) );
#12629 = DIRECTION( '', ( 0.00000000000000, 0.00000000000000, -1.00000000000000 ) );
#12630 = DIRECTION( '', ( 0.00000000000000, 1.00000000000000, 0.00000000000000 ) );
#12631 = DIRECTION( '', ( 0.00000000000000, 1.00000000000000, 0.00000000000000 ) );
#12632 = DIRECTION( '', ( 0.00000000000000, 0.00000000000000, -1.00000000000000 ) );
#12633 = DIRECTION( '', ( -1.00000000000000, 0.00000000000000, 0.00000000000000 ) );
#12634 = DIRECTION( '', ( 0.00000000000000, 0.00000000000000, -1.00000000000000 ) );
#12635 = DIRECTION( '', ( -1.00000000000000, 0.00000000000000, 0.00000000000000 ) );
#12636 = DIRECTION( '', ( 0.00000000000000, 0.00000000000000, -1.00000000000000 ) );
#12637 = DIRECTION( '', ( 1.00000000000000, 0.00000000000000, 0.00000000000000 ) );
#12638 = DIRECTION( '', ( 1.00000000000000, 0.00000000000000, 0.00000000000000 ) );
#12639 = DIRECTION( '', ( 0.00000000000000, 0.00000000000000, -1.00000000000000 ) );
#12640 = DIRECTION( '', ( 0.00000000000000, 0.00000000000000, -1.00000000000000 ) );
#12641 = DIRECTION( '', ( 0.00000000000000, 0.00000000000000, -1.00000000000000 ) );
#12642 = DIRECTION( '', ( 0.184288535072457, 0.982872186930146, 0.00000000000000 ) );
#12643 = DIRECTION( '', ( 0.00000000000000, -6.87063068583786E-05, 0.999999997639722 ) );
#12644 = DIRECTION( '', ( 0.00000000000000, 0.00000000000000, 1.00000000000000 ) );
#12645 = DIRECTION( '', ( 1.00000000000000, 0.00000000000000, 0.00000000000000 ) );
#12646 = DIRECTION( '', ( -1.00000000000000, 0.00000000000000, 0.00000000000000 ) );
#12647 = DIRECTION( '', ( 0.00000000000000, 0.00000000000000, -1.00000000000000 ) );
#12648 = DIRECTION( '', ( 0.00000000000000, 0.707106781186548, 0.707106781186548 ) );
#12649 = DIRECTION( '', ( 0.00000000000000, 0.707106781186548, 0.707106781186548 ) );
#12650 = DIRECTION( '', ( 0.00000000000000, 0.00000000000000, -1.00000000000000 ) );
#12651 = DIRECTION( '', ( 0.00000000000000, 1.00000000000000, 0.00000000000000 ) );
#12652 = DIRECTION( '', ( 0.00000000000000, 0.00000000000000, 1.00000000000000 ) );
#12653 = DIRECTION( '', ( 1.00000000000000, 0.00000000000000, 0.00000000000000 ) );
#12654 = DIRECTION( '', ( 0.00000000000000, 0.00000000000000, -1.00000000000000 ) );
#12655 = DIRECTION( '', ( 1.00000000000000, 0.00000000000000, 0.00000000000000 ) );
#12656 = DIRECTION( '', ( -1.00000000000000, 0.00000000000000, 0.00000000000000 ) );
#12657 = DIRECTION( '', ( 0.00000000000000, -1.00000000000000, 0.00000000000000 ) );
#12658 = CARTESIAN_POINT( '', ( 0.00203500000001000, -0.00267500000001000, -0.00127500000001000 ) );
#12659 = DIRECTION( '', ( 1.00000000000000, 0.00000000000000, 0.00000000000000 ) );
#12660 = DIRECTION( '', ( 0.00000000000000, -0.721367521367298, 0.692552452249215 ) );
#12661 = DIRECTION( '', ( 0.00000000000000, -1.00000000000000, 0.00000000000000 ) );
#12662 = DIRECTION( '', ( 0.00000000000000, 0.00000000000000, -1.00000000000000 ) );
#12663 = DIRECTION( '', ( 0.00000000000000, 1.00000000000000, 0.00000000000000 ) );
#12664 = DIRECTION( '', ( 0.00000000000000, -6.87063068597086E-05, 0.999999997639722 ) );
#12665 = DIRECTION( '', ( 0.00000000000000, -1.00000000000000, 0.00000000000000 ) );
#12666 = DIRECTION( '', ( 0.00000000000000, 0.00000000000000, 1.00000000000000 ) );
#12667 = DIRECTION( '', ( 0.00000000000000, -1.00000000000000, 0.00000000000000 ) );
#12668 = DIRECTION( '', ( 0.00000000000000, 0.00000000000000, 1.00000000000000 ) );
#12669 = DIRECTION( '', ( 0.00000000000000, 0.933345606201574, 0.358979079312731 ) );
#12670 = DIRECTION( '', ( 0.00000000000000, 0.00000000000000, 1.00000000000000 ) );
#12671 = DIRECTION( '', ( 0.707106781186498, -0.707106781186598, 0.00000000000000 ) );
#12672 = DIRECTION( '', ( 0.00000000000000, 0.00000000000000, 1.00000000000000 ) );
#12673 = DIRECTION( '', ( 0.00000000000000, 0.00000000000000, -1.00000000000000 ) );
#12674 = DIRECTION( '', ( 0.00000000000000, -1.00000000000000, 0.00000000000000 ) );
#12675 = DIRECTION( '', ( 0.00000000000000, 1.00000000000000, 0.00000000000000 ) );
#12676 = DIRECTION( '', ( 0.00000000000000, -6.87063068579386E-05, 0.999999997639722 ) );
#12677 = DIRECTION( '', ( 0.00000000000000, 0.00000000000000, 1.00000000000000 ) );
#12678 = DIRECTION( '', ( 0.00000000000000, -1.00000000000000, 0.00000000000000 ) );
#12679 = DIRECTION( '', ( 0.00000000000000, 0.00000000000000, 1.00000000000000 ) );
#12680 = DIRECTION( '', ( 0.00000000000000, 1.00000000000000, 0.00000000000000 ) );
#12681 = CARTESIAN_POINT( '', ( -0.00296500000001000, -0.00267500000001000, -0.00127500000001000 ) );
#12682 = DIRECTION( '', ( 1.00000000000000, 0.00000000000000, 0.00000000000000 ) );
#12683 = DIRECTION( '', ( 0.00000000000000, -0.721367521367298, 0.692552452249215 ) );
#12684 = DIRECTION( '', ( 0.00000000000000, 0.00000000000000, -1.00000000000000 ) );
#12685 = DIRECTION( '', ( 0.00000000000000, -1.00000000000000, 0.00000000000000 ) );
#12686 = DIRECTION( '', ( 0.00000000000000, 0.00000000000000, -1.00000000000000 ) );
#12687 = DIRECTION( '', ( 0.00000000000000, 1.00000000000000, 0.00000000000000 ) );
#12688 = DIRECTION( '', ( 0.00000000000000, 0.00000000000000, -1.00000000000000 ) );
#12689 = DIRECTION( '', ( 0.00000000000000, 0.00000000000000, -1.00000000000000 ) );
#12690 = DIRECTION( '', ( 0.00000000000000, 0.00000000000000, -1.00000000000000 ) );
#12691 = DIRECTION( '', ( 0.00000000000000, 0.00000000000000, -1.00000000000000 ) );
#12692 = DIRECTION( '', ( 0.00000000000000, -1.00000000000000, 0.00000000000000 ) );
#12693 = CARTESIAN_POINT( '', ( 0.000785000000010000, -0.00267500000001000, -0.00127500000001000 ) );
#12694 = DIRECTION( '', ( 1.00000000000000, 0.00000000000000, 0.00000000000000 ) );
#12695 = DIRECTION( '', ( 0.00000000000000, -0.564102564104808, 0.825704727593576 ) );
#12696 = DIRECTION( '', ( -1.00000000000000, 0.00000000000000, 0.00000000000000 ) );
#12697 = DIRECTION( '', ( 1.00000000000000, 0.00000000000000, 0.00000000000000 ) );
#12698 = DIRECTION( '', ( 0.00000000000000, -1.00000000000000, 0.00000000000000 ) );
#12699 = DIRECTION( '', ( 1.00000000000000, 0.00000000000000, 0.00000000000000 ) );
#12700 = DIRECTION( '', ( 0.00000000000000, 1.00000000000000, 0.00000000000000 ) );
#12701 = DIRECTION( '', ( 1.00000000000000, 0.00000000000000, 0.00000000000000 ) );
#12702 = DIRECTION( '', ( 0.00000000000000, 1.00000000000000, 0.00000000000000 ) );
#12703 = DIRECTION( '', ( 0.00000000000000, 1.00000000000000, 0.00000000000000 ) );
#12704 = DIRECTION( '', ( -1.00000000000000, 0.00000000000000, 0.00000000000000 ) );
#12705 = DIRECTION( '', ( 0.00000000000000, 1.00000000000000, 0.00000000000000 ) );
#12706 = DIRECTION( '', ( -1.00000000000000, 0.00000000000000, 0.00000000000000 ) );
#12707 = DIRECTION( '', ( 0.00000000000000, 1.00000000000000, 0.00000000000000 ) );
#12708 = DIRECTION( '', ( -1.00000000000000, 0.00000000000000, 0.00000000000000 ) );
#12709 = DIRECTION( '', ( 0.00000000000000, 1.00000000000000, 0.00000000000000 ) );
#12710 = DIRECTION( '', ( 0.00000000000000, 1.00000000000000, 0.00000000000000 ) );
#12711 = DIRECTION( '', ( -1.00000000000000, 0.00000000000000, 0.00000000000000 ) );
#12712 = DIRECTION( '', ( 0.00000000000000, 1.00000000000000, 0.00000000000000 ) );
#12713 = DIRECTION( '', ( -1.00000000000000, 0.00000000000000, 0.00000000000000 ) );
#12714 = DIRECTION( '', ( 0.00000000000000, 1.00000000000000, 0.00000000000000 ) );
#12715 = DIRECTION( '', ( 0.00000000000000, 1.00000000000000, 0.00000000000000 ) );
#12716 = DIRECTION( '', ( 0.00000000000000, 1.00000000000000, 0.00000000000000 ) );
#12717 = DIRECTION( '', ( 0.00000000000000, 1.00000000000000, 0.00000000000000 ) );
#12718 = DIRECTION( '', ( 0.00000000000000, 1.00000000000000, 0.00000000000000 ) );
#12719 = DIRECTION( '', ( 0.00000000000000, 1.00000000000000, 0.00000000000000 ) );
#12720 = DIRECTION( '', ( 0.00000000000000, 0.00000000000000, -1.00000000000000 ) );
#12721 = DIRECTION( '', ( -1.00000000000000, 0.00000000000000, 0.00000000000000 ) );
#12722 = DIRECTION( '', ( 0.00000000000000, -1.00000000000000, 0.00000000000000 ) );
#12723 = DIRECTION( '', ( 0.00000000000000, 0.00000000000000, 1.00000000000000 ) );
#12724 = DIRECTION( '', ( 0.00000000000000, -1.00000000000000, 0.00000000000000 ) );
#12725 = DIRECTION( '', ( 0.00000000000000, 0.00000000000000, 1.00000000000000 ) );
#12726 = DIRECTION( '', ( 0.00000000000000, 0.00000000000000, -1.00000000000000 ) );
#12727 = DIRECTION( '', ( -1.00000000000000, 0.00000000000000, 0.00000000000000 ) );
#12728 = DIRECTION( '', ( 0.00000000000000, 0.00000000000000, 1.00000000000000 ) );
#12729 = DIRECTION( '', ( 0.00000000000000, 0.00000000000000, 1.00000000000000 ) );
#12730 = DIRECTION( '', ( 0.707106781186548, -0.707106781186548, 0.00000000000000 ) );
#12731 = DIRECTION( '', ( -1.00000000000000, 0.00000000000000, 0.00000000000000 ) );
#12732 = DIRECTION( '', ( -1.00000000000000, 0.00000000000000, 0.00000000000000 ) );
#12733 = DIRECTION( '', ( 1.00000000000000, 0.00000000000000, 0.00000000000000 ) );
#12734 = DIRECTION( '', ( 0.00000000000000, 0.00000000000000, 1.00000000000000 ) );
#12735 = DIRECTION( '', ( 0.00000000000000, 0.00000000000000, -1.00000000000000 ) );
#12736 = DIRECTION( '', ( 1.00000000000000, 0.00000000000000, 0.00000000000000 ) );
#12737 = DIRECTION( '', ( -1.00000000000000, 0.00000000000000, 0.00000000000000 ) );
#12738 = DIRECTION( '', ( 0.00000000000000, 0.00000000000000, -1.00000000000000 ) );
#12739 = DIRECTION( '', ( 0.00000000000000, 0.00000000000000, 1.00000000000000 ) );
#12740 = DIRECTION( '', ( 1.00000000000000, 0.00000000000000, 0.00000000000000 ) );
#12741 = DIRECTION( '', ( 0.00000000000000, 0.00000000000000, 1.00000000000000 ) );
#12742 = DIRECTION( '', ( 1.00000000000000, 0.00000000000000, 0.00000000000000 ) );
#12743 = DIRECTION( '', ( 0.00000000000000, 0.00000000000000, 1.00000000000000 ) );
#12744 = DIRECTION( '', ( 1.00000000000000, 0.00000000000000, 0.00000000000000 ) );
#12745 = DIRECTION( '', ( 1.00000000000000, 0.00000000000000, 0.00000000000000 ) );
#12746 = DIRECTION( '', ( 1.00000000000000, 0.00000000000000, 0.00000000000000 ) );
#12747 = DIRECTION( '', ( 0.00000000000000, 0.00000000000000, 1.00000000000000 ) );
#12748 = DIRECTION( '', ( 1.00000000000000, 0.00000000000000, 0.00000000000000 ) );
#12749 = DIRECTION( '', ( 0.00000000000000, 0.00000000000000, 1.00000000000000 ) );
#12750 = DIRECTION( '', ( 1.00000000000000, 0.00000000000000, 0.00000000000000 ) );
#12751 = DIRECTION( '', ( 1.00000000000000, 0.00000000000000, 0.00000000000000 ) );
#12752 = DIRECTION( '', ( 0.00000000000000, 0.00000000000000, 1.00000000000000 ) );
#12753 = DIRECTION( '', ( 0.00000000000000, 0.00000000000000, 1.00000000000000 ) );
#12754 = DIRECTION( '', ( 1.00000000000000, 0.00000000000000, 0.00000000000000 ) );
#12755 = DIRECTION( '', ( 0.00000000000000, 0.00000000000000, 1.00000000000000 ) );
#12756 = DIRECTION( '', ( 1.00000000000000, 0.00000000000000, 0.00000000000000 ) );
#12757 = DIRECTION( '', ( 0.00000000000000, 0.00000000000000, 1.00000000000000 ) );
#12758 = DIRECTION( '', ( 1.00000000000000, 0.00000000000000, 0.00000000000000 ) );
#12759 = DIRECTION( '', ( 1.00000000000000, 0.00000000000000, 0.00000000000000 ) );
#12760 = DIRECTION( '', ( 0.00000000000000, 0.00000000000000, 1.00000000000000 ) );
#12761 = DIRECTION( '', ( 1.00000000000000, 0.00000000000000, 0.00000000000000 ) );
#12762 = DIRECTION( '', ( 0.00000000000000, 0.00000000000000, 1.00000000000000 ) );
#12763 = DIRECTION( '', ( 1.00000000000000, 0.00000000000000, 0.00000000000000 ) );
#12764 = DIRECTION( '', ( 0.00000000000000, 0.00000000000000, -1.00000000000000 ) );
#12765 = DIRECTION( '', ( 0.00000000000000, 1.00000000000000, 0.00000000000000 ) );
#12766 = DIRECTION( '', ( 0.00000000000000, 1.00000000000000, 0.00000000000000 ) );
#12767 = DIRECTION( '', ( 0.707106781186498, -0.707106781186598, 0.00000000000000 ) );
#12768 = DIRECTION( '', ( 0.00000000000000, 0.00000000000000, -1.00000000000000 ) );
#12769 = DIRECTION( '', ( 0.707106781186498, -0.707106781186598, 0.00000000000000 ) );
#12770 = DIRECTION( '', ( 0.00000000000000, -1.00000000000000, 0.00000000000000 ) );
#12771 = CARTESIAN_POINT( '', ( 0.00328500000001000, -0.00267500000001000, -0.00127500000001000 ) );
#12772 = DIRECTION( '', ( 1.00000000000000, 0.00000000000000, 0.00000000000000 ) );
#12773 = DIRECTION( '', ( 0.00000000000000, -0.564102564104808, 0.825704727593576 ) );
#12774 = CARTESIAN_POINT( '', ( -0.00171500000001000, -0.00267500000001000, -0.00127500000001000 ) );
#12775 = DIRECTION( '', ( 1.00000000000000, 0.00000000000000, 0.00000000000000 ) );
#12776 = DIRECTION( '', ( 0.00000000000000, -0.564102564104808, 0.825704727593576 ) );
#12777 = DIRECTION( '', ( 0.00000000000000, -1.00000000000000, 0.00000000000000 ) );
#12778 = DIRECTION( '', ( 0.00000000000000, 0.00000000000000, 1.00000000000000 ) );
#12779 = DIRECTION( '', ( 0.707106781186498, 0.707106781186598, 0.00000000000000 ) );
#12780 = DIRECTION( '', ( 0.707106781186498, 0.707106781186598, 0.00000000000000 ) );
#12781 = DIRECTION( '', ( 0.184288535072457, -0.982872186930146, 0.00000000000000 ) );
#12782 = DIRECTION( '', ( 0.00000000000000, 0.00000000000000, 1.00000000000000 ) );
#12783 = DIRECTION( '', ( 0.00000000000000, 0.00000000000000, -1.00000000000000 ) );
#12784 = DIRECTION( '', ( 0.00000000000000, 0.00000000000000, -1.00000000000000 ) );
#12785 = CARTESIAN_POINT( '', ( -0.00203500000001000, -0.00267500000001000, -0.00127500000001000 ) );
#12786 = DIRECTION( '', ( 1.00000000000000, 0.00000000000000, 0.00000000000000 ) );
#12787 = DIRECTION( '', ( 0.00000000000000, -0.721367521367298, 0.692552452249215 ) );
#12788 = DIRECTION( '', ( 0.00000000000000, 1.00000000000000, 0.00000000000000 ) );
#12789 = DIRECTION( '', ( 0.00000000000000, -1.00000000000000, 0.00000000000000 ) );
#12790 = DIRECTION( '', ( 0.00000000000000, -1.00000000000000, 0.00000000000000 ) );
#12791 = DIRECTION( '', ( 0.00000000000000, 0.00000000000000, -1.00000000000000 ) );
#12792 = DIRECTION( '', ( -1.00000000000000, 0.00000000000000, 0.00000000000000 ) );
#12793 = CARTESIAN_POINT( '', ( -0.00203500000001000, -0.00267500000001000, -0.00127500000001000 ) );
#12794 = DIRECTION( '', ( 1.00000000000000, 0.00000000000000, 0.00000000000000 ) );
#12795 = DIRECTION( '', ( 0.00000000000000, -0.564102564104808, 0.825704727593576 ) );
#12796 = DIRECTION( '', ( 0.707106781186548, -0.707106781186548, 0.00000000000000 ) );
#12797 = DIRECTION( '', ( 0.00000000000000, 1.00000000000000, 0.00000000000000 ) );
#12798 = DIRECTION( '', ( 0.00000000000000, -1.00000000000000, 0.00000000000000 ) );
#12799 = DIRECTION( '', ( 0.00000000000000, -1.00000000000000, 0.00000000000000 ) );
#12800 = DIRECTION( '', ( 0.00000000000000, 0.00000000000000, -1.00000000000000 ) );
#12801 = DIRECTION( '', ( -1.00000000000000, 0.00000000000000, 0.00000000000000 ) );
#12802 = DIRECTION( '', ( -1.00000000000000, 0.00000000000000, 0.00000000000000 ) );
#12803 = DIRECTION( '', ( 0.00000000000000, 0.00000000000000, -1.00000000000000 ) );
#12804 = DIRECTION( '', ( 0.00000000000000, 1.00000000000000, 0.00000000000000 ) );
#12805 = DIRECTION( '', ( 0.00000000000000, 1.00000000000000, 0.00000000000000 ) );
#12806 = DIRECTION( '', ( 0.00000000000000, 1.00000000000000, 0.00000000000000 ) );
#12807 = DIRECTION( '', ( 0.00000000000000, 0.00000000000000, -1.00000000000000 ) );
#12808 = DIRECTION( '', ( 0.00000000000000, 0.00000000000000, -1.00000000000000 ) );
#12809 = CARTESIAN_POINT( '', ( 0.00296500000001000, -0.00267500000001000, -0.00127500000001000 ) );
#12810 = DIRECTION( '', ( 1.00000000000000, 0.00000000000000, 0.00000000000000 ) );
#12811 = DIRECTION( '', ( 0.00000000000000, -0.721367521367298, 0.692552452249215 ) );
#12812 = DIRECTION( '', ( 0.00000000000000, 1.00000000000000, 0.00000000000000 ) );
#12813 = DIRECTION( '', ( 0.00000000000000, 0.00000000000000, -1.00000000000000 ) );
#12814 = CARTESIAN_POINT( '', ( 0.00171500000001000, -0.00267500000001000, -0.00127500000001000 ) );
#12815 = DIRECTION( '', ( 1.00000000000000, 0.00000000000000, 0.00000000000000 ) );
#12816 = DIRECTION( '', ( 0.00000000000000, -0.721367521367298, 0.692552452249215 ) );
#12817 = DIRECTION( '', ( 0.00000000000000, -6.87063068592686E-05, 0.999999997639722 ) );
#12818 = DIRECTION( '', ( 0.00000000000000, -1.00000000000000, 0.00000000000000 ) );
#12819 = DIRECTION( '', ( 1.00000000000000, 0.00000000000000, 0.00000000000000 ) );
#12820 = DIRECTION( '', ( 1.00000000000000, 0.00000000000000, 0.00000000000000 ) );
#12821 = DIRECTION( '', ( 0.00000000000000, -1.00000000000000, 0.00000000000000 ) );
#12822 = DIRECTION( '', ( -1.00000000000000, 0.00000000000000, 0.00000000000000 ) );
#12823 = DIRECTION( '', ( 0.00000000000000, -1.00000000000000, 0.00000000000000 ) );
#12824 = DIRECTION( '', ( 0.00000000000000, -1.00000000000000, 0.00000000000000 ) );
#12825 = DIRECTION( '', ( -1.00000000000000, 0.00000000000000, 0.00000000000000 ) );
#12826 = DIRECTION( '', ( -1.00000000000000, 0.00000000000000, 0.00000000000000 ) );
#12827 = DIRECTION( '', ( 0.00000000000000, -1.00000000000000, 0.00000000000000 ) );
#12828 = DIRECTION( '', ( 0.00000000000000, -1.00000000000000, 0.00000000000000 ) );
#12829 = DIRECTION( '', ( 0.707106781186548, -0.707106781186548, 0.00000000000000 ) );
#12830 = DIRECTION( '', ( 1.00000000000000, 0.00000000000000, 0.00000000000000 ) );
#12831 = DIRECTION( '', ( 0.00000000000000, 1.00000000000000, 0.00000000000000 ) );
#12832 = DIRECTION( '', ( 1.00000000000000, 0.00000000000000, 0.00000000000000 ) );
#12833 = DIRECTION( '', ( 0.00000000000000, -1.00000000000000, 0.00000000000000 ) );
#12834 = DIRECTION( '', ( -1.00000000000000, 0.00000000000000, 0.00000000000000 ) );
#12835 = DIRECTION( '', ( 0.184288535072457, 0.982872186930146, 0.00000000000000 ) );
#12836 = DIRECTION( '', ( 0.00000000000000, 0.00000000000000, -1.00000000000000 ) );
#12837 = DIRECTION( '', ( 0.00000000000000, 0.00000000000000, -1.00000000000000 ) );
#12838 = DIRECTION( '', ( 0.00000000000000, 0.00000000000000, 1.00000000000000 ) );
#12839 = DIRECTION( '', ( 0.707106781186498, -0.707106781186598, 0.00000000000000 ) );
#12840 = DIRECTION( '', ( 0.00000000000000, 0.00000000000000, 1.00000000000000 ) );
#12841 = DIRECTION( '', ( -1.00000000000000, 0.00000000000000, 0.00000000000000 ) );
#12842 = DIRECTION( '', ( 1.00000000000000, 0.00000000000000, 0.00000000000000 ) );
#12843 = DIRECTION( '', ( 1.00000000000000, 0.00000000000000, 0.00000000000000 ) );
#12844 = DIRECTION( '', ( 0.00000000000000, -1.00000000000000, 0.00000000000000 ) );
#12845 = DIRECTION( '', ( -1.00000000000000, 0.00000000000000, 0.00000000000000 ) );
#12846 = DIRECTION( '', ( 0.00000000000000, -1.00000000000000, 0.00000000000000 ) );
#12847 = DIRECTION( '', ( 0.00000000000000, 0.00000000000000, 1.00000000000000 ) );
#12848 = DIRECTION( '', ( 0.00000000000000, 0.00000000000000, 1.00000000000000 ) );
#12849 = DIRECTION( '', ( 0.00000000000000, -1.00000000000000, 0.00000000000000 ) );
#12850 = DIRECTION( '', ( 0.00000000000000, 0.00000000000000, -1.00000000000000 ) );
#12851 = DIRECTION( '', ( 0.00000000000000, 1.00000000000000, 0.00000000000000 ) );
#12852 = CARTESIAN_POINT( '', ( -0.00328500000001000, -0.00267500000001000, -0.00127500000001000 ) );
#12853 = DIRECTION( '', ( 1.00000000000000, 0.00000000000000, 0.00000000000000 ) );
#12854 = DIRECTION( '', ( 0.00000000000000, -0.721367521367298, 0.692552452249215 ) );
#12855 = DIRECTION( '', ( 0.00000000000000, 1.00000000000000, 0.00000000000000 ) );
#12856 = DIRECTION( '', ( -1.00000000000000, 0.00000000000000, 0.00000000000000 ) );
#12857 = DIRECTION( '', ( 0.00000000000000, 1.00000000000000, 0.00000000000000 ) );
#12858 = DIRECTION( '', ( 0.00000000000000, 0.00000000000000, 1.00000000000000 ) );
#12859 = DIRECTION( '', ( -1.00000000000000, 0.00000000000000, 0.00000000000000 ) );
#12860 = DIRECTION( '', ( -1.00000000000000, 0.00000000000000, 0.00000000000000 ) );
#12861 = DIRECTION( '', ( 0.00000000000000, 1.00000000000000, 0.00000000000000 ) );
#12862 = DIRECTION( '', ( 0.00000000000000, -1.00000000000000, 0.00000000000000 ) );
#12863 = DIRECTION( '', ( -1.00000000000000, 0.00000000000000, 0.00000000000000 ) );
#12864 = DIRECTION( '', ( 0.00000000000000, 0.707106781186548, 0.707106781186548 ) );
#12865 = DIRECTION( '', ( 1.00000000000000, 0.00000000000000, 0.00000000000000 ) );
#12866 = DIRECTION( '', ( 1.00000000000000, 0.00000000000000, 0.00000000000000 ) );
#12867 = DIRECTION( '', ( 0.00000000000000, 1.00000000000000, 0.00000000000000 ) );
#12868 = DIRECTION( '', ( 0.184288535072457, 0.982872186930146, 0.00000000000000 ) );
#12869 = DIRECTION( '', ( 0.707106781186498, 0.707106781186598, 0.00000000000000 ) );
#12870 = DIRECTION( '', ( 1.00000000000000, 0.00000000000000, 0.00000000000000 ) );
#12871 = DIRECTION( '', ( 1.00000000000000, 0.00000000000000, 0.00000000000000 ) );
#12872 = DIRECTION( '', ( 0.00000000000000, -1.00000000000000, 0.00000000000000 ) );
#12873 = DIRECTION( '', ( 1.00000000000000, 0.00000000000000, 0.00000000000000 ) );
#12874 = DIRECTION( '', ( 1.00000000000000, 0.00000000000000, 0.00000000000000 ) );
#12875 = DIRECTION( '', ( 0.00000000000000, 1.00000000000000, 0.00000000000000 ) );
#12876 = DIRECTION( '', ( 1.00000000000000, 0.00000000000000, 0.00000000000000 ) );
#12877 = DIRECTION( '', ( 0.707106781186548, -0.707106781186548, 0.00000000000000 ) );
#12878 = DIRECTION( '', ( 0.184288535072457, -0.982872186930146, 0.00000000000000 ) );
#12879 = DIRECTION( '', ( 0.00000000000000, 1.00000000000000, 0.00000000000000 ) );
#12880 = DIRECTION( '', ( 1.00000000000000, 0.00000000000000, 0.00000000000000 ) );
#12881 = DIRECTION( '', ( 1.00000000000000, 0.00000000000000, 0.00000000000000 ) );
#12882 = DIRECTION( '', ( 0.184288535072457, -0.982872186930146, 0.00000000000000 ) );
#12883 = DIRECTION( '', ( 1.00000000000000, 0.00000000000000, 0.00000000000000 ) );
#12884 = DIRECTION( '', ( 0.184288535072457, 0.982872186930146, 0.00000000000000 ) );
#12885 = DIRECTION( '', ( 1.00000000000000, 0.00000000000000, 0.00000000000000 ) );
#12886 = DIRECTION( '', ( 0.184288535072457, -0.982872186930146, 0.00000000000000 ) );
#12887 = DIRECTION( '', ( 0.00000000000000, 1.00000000000000, 0.00000000000000 ) );
#12888 = DIRECTION( '', ( 0.707106781186498, 0.707106781186598, 0.00000000000000 ) );
#12889 = DIRECTION( '', ( 1.00000000000000, 0.00000000000000, 0.00000000000000 ) );
#12890 = DIRECTION( '', ( 0.707106781186598, -0.707106781186498, 0.00000000000000 ) );
#12891 = DIRECTION( '', ( 0.184288535072457, -0.982872186930146, 0.00000000000000 ) );
#12892 = DIRECTION( '', ( 0.00000000000000, 1.00000000000000, 0.00000000000000 ) );
#12893 = DIRECTION( '', ( 0.707106781186498, 0.707106781186598, 0.00000000000000 ) );
#12894 = DIRECTION( '', ( 1.00000000000000, 0.00000000000000, 0.00000000000000 ) );
#12895 = DIRECTION( '', ( 0.707106781186548, -0.707106781186548, 0.00000000000000 ) );
#12896 = DIRECTION( '', ( 1.00000000000000, 0.00000000000000, 0.00000000000000 ) );
#12897 = DIRECTION( '', ( 1.00000000000000, 0.00000000000000, 0.00000000000000 ) );
#12898 = DIRECTION( '', ( 0.707106781186498, -0.707106781186598, 0.00000000000000 ) );
#12899 = DIRECTION( '', ( 0.184288535072457, -0.982872186930146, 0.00000000000000 ) );
#12900 = DIRECTION( '', ( 1.00000000000000, 0.00000000000000, 0.00000000000000 ) );
#12901 = DIRECTION( '', ( 0.184288535072457, 0.982872186930146, 0.00000000000000 ) );
#12902 = DIRECTION( '', ( 0.707106781186548, 0.707106781186548, 0.00000000000000 ) );
#12903 = DIRECTION( '', ( 0.707106781186548, -0.707106781186548, 0.00000000000000 ) );
#12904 = DIRECTION( '', ( 0.00000000000000, 1.00000000000000, 0.00000000000000 ) );
#12905 = DIRECTION( '', ( 0.00000000000000, 1.00000000000000, 0.00000000000000 ) );
#12906 = DIRECTION( '', ( 1.00000000000000, 0.00000000000000, 0.00000000000000 ) );
#12907 = DIRECTION( '', ( 0.00000000000000, 1.00000000000000, 0.00000000000000 ) );
#12908 = DIRECTION( '', ( 1.00000000000000, 0.00000000000000, 0.00000000000000 ) );
#12909 = DIRECTION( '', ( 0.00000000000000, 1.00000000000000, 0.00000000000000 ) );
#12910 = DIRECTION( '', ( 1.00000000000000, 0.00000000000000, 0.00000000000000 ) );
#12911 = DIRECTION( '', ( 0.00000000000000, 0.00000000000000, 1.00000000000000 ) );
#12912 = DIRECTION( '', ( 1.00000000000000, 0.00000000000000, 0.00000000000000 ) );
#12913 = DIRECTION( '', ( 0.00000000000000, 0.00000000000000, 1.00000000000000 ) );
#12914 = DIRECTION( '', ( 0.707106781186548, -0.707106781186548, 0.00000000000000 ) );
#12915 = DIRECTION( '', ( 1.00000000000000, 0.00000000000000, 0.00000000000000 ) );
#12916 = DIRECTION( '', ( 0.707106781186498, 0.707106781186598, 0.00000000000000 ) );
#12917 = DIRECTION( '', ( 0.00000000000000, 0.00000000000000, -1.00000000000000 ) );
#12918 = DIRECTION( '', ( -1.00000000000000, 0.00000000000000, 0.00000000000000 ) );
#12919 = DIRECTION( '', ( 0.00000000000000, 0.00000000000000, -1.00000000000000 ) );
#12920 = DIRECTION( '', ( 0.00000000000000, 0.00000000000000, 1.00000000000000 ) );
#12921 = DIRECTION( '', ( 0.00000000000000, 0.00000000000000, -1.00000000000000 ) );
#12922 = DIRECTION( '', ( 1.00000000000000, 0.00000000000000, 0.00000000000000 ) );
#12923 = DIRECTION( '', ( 0.00000000000000, 0.00000000000000, 1.00000000000000 ) );
#12924 = DIRECTION( '', ( 0.00000000000000, 0.00000000000000, 1.00000000000000 ) );
#12925 = DIRECTION( '', ( 0.00000000000000, 0.707106781186548, 0.707106781186548 ) );
#12926 = DIRECTION( '', ( 1.00000000000000, 0.00000000000000, 0.00000000000000 ) );
#12927 = DIRECTION( '', ( 0.00000000000000, 1.00000000000000, 0.00000000000000 ) );
#12928 = CARTESIAN_POINT( '', ( 0.00171500000001000, -0.00267500000001000, -0.00127500000001000 ) );
#12929 = DIRECTION( '', ( 1.00000000000000, 0.00000000000000, 0.00000000000000 ) );
#12930 = DIRECTION( '', ( 0.00000000000000, -0.564102564104808, 0.825704727593576 ) );
#12931 = DIRECTION( '', ( 0.00000000000000, 0.00000000000000, -1.00000000000000 ) );
#12932 = DIRECTION( '', ( 0.00000000000000, 1.00000000000000, 0.00000000000000 ) );
#12933 = DIRECTION( '', ( 1.00000000000000, 0.00000000000000, 0.00000000000000 ) );
#12934 = DIRECTION( '', ( 0.00000000000000, -1.00000000000000, 0.00000000000000 ) );
#12935 = DIRECTION( '', ( 0.00000000000000, -1.00000000000000, 0.00000000000000 ) );
#12936 = DIRECTION( '', ( 0.00000000000000, 1.00000000000000, 0.00000000000000 ) );
#12937 = DIRECTION( '', ( 0.00000000000000, 0.00000000000000, -1.00000000000000 ) );
#12938 = DIRECTION( '', ( 0.00000000000000, 0.00000000000000, -1.00000000000000 ) );
#12939 = DIRECTION( '', ( 0.00000000000000, 0.00000000000000, 1.00000000000000 ) );
#12940 = DIRECTION( '', ( 0.00000000000000, 0.00000000000000, 1.00000000000000 ) );
#12941 = DIRECTION( '', ( 1.00000000000000, 0.00000000000000, 0.00000000000000 ) );
#12942 = DIRECTION( '', ( -0.707106781186548, -0.707106781186548, 0.00000000000000 ) );
#12943 = DIRECTION( '', ( 0.00000000000000, -1.00000000000000, 0.00000000000000 ) );
#12944 = DIRECTION( '', ( 1.00000000000000, 0.00000000000000, 0.00000000000000 ) );
#12945 = DIRECTION( '', ( 0.00000000000000, 0.00000000000000, 1.00000000000000 ) );
#12946 = DIRECTION( '', ( 1.00000000000000, 0.00000000000000, 0.00000000000000 ) );
#12947 = DIRECTION( '', ( 0.00000000000000, 0.00000000000000, -1.00000000000000 ) );
#12948 = DIRECTION( '', ( 0.00000000000000, -1.00000000000000, 0.00000000000000 ) );
#12949 = DIRECTION( '', ( 0.00000000000000, 1.00000000000000, 0.00000000000000 ) );
#12950 = DIRECTION( '', ( 0.00000000000000, 0.00000000000000, 1.00000000000000 ) );
#12951 = DIRECTION( '', ( 0.707106781186498, -0.707106781186598, 0.00000000000000 ) );
#12952 = DIRECTION( '', ( 0.00000000000000, -1.00000000000000, 0.00000000000000 ) );
#12953 = DIRECTION( '', ( 0.00000000000000, 1.00000000000000, 0.00000000000000 ) );
#12954 = DIRECTION( '', ( 0.00000000000000, -1.00000000000000, 0.00000000000000 ) );
#12955 = DIRECTION( '', ( 0.00000000000000, 0.00000000000000, -1.00000000000000 ) );
#12956 = DIRECTION( '', ( 0.00000000000000, 0.707106781186548, 0.707106781186548 ) );
#12957 = DIRECTION( '', ( 0.00000000000000, 0.00000000000000, -1.00000000000000 ) );
#12958 = DIRECTION( '', ( 0.00000000000000, 0.00000000000000, 1.00000000000000 ) );
#12959 = DIRECTION( '', ( 0.00000000000000, 0.00000000000000, 1.00000000000000 ) );
#12960 = DIRECTION( '', ( 0.00000000000000, 0.00000000000000, -1.00000000000000 ) );
#12961 = DIRECTION( '', ( 1.00000000000000, 0.00000000000000, 0.00000000000000 ) );
#12962 = DIRECTION( '', ( 0.707106781186498, -0.707106781186598, 0.00000000000000 ) );
#12963 = DIRECTION( '', ( 0.00000000000000, 0.00000000000000, 1.00000000000000 ) );
#12964 = DIRECTION( '', ( 0.00000000000000, 0.00000000000000, 1.00000000000000 ) );
#12965 = DIRECTION( '', ( 1.00000000000000, 0.00000000000000, 0.00000000000000 ) );
#12966 = DIRECTION( '', ( -1.00000000000000, 0.00000000000000, 0.00000000000000 ) );
#12967 = DIRECTION( '', ( 0.00000000000000, 0.707106781186548, 0.707106781186548 ) );
#12968 = DIRECTION( '', ( -1.00000000000000, 0.00000000000000, 0.00000000000000 ) );
#12969 = DIRECTION( '', ( 0.00000000000000, 0.00000000000000, -1.00000000000000 ) );
#12970 = DIRECTION( '', ( 1.00000000000000, 0.00000000000000, 0.00000000000000 ) );
#12971 = DIRECTION( '', ( 0.00000000000000, 0.00000000000000, 1.00000000000000 ) );
#12972 = DIRECTION( '', ( 0.00000000000000, 1.00000000000000, 0.00000000000000 ) );
#12973 = DIRECTION( '', ( 0.00000000000000, 0.00000000000000, 1.00000000000000 ) );
#12974 = DIRECTION( '', ( 0.00000000000000, -1.00000000000000, 0.00000000000000 ) );
#12975 = DIRECTION( '', ( 0.00000000000000, 0.00000000000000, 1.00000000000000 ) );
#12976 = DIRECTION( '', ( 0.00000000000000, 0.00000000000000, -1.00000000000000 ) );
#12977 = DIRECTION( '', ( 0.00000000000000, -1.00000000000000, 0.00000000000000 ) );
#12978 = DIRECTION( '', ( 0.00000000000000, 0.00000000000000, 1.00000000000000 ) );
#12979 = DIRECTION( '', ( 0.00000000000000, 1.00000000000000, 0.00000000000000 ) );
#12980 = DIRECTION( '', ( -0.707106781186548, -0.707106781186548, 0.00000000000000 ) );
#12981 = DIRECTION( '', ( 0.00000000000000, 1.00000000000000, 0.00000000000000 ) );
#12982 = DIRECTION( '', ( 0.00000000000000, -1.00000000000000, 0.00000000000000 ) );
#12983 = DIRECTION( '', ( 0.00000000000000, 0.00000000000000, -1.00000000000000 ) );
#12984 = DIRECTION( '', ( 0.00000000000000, -1.00000000000000, 0.00000000000000 ) );
#12985 = DIRECTION( '', ( 0.00000000000000, -1.00000000000000, 0.00000000000000 ) );
#12986 = CARTESIAN_POINT( '', ( 0.00203500000001000, -0.00267500000001000, -0.00127500000001000 ) );
#12987 = DIRECTION( '', ( 1.00000000000000, 0.00000000000000, 0.00000000000000 ) );
#12988 = DIRECTION( '', ( 0.00000000000000, -0.564102564104808, 0.825704727593576 ) );
#12989 = CARTESIAN_POINT( '', ( -0.00296500000001000, -0.00267500000001000, -0.00127500000001000 ) );
#12990 = DIRECTION( '', ( 1.00000000000000, 0.00000000000000, 0.00000000000000 ) );
#12991 = DIRECTION( '', ( 0.00000000000000, -0.564102564104808, 0.825704727593576 ) );
#12992 = DIRECTION( '', ( 0.00000000000000, -1.00000000000000, 0.00000000000000 ) );
#12993 = DIRECTION( '', ( 0.00000000000000, 0.00000000000000, 1.00000000000000 ) );
#12994 = DIRECTION( '', ( 0.00000000000000, -6.87063068601586E-05, 0.999999997639722 ) );
#12995 = DIRECTION( '', ( -0.707106781186548, -0.707106781186548, 0.00000000000000 ) );
#12996 = DIRECTION( '', ( 0.00000000000000, 1.00000000000000, 0.00000000000000 ) );
#12997 = DIRECTION( '', ( 0.00000000000000, 0.00000000000000, 1.00000000000000 ) );
#12998 = DIRECTION( '', ( 0.00000000000000, 0.00000000000000, 1.00000000000000 ) );
#12999 = DIRECTION( '', ( 0.00000000000000, 0.00000000000000, -1.00000000000000 ) );
#13000 = DIRECTION( '', ( 0.00000000000000, 0.933345606201574, 0.358979079312731 ) );
#13001 = DIRECTION( '', ( 0.00000000000000, 0.00000000000000, -1.00000000000000 ) );
#13002 = DIRECTION( '', ( 0.00000000000000, 0.00000000000000, -1.00000000000000 ) );
#13003 = DIRECTION( '', ( 0.00000000000000, 0.00000000000000, 1.00000000000000 ) );
#13004 = DIRECTION( '', ( 0.00000000000000, 0.00000000000000, -1.00000000000000 ) );
#13005 = DIRECTION( '', ( 0.707106781186598, -0.707106781186498, 0.00000000000000 ) );
#13006 = DIRECTION( '', ( 0.707106781186498, 0.707106781186598, 0.00000000000000 ) );
#13007 = DIRECTION( '', ( 0.00000000000000, 0.00000000000000, -1.00000000000000 ) );
#13008 = DIRECTION( '', ( 1.00000000000000, 0.00000000000000, 0.00000000000000 ) );
#13009 = DIRECTION( '', ( 1.00000000000000, 0.00000000000000, 0.00000000000000 ) );
#13010 = DIRECTION( '', ( 0.00000000000000, -1.00000000000000, 0.00000000000000 ) );
#13011 = DIRECTION( '', ( 1.00000000000000, 0.00000000000000, 0.00000000000000 ) );
#13012 = CARTESIAN_POINT( '', ( 0.000785000000010000, -0.00267500000001000, -0.00127500000001000 ) );
#13013 = DIRECTION( '', ( 1.00000000000000, 0.00000000000000, 0.00000000000000 ) );
#13014 = DIRECTION( '', ( 0.00000000000000, -0.721367521367298, 0.692552452249215 ) );
#13015 = DIRECTION( '', ( 0.00000000000000, -6.87063068597086E-05, 0.999999997639722 ) );
#13016 = DIRECTION( '', ( 1.00000000000000, 0.00000000000000, 0.00000000000000 ) );
#13017 = DIRECTION( '', ( 0.00000000000000, -1.00000000000000, 0.00000000000000 ) );
#13018 = DIRECTION( '', ( 1.00000000000000, 0.00000000000000, 0.00000000000000 ) );
#13019 = DIRECTION( '', ( 0.00000000000000, 0.00000000000000, 1.00000000000000 ) );
#13020 = CARTESIAN_POINT( '', ( -0.00328500000001000, -0.00267500000001000, -0.00127500000001000 ) );
#13021 = DIRECTION( '', ( 1.00000000000000, 0.00000000000000, 0.00000000000000 ) );
#13022 = DIRECTION( '', ( 0.00000000000000, -0.564102564104808, 0.825704727593576 ) );
#13023 = CARTESIAN_POINT( '', ( 0.00328500000001000, -0.00267500000001000, -0.00127500000001000 ) );
#13024 = DIRECTION( '', ( 1.00000000000000, 0.00000000000000, 0.00000000000000 ) );
#13025 = DIRECTION( '', ( 0.00000000000000, -0.721367521367298, 0.692552452249215 ) );
#13026 = DIRECTION( '', ( 0.00000000000000, 0.00000000000000, -1.00000000000000 ) );
#13027 = DIRECTION( '', ( 0.00000000000000, 0.00000000000000, -1.00000000000000 ) );
#13028 = DIRECTION( '', ( 0.00000000000000, 0.00000000000000, -1.00000000000000 ) );
#13029 = DIRECTION( '', ( -1.00000000000000, 0.00000000000000, 0.00000000000000 ) );
#13030 = DIRECTION( '', ( 0.00000000000000, 0.00000000000000, -1.00000000000000 ) );
#13031 = DIRECTION( '', ( -1.00000000000000, 0.00000000000000, 0.00000000000000 ) );
#13032 = DIRECTION( '', ( 0.00000000000000, -1.00000000000000, 0.00000000000000 ) );
#13033 = DIRECTION( '', ( 0.00000000000000, 1.00000000000000, 0.00000000000000 ) );
#13034 = DIRECTION( '', ( 0.00000000000000, -1.00000000000000, 0.00000000000000 ) );
#13035 = DIRECTION( '', ( 0.707106781186548, 0.707106781186548, 0.00000000000000 ) );
#13036 = DIRECTION( '', ( 1.00000000000000, 0.00000000000000, 0.00000000000000 ) );
#13037 = DIRECTION( '', ( 0.707106781186598, -0.707106781186498, 0.00000000000000 ) );
#13038 = DIRECTION( '', ( 1.00000000000000, 0.00000000000000, 0.00000000000000 ) );
#13039 = DIRECTION( '', ( 0.00000000000000, 0.00000000000000, -1.00000000000000 ) );
#13040 = DIRECTION( '', ( -1.00000000000000, 0.00000000000000, 0.00000000000000 ) );
#13041 = DIRECTION( '', ( 0.00000000000000, -1.00000000000000, 0.00000000000000 ) );
#13042 = DIRECTION( '', ( 0.00000000000000, 1.00000000000000, 0.00000000000000 ) );
#13043 = DIRECTION( '', ( 0.00000000000000, 0.00000000000000, -1.00000000000000 ) );
#13044 = DIRECTION( '', ( 0.00000000000000, -1.00000000000000, 0.00000000000000 ) );
#13045 = DIRECTION( '', ( 0.00000000000000, -1.00000000000000, 0.00000000000000 ) );
#13046 = DIRECTION( '', ( 0.00000000000000, 0.00000000000000, -1.00000000000000 ) );
#13047 = DIRECTION( '', ( 1.00000000000000, 0.00000000000000, 0.00000000000000 ) );
#13048 = DIRECTION( '', ( 0.00000000000000, -1.00000000000000, 0.00000000000000 ) );
#13049 = DIRECTION( '', ( 0.00000000000000, 0.00000000000000, -1.00000000000000 ) );
#13050 = DIRECTION( '', ( 0.00000000000000, 0.00000000000000, -1.00000000000000 ) );
#13051 = DIRECTION( '', ( 0.00000000000000, 0.00000000000000, 1.00000000000000 ) );
ENDSEC;
END-ISO-10303-21;
