ISO-10303-21;
HEADER;
FILE_DESCRIPTION( ( '' ), ' ' );
FILE_NAME( '/vol/tmp/translate-8495519750346025680/589d2d60c139c90fab49b26e.step', '2017-02-10T03:02:57', ( '' ), ( '' ), ' ', ' ', ' ' );
FILE_SCHEMA( ( 'AUTOMOTIVE_DESIGN { 1 0 10303 214 1 1 1 1 }' ) );
ENDSEC;
DATA;
#1 = MECHANICAL_DESIGN_GEOMETRIC_PRESENTATION_REPRESENTATION( ' ', ( #10, #11, #12, #13, #14, #15, #16, #17, #18, #19, #20, #21, #22, #23, #24, #25, #26, #27, #28, #29, #30, #31, #32, #33, #34, #35, #36, #37, #38, #39, #40, #41, #42, #43, #44, #45, #46, #47, #48, #49, #50, #51, #52, #53, #54, #55, #56, #57, #58, #59, #60, #61, #62, #63, #64, #65, #66, #67, #68, #69, #70, #71, #72, #73, #74, #75, #76, #77, #78, #79, #80, #81, #82, #83, #84, #85, #86, #87, #88, #89, #90, #91, #92, #93, #94, #95, #96, #97, #98, #99, #100, #101, #102, #103, #104, #105, #106, #107, #108, #109, #110, #111, #112, #113, #114, #115, #116, #117, #118, #119, #120, #121, #122, #123, #124, #125, #126, #127, #128, #129, #130, #131, #132, #133, #134, #135, #136, #137, #138, #139, #140, #141, #142, #143, #144, #145, #146, #147, #148, #149, #150, #151, #152, #153, #154, #155, #156, #157, #158, #159, #160, #161, #162, #163, #164, #165, #166, #167, #168, #169, #170, #171, #172, #173, #174, #175, #176, #177, #178, #179, #180, #181, #182, #183, #184, #185, #186, #187, #188, #189, #190, #191, #192, #193, #194, #195, #196, #197, #198, #199, #200, #201, #202, #203, #204, #205, #206, #207, #208, #209, #210, #211, #212, #213, #214, #215, #216, #217, #218, #219, #220, #221, #222, #223, #224, #225, #226, #227, #228, #229, #230, #231, #232, #233, #234, #235, #236, #237, #238, #239, #240, #241, #242, #243, #244, #245, #246, #247, #248, #249, #250, #251, #252, #253, #254, #255, #256, #257, #258, #259, #260, #261, #262, #263, #264, #265, #266, #267, #268, #269, #270, #271, #272, #273, #274, #275, #276, #277, #278, #279, #280, #281, #282, #283, #284, #285, #286, #287, #288, #289, #290, #291, #292, #293, #294, #295, #296, #297, #298, #299, #300, #301, #302, #303 ), #6 );
#2 = PRODUCT_DEFINITION_CONTEXT( '', #304, 'design' );
#3 = APPLICATION_PROTOCOL_DEFINITION( 'international standard', 'automotive_design', 2001, #304 );
#4 = PRODUCT_CATEGORY_RELATIONSHIP( 'NONE', 'NONE', #305, #306 );
#5 = SHAPE_DEFINITION_REPRESENTATION( #307, #308 );
#6 =  ( GEOMETRIC_REPRESENTATION_CONTEXT( 3 )GLOBAL_UNCERTAINTY_ASSIGNED_CONTEXT( ( #311 ) )GLOBAL_UNIT_ASSIGNED_CONTEXT( ( #313, #314, #315 ) )REPRESENTATION_CONTEXT( 'NONE', 'WORKSPACE' ) );
#10 = STYLED_ITEM( '', ( #317 ), #318 );
#11 = STYLED_ITEM( '', ( #319 ), #320 );
#12 = STYLED_ITEM( '', ( #321 ), #322 );
#13 = STYLED_ITEM( '', ( #323 ), #324 );
#14 = STYLED_ITEM( '', ( #325 ), #326 );
#15 = STYLED_ITEM( '', ( #327 ), #328 );
#16 = STYLED_ITEM( '', ( #329 ), #330 );
#17 = STYLED_ITEM( '', ( #331 ), #332 );
#18 = STYLED_ITEM( '', ( #333 ), #334 );
#19 = STYLED_ITEM( '', ( #335 ), #336 );
#20 = STYLED_ITEM( '', ( #337 ), #338 );
#21 = STYLED_ITEM( '', ( #339 ), #340 );
#22 = STYLED_ITEM( '', ( #341 ), #342 );
#23 = STYLED_ITEM( '', ( #343 ), #344 );
#24 = STYLED_ITEM( '', ( #345 ), #346 );
#25 = STYLED_ITEM( '', ( #347 ), #348 );
#26 = STYLED_ITEM( '', ( #349 ), #350 );
#27 = STYLED_ITEM( '', ( #351 ), #352 );
#28 = STYLED_ITEM( '', ( #353 ), #354 );
#29 = STYLED_ITEM( '', ( #355 ), #356 );
#30 = STYLED_ITEM( '', ( #357 ), #358 );
#31 = STYLED_ITEM( '', ( #359 ), #360 );
#32 = STYLED_ITEM( '', ( #361 ), #362 );
#33 = STYLED_ITEM( '', ( #363 ), #364 );
#34 = STYLED_ITEM( '', ( #365 ), #366 );
#35 = STYLED_ITEM( '', ( #367 ), #368 );
#36 = STYLED_ITEM( '', ( #369 ), #370 );
#37 = STYLED_ITEM( '', ( #371 ), #372 );
#38 = STYLED_ITEM( '', ( #373 ), #374 );
#39 = STYLED_ITEM( '', ( #375 ), #376 );
#40 = STYLED_ITEM( '', ( #377 ), #378 );
#41 = STYLED_ITEM( '', ( #379 ), #380 );
#42 = STYLED_ITEM( '', ( #381 ), #382 );
#43 = STYLED_ITEM( '', ( #383 ), #384 );
#44 = STYLED_ITEM( '', ( #385 ), #386 );
#45 = STYLED_ITEM( '', ( #387 ), #388 );
#46 = STYLED_ITEM( '', ( #389 ), #390 );
#47 = STYLED_ITEM( '', ( #391 ), #392 );
#48 = STYLED_ITEM( '', ( #393 ), #394 );
#49 = STYLED_ITEM( '', ( #395 ), #396 );
#50 = STYLED_ITEM( '', ( #397 ), #398 );
#51 = STYLED_ITEM( '', ( #399 ), #400 );
#52 = STYLED_ITEM( '', ( #401 ), #402 );
#53 = STYLED_ITEM( '', ( #403 ), #404 );
#54 = STYLED_ITEM( '', ( #405 ), #406 );
#55 = STYLED_ITEM( '', ( #407 ), #408 );
#56 = STYLED_ITEM( '', ( #409 ), #410 );
#57 = STYLED_ITEM( '', ( #411 ), #412 );
#58 = STYLED_ITEM( '', ( #413 ), #414 );
#59 = STYLED_ITEM( '', ( #415 ), #416 );
#60 = STYLED_ITEM( '', ( #417 ), #418 );
#61 = STYLED_ITEM( '', ( #419 ), #420 );
#62 = STYLED_ITEM( '', ( #421 ), #422 );
#63 = STYLED_ITEM( '', ( #423 ), #424 );
#64 = STYLED_ITEM( '', ( #425 ), #426 );
#65 = STYLED_ITEM( '', ( #427 ), #428 );
#66 = STYLED_ITEM( '', ( #429 ), #430 );
#67 = STYLED_ITEM( '', ( #431 ), #432 );
#68 = STYLED_ITEM( '', ( #433 ), #434 );
#69 = STYLED_ITEM( '', ( #435 ), #436 );
#70 = STYLED_ITEM( '', ( #437 ), #438 );
#71 = STYLED_ITEM( '', ( #439 ), #440 );
#72 = STYLED_ITEM( '', ( #441 ), #442 );
#73 = STYLED_ITEM( '', ( #443 ), #444 );
#74 = STYLED_ITEM( '', ( #445 ), #446 );
#75 = STYLED_ITEM( '', ( #447 ), #448 );
#76 = STYLED_ITEM( '', ( #449 ), #450 );
#77 = STYLED_ITEM( '', ( #451 ), #452 );
#78 = STYLED_ITEM( '', ( #453 ), #454 );
#79 = STYLED_ITEM( '', ( #455 ), #456 );
#80 = STYLED_ITEM( '', ( #457 ), #458 );
#81 = STYLED_ITEM( '', ( #459 ), #460 );
#82 = STYLED_ITEM( '', ( #461 ), #462 );
#83 = STYLED_ITEM( '', ( #463 ), #464 );
#84 = STYLED_ITEM( '', ( #465 ), #466 );
#85 = STYLED_ITEM( '', ( #467 ), #468 );
#86 = STYLED_ITEM( '', ( #469 ), #470 );
#87 = STYLED_ITEM( '', ( #471 ), #472 );
#88 = STYLED_ITEM( '', ( #473 ), #474 );
#89 = STYLED_ITEM( '', ( #475 ), #476 );
#90 = STYLED_ITEM( '', ( #477 ), #478 );
#91 = STYLED_ITEM( '', ( #479 ), #480 );
#92 = STYLED_ITEM( '', ( #481 ), #482 );
#93 = STYLED_ITEM( '', ( #483 ), #484 );
#94 = STYLED_ITEM( '', ( #485 ), #486 );
#95 = STYLED_ITEM( '', ( #487 ), #488 );
#96 = STYLED_ITEM( '', ( #489 ), #490 );
#97 = STYLED_ITEM( '', ( #491 ), #492 );
#98 = STYLED_ITEM( '', ( #493 ), #494 );
#99 = STYLED_ITEM( '', ( #495 ), #496 );
#100 = STYLED_ITEM( '', ( #497 ), #498 );
#101 = STYLED_ITEM( '', ( #499 ), #500 );
#102 = STYLED_ITEM( '', ( #501 ), #502 );
#103 = STYLED_ITEM( '', ( #503 ), #504 );
#104 = STYLED_ITEM( '', ( #505 ), #506 );
#105 = STYLED_ITEM( '', ( #507 ), #508 );
#106 = STYLED_ITEM( '', ( #509 ), #510 );
#107 = STYLED_ITEM( '', ( #511 ), #512 );
#108 = STYLED_ITEM( '', ( #513 ), #514 );
#109 = STYLED_ITEM( '', ( #515 ), #516 );
#110 = STYLED_ITEM( '', ( #517 ), #518 );
#111 = STYLED_ITEM( '', ( #519 ), #520 );
#112 = STYLED_ITEM( '', ( #521 ), #522 );
#113 = STYLED_ITEM( '', ( #523 ), #524 );
#114 = STYLED_ITEM( '', ( #525 ), #526 );
#115 = STYLED_ITEM( '', ( #527 ), #528 );
#116 = STYLED_ITEM( '', ( #529 ), #530 );
#117 = STYLED_ITEM( '', ( #531 ), #532 );
#118 = STYLED_ITEM( '', ( #533 ), #534 );
#119 = STYLED_ITEM( '', ( #535 ), #536 );
#120 = STYLED_ITEM( '', ( #537 ), #538 );
#121 = STYLED_ITEM( '', ( #539 ), #540 );
#122 = STYLED_ITEM( '', ( #541 ), #542 );
#123 = STYLED_ITEM( '', ( #543 ), #544 );
#124 = STYLED_ITEM( '', ( #545 ), #546 );
#125 = STYLED_ITEM( '', ( #547 ), #548 );
#126 = STYLED_ITEM( '', ( #549 ), #550 );
#127 = STYLED_ITEM( '', ( #551 ), #552 );
#128 = STYLED_ITEM( '', ( #553 ), #554 );
#129 = STYLED_ITEM( '', ( #555 ), #556 );
#130 = STYLED_ITEM( '', ( #557 ), #558 );
#131 = STYLED_ITEM( '', ( #559 ), #560 );
#132 = STYLED_ITEM( '', ( #561 ), #562 );
#133 = STYLED_ITEM( '', ( #563 ), #564 );
#134 = STYLED_ITEM( '', ( #565 ), #566 );
#135 = STYLED_ITEM( '', ( #567 ), #568 );
#136 = STYLED_ITEM( '', ( #569 ), #570 );
#137 = STYLED_ITEM( '', ( #571 ), #572 );
#138 = STYLED_ITEM( '', ( #573 ), #574 );
#139 = STYLED_ITEM( '', ( #575 ), #576 );
#140 = STYLED_ITEM( '', ( #577 ), #578 );
#141 = STYLED_ITEM( '', ( #579 ), #580 );
#142 = STYLED_ITEM( '', ( #581 ), #582 );
#143 = STYLED_ITEM( '', ( #583 ), #584 );
#144 = STYLED_ITEM( '', ( #585 ), #586 );
#145 = STYLED_ITEM( '', ( #587 ), #588 );
#146 = STYLED_ITEM( '', ( #589 ), #590 );
#147 = STYLED_ITEM( '', ( #591 ), #592 );
#148 = STYLED_ITEM( '', ( #593 ), #594 );
#149 = STYLED_ITEM( '', ( #595 ), #596 );
#150 = STYLED_ITEM( '', ( #597 ), #598 );
#151 = STYLED_ITEM( '', ( #599 ), #600 );
#152 = STYLED_ITEM( '', ( #601 ), #602 );
#153 = STYLED_ITEM( '', ( #603 ), #604 );
#154 = STYLED_ITEM( '', ( #605 ), #606 );
#155 = STYLED_ITEM( '', ( #607 ), #608 );
#156 = STYLED_ITEM( '', ( #609 ), #610 );
#157 = STYLED_ITEM( '', ( #611 ), #612 );
#158 = STYLED_ITEM( '', ( #613 ), #614 );
#159 = STYLED_ITEM( '', ( #615 ), #616 );
#160 = STYLED_ITEM( '', ( #617 ), #618 );
#161 = STYLED_ITEM( '', ( #619 ), #620 );
#162 = STYLED_ITEM( '', ( #621 ), #622 );
#163 = STYLED_ITEM( '', ( #623 ), #624 );
#164 = STYLED_ITEM( '', ( #625 ), #626 );
#165 = STYLED_ITEM( '', ( #627 ), #628 );
#166 = STYLED_ITEM( '', ( #629 ), #630 );
#167 = STYLED_ITEM( '', ( #631 ), #632 );
#168 = STYLED_ITEM( '', ( #633 ), #634 );
#169 = STYLED_ITEM( '', ( #635 ), #636 );
#170 = STYLED_ITEM( '', ( #637 ), #638 );
#171 = STYLED_ITEM( '', ( #639 ), #640 );
#172 = STYLED_ITEM( '', ( #641 ), #642 );
#173 = STYLED_ITEM( '', ( #643 ), #644 );
#174 = STYLED_ITEM( '', ( #645 ), #646 );
#175 = STYLED_ITEM( '', ( #647 ), #648 );
#176 = STYLED_ITEM( '', ( #649 ), #650 );
#177 = STYLED_ITEM( '', ( #651 ), #652 );
#178 = STYLED_ITEM( '', ( #653 ), #654 );
#179 = STYLED_ITEM( '', ( #655 ), #656 );
#180 = STYLED_ITEM( '', ( #657 ), #658 );
#181 = STYLED_ITEM( '', ( #659 ), #660 );
#182 = STYLED_ITEM( '', ( #661 ), #662 );
#183 = STYLED_ITEM( '', ( #663 ), #664 );
#184 = STYLED_ITEM( '', ( #665 ), #666 );
#185 = STYLED_ITEM( '', ( #667 ), #668 );
#186 = STYLED_ITEM( '', ( #669 ), #670 );
#187 = STYLED_ITEM( '', ( #671 ), #672 );
#188 = STYLED_ITEM( '', ( #673 ), #674 );
#189 = STYLED_ITEM( '', ( #675 ), #676 );
#190 = STYLED_ITEM( '', ( #677 ), #678 );
#191 = STYLED_ITEM( '', ( #679 ), #680 );
#192 = STYLED_ITEM( '', ( #681 ), #682 );
#193 = STYLED_ITEM( '', ( #683 ), #684 );
#194 = STYLED_ITEM( '', ( #685 ), #686 );
#195 = STYLED_ITEM( '', ( #687 ), #688 );
#196 = STYLED_ITEM( '', ( #689 ), #690 );
#197 = STYLED_ITEM( '', ( #691 ), #692 );
#198 = STYLED_ITEM( '', ( #693 ), #694 );
#199 = STYLED_ITEM( '', ( #695 ), #696 );
#200 = STYLED_ITEM( '', ( #697 ), #698 );
#201 = STYLED_ITEM( '', ( #699 ), #700 );
#202 = STYLED_ITEM( '', ( #701 ), #702 );
#203 = STYLED_ITEM( '', ( #703 ), #704 );
#204 = STYLED_ITEM( '', ( #705 ), #706 );
#205 = STYLED_ITEM( '', ( #707 ), #708 );
#206 = STYLED_ITEM( '', ( #709 ), #710 );
#207 = STYLED_ITEM( '', ( #711 ), #712 );
#208 = STYLED_ITEM( '', ( #713 ), #714 );
#209 = STYLED_ITEM( '', ( #715 ), #716 );
#210 = STYLED_ITEM( '', ( #717 ), #718 );
#211 = STYLED_ITEM( '', ( #719 ), #720 );
#212 = STYLED_ITEM( '', ( #721 ), #722 );
#213 = STYLED_ITEM( '', ( #723 ), #724 );
#214 = STYLED_ITEM( '', ( #725 ), #726 );
#215 = STYLED_ITEM( '', ( #727 ), #728 );
#216 = STYLED_ITEM( '', ( #729 ), #730 );
#217 = STYLED_ITEM( '', ( #731 ), #732 );
#218 = STYLED_ITEM( '', ( #733 ), #734 );
#219 = STYLED_ITEM( '', ( #735 ), #736 );
#220 = STYLED_ITEM( '', ( #737 ), #738 );
#221 = STYLED_ITEM( '', ( #739 ), #740 );
#222 = STYLED_ITEM( '', ( #741 ), #742 );
#223 = STYLED_ITEM( '', ( #743 ), #744 );
#224 = STYLED_ITEM( '', ( #745 ), #746 );
#225 = STYLED_ITEM( '', ( #747 ), #748 );
#226 = STYLED_ITEM( '', ( #749 ), #750 );
#227 = STYLED_ITEM( '', ( #751 ), #752 );
#228 = STYLED_ITEM( '', ( #753 ), #754 );
#229 = STYLED_ITEM( '', ( #755 ), #756 );
#230 = STYLED_ITEM( '', ( #757 ), #758 );
#231 = STYLED_ITEM( '', ( #759 ), #760 );
#232 = STYLED_ITEM( '', ( #761 ), #762 );
#233 = STYLED_ITEM( '', ( #763 ), #764 );
#234 = STYLED_ITEM( '', ( #765 ), #766 );
#235 = STYLED_ITEM( '', ( #767 ), #768 );
#236 = STYLED_ITEM( '', ( #769 ), #770 );
#237 = STYLED_ITEM( '', ( #771 ), #772 );
#238 = STYLED_ITEM( '', ( #773 ), #774 );
#239 = STYLED_ITEM( '', ( #775 ), #776 );
#240 = STYLED_ITEM( '', ( #777 ), #778 );
#241 = STYLED_ITEM( '', ( #779 ), #780 );
#242 = STYLED_ITEM( '', ( #781 ), #782 );
#243 = STYLED_ITEM( '', ( #783 ), #784 );
#244 = STYLED_ITEM( '', ( #785 ), #786 );
#245 = STYLED_ITEM( '', ( #787 ), #788 );
#246 = STYLED_ITEM( '', ( #789 ), #790 );
#247 = STYLED_ITEM( '', ( #791 ), #792 );
#248 = STYLED_ITEM( '', ( #793 ), #794 );
#249 = STYLED_ITEM( '', ( #795 ), #796 );
#250 = STYLED_ITEM( '', ( #797 ), #798 );
#251 = STYLED_ITEM( '', ( #799 ), #800 );
#252 = STYLED_ITEM( '', ( #801 ), #802 );
#253 = STYLED_ITEM( '', ( #803 ), #804 );
#254 = STYLED_ITEM( '', ( #805 ), #806 );
#255 = STYLED_ITEM( '', ( #807 ), #808 );
#256 = STYLED_ITEM( '', ( #809 ), #810 );
#257 = STYLED_ITEM( '', ( #811 ), #812 );
#258 = STYLED_ITEM( '', ( #813 ), #814 );
#259 = STYLED_ITEM( '', ( #815 ), #816 );
#260 = STYLED_ITEM( '', ( #817 ), #818 );
#261 = STYLED_ITEM( '', ( #819 ), #820 );
#262 = STYLED_ITEM( '', ( #821 ), #822 );
#263 = STYLED_ITEM( '', ( #823 ), #824 );
#264 = STYLED_ITEM( '', ( #825 ), #826 );
#265 = STYLED_ITEM( '', ( #827 ), #828 );
#266 = STYLED_ITEM( '', ( #829 ), #830 );
#267 = STYLED_ITEM( '', ( #831 ), #832 );
#268 = STYLED_ITEM( '', ( #833 ), #834 );
#269 = STYLED_ITEM( '', ( #835 ), #836 );
#270 = STYLED_ITEM( '', ( #837 ), #838 );
#271 = STYLED_ITEM( '', ( #839 ), #840 );
#272 = STYLED_ITEM( '', ( #841 ), #842 );
#273 = STYLED_ITEM( '', ( #843 ), #844 );
#274 = STYLED_ITEM( '', ( #845 ), #846 );
#275 = STYLED_ITEM( '', ( #847 ), #848 );
#276 = STYLED_ITEM( '', ( #849 ), #850 );
#277 = STYLED_ITEM( '', ( #851 ), #852 );
#278 = STYLED_ITEM( '', ( #853 ), #854 );
#279 = STYLED_ITEM( '', ( #855 ), #856 );
#280 = STYLED_ITEM( '', ( #857 ), #858 );
#281 = STYLED_ITEM( '', ( #859 ), #860 );
#282 = STYLED_ITEM( '', ( #861 ), #862 );
#283 = STYLED_ITEM( '', ( #863 ), #864 );
#284 = STYLED_ITEM( '', ( #865 ), #866 );
#285 = STYLED_ITEM( '', ( #867 ), #868 );
#286 = STYLED_ITEM( '', ( #869 ), #870 );
#287 = STYLED_ITEM( '', ( #871 ), #872 );
#288 = STYLED_ITEM( '', ( #873 ), #874 );
#289 = STYLED_ITEM( '', ( #875 ), #876 );
#290 = STYLED_ITEM( '', ( #877 ), #878 );
#291 = STYLED_ITEM( '', ( #879 ), #880 );
#292 = STYLED_ITEM( '', ( #881 ), #882 );
#293 = STYLED_ITEM( '', ( #883 ), #884 );
#294 = STYLED_ITEM( '', ( #885 ), #886 );
#295 = STYLED_ITEM( '', ( #887 ), #888 );
#296 = STYLED_ITEM( '', ( #889 ), #890 );
#297 = STYLED_ITEM( '', ( #891 ), #892 );
#298 = STYLED_ITEM( '', ( #893 ), #894 );
#299 = STYLED_ITEM( '', ( #895 ), #896 );
#300 = STYLED_ITEM( '', ( #897 ), #898 );
#301 = STYLED_ITEM( '', ( #899 ), #900 );
#302 = STYLED_ITEM( '', ( #901 ), #902 );
#303 = STYLED_ITEM( '', ( #903 ), #904 );
#304 = APPLICATION_CONTEXT( 'core data for automotive mechanical design processes' );
#305 = PRODUCT_CATEGORY( 'part', 'NONE' );
#306 = PRODUCT_RELATED_PRODUCT_CATEGORY( 'detail', ' ', ( #905 ) );
#307 = PRODUCT_DEFINITION_SHAPE( 'NONE', 'NONE', #906 );
#308 = ADVANCED_BREP_SHAPE_REPRESENTATION( 'XM430', ( #907, #908 ), #6 );
#311 = UNCERTAINTY_MEASURE_WITH_UNIT( LENGTH_MEASURE( 1.00000000000000E-06 ), #313, '', '' );
#313 =  ( CONVERSION_BASED_UNIT( 'METRE', #911 )LENGTH_UNIT(  )NAMED_UNIT( #914 ) );
#314 =  ( NAMED_UNIT( #916 )PLANE_ANGLE_UNIT(  )SI_UNIT( $, .RADIAN. ) );
#315 =  ( NAMED_UNIT( #916 )SI_UNIT( $, .STERADIAN. )SOLID_ANGLE_UNIT(  ) );
#317 = PRESENTATION_STYLE_ASSIGNMENT( ( #922 ) );
#318 = ADVANCED_FACE( '', ( #923 ), #924, .T. );
#319 = PRESENTATION_STYLE_ASSIGNMENT( ( #925 ) );
#320 = ADVANCED_FACE( '', ( #926, #927 ), #928, .T. );
#321 = PRESENTATION_STYLE_ASSIGNMENT( ( #929 ) );
#322 = ADVANCED_FACE( '', ( #930, #931 ), #932, .F. );
#323 = PRESENTATION_STYLE_ASSIGNMENT( ( #933 ) );
#324 = ADVANCED_FACE( '', ( #934 ), #935, .F. );
#325 = PRESENTATION_STYLE_ASSIGNMENT( ( #936 ) );
#326 = ADVANCED_FACE( '', ( #937, #938 ), #939, .F. );
#327 = PRESENTATION_STYLE_ASSIGNMENT( ( #940 ) );
#328 = ADVANCED_FACE( '', ( #941 ), #942, .T. );
#329 = PRESENTATION_STYLE_ASSIGNMENT( ( #943 ) );
#330 = ADVANCED_FACE( '', ( #944 ), #945, .T. );
#331 = PRESENTATION_STYLE_ASSIGNMENT( ( #946 ) );
#332 = ADVANCED_FACE( '', ( #947, #948 ), #949, .F. );
#333 = PRESENTATION_STYLE_ASSIGNMENT( ( #950 ) );
#334 = ADVANCED_FACE( '', ( #951, #952 ), #953, .T. );
#335 = PRESENTATION_STYLE_ASSIGNMENT( ( #954 ) );
#336 = ADVANCED_FACE( '', ( #955, #956 ), #957, .F. );
#337 = PRESENTATION_STYLE_ASSIGNMENT( ( #958 ) );
#338 = ADVANCED_FACE( '', ( #959, #960, #961 ), #962, .F. );
#339 = PRESENTATION_STYLE_ASSIGNMENT( ( #963 ) );
#340 = ADVANCED_FACE( '', ( #964 ), #965, .T. );
#341 = PRESENTATION_STYLE_ASSIGNMENT( ( #966 ) );
#342 = ADVANCED_FACE( '', ( #967 ), #968, .F. );
#343 = PRESENTATION_STYLE_ASSIGNMENT( ( #969 ) );
#344 = ADVANCED_FACE( '', ( #970, #971 ), #972, .F. );
#345 = PRESENTATION_STYLE_ASSIGNMENT( ( #973 ) );
#346 = ADVANCED_FACE( '', ( #974 ), #975, .F. );
#347 = PRESENTATION_STYLE_ASSIGNMENT( ( #976 ) );
#348 = ADVANCED_FACE( '', ( #977, #978 ), #979, .F. );
#349 = PRESENTATION_STYLE_ASSIGNMENT( ( #980 ) );
#350 = ADVANCED_FACE( '', ( #981 ), #982, .F. );
#351 = PRESENTATION_STYLE_ASSIGNMENT( ( #983 ) );
#352 = ADVANCED_FACE( '', ( #984, #985 ), #986, .F. );
#353 = PRESENTATION_STYLE_ASSIGNMENT( ( #987 ) );
#354 = ADVANCED_FACE( '', ( #988 ), #989, .T. );
#355 = PRESENTATION_STYLE_ASSIGNMENT( ( #990 ) );
#356 = ADVANCED_FACE( '', ( #991 ), #992, .F. );
#357 = PRESENTATION_STYLE_ASSIGNMENT( ( #993 ) );
#358 = ADVANCED_FACE( '', ( #994 ), #995, .T. );
#359 = PRESENTATION_STYLE_ASSIGNMENT( ( #996 ) );
#360 = ADVANCED_FACE( '', ( #997, #998 ), #999, .T. );
#361 = PRESENTATION_STYLE_ASSIGNMENT( ( #1000 ) );
#362 = ADVANCED_FACE( '', ( #1001 ), #1002, .T. );
#363 = PRESENTATION_STYLE_ASSIGNMENT( ( #1003 ) );
#364 = ADVANCED_FACE( '', ( #1004, #1005 ), #1006, .F. );
#365 = PRESENTATION_STYLE_ASSIGNMENT( ( #1007 ) );
#366 = ADVANCED_FACE( '', ( #1008 ), #1009, .T. );
#367 = PRESENTATION_STYLE_ASSIGNMENT( ( #1010 ) );
#368 = ADVANCED_FACE( '', ( #1011, #1012, #1013 ), #1014, .F. );
#369 = PRESENTATION_STYLE_ASSIGNMENT( ( #1015 ) );
#370 = ADVANCED_FACE( '', ( #1016, #1017 ), #1018, .F. );
#371 = PRESENTATION_STYLE_ASSIGNMENT( ( #1019 ) );
#372 = ADVANCED_FACE( '', ( #1020, #1021 ), #1022, .F. );
#373 = PRESENTATION_STYLE_ASSIGNMENT( ( #1023 ) );
#374 = ADVANCED_FACE( '', ( #1024 ), #1025, .F. );
#375 = PRESENTATION_STYLE_ASSIGNMENT( ( #1026 ) );
#376 = ADVANCED_FACE( '', ( #1027, #1028 ), #1029, .T. );
#377 = PRESENTATION_STYLE_ASSIGNMENT( ( #1030 ) );
#378 = ADVANCED_FACE( '', ( #1031, #1032 ), #1033, .F. );
#379 = PRESENTATION_STYLE_ASSIGNMENT( ( #1034 ) );
#380 = ADVANCED_FACE( '', ( #1035, #1036 ), #1037, .F. );
#381 = PRESENTATION_STYLE_ASSIGNMENT( ( #1038 ) );
#382 = ADVANCED_FACE( '', ( #1039 ), #1040, .F. );
#383 = PRESENTATION_STYLE_ASSIGNMENT( ( #1041 ) );
#384 = ADVANCED_FACE( '', ( #1042, #1043 ), #1044, .F. );
#385 = PRESENTATION_STYLE_ASSIGNMENT( ( #1045 ) );
#386 = ADVANCED_FACE( '', ( #1046, #1047 ), #1048, .F. );
#387 = PRESENTATION_STYLE_ASSIGNMENT( ( #1049 ) );
#388 = ADVANCED_FACE( '', ( #1050, #1051 ), #1052, .F. );
#389 = PRESENTATION_STYLE_ASSIGNMENT( ( #1053 ) );
#390 = ADVANCED_FACE( '', ( #1054, #1055 ), #1056, .T. );
#391 = PRESENTATION_STYLE_ASSIGNMENT( ( #1057 ) );
#392 = ADVANCED_FACE( '', ( #1058, #1059 ), #1060, .F. );
#393 = PRESENTATION_STYLE_ASSIGNMENT( ( #1061 ) );
#394 = ADVANCED_FACE( '', ( #1062 ), #1063, .T. );
#395 = PRESENTATION_STYLE_ASSIGNMENT( ( #1064 ) );
#396 = ADVANCED_FACE( '', ( #1065, #1066 ), #1067, .T. );
#397 = PRESENTATION_STYLE_ASSIGNMENT( ( #1068 ) );
#398 = ADVANCED_FACE( '', ( #1069, #1070 ), #1071, .T. );
#399 = PRESENTATION_STYLE_ASSIGNMENT( ( #1072 ) );
#400 = ADVANCED_FACE( '', ( #1073, #1074 ), #1075, .F. );
#401 = PRESENTATION_STYLE_ASSIGNMENT( ( #1076 ) );
#402 = ADVANCED_FACE( '', ( #1077 ), #1078, .F. );
#403 = PRESENTATION_STYLE_ASSIGNMENT( ( #1079 ) );
#404 = ADVANCED_FACE( '', ( #1080, #1081 ), #1082, .F. );
#405 = PRESENTATION_STYLE_ASSIGNMENT( ( #1083 ) );
#406 = ADVANCED_FACE( '', ( #1084 ), #1085, .T. );
#407 = PRESENTATION_STYLE_ASSIGNMENT( ( #1086 ) );
#408 = ADVANCED_FACE( '', ( #1087, #1088 ), #1089, .F. );
#409 = PRESENTATION_STYLE_ASSIGNMENT( ( #1090 ) );
#410 = ADVANCED_FACE( '', ( #1091, #1092 ), #1093, .F. );
#411 = PRESENTATION_STYLE_ASSIGNMENT( ( #1094 ) );
#412 = ADVANCED_FACE( '', ( #1095, #1096 ), #1097, .F. );
#413 = PRESENTATION_STYLE_ASSIGNMENT( ( #1098 ) );
#414 = ADVANCED_FACE( '', ( #1099, #1100, #1101, #1102, #1103 ), #1104, .T. );
#415 = PRESENTATION_STYLE_ASSIGNMENT( ( #1105 ) );
#416 = ADVANCED_FACE( '', ( #1106, #1107 ), #1108, .F. );
#417 = PRESENTATION_STYLE_ASSIGNMENT( ( #1109 ) );
#418 = ADVANCED_FACE( '', ( #1110, #1111 ), #1112, .F. );
#419 = PRESENTATION_STYLE_ASSIGNMENT( ( #1113 ) );
#420 = ADVANCED_FACE( '', ( #1114 ), #1115, .T. );
#421 = PRESENTATION_STYLE_ASSIGNMENT( ( #1116 ) );
#422 = ADVANCED_FACE( '', ( #1117, #1118 ), #1119, .F. );
#423 = PRESENTATION_STYLE_ASSIGNMENT( ( #1120 ) );
#424 = ADVANCED_FACE( '', ( #1121 ), #1122, .T. );
#425 = PRESENTATION_STYLE_ASSIGNMENT( ( #1123 ) );
#426 = ADVANCED_FACE( '', ( #1124 ), #1125, .F. );
#427 = PRESENTATION_STYLE_ASSIGNMENT( ( #1126 ) );
#428 = ADVANCED_FACE( '', ( #1127 ), #1128, .T. );
#429 = PRESENTATION_STYLE_ASSIGNMENT( ( #1129 ) );
#430 = ADVANCED_FACE( '', ( #1130, #1131 ), #1132, .F. );
#431 = PRESENTATION_STYLE_ASSIGNMENT( ( #1133 ) );
#432 = ADVANCED_FACE( '', ( #1134, #1135 ), #1136, .T. );
#433 = PRESENTATION_STYLE_ASSIGNMENT( ( #1137 ) );
#434 = ADVANCED_FACE( '', ( #1138 ), #1139, .T. );
#435 = PRESENTATION_STYLE_ASSIGNMENT( ( #1140 ) );
#436 = ADVANCED_FACE( '', ( #1141 ), #1142, .F. );
#437 = PRESENTATION_STYLE_ASSIGNMENT( ( #1143 ) );
#438 = ADVANCED_FACE( '', ( #1144 ), #1145, .F. );
#439 = PRESENTATION_STYLE_ASSIGNMENT( ( #1146 ) );
#440 = ADVANCED_FACE( '', ( #1147, #1148 ), #1149, .T. );
#441 = PRESENTATION_STYLE_ASSIGNMENT( ( #1150 ) );
#442 = ADVANCED_FACE( '', ( #1151 ), #1152, .F. );
#443 = PRESENTATION_STYLE_ASSIGNMENT( ( #1153 ) );
#444 = ADVANCED_FACE( '', ( #1154, #1155 ), #1156, .T. );
#445 = PRESENTATION_STYLE_ASSIGNMENT( ( #1157 ) );
#446 = ADVANCED_FACE( '', ( #1158, #1159 ), #1160, .F. );
#447 = PRESENTATION_STYLE_ASSIGNMENT( ( #1161 ) );
#448 = ADVANCED_FACE( '', ( #1162, #1163 ), #1164, .F. );
#449 = PRESENTATION_STYLE_ASSIGNMENT( ( #1165 ) );
#450 = ADVANCED_FACE( '', ( #1166, #1167 ), #1168, .F. );
#451 = PRESENTATION_STYLE_ASSIGNMENT( ( #1169 ) );
#452 = ADVANCED_FACE( '', ( #1170 ), #1171, .T. );
#453 = PRESENTATION_STYLE_ASSIGNMENT( ( #1172 ) );
#454 = ADVANCED_FACE( '', ( #1173 ), #1174, .T. );
#455 = PRESENTATION_STYLE_ASSIGNMENT( ( #1175 ) );
#456 = ADVANCED_FACE( '', ( #1176 ), #1177, .T. );
#457 = PRESENTATION_STYLE_ASSIGNMENT( ( #1178 ) );
#458 = ADVANCED_FACE( '', ( #1179 ), #1180, .F. );
#459 = PRESENTATION_STYLE_ASSIGNMENT( ( #1181 ) );
#460 = ADVANCED_FACE( '', ( #1182 ), #1183, .F. );
#461 = PRESENTATION_STYLE_ASSIGNMENT( ( #1184 ) );
#462 = ADVANCED_FACE( '', ( #1185, #1186 ), #1187, .F. );
#463 = PRESENTATION_STYLE_ASSIGNMENT( ( #1188 ) );
#464 = ADVANCED_FACE( '', ( #1189 ), #1190, .T. );
#465 = PRESENTATION_STYLE_ASSIGNMENT( ( #1191 ) );
#466 = ADVANCED_FACE( '', ( #1192 ), #1193, .F. );
#467 = PRESENTATION_STYLE_ASSIGNMENT( ( #1194 ) );
#468 = ADVANCED_FACE( '', ( #1195 ), #1196, .T. );
#469 = PRESENTATION_STYLE_ASSIGNMENT( ( #1197 ) );
#470 = ADVANCED_FACE( '', ( #1198 ), #1199, .T. );
#471 = PRESENTATION_STYLE_ASSIGNMENT( ( #1200 ) );
#472 = ADVANCED_FACE( '', ( #1201, #1202 ), #1203, .F. );
#473 = PRESENTATION_STYLE_ASSIGNMENT( ( #1204 ) );
#474 = ADVANCED_FACE( '', ( #1205 ), #1206, .F. );
#475 = PRESENTATION_STYLE_ASSIGNMENT( ( #1207 ) );
#476 = ADVANCED_FACE( '', ( #1208, #1209 ), #1210, .F. );
#477 = PRESENTATION_STYLE_ASSIGNMENT( ( #1211 ) );
#478 = ADVANCED_FACE( '', ( #1212 ), #1213, .F. );
#479 = PRESENTATION_STYLE_ASSIGNMENT( ( #1214 ) );
#480 = ADVANCED_FACE( '', ( #1215 ), #1216, .F. );
#481 = PRESENTATION_STYLE_ASSIGNMENT( ( #1217 ) );
#482 = ADVANCED_FACE( '', ( #1218, #1219 ), #1220, .F. );
#483 = PRESENTATION_STYLE_ASSIGNMENT( ( #1221 ) );
#484 = ADVANCED_FACE( '', ( #1222, #1223 ), #1224, .T. );
#485 = PRESENTATION_STYLE_ASSIGNMENT( ( #1225 ) );
#486 = ADVANCED_FACE( '', ( #1226 ), #1227, .T. );
#487 = PRESENTATION_STYLE_ASSIGNMENT( ( #1228 ) );
#488 = ADVANCED_FACE( '', ( #1229, #1230 ), #1231, .F. );
#489 = PRESENTATION_STYLE_ASSIGNMENT( ( #1232 ) );
#490 = ADVANCED_FACE( '', ( #1233, #1234 ), #1235, .T. );
#491 = PRESENTATION_STYLE_ASSIGNMENT( ( #1236 ) );
#492 = ADVANCED_FACE( '', ( #1237, #1238 ), #1239, .T. );
#493 = PRESENTATION_STYLE_ASSIGNMENT( ( #1240 ) );
#494 = ADVANCED_FACE( '', ( #1241, #1242 ), #1243, .T. );
#495 = PRESENTATION_STYLE_ASSIGNMENT( ( #1244 ) );
#496 = ADVANCED_FACE( '', ( #1245 ), #1246, .T. );
#497 = PRESENTATION_STYLE_ASSIGNMENT( ( #1247 ) );
#498 = ADVANCED_FACE( '', ( #1248, #1249 ), #1250, .T. );
#499 = PRESENTATION_STYLE_ASSIGNMENT( ( #1251 ) );
#500 = ADVANCED_FACE( '', ( #1252, #1253 ), #1254, .T. );
#501 = PRESENTATION_STYLE_ASSIGNMENT( ( #1255 ) );
#502 = ADVANCED_FACE( '', ( #1256, #1257 ), #1258, .F. );
#503 = PRESENTATION_STYLE_ASSIGNMENT( ( #1259 ) );
#504 = ADVANCED_FACE( '', ( #1260, #1261 ), #1262, .F. );
#505 = PRESENTATION_STYLE_ASSIGNMENT( ( #1263 ) );
#506 = ADVANCED_FACE( '', ( #1264 ), #1265, .F. );
#507 = PRESENTATION_STYLE_ASSIGNMENT( ( #1266 ) );
#508 = ADVANCED_FACE( '', ( #1267, #1268 ), #1269, .F. );
#509 = PRESENTATION_STYLE_ASSIGNMENT( ( #1270 ) );
#510 = ADVANCED_FACE( '', ( #1271, #1272 ), #1273, .F. );
#511 = PRESENTATION_STYLE_ASSIGNMENT( ( #1274 ) );
#512 = ADVANCED_FACE( '', ( #1275 ), #1276, .F. );
#513 = PRESENTATION_STYLE_ASSIGNMENT( ( #1277 ) );
#514 = ADVANCED_FACE( '', ( #1278, #1279 ), #1280, .T. );
#515 = PRESENTATION_STYLE_ASSIGNMENT( ( #1281 ) );
#516 = ADVANCED_FACE( '', ( #1282 ), #1283, .T. );
#517 = PRESENTATION_STYLE_ASSIGNMENT( ( #1284 ) );
#518 = ADVANCED_FACE( '', ( #1285, #1286 ), #1287, .F. );
#519 = PRESENTATION_STYLE_ASSIGNMENT( ( #1288 ) );
#520 = ADVANCED_FACE( '', ( #1289, #1290 ), #1291, .T. );
#521 = PRESENTATION_STYLE_ASSIGNMENT( ( #1292 ) );
#522 = ADVANCED_FACE( '', ( #1293 ), #1294, .T. );
#523 = PRESENTATION_STYLE_ASSIGNMENT( ( #1295 ) );
#524 = ADVANCED_FACE( '', ( #1296 ), #1297, .F. );
#525 = PRESENTATION_STYLE_ASSIGNMENT( ( #1298 ) );
#526 = ADVANCED_FACE( '', ( #1299, #1300 ), #1301, .F. );
#527 = PRESENTATION_STYLE_ASSIGNMENT( ( #1302 ) );
#528 = ADVANCED_FACE( '', ( #1303 ), #1304, .T. );
#529 = PRESENTATION_STYLE_ASSIGNMENT( ( #1305 ) );
#530 = ADVANCED_FACE( '', ( #1306, #1307 ), #1308, .F. );
#531 = PRESENTATION_STYLE_ASSIGNMENT( ( #1309 ) );
#532 = ADVANCED_FACE( '', ( #1310, #1311 ), #1312, .T. );
#533 = PRESENTATION_STYLE_ASSIGNMENT( ( #1313 ) );
#534 = ADVANCED_FACE( '', ( #1314, #1315 ), #1316, .F. );
#535 = PRESENTATION_STYLE_ASSIGNMENT( ( #1317 ) );
#536 = ADVANCED_FACE( '', ( #1318 ), #1319, .F. );
#537 = PRESENTATION_STYLE_ASSIGNMENT( ( #1320 ) );
#538 = ADVANCED_FACE( '', ( #1321, #1322 ), #1323, .F. );
#539 = PRESENTATION_STYLE_ASSIGNMENT( ( #1324 ) );
#540 = ADVANCED_FACE( '', ( #1325, #1326 ), #1327, .F. );
#541 = PRESENTATION_STYLE_ASSIGNMENT( ( #1328 ) );
#542 = ADVANCED_FACE( '', ( #1329 ), #1330, .F. );
#543 = PRESENTATION_STYLE_ASSIGNMENT( ( #1331 ) );
#544 = ADVANCED_FACE( '', ( #1332 ), #1333, .F. );
#545 = PRESENTATION_STYLE_ASSIGNMENT( ( #1334 ) );
#546 = ADVANCED_FACE( '', ( #1335, #1336 ), #1337, .T. );
#547 = PRESENTATION_STYLE_ASSIGNMENT( ( #1338 ) );
#548 = ADVANCED_FACE( '', ( #1339, #1340 ), #1341, .F. );
#549 = PRESENTATION_STYLE_ASSIGNMENT( ( #1342 ) );
#550 = ADVANCED_FACE( '', ( #1343, #1344 ), #1345, .F. );
#551 = PRESENTATION_STYLE_ASSIGNMENT( ( #1346 ) );
#552 = ADVANCED_FACE( '', ( #1347, #1348 ), #1349, .F. );
#553 = PRESENTATION_STYLE_ASSIGNMENT( ( #1350 ) );
#554 = ADVANCED_FACE( '', ( #1351 ), #1352, .T. );
#555 = PRESENTATION_STYLE_ASSIGNMENT( ( #1353 ) );
#556 = ADVANCED_FACE( '', ( #1354 ), #1355, .T. );
#557 = PRESENTATION_STYLE_ASSIGNMENT( ( #1356 ) );
#558 = ADVANCED_FACE( '', ( #1357, #1358 ), #1359, .F. );
#559 = PRESENTATION_STYLE_ASSIGNMENT( ( #1360 ) );
#560 = ADVANCED_FACE( '', ( #1361, #1362 ), #1363, .F. );
#561 = PRESENTATION_STYLE_ASSIGNMENT( ( #1364 ) );
#562 = ADVANCED_FACE( '', ( #1365 ), #1366, .F. );
#563 = PRESENTATION_STYLE_ASSIGNMENT( ( #1367 ) );
#564 = ADVANCED_FACE( '', ( #1368 ), #1369, .F. );
#565 = PRESENTATION_STYLE_ASSIGNMENT( ( #1370 ) );
#566 = ADVANCED_FACE( '', ( #1371, #1372 ), #1373, .F. );
#567 = PRESENTATION_STYLE_ASSIGNMENT( ( #1374 ) );
#568 = ADVANCED_FACE( '', ( #1375, #1376 ), #1377, .F. );
#569 = PRESENTATION_STYLE_ASSIGNMENT( ( #1378 ) );
#570 = ADVANCED_FACE( '', ( #1379, #1380, #1381, #1382, #1383, #1384, #1385, #1386 ), #1387, .T. );
#571 = PRESENTATION_STYLE_ASSIGNMENT( ( #1388 ) );
#572 = ADVANCED_FACE( '', ( #1389 ), #1390, .T. );
#573 = PRESENTATION_STYLE_ASSIGNMENT( ( #1391 ) );
#574 = ADVANCED_FACE( '', ( #1392, #1393 ), #1394, .F. );
#575 = PRESENTATION_STYLE_ASSIGNMENT( ( #1395 ) );
#576 = ADVANCED_FACE( '', ( #1396 ), #1397, .T. );
#577 = PRESENTATION_STYLE_ASSIGNMENT( ( #1398 ) );
#578 = ADVANCED_FACE( '', ( #1399, #1400 ), #1401, .F. );
#579 = PRESENTATION_STYLE_ASSIGNMENT( ( #1402 ) );
#580 = ADVANCED_FACE( '', ( #1403, #1404 ), #1405, .F. );
#581 = PRESENTATION_STYLE_ASSIGNMENT( ( #1406 ) );
#582 = ADVANCED_FACE( '', ( #1407, #1408 ), #1409, .T. );
#583 = PRESENTATION_STYLE_ASSIGNMENT( ( #1410 ) );
#584 = ADVANCED_FACE( '', ( #1411 ), #1412, .F. );
#585 = PRESENTATION_STYLE_ASSIGNMENT( ( #1413 ) );
#586 = ADVANCED_FACE( '', ( #1414 ), #1415, .T. );
#587 = PRESENTATION_STYLE_ASSIGNMENT( ( #1416 ) );
#588 = ADVANCED_FACE( '', ( #1417 ), #1418, .F. );
#589 = PRESENTATION_STYLE_ASSIGNMENT( ( #1419 ) );
#590 = ADVANCED_FACE( '', ( #1420 ), #1421, .F. );
#591 = PRESENTATION_STYLE_ASSIGNMENT( ( #1422 ) );
#592 = ADVANCED_FACE( '', ( #1423 ), #1424, .F. );
#593 = PRESENTATION_STYLE_ASSIGNMENT( ( #1425 ) );
#594 = ADVANCED_FACE( '', ( #1426, #1427 ), #1428, .F. );
#595 = PRESENTATION_STYLE_ASSIGNMENT( ( #1429 ) );
#596 = ADVANCED_FACE( '', ( #1430, #1431 ), #1432, .F. );
#597 = PRESENTATION_STYLE_ASSIGNMENT( ( #1433 ) );
#598 = ADVANCED_FACE( '', ( #1434 ), #1435, .F. );
#599 = PRESENTATION_STYLE_ASSIGNMENT( ( #1436 ) );
#600 = ADVANCED_FACE( '', ( #1437 ), #1438, .F. );
#601 = PRESENTATION_STYLE_ASSIGNMENT( ( #1439 ) );
#602 = ADVANCED_FACE( '', ( #1440 ), #1441, .T. );
#603 = PRESENTATION_STYLE_ASSIGNMENT( ( #1442 ) );
#604 = ADVANCED_FACE( '', ( #1443 ), #1444, .T. );
#605 = PRESENTATION_STYLE_ASSIGNMENT( ( #1445 ) );
#606 = ADVANCED_FACE( '', ( #1446, #1447, #1448, #1449, #1450 ), #1451, .T. );
#607 = PRESENTATION_STYLE_ASSIGNMENT( ( #1452 ) );
#608 = ADVANCED_FACE( '', ( #1453, #1454 ), #1455, .F. );
#609 = PRESENTATION_STYLE_ASSIGNMENT( ( #1456 ) );
#610 = ADVANCED_FACE( '', ( #1457, #1458 ), #1459, .T. );
#611 = PRESENTATION_STYLE_ASSIGNMENT( ( #1460 ) );
#612 = ADVANCED_FACE( '', ( #1461 ), #1462, .F. );
#613 = PRESENTATION_STYLE_ASSIGNMENT( ( #1463 ) );
#614 = ADVANCED_FACE( '', ( #1464, #1465 ), #1466, .F. );
#615 = PRESENTATION_STYLE_ASSIGNMENT( ( #1467 ) );
#616 = ADVANCED_FACE( '', ( #1468, #1469 ), #1470, .F. );
#617 = PRESENTATION_STYLE_ASSIGNMENT( ( #1471 ) );
#618 = ADVANCED_FACE( '', ( #1472 ), #1473, .F. );
#619 = PRESENTATION_STYLE_ASSIGNMENT( ( #1474 ) );
#620 = ADVANCED_FACE( '', ( #1475, #1476 ), #1477, .F. );
#621 = PRESENTATION_STYLE_ASSIGNMENT( ( #1478 ) );
#622 = ADVANCED_FACE( '', ( #1479 ), #1480, .T. );
#623 = PRESENTATION_STYLE_ASSIGNMENT( ( #1481 ) );
#624 = ADVANCED_FACE( '', ( #1482, #1483 ), #1484, .F. );
#625 = PRESENTATION_STYLE_ASSIGNMENT( ( #1485 ) );
#626 = ADVANCED_FACE( '', ( #1486, #1487 ), #1488, .F. );
#627 = PRESENTATION_STYLE_ASSIGNMENT( ( #1489 ) );
#628 = ADVANCED_FACE( '', ( #1490, #1491, #1492, #1493, #1494 ), #1495, .T. );
#629 = PRESENTATION_STYLE_ASSIGNMENT( ( #1496 ) );
#630 = ADVANCED_FACE( '', ( #1497, #1498 ), #1499, .T. );
#631 = PRESENTATION_STYLE_ASSIGNMENT( ( #1500 ) );
#632 = ADVANCED_FACE( '', ( #1501 ), #1502, .T. );
#633 = PRESENTATION_STYLE_ASSIGNMENT( ( #1503 ) );
#634 = ADVANCED_FACE( '', ( #1504, #1505 ), #1506, .F. );
#635 = PRESENTATION_STYLE_ASSIGNMENT( ( #1507 ) );
#636 = ADVANCED_FACE( '', ( #1508, #1509 ), #1510, .F. );
#637 = PRESENTATION_STYLE_ASSIGNMENT( ( #1511 ) );
#638 = ADVANCED_FACE( '', ( #1512, #1513 ), #1514, .F. );
#639 = PRESENTATION_STYLE_ASSIGNMENT( ( #1515 ) );
#640 = ADVANCED_FACE( '', ( #1516 ), #1517, .T. );
#641 = PRESENTATION_STYLE_ASSIGNMENT( ( #1518 ) );
#642 = ADVANCED_FACE( '', ( #1519, #1520 ), #1521, .F. );
#643 = PRESENTATION_STYLE_ASSIGNMENT( ( #1522 ) );
#644 = ADVANCED_FACE( '', ( #1523, #1524 ), #1525, .F. );
#645 = PRESENTATION_STYLE_ASSIGNMENT( ( #1526 ) );
#646 = ADVANCED_FACE( '', ( #1527 ), #1528, .T. );
#647 = PRESENTATION_STYLE_ASSIGNMENT( ( #1529 ) );
#648 = ADVANCED_FACE( '', ( #1530 ), #1531, .T. );
#649 = PRESENTATION_STYLE_ASSIGNMENT( ( #1532 ) );
#650 = ADVANCED_FACE( '', ( #1533 ), #1534, .F. );
#651 = PRESENTATION_STYLE_ASSIGNMENT( ( #1535 ) );
#652 = ADVANCED_FACE( '', ( #1536, #1537 ), #1538, .F. );
#653 = PRESENTATION_STYLE_ASSIGNMENT( ( #1539 ) );
#654 = ADVANCED_FACE( '', ( #1540, #1541, #1542, #1543, #1544, #1545, #1546, #1547, #1548, #1549 ), #1550, .F. );
#655 = PRESENTATION_STYLE_ASSIGNMENT( ( #1551 ) );
#656 = ADVANCED_FACE( '', ( #1552 ), #1553, .F. );
#657 = PRESENTATION_STYLE_ASSIGNMENT( ( #1554 ) );
#658 = ADVANCED_FACE( '', ( #1555 ), #1556, .T. );
#659 = PRESENTATION_STYLE_ASSIGNMENT( ( #1557 ) );
#660 = ADVANCED_FACE( '', ( #1558 ), #1559, .T. );
#661 = PRESENTATION_STYLE_ASSIGNMENT( ( #1560 ) );
#662 = ADVANCED_FACE( '', ( #1561 ), #1562, .F. );
#663 = PRESENTATION_STYLE_ASSIGNMENT( ( #1563 ) );
#664 = ADVANCED_FACE( '', ( #1564 ), #1565, .T. );
#665 = PRESENTATION_STYLE_ASSIGNMENT( ( #1566 ) );
#666 = ADVANCED_FACE( '', ( #1567 ), #1568, .T. );
#667 = PRESENTATION_STYLE_ASSIGNMENT( ( #1569 ) );
#668 = ADVANCED_FACE( '', ( #1570, #1571 ), #1572, .F. );
#669 = PRESENTATION_STYLE_ASSIGNMENT( ( #1573 ) );
#670 = ADVANCED_FACE( '', ( #1574, #1575 ), #1576, .F. );
#671 = PRESENTATION_STYLE_ASSIGNMENT( ( #1577 ) );
#672 = ADVANCED_FACE( '', ( #1578, #1579 ), #1580, .T. );
#673 = PRESENTATION_STYLE_ASSIGNMENT( ( #1581 ) );
#674 = ADVANCED_FACE( '', ( #1582 ), #1583, .F. );
#675 = PRESENTATION_STYLE_ASSIGNMENT( ( #1584 ) );
#676 = ADVANCED_FACE( '', ( #1585 ), #1586, .T. );
#677 = PRESENTATION_STYLE_ASSIGNMENT( ( #1587 ) );
#678 = ADVANCED_FACE( '', ( #1588 ), #1589, .F. );
#679 = PRESENTATION_STYLE_ASSIGNMENT( ( #1590 ) );
#680 = ADVANCED_FACE( '', ( #1591 ), #1592, .T. );
#681 = PRESENTATION_STYLE_ASSIGNMENT( ( #1593 ) );
#682 = ADVANCED_FACE( '', ( #1594, #1595 ), #1596, .F. );
#683 = PRESENTATION_STYLE_ASSIGNMENT( ( #1597 ) );
#684 = ADVANCED_FACE( '', ( #1598 ), #1599, .F. );
#685 = PRESENTATION_STYLE_ASSIGNMENT( ( #1600 ) );
#686 = ADVANCED_FACE( '', ( #1601 ), #1602, .T. );
#687 = PRESENTATION_STYLE_ASSIGNMENT( ( #1603 ) );
#688 = ADVANCED_FACE( '', ( #1604 ), #1605, .F. );
#689 = PRESENTATION_STYLE_ASSIGNMENT( ( #1606 ) );
#690 = ADVANCED_FACE( '', ( #1607 ), #1608, .F. );
#691 = PRESENTATION_STYLE_ASSIGNMENT( ( #1609 ) );
#692 = ADVANCED_FACE( '', ( #1610, #1611 ), #1612, .F. );
#693 = PRESENTATION_STYLE_ASSIGNMENT( ( #1613 ) );
#694 = ADVANCED_FACE( '', ( #1614 ), #1615, .F. );
#695 = PRESENTATION_STYLE_ASSIGNMENT( ( #1616 ) );
#696 = ADVANCED_FACE( '', ( #1617 ), #1618, .T. );
#697 = PRESENTATION_STYLE_ASSIGNMENT( ( #1619 ) );
#698 = ADVANCED_FACE( '', ( #1620, #1621 ), #1622, .T. );
#699 = PRESENTATION_STYLE_ASSIGNMENT( ( #1623 ) );
#700 = ADVANCED_FACE( '', ( #1624, #1625 ), #1626, .F. );
#701 = PRESENTATION_STYLE_ASSIGNMENT( ( #1627 ) );
#702 = ADVANCED_FACE( '', ( #1628, #1629 ), #1630, .F. );
#703 = PRESENTATION_STYLE_ASSIGNMENT( ( #1631 ) );
#704 = ADVANCED_FACE( '', ( #1632, #1633 ), #1634, .F. );
#705 = PRESENTATION_STYLE_ASSIGNMENT( ( #1635 ) );
#706 = ADVANCED_FACE( '', ( #1636 ), #1637, .F. );
#707 = PRESENTATION_STYLE_ASSIGNMENT( ( #1638 ) );
#708 = ADVANCED_FACE( '', ( #1639, #1640 ), #1641, .F. );
#709 = PRESENTATION_STYLE_ASSIGNMENT( ( #1642 ) );
#710 = ADVANCED_FACE( '', ( #1643 ), #1644, .F. );
#711 = PRESENTATION_STYLE_ASSIGNMENT( ( #1645 ) );
#712 = ADVANCED_FACE( '', ( #1646 ), #1647, .F. );
#713 = PRESENTATION_STYLE_ASSIGNMENT( ( #1648 ) );
#714 = ADVANCED_FACE( '', ( #1649, #1650 ), #1651, .T. );
#715 = PRESENTATION_STYLE_ASSIGNMENT( ( #1652 ) );
#716 = ADVANCED_FACE( '', ( #1653, #1654 ), #1655, .T. );
#717 = PRESENTATION_STYLE_ASSIGNMENT( ( #1656 ) );
#718 = ADVANCED_FACE( '', ( #1657, #1658 ), #1659, .F. );
#719 = PRESENTATION_STYLE_ASSIGNMENT( ( #1660 ) );
#720 = ADVANCED_FACE( '', ( #1661 ), #1662, .F. );
#721 = PRESENTATION_STYLE_ASSIGNMENT( ( #1663 ) );
#722 = ADVANCED_FACE( '', ( #1664, #1665 ), #1666, .F. );
#723 = PRESENTATION_STYLE_ASSIGNMENT( ( #1667 ) );
#724 = ADVANCED_FACE( '', ( #1668 ), #1669, .T. );
#725 = PRESENTATION_STYLE_ASSIGNMENT( ( #1670 ) );
#726 = ADVANCED_FACE( '', ( #1671, #1672 ), #1673, .F. );
#727 = PRESENTATION_STYLE_ASSIGNMENT( ( #1674 ) );
#728 = ADVANCED_FACE( '', ( #1675 ), #1676, .T. );
#729 = PRESENTATION_STYLE_ASSIGNMENT( ( #1677 ) );
#730 = ADVANCED_FACE( '', ( #1678 ), #1679, .T. );
#731 = PRESENTATION_STYLE_ASSIGNMENT( ( #1680 ) );
#732 = ADVANCED_FACE( '', ( #1681, #1682 ), #1683, .F. );
#733 = PRESENTATION_STYLE_ASSIGNMENT( ( #1684 ) );
#734 = ADVANCED_FACE( '', ( #1685 ), #1686, .T. );
#735 = PRESENTATION_STYLE_ASSIGNMENT( ( #1687 ) );
#736 = ADVANCED_FACE( '', ( #1688 ), #1689, .F. );
#737 = PRESENTATION_STYLE_ASSIGNMENT( ( #1690 ) );
#738 = ADVANCED_FACE( '', ( #1691 ), #1692, .T. );
#739 = PRESENTATION_STYLE_ASSIGNMENT( ( #1693 ) );
#740 = ADVANCED_FACE( '', ( #1694, #1695 ), #1696, .T. );
#741 = PRESENTATION_STYLE_ASSIGNMENT( ( #1697 ) );
#742 = ADVANCED_FACE( '', ( #1698 ), #1699, .T. );
#743 = PRESENTATION_STYLE_ASSIGNMENT( ( #1700 ) );
#744 = ADVANCED_FACE( '', ( #1701, #1702 ), #1703, .T. );
#745 = PRESENTATION_STYLE_ASSIGNMENT( ( #1704 ) );
#746 = ADVANCED_FACE( '', ( #1705, #1706 ), #1707, .F. );
#747 = PRESENTATION_STYLE_ASSIGNMENT( ( #1708 ) );
#748 = ADVANCED_FACE( '', ( #1709 ), #1710, .T. );
#749 = PRESENTATION_STYLE_ASSIGNMENT( ( #1711 ) );
#750 = ADVANCED_FACE( '', ( #1712 ), #1713, .T. );
#751 = PRESENTATION_STYLE_ASSIGNMENT( ( #1714 ) );
#752 = ADVANCED_FACE( '', ( #1715 ), #1716, .T. );
#753 = PRESENTATION_STYLE_ASSIGNMENT( ( #1717 ) );
#754 = ADVANCED_FACE( '', ( #1718 ), #1719, .T. );
#755 = PRESENTATION_STYLE_ASSIGNMENT( ( #1720 ) );
#756 = ADVANCED_FACE( '', ( #1721, #1722 ), #1723, .F. );
#757 = PRESENTATION_STYLE_ASSIGNMENT( ( #1724 ) );
#758 = ADVANCED_FACE( '', ( #1725, #1726 ), #1727, .F. );
#759 = PRESENTATION_STYLE_ASSIGNMENT( ( #1728 ) );
#760 = ADVANCED_FACE( '', ( #1729 ), #1730, .T. );
#761 = PRESENTATION_STYLE_ASSIGNMENT( ( #1731 ) );
#762 = ADVANCED_FACE( '', ( #1732, #1733 ), #1734, .F. );
#763 = PRESENTATION_STYLE_ASSIGNMENT( ( #1735 ) );
#764 = ADVANCED_FACE( '', ( #1736 ), #1737, .F. );
#765 = PRESENTATION_STYLE_ASSIGNMENT( ( #1738 ) );
#766 = ADVANCED_FACE( '', ( #1739 ), #1740, .T. );
#767 = PRESENTATION_STYLE_ASSIGNMENT( ( #1741 ) );
#768 = ADVANCED_FACE( '', ( #1742 ), #1743, .T. );
#769 = PRESENTATION_STYLE_ASSIGNMENT( ( #1744 ) );
#770 = ADVANCED_FACE( '', ( #1745 ), #1746, .F. );
#771 = PRESENTATION_STYLE_ASSIGNMENT( ( #1747 ) );
#772 = ADVANCED_FACE( '', ( #1748, #1749 ), #1750, .F. );
#773 = PRESENTATION_STYLE_ASSIGNMENT( ( #1751 ) );
#774 = ADVANCED_FACE( '', ( #1752 ), #1753, .F. );
#775 = PRESENTATION_STYLE_ASSIGNMENT( ( #1754 ) );
#776 = ADVANCED_FACE( '', ( #1755, #1756 ), #1757, .T. );
#777 = PRESENTATION_STYLE_ASSIGNMENT( ( #1758 ) );
#778 = ADVANCED_FACE( '', ( #1759 ), #1760, .F. );
#779 = PRESENTATION_STYLE_ASSIGNMENT( ( #1761 ) );
#780 = ADVANCED_FACE( '', ( #1762, #1763 ), #1764, .T. );
#781 = PRESENTATION_STYLE_ASSIGNMENT( ( #1765 ) );
#782 = ADVANCED_FACE( '', ( #1766, #1767 ), #1768, .T. );
#783 = PRESENTATION_STYLE_ASSIGNMENT( ( #1769 ) );
#784 = ADVANCED_FACE( '', ( #1770, #1771 ), #1772, .T. );
#785 = PRESENTATION_STYLE_ASSIGNMENT( ( #1773 ) );
#786 = ADVANCED_FACE( '', ( #1774, #1775 ), #1776, .F. );
#787 = PRESENTATION_STYLE_ASSIGNMENT( ( #1777 ) );
#788 = ADVANCED_FACE( '', ( #1778, #1779 ), #1780, .F. );
#789 = PRESENTATION_STYLE_ASSIGNMENT( ( #1781 ) );
#790 = ADVANCED_FACE( '', ( #1782 ), #1783, .F. );
#791 = PRESENTATION_STYLE_ASSIGNMENT( ( #1784 ) );
#792 = ADVANCED_FACE( '', ( #1785, #1786 ), #1787, .F. );
#793 = PRESENTATION_STYLE_ASSIGNMENT( ( #1788 ) );
#794 = ADVANCED_FACE( '', ( #1789 ), #1790, .T. );
#795 = PRESENTATION_STYLE_ASSIGNMENT( ( #1791 ) );
#796 = ADVANCED_FACE( '', ( #1792, #1793 ), #1794, .F. );
#797 = PRESENTATION_STYLE_ASSIGNMENT( ( #1795 ) );
#798 = ADVANCED_FACE( '', ( #1796 ), #1797, .T. );
#799 = PRESENTATION_STYLE_ASSIGNMENT( ( #1798 ) );
#800 = ADVANCED_FACE( '', ( #1799, #1800 ), #1801, .T. );
#801 = PRESENTATION_STYLE_ASSIGNMENT( ( #1802 ) );
#802 = ADVANCED_FACE( '', ( #1803 ), #1804, .F. );
#803 = PRESENTATION_STYLE_ASSIGNMENT( ( #1805 ) );
#804 = ADVANCED_FACE( '', ( #1806, #1807 ), #1808, .T. );
#805 = PRESENTATION_STYLE_ASSIGNMENT( ( #1809 ) );
#806 = ADVANCED_FACE( '', ( #1810 ), #1811, .F. );
#807 = PRESENTATION_STYLE_ASSIGNMENT( ( #1812 ) );
#808 = ADVANCED_FACE( '', ( #1813, #1814 ), #1815, .F. );
#809 = PRESENTATION_STYLE_ASSIGNMENT( ( #1816 ) );
#810 = ADVANCED_FACE( '', ( #1817 ), #1818, .T. );
#811 = PRESENTATION_STYLE_ASSIGNMENT( ( #1819 ) );
#812 = ADVANCED_FACE( '', ( #1820, #1821 ), #1822, .F. );
#813 = PRESENTATION_STYLE_ASSIGNMENT( ( #1823 ) );
#814 = ADVANCED_FACE( '', ( #1824, #1825 ), #1826, .F. );
#815 = PRESENTATION_STYLE_ASSIGNMENT( ( #1827 ) );
#816 = ADVANCED_FACE( '', ( #1828 ), #1829, .F. );
#817 = PRESENTATION_STYLE_ASSIGNMENT( ( #1830 ) );
#818 = ADVANCED_FACE( '', ( #1831, #1832 ), #1833, .F. );
#819 = PRESENTATION_STYLE_ASSIGNMENT( ( #1834 ) );
#820 = ADVANCED_FACE( '', ( #1835, #1836 ), #1837, .T. );
#821 = PRESENTATION_STYLE_ASSIGNMENT( ( #1838 ) );
#822 = ADVANCED_FACE( '', ( #1839 ), #1840, .T. );
#823 = PRESENTATION_STYLE_ASSIGNMENT( ( #1841 ) );
#824 = ADVANCED_FACE( '', ( #1842 ), #1843, .F. );
#825 = PRESENTATION_STYLE_ASSIGNMENT( ( #1844 ) );
#826 = ADVANCED_FACE( '', ( #1845, #1846 ), #1847, .T. );
#827 = PRESENTATION_STYLE_ASSIGNMENT( ( #1848 ) );
#828 = ADVANCED_FACE( '', ( #1849 ), #1850, .F. );
#829 = PRESENTATION_STYLE_ASSIGNMENT( ( #1851 ) );
#830 = ADVANCED_FACE( '', ( #1852, #1853 ), #1854, .T. );
#831 = PRESENTATION_STYLE_ASSIGNMENT( ( #1855 ) );
#832 = ADVANCED_FACE( '', ( #1856 ), #1857, .F. );
#833 = PRESENTATION_STYLE_ASSIGNMENT( ( #1858 ) );
#834 = ADVANCED_FACE( '', ( #1859, #1860 ), #1861, .F. );
#835 = PRESENTATION_STYLE_ASSIGNMENT( ( #1862 ) );
#836 = ADVANCED_FACE( '', ( #1863 ), #1864, .T. );
#837 = PRESENTATION_STYLE_ASSIGNMENT( ( #1865 ) );
#838 = ADVANCED_FACE( '', ( #1866 ), #1867, .T. );
#839 = PRESENTATION_STYLE_ASSIGNMENT( ( #1868 ) );
#840 = ADVANCED_FACE( '', ( #1869, #1870 ), #1871, .F. );
#841 = PRESENTATION_STYLE_ASSIGNMENT( ( #1872 ) );
#842 = ADVANCED_FACE( '', ( #1873 ), #1874, .T. );
#843 = PRESENTATION_STYLE_ASSIGNMENT( ( #1875 ) );
#844 = ADVANCED_FACE( '', ( #1876, #1877 ), #1878, .F. );
#845 = PRESENTATION_STYLE_ASSIGNMENT( ( #1879 ) );
#846 = ADVANCED_FACE( '', ( #1880 ), #1881, .F. );
#847 = PRESENTATION_STYLE_ASSIGNMENT( ( #1882 ) );
#848 = ADVANCED_FACE( '', ( #1883 ), #1884, .F. );
#849 = PRESENTATION_STYLE_ASSIGNMENT( ( #1885 ) );
#850 = ADVANCED_FACE( '', ( #1886, #1887 ), #1888, .T. );
#851 = PRESENTATION_STYLE_ASSIGNMENT( ( #1889 ) );
#852 = ADVANCED_FACE( '', ( #1890 ), #1891, .T. );
#853 = PRESENTATION_STYLE_ASSIGNMENT( ( #1892 ) );
#854 = ADVANCED_FACE( '', ( #1893 ), #1894, .F. );
#855 = PRESENTATION_STYLE_ASSIGNMENT( ( #1895 ) );
#856 = ADVANCED_FACE( '', ( #1896, #1897 ), #1898, .F. );
#857 = PRESENTATION_STYLE_ASSIGNMENT( ( #1899 ) );
#858 = ADVANCED_FACE( '', ( #1900, #1901 ), #1902, .F. );
#859 = PRESENTATION_STYLE_ASSIGNMENT( ( #1903 ) );
#860 = ADVANCED_FACE( '', ( #1904, #1905 ), #1906, .F. );
#861 = PRESENTATION_STYLE_ASSIGNMENT( ( #1907 ) );
#862 = ADVANCED_FACE( '', ( #1908 ), #1909, .T. );
#863 = PRESENTATION_STYLE_ASSIGNMENT( ( #1910 ) );
#864 = ADVANCED_FACE( '', ( #1911, #1912 ), #1913, .T. );
#865 = PRESENTATION_STYLE_ASSIGNMENT( ( #1914 ) );
#866 = ADVANCED_FACE( '', ( #1915 ), #1916, .T. );
#867 = PRESENTATION_STYLE_ASSIGNMENT( ( #1917 ) );
#868 = ADVANCED_FACE( '', ( #1918, #1919 ), #1920, .F. );
#869 = PRESENTATION_STYLE_ASSIGNMENT( ( #1921 ) );
#870 = ADVANCED_FACE( '', ( #1922, #1923 ), #1924, .T. );
#871 = PRESENTATION_STYLE_ASSIGNMENT( ( #1925 ) );
#872 = ADVANCED_FACE( '', ( #1926, #1927 ), #1928, .F. );
#873 = PRESENTATION_STYLE_ASSIGNMENT( ( #1929 ) );
#874 = ADVANCED_FACE( '', ( #1930, #1931 ), #1932, .F. );
#875 = PRESENTATION_STYLE_ASSIGNMENT( ( #1933 ) );
#876 = ADVANCED_FACE( '', ( #1934, #1935 ), #1936, .F. );
#877 = PRESENTATION_STYLE_ASSIGNMENT( ( #1937 ) );
#878 = ADVANCED_FACE( '', ( #1938, #1939 ), #1940, .F. );
#879 = PRESENTATION_STYLE_ASSIGNMENT( ( #1941 ) );
#880 = ADVANCED_FACE( '', ( #1942 ), #1943, .F. );
#881 = PRESENTATION_STYLE_ASSIGNMENT( ( #1944 ) );
#882 = ADVANCED_FACE( '', ( #1945, #1946 ), #1947, .F. );
#883 = PRESENTATION_STYLE_ASSIGNMENT( ( #1948 ) );
#884 = ADVANCED_FACE( '', ( #1949, #1950 ), #1951, .T. );
#885 = PRESENTATION_STYLE_ASSIGNMENT( ( #1952 ) );
#886 = ADVANCED_FACE( '', ( #1953, #1954 ), #1955, .T. );
#887 = PRESENTATION_STYLE_ASSIGNMENT( ( #1956 ) );
#888 = ADVANCED_FACE( '', ( #1957, #1958 ), #1959, .T. );
#889 = PRESENTATION_STYLE_ASSIGNMENT( ( #1960 ) );
#890 = ADVANCED_FACE( '', ( #1961 ), #1962, .T. );
#891 = PRESENTATION_STYLE_ASSIGNMENT( ( #1963 ) );
#892 = ADVANCED_FACE( '', ( #1964 ), #1965, .T. );
#893 = PRESENTATION_STYLE_ASSIGNMENT( ( #1966 ) );
#894 = ADVANCED_FACE( '', ( #1967, #1968 ), #1969, .T. );
#895 = PRESENTATION_STYLE_ASSIGNMENT( ( #1970 ) );
#896 = ADVANCED_FACE( '', ( #1971, #1972 ), #1973, .T. );
#897 = PRESENTATION_STYLE_ASSIGNMENT( ( #1974 ) );
#898 = ADVANCED_FACE( '', ( #1975, #1976 ), #1977, .F. );
#899 = PRESENTATION_STYLE_ASSIGNMENT( ( #1978 ) );
#900 = ADVANCED_FACE( '', ( #1979, #1980, #1981 ), #1982, .T. );
#901 = PRESENTATION_STYLE_ASSIGNMENT( ( #1983 ) );
#902 = ADVANCED_FACE( '', ( #1984 ), #1985, .F. );
#903 = PRESENTATION_STYLE_ASSIGNMENT( ( #1986 ) );
#904 = ADVANCED_FACE( '', ( #1987 ), #1988, .T. );
#905 = PRODUCT( 'XM430', 'XM430', 'PART-XM430-DESC', ( #1989 ) );
#906 = PRODUCT_DEFINITION( 'NONE', 'NONE', #1990, #2 );
#907 = BREP_WITH_VOIDS( 'XM430', #1991, ( #1992, #1993, #1994, #1995, #1996, #1997, #1998, #1999, #2000, #2001, #2002, #2003, #2004, #2005, #2006, #2007 ) );
#908 = AXIS2_PLACEMENT_3D( '', #2008, #2009, #2010 );
#911 = LENGTH_MEASURE_WITH_UNIT( LENGTH_MEASURE( 1.00000000000000 ), #2011 );
#914 = DIMENSIONAL_EXPONENTS( 1.00000000000000, 0.00000000000000, 0.00000000000000, 0.00000000000000, 0.00000000000000, 0.00000000000000, 0.00000000000000 );
#916 = DIMENSIONAL_EXPONENTS( 0.00000000000000, 0.00000000000000, 0.00000000000000, 0.00000000000000, 0.00000000000000, 0.00000000000000, 0.00000000000000 );
#922 = SURFACE_STYLE_USAGE( .BOTH., #2012 );
#923 = FACE_OUTER_BOUND( '', #2013, .T. );
#924 = PLANE( '', #2014 );
#925 = SURFACE_STYLE_USAGE( .BOTH., #2015 );
#926 = FACE_OUTER_BOUND( '', #2016, .T. );
#927 = FACE_BOUND( '', #2017, .T. );
#928 = CONICAL_SURFACE( '', #2018, 0.00214174680000000, 1.04719755120000 );
#929 = SURFACE_STYLE_USAGE( .BOTH., #2019 );
#930 = FACE_OUTER_BOUND( '', #2020, .T. );
#931 = FACE_OUTER_BOUND( '', #2021, .T. );
#932 = CYLINDRICAL_SURFACE( '', #2022, 0.00102500000000000 );
#933 = SURFACE_STYLE_USAGE( .BOTH., #2023 );
#934 = FACE_OUTER_BOUND( '', #2024, .T. );
#935 = PLANE( '', #2025 );
#936 = SURFACE_STYLE_USAGE( .BOTH., #2026 );
#937 = FACE_OUTER_BOUND( '', #2027, .T. );
#938 = FACE_BOUND( '', #2028, .T. );
#939 = PLANE( '', #2029 );
#940 = SURFACE_STYLE_USAGE( .BOTH., #2030 );
#941 = FACE_OUTER_BOUND( '', #2031, .T. );
#942 = PLANE( '', #2032 );
#943 = SURFACE_STYLE_USAGE( .BOTH., #2033 );
#944 = FACE_OUTER_BOUND( '', #2034, .T. );
#945 = PLANE( '', #2035 );
#946 = SURFACE_STYLE_USAGE( .BOTH., #2036 );
#947 = FACE_OUTER_BOUND( '', #2037, .T. );
#948 = FACE_OUTER_BOUND( '', #2038, .T. );
#949 = CYLINDRICAL_SURFACE( '', #2039, 0.00102500000000000 );
#950 = SURFACE_STYLE_USAGE( .BOTH., #2040 );
#951 = FACE_OUTER_BOUND( '', #2041, .T. );
#952 = FACE_BOUND( '', #2042, .T. );
#953 = PLANE( '', #2043 );
#954 = SURFACE_STYLE_USAGE( .BOTH., #2044 );
#955 = FACE_OUTER_BOUND( '', #2045, .T. );
#956 = FACE_BOUND( '', #2046, .T. );
#957 = PLANE( '', #2047 );
#958 = SURFACE_STYLE_USAGE( .BOTH., #2048 );
#959 = FACE_OUTER_BOUND( '', #2049, .T. );
#960 = FACE_BOUND( '', #2050, .T. );
#961 = FACE_BOUND( '', #2051, .T. );
#962 = PLANE( '', #2052 );
#963 = SURFACE_STYLE_USAGE( .BOTH., #2053 );
#964 = FACE_OUTER_BOUND( '', #2054, .T. );
#965 = PLANE( '', #2055 );
#966 = SURFACE_STYLE_USAGE( .BOTH., #2056 );
#967 = FACE_OUTER_BOUND( '', #2057, .T. );
#968 = PLANE( '', #2058 );
#969 = SURFACE_STYLE_USAGE( .BOTH., #2059 );
#970 = FACE_BOUND( '', #2060, .T. );
#971 = FACE_OUTER_BOUND( '', #2061, .T. );
#972 = CONICAL_SURFACE( '', #2062, 0.00130000000000000, 0.785398163400000 );
#973 = SURFACE_STYLE_USAGE( .BOTH., #2063 );
#974 = FACE_OUTER_BOUND( '', #2064, .T. );
#975 = PLANE( '', #2065 );
#976 = SURFACE_STYLE_USAGE( .BOTH., #2066 );
#977 = FACE_OUTER_BOUND( '', #2067, .T. );
#978 = FACE_OUTER_BOUND( '', #2068, .T. );
#979 = CYLINDRICAL_SURFACE( '', #2069, 0.00102500000000000 );
#980 = SURFACE_STYLE_USAGE( .BOTH., #2070 );
#981 = FACE_OUTER_BOUND( '', #2071, .T. );
#982 = PLANE( '', #2072 );
#983 = SURFACE_STYLE_USAGE( .BOTH., #2073 );
#984 = FACE_BOUND( '', #2074, .T. );
#985 = FACE_OUTER_BOUND( '', #2075, .T. );
#986 = CONICAL_SURFACE( '', #2076, 0.00130000000000000, 0.785398163400000 );
#987 = SURFACE_STYLE_USAGE( .BOTH., #2077 );
#988 = FACE_OUTER_BOUND( '', #2078, .T. );
#989 = PLANE( '', #2079 );
#990 = SURFACE_STYLE_USAGE( .BOTH., #2080 );
#991 = FACE_OUTER_BOUND( '', #2081, .T. );
#992 = PLANE( '', #2082 );
#993 = SURFACE_STYLE_USAGE( .BOTH., #2083 );
#994 = FACE_OUTER_BOUND( '', #2084, .T. );
#995 = PLANE( '', #2085 );
#996 = SURFACE_STYLE_USAGE( .BOTH., #2086 );
#997 = FACE_OUTER_BOUND( '', #2087, .T. );
#998 = FACE_OUTER_BOUND( '', #2088, .T. );
#999 = CYLINDRICAL_SURFACE( '', #2089, 0.00225000000000000 );
#1000 = SURFACE_STYLE_USAGE( .BOTH., #2090 );
#1001 = FACE_OUTER_BOUND( '', #2091, .T. );
#1002 = PLANE( '', #2092 );
#1003 = SURFACE_STYLE_USAGE( .BOTH., #2093 );
#1004 = FACE_OUTER_BOUND( '', #2094, .T. );
#1005 = FACE_OUTER_BOUND( '', #2095, .T. );
#1006 = CYLINDRICAL_SURFACE( '', #2096, 0.00240000000000000 );
#1007 = SURFACE_STYLE_USAGE( .BOTH., #2097 );
#1008 = FACE_OUTER_BOUND( '', #2098, .T. );
#1009 = PLANE( '', #2099 );
#1010 = SURFACE_STYLE_USAGE( .BOTH., #2100 );
#1011 = FACE_OUTER_BOUND( '', #2101, .T. );
#1012 = FACE_BOUND( '', #2102, .T. );
#1013 = FACE_BOUND( '', #2103, .T. );
#1014 = PLANE( '', #2104 );
#1015 = SURFACE_STYLE_USAGE( .BOTH., #2105 );
#1016 = FACE_BOUND( '', #2106, .T. );
#1017 = FACE_OUTER_BOUND( '', #2107, .T. );
#1018 = CONICAL_SURFACE( '', #2108, 0.00130000000000000, 0.785398163400000 );
#1019 = SURFACE_STYLE_USAGE( .BOTH., #2109 );
#1020 = FACE_OUTER_BOUND( '', #2110, .T. );
#1021 = FACE_OUTER_BOUND( '', #2111, .T. );
#1022 = CYLINDRICAL_SURFACE( '', #2112, 0.00130000000000000 );
#1023 = SURFACE_STYLE_USAGE( .BOTH., #2113 );
#1024 = FACE_OUTER_BOUND( '', #2114, .T. );
#1025 = PLANE( '', #2115 );
#1026 = SURFACE_STYLE_USAGE( .BOTH., #2116 );
#1027 = FACE_BOUND( '', #2117, .T. );
#1028 = FACE_OUTER_BOUND( '', #2118, .T. );
#1029 = CONICAL_SURFACE( '', #2119, 0.00390000000000000, 0.785398163400000 );
#1030 = SURFACE_STYLE_USAGE( .BOTH., #2120 );
#1031 = FACE_OUTER_BOUND( '', #2121, .T. );
#1032 = FACE_OUTER_BOUND( '', #2122, .T. );
#1033 = CYLINDRICAL_SURFACE( '', #2123, 0.00102500000000000 );
#1034 = SURFACE_STYLE_USAGE( .BOTH., #2124 );
#1035 = FACE_OUTER_BOUND( '', #2125, .T. );
#1036 = FACE_OUTER_BOUND( '', #2126, .T. );
#1037 = CYLINDRICAL_SURFACE( '', #2127, 0.00130000000000000 );
#1038 = SURFACE_STYLE_USAGE( .BOTH., #2128 );
#1039 = FACE_OUTER_BOUND( '', #2129, .T. );
#1040 = PLANE( '', #2130 );
#1041 = SURFACE_STYLE_USAGE( .BOTH., #2131 );
#1042 = FACE_OUTER_BOUND( '', #2132, .T. );
#1043 = FACE_OUTER_BOUND( '', #2133, .T. );
#1044 = CYLINDRICAL_SURFACE( '', #2134, 0.00102500000000000 );
#1045 = SURFACE_STYLE_USAGE( .BOTH., #2135 );
#1046 = FACE_OUTER_BOUND( '', #2136, .T. );
#1047 = FACE_OUTER_BOUND( '', #2137, .T. );
#1048 = CYLINDRICAL_SURFACE( '', #2138, 0.00102500000000000 );
#1049 = SURFACE_STYLE_USAGE( .BOTH., #2139 );
#1050 = FACE_BOUND( '', #2140, .T. );
#1051 = FACE_OUTER_BOUND( '', #2141, .T. );
#1052 = CONICAL_SURFACE( '', #2142, 0.000547406800000000, 1.02974425870000 );
#1053 = SURFACE_STYLE_USAGE( .BOTH., #2143 );
#1054 = FACE_OUTER_BOUND( '', #2144, .T. );
#1055 = FACE_OUTER_BOUND( '', #2145, .T. );
#1056 = CYLINDRICAL_SURFACE( '', #2146, 0.00225000000000000 );
#1057 = SURFACE_STYLE_USAGE( .BOTH., #2147 );
#1058 = FACE_OUTER_BOUND( '', #2148, .T. );
#1059 = FACE_OUTER_BOUND( '', #2149, .T. );
#1060 = CYLINDRICAL_SURFACE( '', #2150, 0.00102500000000000 );
#1061 = SURFACE_STYLE_USAGE( .BOTH., #2151 );
#1062 = FACE_OUTER_BOUND( '', #2152, .T. );
#1063 = PLANE( '', #2153 );
#1064 = SURFACE_STYLE_USAGE( .BOTH., #2154 );
#1065 = FACE_OUTER_BOUND( '', #2155, .T. );
#1066 = FACE_OUTER_BOUND( '', #2156, .T. );
#1067 = CYLINDRICAL_SURFACE( '', #2157, 0.00125000000000000 );
#1068 = SURFACE_STYLE_USAGE( .BOTH., #2158 );
#1069 = FACE_OUTER_BOUND( '', #2159, .T. );
#1070 = FACE_BOUND( '', #2160, .T. );
#1071 = PLANE( '', #2161 );
#1072 = SURFACE_STYLE_USAGE( .BOTH., #2162 );
#1073 = FACE_BOUND( '', #2163, .T. );
#1074 = FACE_OUTER_BOUND( '', #2164, .T. );
#1075 = CONICAL_SURFACE( '', #2165, 0.000547406800000000, 1.02974425870000 );
#1076 = SURFACE_STYLE_USAGE( .BOTH., #2166 );
#1077 = FACE_OUTER_BOUND( '', #2167, .T. );
#1078 = PLANE( '', #2168 );
#1079 = SURFACE_STYLE_USAGE( .BOTH., #2169 );
#1080 = FACE_OUTER_BOUND( '', #2170, .T. );
#1081 = FACE_OUTER_BOUND( '', #2171, .T. );
#1082 = CYLINDRICAL_SURFACE( '', #2172, 0.00102500000000000 );
#1083 = SURFACE_STYLE_USAGE( .BOTH., #2173 );
#1084 = FACE_OUTER_BOUND( '', #2174, .T. );
#1085 = PLANE( '', #2175 );
#1086 = SURFACE_STYLE_USAGE( .BOTH., #2176 );
#1087 = FACE_BOUND( '', #2177, .T. );
#1088 = FACE_OUTER_BOUND( '', #2178, .T. );
#1089 = CONICAL_SURFACE( '', #2179, 0.000950000000000000, 0.785398163400000 );
#1090 = SURFACE_STYLE_USAGE( .BOTH., #2180 );
#1091 = FACE_OUTER_BOUND( '', #2181, .T. );
#1092 = FACE_OUTER_BOUND( '', #2182, .T. );
#1093 = CYLINDRICAL_SURFACE( '', #2183, 0.00130000000000000 );
#1094 = SURFACE_STYLE_USAGE( .BOTH., #2184 );
#1095 = FACE_OUTER_BOUND( '', #2185, .T. );
#1096 = FACE_BOUND( '', #2186, .T. );
#1097 = PLANE( '', #2187 );
#1098 = SURFACE_STYLE_USAGE( .BOTH., #2188 );
#1099 = FACE_OUTER_BOUND( '', #2189, .T. );
#1100 = FACE_BOUND( '', #2190, .T. );
#1101 = FACE_BOUND( '', #2191, .T. );
#1102 = FACE_BOUND( '', #2192, .T. );
#1103 = FACE_BOUND( '', #2193, .T. );
#1104 = PLANE( '', #2194 );
#1105 = SURFACE_STYLE_USAGE( .BOTH., #2195 );
#1106 = FACE_BOUND( '', #2196, .T. );
#1107 = FACE_OUTER_BOUND( '', #2197, .T. );
#1108 = CONICAL_SURFACE( '', #2198, 0.000547406800000000, 1.02974425870000 );
#1109 = SURFACE_STYLE_USAGE( .BOTH., #2199 );
#1110 = FACE_BOUND( '', #2200, .T. );
#1111 = FACE_OUTER_BOUND( '', #2201, .T. );
#1112 = CONICAL_SURFACE( '', #2202, 0.000547406800000000, 1.02974425870000 );
#1113 = SURFACE_STYLE_USAGE( .BOTH., #2203 );
#1114 = FACE_OUTER_BOUND( '', #2204, .T. );
#1115 = PLANE( '', #2205 );
#1116 = SURFACE_STYLE_USAGE( .BOTH., #2206 );
#1117 = FACE_OUTER_BOUND( '', #2207, .T. );
#1118 = FACE_OUTER_BOUND( '', #2208, .T. );
#1119 = CYLINDRICAL_SURFACE( '', #2209, 0.00240000000000000 );
#1120 = SURFACE_STYLE_USAGE( .BOTH., #2210 );
#1121 = FACE_OUTER_BOUND( '', #2211, .T. );
#1122 = PLANE( '', #2212 );
#1123 = SURFACE_STYLE_USAGE( .BOTH., #2213 );
#1124 = FACE_OUTER_BOUND( '', #2214, .T. );
#1125 = PLANE( '', #2215 );
#1126 = SURFACE_STYLE_USAGE( .BOTH., #2216 );
#1127 = FACE_OUTER_BOUND( '', #2217, .T. );
#1128 = PLANE( '', #2218 );
#1129 = SURFACE_STYLE_USAGE( .BOTH., #2219 );
#1130 = FACE_OUTER_BOUND( '', #2220, .T. );
#1131 = FACE_OUTER_BOUND( '', #2221, .T. );
#1132 = CYLINDRICAL_SURFACE( '', #2222, 0.000800000000000000 );
#1133 = SURFACE_STYLE_USAGE( .BOTH., #2223 );
#1134 = FACE_OUTER_BOUND( '', #2224, .T. );
#1135 = FACE_OUTER_BOUND( '', #2225, .T. );
#1136 = CYLINDRICAL_SURFACE( '', #2226, 0.00975000000000000 );
#1137 = SURFACE_STYLE_USAGE( .BOTH., #2227 );
#1138 = FACE_OUTER_BOUND( '', #2228, .T. );
#1139 = PLANE( '', #2229 );
#1140 = SURFACE_STYLE_USAGE( .BOTH., #2230 );
#1141 = FACE_OUTER_BOUND( '', #2231, .T. );
#1142 = PLANE( '', #2232 );
#1143 = SURFACE_STYLE_USAGE( .BOTH., #2233 );
#1144 = FACE_OUTER_BOUND( '', #2234, .T. );
#1145 = PLANE( '', #2235 );
#1146 = SURFACE_STYLE_USAGE( .BOTH., #2236 );
#1147 = FACE_OUTER_BOUND( '', #2237, .T. );
#1148 = FACE_BOUND( '', #2238, .T. );
#1149 = CONICAL_SURFACE( '', #2239, 0.00214174680000000, 1.04719755120000 );
#1150 = SURFACE_STYLE_USAGE( .BOTH., #2240 );
#1151 = FACE_OUTER_BOUND( '', #2241, .T. );
#1152 = PLANE( '', #2242 );
#1153 = SURFACE_STYLE_USAGE( .BOTH., #2243 );
#1154 = FACE_OUTER_BOUND( '', #2244, .T. );
#1155 = FACE_OUTER_BOUND( '', #2245, .T. );
#1156 = CYLINDRICAL_SURFACE( '', #2246, 0.00125000000000000 );
#1157 = SURFACE_STYLE_USAGE( .BOTH., #2247 );
#1158 = FACE_BOUND( '', #2248, .T. );
#1159 = FACE_OUTER_BOUND( '', #2249, .T. );
#1160 = CONICAL_SURFACE( '', #2250, 0.000547406800000000, 1.02974425870000 );
#1161 = SURFACE_STYLE_USAGE( .BOTH., #2251 );
#1162 = FACE_OUTER_BOUND( '', #2252, .T. );
#1163 = FACE_OUTER_BOUND( '', #2253, .T. );
#1164 = CYLINDRICAL_SURFACE( '', #2254, 0.00102500000000000 );
#1165 = SURFACE_STYLE_USAGE( .BOTH., #2255 );
#1166 = FACE_OUTER_BOUND( '', #2256, .T. );
#1167 = FACE_OUTER_BOUND( '', #2257, .T. );
#1168 = CYLINDRICAL_SURFACE( '', #2258, 0.00240000000000000 );
#1169 = SURFACE_STYLE_USAGE( .BOTH., #2259 );
#1170 = FACE_OUTER_BOUND( '', #2260, .T. );
#1171 = PLANE( '', #2261 );
#1172 = SURFACE_STYLE_USAGE( .BOTH., #2262 );
#1173 = FACE_OUTER_BOUND( '', #2263, .T. );
#1174 = PLANE( '', #2264 );
#1175 = SURFACE_STYLE_USAGE( .BOTH., #2265 );
#1176 = FACE_OUTER_BOUND( '', #2266, .T. );
#1177 = PLANE( '', #2267 );
#1178 = SURFACE_STYLE_USAGE( .BOTH., #2268 );
#1179 = FACE_OUTER_BOUND( '', #2269, .T. );
#1180 = PLANE( '', #2270 );
#1181 = SURFACE_STYLE_USAGE( .BOTH., #2271 );
#1182 = FACE_OUTER_BOUND( '', #2272, .T. );
#1183 = PLANE( '', #2273 );
#1184 = SURFACE_STYLE_USAGE( .BOTH., #2274 );
#1185 = FACE_BOUND( '', #2275, .T. );
#1186 = FACE_OUTER_BOUND( '', #2276, .T. );
#1187 = CONICAL_SURFACE( '', #2277, 0.00118750000000000, 0.785398163400000 );
#1188 = SURFACE_STYLE_USAGE( .BOTH., #2278 );
#1189 = FACE_OUTER_BOUND( '', #2279, .T. );
#1190 = PLANE( '', #2280 );
#1191 = SURFACE_STYLE_USAGE( .BOTH., #2281 );
#1192 = FACE_OUTER_BOUND( '', #2282, .T. );
#1193 = PLANE( '', #2283 );
#1194 = SURFACE_STYLE_USAGE( .BOTH., #2284 );
#1195 = FACE_OUTER_BOUND( '', #2285, .T. );
#1196 = PLANE( '', #2286 );
#1197 = SURFACE_STYLE_USAGE( .BOTH., #2287 );
#1198 = FACE_OUTER_BOUND( '', #2288, .T. );
#1199 = PLANE( '', #2289 );
#1200 = SURFACE_STYLE_USAGE( .BOTH., #2290 );
#1201 = FACE_OUTER_BOUND( '', #2291, .T. );
#1202 = FACE_OUTER_BOUND( '', #2292, .T. );
#1203 = CYLINDRICAL_SURFACE( '', #2293, 0.00102500000000000 );
#1204 = SURFACE_STYLE_USAGE( .BOTH., #2294 );
#1205 = FACE_OUTER_BOUND( '', #2295, .T. );
#1206 = PLANE( '', #2296 );
#1207 = SURFACE_STYLE_USAGE( .BOTH., #2297 );
#1208 = FACE_BOUND( '', #2298, .T. );
#1209 = FACE_OUTER_BOUND( '', #2299, .T. );
#1210 = CONICAL_SURFACE( '', #2300, 0.00118750000000000, 0.785398163400000 );
#1211 = SURFACE_STYLE_USAGE( .BOTH., #2301 );
#1212 = FACE_OUTER_BOUND( '', #2302, .T. );
#1213 = PLANE( '', #2303 );
#1214 = SURFACE_STYLE_USAGE( .BOTH., #2304 );
#1215 = FACE_OUTER_BOUND( '', #2305, .T. );
#1216 = PLANE( '', #2306 );
#1217 = SURFACE_STYLE_USAGE( .BOTH., #2307 );
#1218 = FACE_OUTER_BOUND( '', #2308, .T. );
#1219 = FACE_OUTER_BOUND( '', #2309, .T. );
#1220 = CYLINDRICAL_SURFACE( '', #2310, 0.00102500000000000 );
#1221 = SURFACE_STYLE_USAGE( .BOTH., #2311 );
#1222 = FACE_BOUND( '', #2312, .T. );
#1223 = FACE_OUTER_BOUND( '', #2313, .T. );
#1224 = CONICAL_SURFACE( '', #2314, 0.00217500000000000, 0.785398163400000 );
#1225 = SURFACE_STYLE_USAGE( .BOTH., #2315 );
#1226 = FACE_OUTER_BOUND( '', #2316, .T. );
#1227 = PLANE( '', #2317 );
#1228 = SURFACE_STYLE_USAGE( .BOTH., #2318 );
#1229 = FACE_BOUND( '', #2319, .T. );
#1230 = FACE_OUTER_BOUND( '', #2320, .T. );
#1231 = CONICAL_SURFACE( '', #2321, 0.000547406800000000, 1.02974425870000 );
#1232 = SURFACE_STYLE_USAGE( .BOTH., #2322 );
#1233 = FACE_OUTER_BOUND( '', #2323, .T. );
#1234 = FACE_OUTER_BOUND( '', #2324, .T. );
#1235 = CYLINDRICAL_SURFACE( '', #2325, 0.00125000000000000 );
#1236 = SURFACE_STYLE_USAGE( .BOTH., #2326 );
#1237 = FACE_OUTER_BOUND( '', #2327, .T. );
#1238 = FACE_BOUND( '', #2328, .T. );
#1239 = CONICAL_SURFACE( '', #2329, 0.00214174680000000, 1.04719755120000 );
#1240 = SURFACE_STYLE_USAGE( .BOTH., #2330 );
#1241 = FACE_OUTER_BOUND( '', #2331, .T. );
#1242 = FACE_BOUND( '', #2332, .T. );
#1243 = PLANE( '', #2333 );
#1244 = SURFACE_STYLE_USAGE( .BOTH., #2334 );
#1245 = FACE_OUTER_BOUND( '', #2335, .T. );
#1246 = PLANE( '', #2336 );
#1247 = SURFACE_STYLE_USAGE( .BOTH., #2337 );
#1248 = FACE_OUTER_BOUND( '', #2338, .T. );
#1249 = FACE_BOUND( '', #2339, .T. );
#1250 = PLANE( '', #2340 );
#1251 = SURFACE_STYLE_USAGE( .BOTH., #2341 );
#1252 = FACE_OUTER_BOUND( '', #2342, .T. );
#1253 = FACE_BOUND( '', #2343, .T. );
#1254 = PLANE( '', #2344 );
#1255 = SURFACE_STYLE_USAGE( .BOTH., #2345 );
#1256 = FACE_BOUND( '', #2346, .T. );
#1257 = FACE_OUTER_BOUND( '', #2347, .T. );
#1258 = CONICAL_SURFACE( '', #2348, 0.00118750000000000, 0.785398163400000 );
#1259 = SURFACE_STYLE_USAGE( .BOTH., #2349 );
#1260 = FACE_OUTER_BOUND( '', #2350, .T. );
#1261 = FACE_BOUND( '', #2351, .T. );
#1262 = PLANE( '', #2352 );
#1263 = SURFACE_STYLE_USAGE( .BOTH., #2353 );
#1264 = FACE_OUTER_BOUND( '', #2354, .T. );
#1265 = PLANE( '', #2355 );
#1266 = SURFACE_STYLE_USAGE( .BOTH., #2356 );
#1267 = FACE_BOUND( '', #2357, .T. );
#1268 = FACE_OUTER_BOUND( '', #2358, .T. );
#1269 = CONICAL_SURFACE( '', #2359, 0.00130000000000000, 0.785398163400000 );
#1270 = SURFACE_STYLE_USAGE( .BOTH., #2360 );
#1271 = FACE_BOUND( '', #2361, .T. );
#1272 = FACE_OUTER_BOUND( '', #2362, .T. );
#1273 = CONICAL_SURFACE( '', #2363, 0.00118750000000000, 0.785398163400000 );
#1274 = SURFACE_STYLE_USAGE( .BOTH., #2364 );
#1275 = FACE_OUTER_BOUND( '', #2365, .T. );
#1276 = PLANE( '', #2366 );
#1277 = SURFACE_STYLE_USAGE( .BOTH., #2367 );
#1278 = FACE_OUTER_BOUND( '', #2368, .T. );
#1279 = FACE_OUTER_BOUND( '', #2369, .T. );
#1280 = CYLINDRICAL_SURFACE( '', #2370, 0.00125000000000000 );
#1281 = SURFACE_STYLE_USAGE( .BOTH., #2371 );
#1282 = FACE_OUTER_BOUND( '', #2372, .T. );
#1283 = PLANE( '', #2373 );
#1284 = SURFACE_STYLE_USAGE( .BOTH., #2374 );
#1285 = FACE_OUTER_BOUND( '', #2375, .T. );
#1286 = FACE_OUTER_BOUND( '', #2376, .T. );
#1287 = CYLINDRICAL_SURFACE( '', #2377, 0.00102500000000000 );
#1288 = SURFACE_STYLE_USAGE( .BOTH., #2378 );
#1289 = FACE_OUTER_BOUND( '', #2379, .T. );
#1290 = FACE_BOUND( '', #2380, .T. );
#1291 = PLANE( '', #2381 );
#1292 = SURFACE_STYLE_USAGE( .BOTH., #2382 );
#1293 = FACE_OUTER_BOUND( '', #2383, .T. );
#1294 = PLANE( '', #2384 );
#1295 = SURFACE_STYLE_USAGE( .BOTH., #2385 );
#1296 = FACE_OUTER_BOUND( '', #2386, .T. );
#1297 = PLANE( '', #2387 );
#1298 = SURFACE_STYLE_USAGE( .BOTH., #2388 );
#1299 = FACE_OUTER_BOUND( '', #2389, .T. );
#1300 = FACE_OUTER_BOUND( '', #2390, .T. );
#1301 = CYLINDRICAL_SURFACE( '', #2391, 0.00102500000000000 );
#1302 = SURFACE_STYLE_USAGE( .BOTH., #2392 );
#1303 = FACE_OUTER_BOUND( '', #2393, .T. );
#1304 = PLANE( '', #2394 );
#1305 = SURFACE_STYLE_USAGE( .BOTH., #2395 );
#1306 = FACE_OUTER_BOUND( '', #2396, .T. );
#1307 = FACE_OUTER_BOUND( '', #2397, .T. );
#1308 = CYLINDRICAL_SURFACE( '', #2398, 0.00130000000000000 );
#1309 = SURFACE_STYLE_USAGE( .BOTH., #2399 );
#1310 = FACE_OUTER_BOUND( '', #2400, .T. );
#1311 = FACE_BOUND( '', #2401, .T. );
#1312 = PLANE( '', #2402 );
#1313 = SURFACE_STYLE_USAGE( .BOTH., #2403 );
#1314 = FACE_OUTER_BOUND( '', #2404, .T. );
#1315 = FACE_BOUND( '', #2405, .T. );
#1316 = PLANE( '', #2406 );
#1317 = SURFACE_STYLE_USAGE( .BOTH., #2407 );
#1318 = FACE_OUTER_BOUND( '', #2408, .T. );
#1319 = PLANE( '', #2409 );
#1320 = SURFACE_STYLE_USAGE( .BOTH., #2410 );
#1321 = FACE_BOUND( '', #2411, .T. );
#1322 = FACE_OUTER_BOUND( '', #2412, .T. );
#1323 = CONICAL_SURFACE( '', #2413, 0.00118750000000000, 0.785398163400000 );
#1324 = SURFACE_STYLE_USAGE( .BOTH., #2414 );
#1325 = FACE_OUTER_BOUND( '', #2415, .T. );
#1326 = FACE_OUTER_BOUND( '', #2416, .T. );
#1327 = CYLINDRICAL_SURFACE( '', #2417, 0.00102500000000000 );
#1328 = SURFACE_STYLE_USAGE( .BOTH., #2418 );
#1329 = FACE_OUTER_BOUND( '', #2419, .T. );
#1330 = PLANE( '', #2420 );
#1331 = SURFACE_STYLE_USAGE( .BOTH., #2421 );
#1332 = FACE_OUTER_BOUND( '', #2422, .T. );
#1333 = PLANE( '', #2423 );
#1334 = SURFACE_STYLE_USAGE( .BOTH., #2424 );
#1335 = FACE_OUTER_BOUND( '', #2425, .T. );
#1336 = FACE_BOUND( '', #2426, .T. );
#1337 = PLANE( '', #2427 );
#1338 = SURFACE_STYLE_USAGE( .BOTH., #2428 );
#1339 = FACE_OUTER_BOUND( '', #2429, .T. );
#1340 = FACE_OUTER_BOUND( '', #2430, .T. );
#1341 = CYLINDRICAL_SURFACE( '', #2431, 0.00130000000000000 );
#1342 = SURFACE_STYLE_USAGE( .BOTH., #2432 );
#1343 = FACE_OUTER_BOUND( '', #2433, .T. );
#1344 = FACE_OUTER_BOUND( '', #2434, .T. );
#1345 = CYLINDRICAL_SURFACE( '', #2435, 0.00102500000000000 );
#1346 = SURFACE_STYLE_USAGE( .BOTH., #2436 );
#1347 = FACE_BOUND( '', #2437, .T. );
#1348 = FACE_OUTER_BOUND( '', #2438, .T. );
#1349 = CONICAL_SURFACE( '', #2439, 0.000950000000000000, 0.785398163400000 );
#1350 = SURFACE_STYLE_USAGE( .BOTH., #2440 );
#1351 = FACE_OUTER_BOUND( '', #2441, .T. );
#1352 = PLANE( '', #2442 );
#1353 = SURFACE_STYLE_USAGE( .BOTH., #2443 );
#1354 = FACE_OUTER_BOUND( '', #2444, .T. );
#1355 = PLANE( '', #2445 );
#1356 = SURFACE_STYLE_USAGE( .BOTH., #2446 );
#1357 = FACE_OUTER_BOUND( '', #2447, .T. );
#1358 = FACE_BOUND( '', #2448, .T. );
#1359 = PLANE( '', #2449 );
#1360 = SURFACE_STYLE_USAGE( .BOTH., #2450 );
#1361 = FACE_OUTER_BOUND( '', #2451, .T. );
#1362 = FACE_OUTER_BOUND( '', #2452, .T. );
#1363 = CYLINDRICAL_SURFACE( '', #2453, 0.000800000000000000 );
#1364 = SURFACE_STYLE_USAGE( .BOTH., #2454 );
#1365 = FACE_OUTER_BOUND( '', #2455, .T. );
#1366 = PLANE( '', #2456 );
#1367 = SURFACE_STYLE_USAGE( .BOTH., #2457 );
#1368 = FACE_OUTER_BOUND( '', #2458, .T. );
#1369 = PLANE( '', #2459 );
#1370 = SURFACE_STYLE_USAGE( .BOTH., #2460 );
#1371 = FACE_OUTER_BOUND( '', #2461, .T. );
#1372 = FACE_OUTER_BOUND( '', #2462, .T. );
#1373 = CYLINDRICAL_SURFACE( '', #2463, 0.000800000000000000 );
#1374 = SURFACE_STYLE_USAGE( .BOTH., #2464 );
#1375 = FACE_BOUND( '', #2465, .T. );
#1376 = FACE_OUTER_BOUND( '', #2466, .T. );
#1377 = CONICAL_SURFACE( '', #2467, 0.000950000000000000, 0.785398163400000 );
#1378 = SURFACE_STYLE_USAGE( .BOTH., #2468 );
#1379 = FACE_OUTER_BOUND( '', #2469, .T. );
#1380 = FACE_BOUND( '', #2470, .T. );
#1381 = FACE_BOUND( '', #2471, .T. );
#1382 = FACE_BOUND( '', #2472, .T. );
#1383 = FACE_BOUND( '', #2473, .T. );
#1384 = FACE_BOUND( '', #2474, .T. );
#1385 = FACE_BOUND( '', #2475, .T. );
#1386 = FACE_BOUND( '', #2476, .T. );
#1387 = PLANE( '', #2477 );
#1388 = SURFACE_STYLE_USAGE( .BOTH., #2478 );
#1389 = FACE_OUTER_BOUND( '', #2479, .T. );
#1390 = PLANE( '', #2480 );
#1391 = SURFACE_STYLE_USAGE( .BOTH., #2481 );
#1392 = FACE_BOUND( '', #2482, .T. );
#1393 = FACE_OUTER_BOUND( '', #2483, .T. );
#1394 = CONICAL_SURFACE( '', #2484, 0.000547406800000000, 1.02974425870000 );
#1395 = SURFACE_STYLE_USAGE( .BOTH., #2485 );
#1396 = FACE_OUTER_BOUND( '', #2486, .T. );
#1397 = CYLINDRICAL_SURFACE( '', #2487, 0.00900000000000000 );
#1398 = SURFACE_STYLE_USAGE( .BOTH., #2488 );
#1399 = FACE_BOUND( '', #2489, .T. );
#1400 = FACE_OUTER_BOUND( '', #2490, .T. );
#1401 = CONICAL_SURFACE( '', #2491, 0.00118750000000000, 0.785398163400000 );
#1402 = SURFACE_STYLE_USAGE( .BOTH., #2492 );
#1403 = FACE_BOUND( '', #2493, .T. );
#1404 = FACE_OUTER_BOUND( '', #2494, .T. );
#1405 = CONICAL_SURFACE( '', #2495, 0.00118750000000000, 0.785398163400000 );
#1406 = SURFACE_STYLE_USAGE( .BOTH., #2496 );
#1407 = FACE_OUTER_BOUND( '', #2497, .T. );
#1408 = FACE_BOUND( '', #2498, .T. );
#1409 = PLANE( '', #2499 );
#1410 = SURFACE_STYLE_USAGE( .BOTH., #2500 );
#1411 = FACE_OUTER_BOUND( '', #2501, .T. );
#1412 = PLANE( '', #2502 );
#1413 = SURFACE_STYLE_USAGE( .BOTH., #2503 );
#1414 = FACE_OUTER_BOUND( '', #2504, .T. );
#1415 = PLANE( '', #2505 );
#1416 = SURFACE_STYLE_USAGE( .BOTH., #2506 );
#1417 = FACE_OUTER_BOUND( '', #2507, .T. );
#1418 = PLANE( '', #2508 );
#1419 = SURFACE_STYLE_USAGE( .BOTH., #2509 );
#1420 = FACE_OUTER_BOUND( '', #2510, .T. );
#1421 = PLANE( '', #2511 );
#1422 = SURFACE_STYLE_USAGE( .BOTH., #2512 );
#1423 = FACE_OUTER_BOUND( '', #2513, .T. );
#1424 = PLANE( '', #2514 );
#1425 = SURFACE_STYLE_USAGE( .BOTH., #2515 );
#1426 = FACE_OUTER_BOUND( '', #2516, .T. );
#1427 = FACE_BOUND( '', #2517, .T. );
#1428 = PLANE( '', #2518 );
#1429 = SURFACE_STYLE_USAGE( .BOTH., #2519 );
#1430 = FACE_OUTER_BOUND( '', #2520, .T. );
#1431 = FACE_OUTER_BOUND( '', #2521, .T. );
#1432 = CYLINDRICAL_SURFACE( '', #2522, 0.00240000000000000 );
#1433 = SURFACE_STYLE_USAGE( .BOTH., #2523 );
#1434 = FACE_OUTER_BOUND( '', #2524, .T. );
#1435 = PLANE( '', #2525 );
#1436 = SURFACE_STYLE_USAGE( .BOTH., #2526 );
#1437 = FACE_OUTER_BOUND( '', #2527, .T. );
#1438 = PLANE( '', #2528 );
#1439 = SURFACE_STYLE_USAGE( .BOTH., #2529 );
#1440 = FACE_OUTER_BOUND( '', #2530, .T. );
#1441 = PLANE( '', #2531 );
#1442 = SURFACE_STYLE_USAGE( .BOTH., #2532 );
#1443 = FACE_OUTER_BOUND( '', #2533, .T. );
#1444 = PLANE( '', #2534 );
#1445 = SURFACE_STYLE_USAGE( .BOTH., #2535 );
#1446 = FACE_OUTER_BOUND( '', #2536, .T. );
#1447 = FACE_BOUND( '', #2537, .T. );
#1448 = FACE_BOUND( '', #2538, .T. );
#1449 = FACE_BOUND( '', #2539, .T. );
#1450 = FACE_BOUND( '', #2540, .T. );
#1451 = PLANE( '', #2541 );
#1452 = SURFACE_STYLE_USAGE( .BOTH., #2542 );
#1453 = FACE_OUTER_BOUND( '', #2543, .T. );
#1454 = FACE_BOUND( '', #2544, .T. );
#1455 = PLANE( '', #2545 );
#1456 = SURFACE_STYLE_USAGE( .BOTH., #2546 );
#1457 = FACE_BOUND( '', #2547, .T. );
#1458 = FACE_OUTER_BOUND( '', #2548, .T. );
#1459 = CONICAL_SURFACE( '', #2549, 0.00965000000000000, 0.785398163400000 );
#1460 = SURFACE_STYLE_USAGE( .BOTH., #2550 );
#1461 = FACE_OUTER_BOUND( '', #2551, .T. );
#1462 = PLANE( '', #2552 );
#1463 = SURFACE_STYLE_USAGE( .BOTH., #2553 );
#1464 = FACE_BOUND( '', #2554, .T. );
#1465 = FACE_OUTER_BOUND( '', #2555, .T. );
#1466 = CONICAL_SURFACE( '', #2556, 0.00118750000000000, 0.785398163400000 );
#1467 = SURFACE_STYLE_USAGE( .BOTH., #2557 );
#1468 = FACE_OUTER_BOUND( '', #2558, .T. );
#1469 = FACE_OUTER_BOUND( '', #2559, .T. );
#1470 = CYLINDRICAL_SURFACE( '', #2560, 0.00102500000000000 );
#1471 = SURFACE_STYLE_USAGE( .BOTH., #2561 );
#1472 = FACE_OUTER_BOUND( '', #2562, .T. );
#1473 = PLANE( '', #2563 );
#1474 = SURFACE_STYLE_USAGE( .BOTH., #2564 );
#1475 = FACE_OUTER_BOUND( '', #2565, .T. );
#1476 = FACE_OUTER_BOUND( '', #2566, .T. );
#1477 = CYLINDRICAL_SURFACE( '', #2567, 0.00102500000000000 );
#1478 = SURFACE_STYLE_USAGE( .BOTH., #2568 );
#1479 = FACE_OUTER_BOUND( '', #2569, .T. );
#1480 = PLANE( '', #2570 );
#1481 = SURFACE_STYLE_USAGE( .BOTH., #2571 );
#1482 = FACE_BOUND( '', #2572, .T. );
#1483 = FACE_OUTER_BOUND( '', #2573, .T. );
#1484 = CONICAL_SURFACE( '', #2574, 0.000950000000000000, 0.785398163400000 );
#1485 = SURFACE_STYLE_USAGE( .BOTH., #2575 );
#1486 = FACE_BOUND( '', #2576, .T. );
#1487 = FACE_OUTER_BOUND( '', #2577, .T. );
#1488 = CONICAL_SURFACE( '', #2578, 0.000547406800000000, 1.02974425870000 );
#1489 = SURFACE_STYLE_USAGE( .BOTH., #2579 );
#1490 = FACE_OUTER_BOUND( '', #2580, .T. );
#1491 = FACE_BOUND( '', #2581, .T. );
#1492 = FACE_BOUND( '', #2582, .T. );
#1493 = FACE_BOUND( '', #2583, .T. );
#1494 = FACE_BOUND( '', #2584, .T. );
#1495 = PLANE( '', #2585 );
#1496 = SURFACE_STYLE_USAGE( .BOTH., #2586 );
#1497 = FACE_OUTER_BOUND( '', #2587, .T. );
#1498 = FACE_OUTER_BOUND( '', #2588, .T. );
#1499 = CYLINDRICAL_SURFACE( '', #2589, 0.00125000000000000 );
#1500 = SURFACE_STYLE_USAGE( .BOTH., #2590 );
#1501 = FACE_OUTER_BOUND( '', #2591, .T. );
#1502 = PLANE( '', #2592 );
#1503 = SURFACE_STYLE_USAGE( .BOTH., #2593 );
#1504 = FACE_BOUND( '', #2594, .T. );
#1505 = FACE_OUTER_BOUND( '', #2595, .T. );
#1506 = CONICAL_SURFACE( '', #2596, 0.00118750000000000, 0.785398163400000 );
#1507 = SURFACE_STYLE_USAGE( .BOTH., #2597 );
#1508 = FACE_OUTER_BOUND( '', #2598, .T. );
#1509 = FACE_OUTER_BOUND( '', #2599, .T. );
#1510 = CYLINDRICAL_SURFACE( '', #2600, 0.00102500000000000 );
#1511 = SURFACE_STYLE_USAGE( .BOTH., #2601 );
#1512 = FACE_OUTER_BOUND( '', #2602, .T. );
#1513 = FACE_OUTER_BOUND( '', #2603, .T. );
#1514 = CYLINDRICAL_SURFACE( '', #2604, 0.00102500000000000 );
#1515 = SURFACE_STYLE_USAGE( .BOTH., #2605 );
#1516 = FACE_OUTER_BOUND( '', #2606, .T. );
#1517 = PLANE( '', #2607 );
#1518 = SURFACE_STYLE_USAGE( .BOTH., #2608 );
#1519 = FACE_OUTER_BOUND( '', #2609, .T. );
#1520 = FACE_BOUND( '', #2610, .T. );
#1521 = PLANE( '', #2611 );
#1522 = SURFACE_STYLE_USAGE( .BOTH., #2612 );
#1523 = FACE_OUTER_BOUND( '', #2613, .T. );
#1524 = FACE_OUTER_BOUND( '', #2614, .T. );
#1525 = CYLINDRICAL_SURFACE( '', #2615, 0.00130000000000000 );
#1526 = SURFACE_STYLE_USAGE( .BOTH., #2616 );
#1527 = FACE_OUTER_BOUND( '', #2617, .T. );
#1528 = PLANE( '', #2618 );
#1529 = SURFACE_STYLE_USAGE( .BOTH., #2619 );
#1530 = FACE_OUTER_BOUND( '', #2620, .T. );
#1531 = PLANE( '', #2621 );
#1532 = SURFACE_STYLE_USAGE( .BOTH., #2622 );
#1533 = FACE_OUTER_BOUND( '', #2623, .T. );
#1534 = PLANE( '', #2624 );
#1535 = SURFACE_STYLE_USAGE( .BOTH., #2625 );
#1536 = FACE_BOUND( '', #2626, .T. );
#1537 = FACE_OUTER_BOUND( '', #2627, .T. );
#1538 = CONICAL_SURFACE( '', #2628, 0.000950000000000000, 0.785398163400000 );
#1539 = SURFACE_STYLE_USAGE( .BOTH., #2629 );
#1540 = FACE_OUTER_BOUND( '', #2630, .T. );
#1541 = FACE_BOUND( '', #2631, .T. );
#1542 = FACE_BOUND( '', #2632, .T. );
#1543 = FACE_BOUND( '', #2633, .T. );
#1544 = FACE_BOUND( '', #2634, .T. );
#1545 = FACE_BOUND( '', #2635, .T. );
#1546 = FACE_BOUND( '', #2636, .T. );
#1547 = FACE_BOUND( '', #2637, .T. );
#1548 = FACE_BOUND( '', #2638, .T. );
#1549 = FACE_BOUND( '', #2639, .T. );
#1550 = PLANE( '', #2640 );
#1551 = SURFACE_STYLE_USAGE( .BOTH., #2641 );
#1552 = FACE_OUTER_BOUND( '', #2642, .T. );
#1553 = PLANE( '', #2643 );
#1554 = SURFACE_STYLE_USAGE( .BOTH., #2644 );
#1555 = FACE_OUTER_BOUND( '', #2645, .T. );
#1556 = PLANE( '', #2646 );
#1557 = SURFACE_STYLE_USAGE( .BOTH., #2647 );
#1558 = FACE_OUTER_BOUND( '', #2648, .T. );
#1559 = PLANE( '', #2649 );
#1560 = SURFACE_STYLE_USAGE( .BOTH., #2650 );
#1561 = FACE_OUTER_BOUND( '', #2651, .T. );
#1562 = PLANE( '', #2652 );
#1563 = SURFACE_STYLE_USAGE( .BOTH., #2653 );
#1564 = FACE_OUTER_BOUND( '', #2654, .T. );
#1565 = PLANE( '', #2655 );
#1566 = SURFACE_STYLE_USAGE( .BOTH., #2656 );
#1567 = FACE_OUTER_BOUND( '', #2657, .T. );
#1568 = PLANE( '', #2658 );
#1569 = SURFACE_STYLE_USAGE( .BOTH., #2659 );
#1570 = FACE_OUTER_BOUND( '', #2660, .T. );
#1571 = FACE_BOUND( '', #2661, .T. );
#1572 = PLANE( '', #2662 );
#1573 = SURFACE_STYLE_USAGE( .BOTH., #2663 );
#1574 = FACE_BOUND( '', #2664, .T. );
#1575 = FACE_OUTER_BOUND( '', #2665, .T. );
#1576 = CONICAL_SURFACE( '', #2666, 0.000950000000000000, 0.785398163400000 );
#1577 = SURFACE_STYLE_USAGE( .BOTH., #2667 );
#1578 = FACE_OUTER_BOUND( '', #2668, .T. );
#1579 = FACE_BOUND( '', #2669, .T. );
#1580 = CONICAL_SURFACE( '', #2670, 0.00214174680000000, 1.04719755120000 );
#1581 = SURFACE_STYLE_USAGE( .BOTH., #2671 );
#1582 = FACE_OUTER_BOUND( '', #2672, .T. );
#1583 = PLANE( '', #2673 );
#1584 = SURFACE_STYLE_USAGE( .BOTH., #2674 );
#1585 = FACE_OUTER_BOUND( '', #2675, .T. );
#1586 = PLANE( '', #2676 );
#1587 = SURFACE_STYLE_USAGE( .BOTH., #2677 );
#1588 = FACE_OUTER_BOUND( '', #2678, .T. );
#1589 = PLANE( '', #2679 );
#1590 = SURFACE_STYLE_USAGE( .BOTH., #2680 );
#1591 = FACE_OUTER_BOUND( '', #2681, .T. );
#1592 = PLANE( '', #2682 );
#1593 = SURFACE_STYLE_USAGE( .BOTH., #2683 );
#1594 = FACE_BOUND( '', #2684, .T. );
#1595 = FACE_OUTER_BOUND( '', #2685, .T. );
#1596 = CONICAL_SURFACE( '', #2686, 0.00118750000000000, 0.785398163400000 );
#1597 = SURFACE_STYLE_USAGE( .BOTH., #2687 );
#1598 = FACE_OUTER_BOUND( '', #2688, .T. );
#1599 = PLANE( '', #2689 );
#1600 = SURFACE_STYLE_USAGE( .BOTH., #2690 );
#1601 = FACE_OUTER_BOUND( '', #2691, .T. );
#1602 = PLANE( '', #2692 );
#1603 = SURFACE_STYLE_USAGE( .BOTH., #2693 );
#1604 = FACE_OUTER_BOUND( '', #2694, .T. );
#1605 = PLANE( '', #2695 );
#1606 = SURFACE_STYLE_USAGE( .BOTH., #2696 );
#1607 = FACE_OUTER_BOUND( '', #2697, .T. );
#1608 = PLANE( '', #2698 );
#1609 = SURFACE_STYLE_USAGE( .BOTH., #2699 );
#1610 = FACE_OUTER_BOUND( '', #2700, .T. );
#1611 = FACE_BOUND( '', #2701, .T. );
#1612 = PLANE( '', #2702 );
#1613 = SURFACE_STYLE_USAGE( .BOTH., #2703 );
#1614 = FACE_OUTER_BOUND( '', #2704, .T. );
#1615 = PLANE( '', #2705 );
#1616 = SURFACE_STYLE_USAGE( .BOTH., #2706 );
#1617 = FACE_OUTER_BOUND( '', #2707, .T. );
#1618 = PLANE( '', #2708 );
#1619 = SURFACE_STYLE_USAGE( .BOTH., #2709 );
#1620 = FACE_OUTER_BOUND( '', #2710, .T. );
#1621 = FACE_OUTER_BOUND( '', #2711, .T. );
#1622 = CYLINDRICAL_SURFACE( '', #2712, 0.00400000000000000 );
#1623 = SURFACE_STYLE_USAGE( .BOTH., #2713 );
#1624 = FACE_BOUND( '', #2714, .T. );
#1625 = FACE_OUTER_BOUND( '', #2715, .T. );
#1626 = CONICAL_SURFACE( '', #2716, 0.00130000000000000, 0.785398163400000 );
#1627 = SURFACE_STYLE_USAGE( .BOTH., #2717 );
#1628 = FACE_OUTER_BOUND( '', #2718, .T. );
#1629 = FACE_OUTER_BOUND( '', #2719, .T. );
#1630 = CYLINDRICAL_SURFACE( '', #2720, 0.00102500000000000 );
#1631 = SURFACE_STYLE_USAGE( .BOTH., #2721 );
#1632 = FACE_BOUND( '', #2722, .T. );
#1633 = FACE_OUTER_BOUND( '', #2723, .T. );
#1634 = CONICAL_SURFACE( '', #2724, 0.00118750000000000, 0.785398163400000 );
#1635 = SURFACE_STYLE_USAGE( .BOTH., #2725 );
#1636 = FACE_OUTER_BOUND( '', #2726, .T. );
#1637 = PLANE( '', #2727 );
#1638 = SURFACE_STYLE_USAGE( .BOTH., #2728 );
#1639 = FACE_BOUND( '', #2729, .T. );
#1640 = FACE_OUTER_BOUND( '', #2730, .T. );
#1641 = CONICAL_SURFACE( '', #2731, 0.00118750000000000, 0.785398163400000 );
#1642 = SURFACE_STYLE_USAGE( .BOTH., #2732 );
#1643 = FACE_OUTER_BOUND( '', #2733, .T. );
#1644 = PLANE( '', #2734 );
#1645 = SURFACE_STYLE_USAGE( .BOTH., #2735 );
#1646 = FACE_OUTER_BOUND( '', #2736, .T. );
#1647 = PLANE( '', #2737 );
#1648 = SURFACE_STYLE_USAGE( .BOTH., #2738 );
#1649 = FACE_OUTER_BOUND( '', #2739, .T. );
#1650 = FACE_BOUND( '', #2740, .T. );
#1651 = PLANE( '', #2741 );
#1652 = SURFACE_STYLE_USAGE( .BOTH., #2742 );
#1653 = FACE_OUTER_BOUND( '', #2743, .T. );
#1654 = FACE_OUTER_BOUND( '', #2744, .T. );
#1655 = CYLINDRICAL_SURFACE( '', #2745, 0.00225000000000000 );
#1656 = SURFACE_STYLE_USAGE( .BOTH., #2746 );
#1657 = FACE_OUTER_BOUND( '', #2747, .T. );
#1658 = FACE_BOUND( '', #2748, .T. );
#1659 = PLANE( '', #2749 );
#1660 = SURFACE_STYLE_USAGE( .BOTH., #2750 );
#1661 = FACE_OUTER_BOUND( '', #2751, .T. );
#1662 = PLANE( '', #2752 );
#1663 = SURFACE_STYLE_USAGE( .BOTH., #2753 );
#1664 = FACE_OUTER_BOUND( '', #2754, .T. );
#1665 = FACE_OUTER_BOUND( '', #2755, .T. );
#1666 = CYLINDRICAL_SURFACE( '', #2756, 0.000800000000000000 );
#1667 = SURFACE_STYLE_USAGE( .BOTH., #2757 );
#1668 = FACE_OUTER_BOUND( '', #2758, .T. );
#1669 = PLANE( '', #2759 );
#1670 = SURFACE_STYLE_USAGE( .BOTH., #2760 );
#1671 = FACE_BOUND( '', #2761, .T. );
#1672 = FACE_OUTER_BOUND( '', #2762, .T. );
#1673 = CONICAL_SURFACE( '', #2763, 0.00118750000000000, 0.785398163400000 );
#1674 = SURFACE_STYLE_USAGE( .BOTH., #2764 );
#1675 = FACE_OUTER_BOUND( '', #2765, .T. );
#1676 = PLANE( '', #2766 );
#1677 = SURFACE_STYLE_USAGE( .BOTH., #2767 );
#1678 = FACE_OUTER_BOUND( '', #2768, .T. );
#1679 = PLANE( '', #2769 );
#1680 = SURFACE_STYLE_USAGE( .BOTH., #2770 );
#1681 = FACE_OUTER_BOUND( '', #2771, .T. );
#1682 = FACE_OUTER_BOUND( '', #2772, .T. );
#1683 = CYLINDRICAL_SURFACE( '', #2773, 0.00240000000000000 );
#1684 = SURFACE_STYLE_USAGE( .BOTH., #2774 );
#1685 = FACE_OUTER_BOUND( '', #2775, .T. );
#1686 = PLANE( '', #2776 );
#1687 = SURFACE_STYLE_USAGE( .BOTH., #2777 );
#1688 = FACE_OUTER_BOUND( '', #2778, .T. );
#1689 = PLANE( '', #2779 );
#1690 = SURFACE_STYLE_USAGE( .BOTH., #2780 );
#1691 = FACE_OUTER_BOUND( '', #2781, .T. );
#1692 = PLANE( '', #2782 );
#1693 = SURFACE_STYLE_USAGE( .BOTH., #2783 );
#1694 = FACE_OUTER_BOUND( '', #2784, .T. );
#1695 = FACE_BOUND( '', #2785, .T. );
#1696 = PLANE( '', #2786 );
#1697 = SURFACE_STYLE_USAGE( .BOTH., #2787 );
#1698 = FACE_OUTER_BOUND( '', #2788, .T. );
#1699 = PLANE( '', #2789 );
#1700 = SURFACE_STYLE_USAGE( .BOTH., #2790 );
#1701 = FACE_OUTER_BOUND( '', #2791, .T. );
#1702 = FACE_OUTER_BOUND( '', #2792, .T. );
#1703 = CYLINDRICAL_SURFACE( '', #2793, 0.00125000000000000 );
#1704 = SURFACE_STYLE_USAGE( .BOTH., #2794 );
#1705 = FACE_BOUND( '', #2795, .T. );
#1706 = FACE_OUTER_BOUND( '', #2796, .T. );
#1707 = CONICAL_SURFACE( '', #2797, 0.000950000000000000, 0.785398163400000 );
#1708 = SURFACE_STYLE_USAGE( .BOTH., #2798 );
#1709 = FACE_OUTER_BOUND( '', #2799, .T. );
#1710 = PLANE( '', #2800 );
#1711 = SURFACE_STYLE_USAGE( .BOTH., #2801 );
#1712 = FACE_OUTER_BOUND( '', #2802, .T. );
#1713 = PLANE( '', #2803 );
#1714 = SURFACE_STYLE_USAGE( .BOTH., #2804 );
#1715 = FACE_OUTER_BOUND( '', #2805, .T. );
#1716 = PLANE( '', #2806 );
#1717 = SURFACE_STYLE_USAGE( .BOTH., #2807 );
#1718 = FACE_OUTER_BOUND( '', #2808, .T. );
#1719 = PLANE( '', #2809 );
#1720 = SURFACE_STYLE_USAGE( .BOTH., #2810 );
#1721 = FACE_OUTER_BOUND( '', #2811, .T. );
#1722 = FACE_BOUND( '', #2812, .T. );
#1723 = PLANE( '', #2813 );
#1724 = SURFACE_STYLE_USAGE( .BOTH., #2814 );
#1725 = FACE_OUTER_BOUND( '', #2815, .T. );
#1726 = FACE_OUTER_BOUND( '', #2816, .T. );
#1727 = CYLINDRICAL_SURFACE( '', #2817, 0.00102500000000000 );
#1728 = SURFACE_STYLE_USAGE( .BOTH., #2818 );
#1729 = FACE_OUTER_BOUND( '', #2819, .T. );
#1730 = PLANE( '', #2820 );
#1731 = SURFACE_STYLE_USAGE( .BOTH., #2821 );
#1732 = FACE_BOUND( '', #2822, .T. );
#1733 = FACE_OUTER_BOUND( '', #2823, .T. );
#1734 = CONICAL_SURFACE( '', #2824, 0.00118750000000000, 0.785398163400000 );
#1735 = SURFACE_STYLE_USAGE( .BOTH., #2825 );
#1736 = FACE_OUTER_BOUND( '', #2826, .T. );
#1737 = PLANE( '', #2827 );
#1738 = SURFACE_STYLE_USAGE( .BOTH., #2828 );
#1739 = FACE_OUTER_BOUND( '', #2829, .T. );
#1740 = PLANE( '', #2830 );
#1741 = SURFACE_STYLE_USAGE( .BOTH., #2831 );
#1742 = FACE_OUTER_BOUND( '', #2832, .T. );
#1743 = PLANE( '', #2833 );
#1744 = SURFACE_STYLE_USAGE( .BOTH., #2834 );
#1745 = FACE_OUTER_BOUND( '', #2835, .T. );
#1746 = PLANE( '', #2836 );
#1747 = SURFACE_STYLE_USAGE( .BOTH., #2837 );
#1748 = FACE_OUTER_BOUND( '', #2838, .T. );
#1749 = FACE_OUTER_BOUND( '', #2839, .T. );
#1750 = CYLINDRICAL_SURFACE( '', #2840, 0.00102500000000000 );
#1751 = SURFACE_STYLE_USAGE( .BOTH., #2841 );
#1752 = FACE_OUTER_BOUND( '', #2842, .T. );
#1753 = PLANE( '', #2843 );
#1754 = SURFACE_STYLE_USAGE( .BOTH., #2844 );
#1755 = FACE_OUTER_BOUND( '', #2845, .T. );
#1756 = FACE_BOUND( '', #2846, .T. );
#1757 = PLANE( '', #2847 );
#1758 = SURFACE_STYLE_USAGE( .BOTH., #2848 );
#1759 = FACE_OUTER_BOUND( '', #2849, .T. );
#1760 = PLANE( '', #2850 );
#1761 = SURFACE_STYLE_USAGE( .BOTH., #2851 );
#1762 = FACE_OUTER_BOUND( '', #2852, .T. );
#1763 = FACE_BOUND( '', #2853, .T. );
#1764 = CONICAL_SURFACE( '', #2854, 0.00214174680000000, 1.04719755120000 );
#1765 = SURFACE_STYLE_USAGE( .BOTH., #2855 );
#1766 = FACE_OUTER_BOUND( '', #2856, .T. );
#1767 = FACE_BOUND( '', #2857, .T. );
#1768 = CONICAL_SURFACE( '', #2858, 0.00214174680000000, 1.04719755120000 );
#1769 = SURFACE_STYLE_USAGE( .BOTH., #2859 );
#1770 = FACE_OUTER_BOUND( '', #2860, .T. );
#1771 = FACE_BOUND( '', #2861, .T. );
#1772 = PLANE( '', #2862 );
#1773 = SURFACE_STYLE_USAGE( .BOTH., #2863 );
#1774 = FACE_OUTER_BOUND( '', #2864, .T. );
#1775 = FACE_OUTER_BOUND( '', #2865, .T. );
#1776 = CYLINDRICAL_SURFACE( '', #2866, 0.00240000000000000 );
#1777 = SURFACE_STYLE_USAGE( .BOTH., #2867 );
#1778 = FACE_BOUND( '', #2868, .T. );
#1779 = FACE_OUTER_BOUND( '', #2869, .T. );
#1780 = CONICAL_SURFACE( '', #2870, 0.00130000000000000, 0.785398163400000 );
#1781 = SURFACE_STYLE_USAGE( .BOTH., #2871 );
#1782 = FACE_OUTER_BOUND( '', #2872, .T. );
#1783 = PLANE( '', #2873 );
#1784 = SURFACE_STYLE_USAGE( .BOTH., #2874 );
#1785 = FACE_OUTER_BOUND( '', #2875, .T. );
#1786 = FACE_BOUND( '', #2876, .T. );
#1787 = PLANE( '', #2877 );
#1788 = SURFACE_STYLE_USAGE( .BOTH., #2878 );
#1789 = FACE_OUTER_BOUND( '', #2879, .T. );
#1790 = PLANE( '', #2880 );
#1791 = SURFACE_STYLE_USAGE( .BOTH., #2881 );
#1792 = FACE_OUTER_BOUND( '', #2882, .T. );
#1793 = FACE_OUTER_BOUND( '', #2883, .T. );
#1794 = CYLINDRICAL_SURFACE( '', #2884, 0.00240000000000000 );
#1795 = SURFACE_STYLE_USAGE( .BOTH., #2885 );
#1796 = FACE_OUTER_BOUND( '', #2886, .T. );
#1797 = PLANE( '', #2887 );
#1798 = SURFACE_STYLE_USAGE( .BOTH., #2888 );
#1799 = FACE_OUTER_BOUND( '', #2889, .T. );
#1800 = FACE_BOUND( '', #2890, .T. );
#1801 = PLANE( '', #2891 );
#1802 = SURFACE_STYLE_USAGE( .BOTH., #2892 );
#1803 = FACE_OUTER_BOUND( '', #2893, .T. );
#1804 = PLANE( '', #2894 );
#1805 = SURFACE_STYLE_USAGE( .BOTH., #2895 );
#1806 = FACE_OUTER_BOUND( '', #2896, .T. );
#1807 = FACE_OUTER_BOUND( '', #2897, .T. );
#1808 = CYLINDRICAL_SURFACE( '', #2898, 0.00225000000000000 );
#1809 = SURFACE_STYLE_USAGE( .BOTH., #2899 );
#1810 = FACE_OUTER_BOUND( '', #2900, .T. );
#1811 = PLANE( '', #2901 );
#1812 = SURFACE_STYLE_USAGE( .BOTH., #2902 );
#1813 = FACE_OUTER_BOUND( '', #2903, .T. );
#1814 = FACE_OUTER_BOUND( '', #2904, .T. );
#1815 = CYLINDRICAL_SURFACE( '', #2905, 0.000800000000000000 );
#1816 = SURFACE_STYLE_USAGE( .BOTH., #2906 );
#1817 = FACE_OUTER_BOUND( '', #2907, .T. );
#1818 = PLANE( '', #2908 );
#1819 = SURFACE_STYLE_USAGE( .BOTH., #2909 );
#1820 = FACE_BOUND( '', #2910, .T. );
#1821 = FACE_OUTER_BOUND( '', #2911, .T. );
#1822 = CONICAL_SURFACE( '', #2912, 0.00118750000000000, 0.785398163400000 );
#1823 = SURFACE_STYLE_USAGE( .BOTH., #2913 );
#1824 = FACE_OUTER_BOUND( '', #2914, .T. );
#1825 = FACE_BOUND( '', #2915, .T. );
#1826 = PLANE( '', #2916 );
#1827 = SURFACE_STYLE_USAGE( .BOTH., #2917 );
#1828 = FACE_OUTER_BOUND( '', #2918, .T. );
#1829 = PLANE( '', #2919 );
#1830 = SURFACE_STYLE_USAGE( .BOTH., #2920 );
#1831 = FACE_OUTER_BOUND( '', #2921, .T. );
#1832 = FACE_OUTER_BOUND( '', #2922, .T. );
#1833 = CYLINDRICAL_SURFACE( '', #2923, 0.00102500000000000 );
#1834 = SURFACE_STYLE_USAGE( .BOTH., #2924 );
#1835 = FACE_OUTER_BOUND( '', #2925, .T. );
#1836 = FACE_BOUND( '', #2926, .T. );
#1837 = PLANE( '', #2927 );
#1838 = SURFACE_STYLE_USAGE( .BOTH., #2928 );
#1839 = FACE_OUTER_BOUND( '', #2929, .T. );
#1840 = PLANE( '', #2930 );
#1841 = SURFACE_STYLE_USAGE( .BOTH., #2931 );
#1842 = FACE_OUTER_BOUND( '', #2932, .T. );
#1843 = PLANE( '', #2933 );
#1844 = SURFACE_STYLE_USAGE( .BOTH., #2934 );
#1845 = FACE_OUTER_BOUND( '', #2935, .T. );
#1846 = FACE_OUTER_BOUND( '', #2936, .T. );
#1847 = CYLINDRICAL_SURFACE( '', #2937, 0.00125000000000000 );
#1848 = SURFACE_STYLE_USAGE( .BOTH., #2938 );
#1849 = FACE_OUTER_BOUND( '', #2939, .T. );
#1850 = PLANE( '', #2940 );
#1851 = SURFACE_STYLE_USAGE( .BOTH., #2941 );
#1852 = FACE_OUTER_BOUND( '', #2942, .T. );
#1853 = FACE_OUTER_BOUND( '', #2943, .T. );
#1854 = CYLINDRICAL_SURFACE( '', #2944, 0.00225000000000000 );
#1855 = SURFACE_STYLE_USAGE( .BOTH., #2945 );
#1856 = FACE_OUTER_BOUND( '', #2946, .T. );
#1857 = PLANE( '', #2947 );
#1858 = SURFACE_STYLE_USAGE( .BOTH., #2948 );
#1859 = FACE_BOUND( '', #2949, .T. );
#1860 = FACE_OUTER_BOUND( '', #2950, .T. );
#1861 = CONICAL_SURFACE( '', #2951, 0.000950000000000000, 0.785398163400000 );
#1862 = SURFACE_STYLE_USAGE( .BOTH., #2952 );
#1863 = FACE_OUTER_BOUND( '', #2953, .T. );
#1864 = PLANE( '', #2954 );
#1865 = SURFACE_STYLE_USAGE( .BOTH., #2955 );
#1866 = FACE_OUTER_BOUND( '', #2956, .T. );
#1867 = PLANE( '', #2957 );
#1868 = SURFACE_STYLE_USAGE( .BOTH., #2958 );
#1869 = FACE_OUTER_BOUND( '', #2959, .T. );
#1870 = FACE_OUTER_BOUND( '', #2960, .T. );
#1871 = CYLINDRICAL_SURFACE( '', #2961, 0.000800000000000000 );
#1872 = SURFACE_STYLE_USAGE( .BOTH., #2962 );
#1873 = FACE_OUTER_BOUND( '', #2963, .T. );
#1874 = PLANE( '', #2964 );
#1875 = SURFACE_STYLE_USAGE( .BOTH., #2965 );
#1876 = FACE_OUTER_BOUND( '', #2966, .T. );
#1877 = FACE_OUTER_BOUND( '', #2967, .T. );
#1878 = CYLINDRICAL_SURFACE( '', #2968, 0.000800000000000000 );
#1879 = SURFACE_STYLE_USAGE( .BOTH., #2969 );
#1880 = FACE_OUTER_BOUND( '', #2970, .T. );
#1881 = PLANE( '', #2971 );
#1882 = SURFACE_STYLE_USAGE( .BOTH., #2972 );
#1883 = FACE_OUTER_BOUND( '', #2973, .T. );
#1884 = PLANE( '', #2974 );
#1885 = SURFACE_STYLE_USAGE( .BOTH., #2975 );
#1886 = FACE_OUTER_BOUND( '', #2976, .T. );
#1887 = FACE_OUTER_BOUND( '', #2977, .T. );
#1888 = CYLINDRICAL_SURFACE( '', #2978, 0.00225000000000000 );
#1889 = SURFACE_STYLE_USAGE( .BOTH., #2979 );
#1890 = FACE_OUTER_BOUND( '', #2980, .T. );
#1891 = PLANE( '', #2981 );
#1892 = SURFACE_STYLE_USAGE( .BOTH., #2982 );
#1893 = FACE_OUTER_BOUND( '', #2983, .T. );
#1894 = PLANE( '', #2984 );
#1895 = SURFACE_STYLE_USAGE( .BOTH., #2985 );
#1896 = FACE_OUTER_BOUND( '', #2986, .T. );
#1897 = FACE_OUTER_BOUND( '', #2987, .T. );
#1898 = CYLINDRICAL_SURFACE( '', #2988, 0.000800000000000000 );
#1899 = SURFACE_STYLE_USAGE( .BOTH., #2989 );
#1900 = FACE_OUTER_BOUND( '', #2990, .T. );
#1901 = FACE_OUTER_BOUND( '', #2991, .T. );
#1902 = CYLINDRICAL_SURFACE( '', #2992, 0.00102500000000000 );
#1903 = SURFACE_STYLE_USAGE( .BOTH., #2993 );
#1904 = FACE_OUTER_BOUND( '', #2994, .T. );
#1905 = FACE_OUTER_BOUND( '', #2995, .T. );
#1906 = CYLINDRICAL_SURFACE( '', #2996, 0.00130000000000000 );
#1907 = SURFACE_STYLE_USAGE( .BOTH., #2997 );
#1908 = FACE_OUTER_BOUND( '', #2998, .T. );
#1909 = PLANE( '', #2999 );
#1910 = SURFACE_STYLE_USAGE( .BOTH., #3000 );
#1911 = FACE_OUTER_BOUND( '', #3001, .T. );
#1912 = FACE_BOUND( '', #3002, .T. );
#1913 = CONICAL_SURFACE( '', #3003, 0.00214174680000000, 1.04719755120000 );
#1914 = SURFACE_STYLE_USAGE( .BOTH., #3004 );
#1915 = FACE_OUTER_BOUND( '', #3005, .T. );
#1916 = PLANE( '', #3006 );
#1917 = SURFACE_STYLE_USAGE( .BOTH., #3007 );
#1918 = FACE_BOUND( '', #3008, .T. );
#1919 = FACE_OUTER_BOUND( '', #3009, .T. );
#1920 = CONICAL_SURFACE( '', #3010, 0.00118750000000000, 0.785398163400000 );
#1921 = SURFACE_STYLE_USAGE( .BOTH., #3011 );
#1922 = FACE_OUTER_BOUND( '', #3012, .T. );
#1923 = FACE_BOUND( '', #3013, .T. );
#1924 = PLANE( '', #3014 );
#1925 = SURFACE_STYLE_USAGE( .BOTH., #3015 );
#1926 = FACE_BOUND( '', #3016, .T. );
#1927 = FACE_OUTER_BOUND( '', #3017, .T. );
#1928 = CONICAL_SURFACE( '', #3018, 0.00130000000000000, 0.785398163400000 );
#1929 = SURFACE_STYLE_USAGE( .BOTH., #3019 );
#1930 = FACE_OUTER_BOUND( '', #3020, .T. );
#1931 = FACE_BOUND( '', #3021, .T. );
#1932 = PLANE( '', #3022 );
#1933 = SURFACE_STYLE_USAGE( .BOTH., #3023 );
#1934 = FACE_OUTER_BOUND( '', #3024, .T. );
#1935 = FACE_OUTER_BOUND( '', #3025, .T. );
#1936 = CYLINDRICAL_SURFACE( '', #3026, 0.00240000000000000 );
#1937 = SURFACE_STYLE_USAGE( .BOTH., #3027 );
#1938 = FACE_BOUND( '', #3028, .T. );
#1939 = FACE_OUTER_BOUND( '', #3029, .T. );
#1940 = CONICAL_SURFACE( '', #3030, 0.00130000000000000, 0.785398163400000 );
#1941 = SURFACE_STYLE_USAGE( .BOTH., #3031 );
#1942 = FACE_OUTER_BOUND( '', #3032, .T. );
#1943 = PLANE( '', #3033 );
#1944 = SURFACE_STYLE_USAGE( .BOTH., #3034 );
#1945 = FACE_OUTER_BOUND( '', #3035, .T. );
#1946 = FACE_BOUND( '', #3036, .T. );
#1947 = PLANE( '', #3037 );
#1948 = SURFACE_STYLE_USAGE( .BOTH., #3038 );
#1949 = FACE_OUTER_BOUND( '', #3039, .T. );
#1950 = FACE_OUTER_BOUND( '', #3040, .T. );
#1951 = CYLINDRICAL_SURFACE( '', #3041, 0.00225000000000000 );
#1952 = SURFACE_STYLE_USAGE( .BOTH., #3042 );
#1953 = FACE_OUTER_BOUND( '', #3043, .T. );
#1954 = FACE_OUTER_BOUND( '', #3044, .T. );
#1955 = CYLINDRICAL_SURFACE( '', #3045, 0.00225000000000000 );
#1956 = SURFACE_STYLE_USAGE( .BOTH., #3046 );
#1957 = FACE_OUTER_BOUND( '', #3047, .T. );
#1958 = FACE_OUTER_BOUND( '', #3048, .T. );
#1959 = CYLINDRICAL_SURFACE( '', #3049, 0.00225000000000000 );
#1960 = SURFACE_STYLE_USAGE( .BOTH., #3050 );
#1961 = FACE_OUTER_BOUND( '', #3051, .T. );
#1962 = PLANE( '', #3052 );
#1963 = SURFACE_STYLE_USAGE( .BOTH., #3053 );
#1964 = FACE_OUTER_BOUND( '', #3054, .T. );
#1965 = PLANE( '', #3055 );
#1966 = SURFACE_STYLE_USAGE( .BOTH., #3056 );
#1967 = FACE_OUTER_BOUND( '', #3057, .T. );
#1968 = FACE_OUTER_BOUND( '', #3058, .T. );
#1969 = CYLINDRICAL_SURFACE( '', #3059, 0.00125000000000000 );
#1970 = SURFACE_STYLE_USAGE( .BOTH., #3060 );
#1971 = FACE_OUTER_BOUND( '', #3061, .T. );
#1972 = FACE_BOUND( '', #3062, .T. );
#1973 = CONICAL_SURFACE( '', #3063, 0.00214174680000000, 1.04719755120000 );
#1974 = SURFACE_STYLE_USAGE( .BOTH., #3064 );
#1975 = FACE_OUTER_BOUND( '', #3065, .T. );
#1976 = FACE_OUTER_BOUND( '', #3066, .T. );
#1977 = CYLINDRICAL_SURFACE( '', #3067, 0.00130000000000000 );
#1978 = SURFACE_STYLE_USAGE( .BOTH., #3068 );
#1979 = FACE_OUTER_BOUND( '', #3069, .T. );
#1980 = FACE_BOUND( '', #3070, .T. );
#1981 = FACE_BOUND( '', #3071, .T. );
#1982 = PLANE( '', #3072 );
#1983 = SURFACE_STYLE_USAGE( .BOTH., #3073 );
#1984 = FACE_OUTER_BOUND( '', #3074, .T. );
#1985 = PLANE( '', #3075 );
#1986 = SURFACE_STYLE_USAGE( .BOTH., #3076 );
#1987 = FACE_OUTER_BOUND( '', #3077, .T. );
#1988 = PLANE( '', #3078 );
#1989 = PRODUCT_CONTEXT( '', #304, 'mechanical' );
#1990 = PRODUCT_DEFINITION_FORMATION_WITH_SPECIFIED_SOURCE( ' ', 'NONE', #905, .NOT_KNOWN. );
#1991 = CLOSED_SHELL( '', ( #350, #728, #720, #680, #420, #858, #470, #564, #780, #340, #590, #886, #598, #358, #402, #646, #864, #880, #496, #636, #746, #610, #856, #710, #412, #502, #492, #612, #684, #516, #580, #540, #808, #888, #320, #476, #434, #478, #770, #828, #772, #330, #682, #428, #462, #696, #430, #634, #536, #458, #748, #814, #900, #472, #480, #432, #436, #750, #592, #606, #666, #786, #438, #722, #554, #752, #374, #406, #674, #582, #342, #678, #862, #376, #716, #718, #538, #544, #690, #440, #594, #658, #792, #618, #846, #632, #450, #560, #322, #338, #394, #656, #794, #760, #526, #766, #708, #662, #576, #762, #366, #640, #368, #904, #586, #802, #522, #796, #360, #874, #466, #824, #854, #346, #774, #456, #596, #800, #650, #324, #806, #524, #600, #866, #386, #686, #578, #798, #726, #660, #868, #404, #426, #614, #620, #688, #702, #382, #812, #616, #848, #482, #838, #348, #332, #528, #730, #334, #782, #326, #542, #706, #364, #520, #830, #882, #902, #486, #876, #714, #884, #764, #736, #832, #510, #424, #704, #422, #532, #896, #442, #356, #816, #694, #654, #408, #566, #652, #604, #834, #844, #842, #468, #552, #836, #568, #354, #670, #362, #624, #840, #328, #698, #534, #804, #484, #790, #506, #464, #452, #776, #390, #584, #712, #732, #784, #850, #672, #778, #460, #512, #562, #454, #378, #738, #414, #810, #734, #628, #474, #852, #588, #676, #890, #724, #556, #822, #754, #570, #572 ) );
#1992 = ORIENTED_CLOSED_SHELL( '', *, #3079, .T. );
#1993 = ORIENTED_CLOSED_SHELL( '', *, #3080, .T. );
#1994 = ORIENTED_CLOSED_SHELL( '', *, #3081, .T. );
#1995 = ORIENTED_CLOSED_SHELL( '', *, #3082, .T. );
#1996 = ORIENTED_CLOSED_SHELL( '', *, #3083, .T. );
#1997 = ORIENTED_CLOSED_SHELL( '', *, #3084, .T. );
#1998 = ORIENTED_CLOSED_SHELL( '', *, #3085, .T. );
#1999 = ORIENTED_CLOSED_SHELL( '', *, #3086, .T. );
#2000 = ORIENTED_CLOSED_SHELL( '', *, #3087, .T. );
#2001 = ORIENTED_CLOSED_SHELL( '', *, #3088, .T. );
#2002 = ORIENTED_CLOSED_SHELL( '', *, #3089, .T. );
#2003 = ORIENTED_CLOSED_SHELL( '', *, #3090, .T. );
#2004 = ORIENTED_CLOSED_SHELL( '', *, #3091, .T. );
#2005 = ORIENTED_CLOSED_SHELL( '', *, #3092, .T. );
#2006 = ORIENTED_CLOSED_SHELL( '', *, #3093, .T. );
#2007 = ORIENTED_CLOSED_SHELL( '', *, #3094, .T. );
#2008 = CARTESIAN_POINT( '', ( 0.00000000000000, 0.00000000000000, 0.00000000000000 ) );
#2009 = DIRECTION( '', ( 0.00000000000000, 0.00000000000000, 1.00000000000000 ) );
#2010 = DIRECTION( '', ( 1.00000000000000, 0.00000000000000, 0.00000000000000 ) );
#2011 =  ( LENGTH_UNIT(  )NAMED_UNIT( #914 )SI_UNIT( $, .METRE. ) );
#2012 = SURFACE_SIDE_STYLE( '', ( #3096 ) );
#2013 = EDGE_LOOP( '', ( #3097 ) );
#2014 = AXIS2_PLACEMENT_3D( '', #3098, #3099, #3100 );
#2015 = SURFACE_SIDE_STYLE( '', ( #3101 ) );
#2016 = EDGE_LOOP( '', ( #3102 ) );
#2017 = EDGE_LOOP( '', ( #3103 ) );
#2018 = AXIS2_PLACEMENT_3D( '', #3104, #3105, #3106 );
#2019 = SURFACE_SIDE_STYLE( '', ( #3107 ) );
#2020 = EDGE_LOOP( '', ( #3108 ) );
#2021 = EDGE_LOOP( '', ( #3109 ) );
#2022 = AXIS2_PLACEMENT_3D( '', #3110, #3111, #3112 );
#2023 = SURFACE_SIDE_STYLE( '', ( #3113 ) );
#2024 = EDGE_LOOP( '', ( #3114, #3115, #3116, #3117 ) );
#2025 = AXIS2_PLACEMENT_3D( '', #3118, #3119, #3120 );
#2026 = SURFACE_SIDE_STYLE( '', ( #3121 ) );
#2027 = EDGE_LOOP( '', ( #3122 ) );
#2028 = EDGE_LOOP( '', ( #3123, #3124, #3125, #3126, #3127, #3128 ) );
#2029 = AXIS2_PLACEMENT_3D( '', #3129, #3130, #3131 );
#2030 = SURFACE_SIDE_STYLE( '', ( #3132 ) );
#2031 = EDGE_LOOP( '', ( #3133 ) );
#2032 = AXIS2_PLACEMENT_3D( '', #3134, #3135, #3136 );
#2033 = SURFACE_SIDE_STYLE( '', ( #3137 ) );
#2034 = EDGE_LOOP( '', ( #3138, #3139, #3140, #3141 ) );
#2035 = AXIS2_PLACEMENT_3D( '', #3142, #3143, #3144 );
#2036 = SURFACE_SIDE_STYLE( '', ( #3145 ) );
#2037 = EDGE_LOOP( '', ( #3146 ) );
#2038 = EDGE_LOOP( '', ( #3147 ) );
#2039 = AXIS2_PLACEMENT_3D( '', #3148, #3149, #3150 );
#2040 = SURFACE_SIDE_STYLE( '', ( #3151 ) );
#2041 = EDGE_LOOP( '', ( #3152 ) );
#2042 = EDGE_LOOP( '', ( #3153 ) );
#2043 = AXIS2_PLACEMENT_3D( '', #3154, #3155, #3156 );
#2044 = SURFACE_SIDE_STYLE( '', ( #3157 ) );
#2045 = EDGE_LOOP( '', ( #3158 ) );
#2046 = EDGE_LOOP( '', ( #3159 ) );
#2047 = AXIS2_PLACEMENT_3D( '', #3160, #3161, #3162 );
#2048 = SURFACE_SIDE_STYLE( '', ( #3163 ) );
#2049 = EDGE_LOOP( '', ( #3164, #3165, #3166, #3167, #3168, #3169, #3170, #3171, #3172, #3173, #3174, #3175, #3176, #3177 ) );
#2050 = EDGE_LOOP( '', ( #3178 ) );
#2051 = EDGE_LOOP( '', ( #3179 ) );
#2052 = AXIS2_PLACEMENT_3D( '', #3180, #3181, #3182 );
#2053 = SURFACE_SIDE_STYLE( '', ( #3183 ) );
#2054 = EDGE_LOOP( '', ( #3184 ) );
#2055 = AXIS2_PLACEMENT_3D( '', #3185, #3186, #3187 );
#2056 = SURFACE_SIDE_STYLE( '', ( #3188 ) );
#2057 = EDGE_LOOP( '', ( #3189, #3190, #3191, #3192 ) );
#2058 = AXIS2_PLACEMENT_3D( '', #3193, #3194, #3195 );
#2059 = SURFACE_SIDE_STYLE( '', ( #3196 ) );
#2060 = EDGE_LOOP( '', ( #3197 ) );
#2061 = EDGE_LOOP( '', ( #3198 ) );
#2062 = AXIS2_PLACEMENT_3D( '', #3199, #3200, #3201 );
#2063 = SURFACE_SIDE_STYLE( '', ( #3202 ) );
#2064 = EDGE_LOOP( '', ( #3203, #3204, #3205, #3206 ) );
#2065 = AXIS2_PLACEMENT_3D( '', #3207, #3208, #3209 );
#2066 = SURFACE_SIDE_STYLE( '', ( #3210 ) );
#2067 = EDGE_LOOP( '', ( #3211 ) );
#2068 = EDGE_LOOP( '', ( #3212 ) );
#2069 = AXIS2_PLACEMENT_3D( '', #3213, #3214, #3215 );
#2070 = SURFACE_SIDE_STYLE( '', ( #3216 ) );
#2071 = EDGE_LOOP( '', ( #3217, #3218 ) );
#2072 = AXIS2_PLACEMENT_3D( '', #3219, #3220, #3221 );
#2073 = SURFACE_SIDE_STYLE( '', ( #3222 ) );
#2074 = EDGE_LOOP( '', ( #3223 ) );
#2075 = EDGE_LOOP( '', ( #3224 ) );
#2076 = AXIS2_PLACEMENT_3D( '', #3225, #3226, #3227 );
#2077 = SURFACE_SIDE_STYLE( '', ( #3228 ) );
#2078 = EDGE_LOOP( '', ( #3229 ) );
#2079 = AXIS2_PLACEMENT_3D( '', #3230, #3231, #3232 );
#2080 = SURFACE_SIDE_STYLE( '', ( #3233 ) );
#2081 = EDGE_LOOP( '', ( #3234, #3235, #3236, #3237 ) );
#2082 = AXIS2_PLACEMENT_3D( '', #3238, #3239, #3240 );
#2083 = SURFACE_SIDE_STYLE( '', ( #3241 ) );
#2084 = EDGE_LOOP( '', ( #3242, #3243, #3244, #3245, #3246, #3247 ) );
#2085 = AXIS2_PLACEMENT_3D( '', #3248, #3249, #3250 );
#2086 = SURFACE_SIDE_STYLE( '', ( #3251 ) );
#2087 = EDGE_LOOP( '', ( #3252 ) );
#2088 = EDGE_LOOP( '', ( #3253 ) );
#2089 = AXIS2_PLACEMENT_3D( '', #3254, #3255, #3256 );
#2090 = SURFACE_SIDE_STYLE( '', ( #3257 ) );
#2091 = EDGE_LOOP( '', ( #3258 ) );
#2092 = AXIS2_PLACEMENT_3D( '', #3259, #3260, #3261 );
#2093 = SURFACE_SIDE_STYLE( '', ( #3262 ) );
#2094 = EDGE_LOOP( '', ( #3263 ) );
#2095 = EDGE_LOOP( '', ( #3264 ) );
#2096 = AXIS2_PLACEMENT_3D( '', #3265, #3266, #3267 );
#2097 = SURFACE_SIDE_STYLE( '', ( #3268 ) );
#2098 = EDGE_LOOP( '', ( #3269, #3270, #3271, #3272 ) );
#2099 = AXIS2_PLACEMENT_3D( '', #3273, #3274, #3275 );
#2100 = SURFACE_SIDE_STYLE( '', ( #3276 ) );
#2101 = EDGE_LOOP( '', ( #3277, #3278, #3279, #3280, #3281, #3282, #3283, #3284, #3285, #3286, #3287, #3288 ) );
#2102 = EDGE_LOOP( '', ( #3289 ) );
#2103 = EDGE_LOOP( '', ( #3290 ) );
#2104 = AXIS2_PLACEMENT_3D( '', #3291, #3292, #3293 );
#2105 = SURFACE_SIDE_STYLE( '', ( #3294 ) );
#2106 = EDGE_LOOP( '', ( #3295 ) );
#2107 = EDGE_LOOP( '', ( #3296 ) );
#2108 = AXIS2_PLACEMENT_3D( '', #3297, #3298, #3299 );
#2109 = SURFACE_SIDE_STYLE( '', ( #3300 ) );
#2110 = EDGE_LOOP( '', ( #3301 ) );
#2111 = EDGE_LOOP( '', ( #3302 ) );
#2112 = AXIS2_PLACEMENT_3D( '', #3303, #3304, #3305 );
#2113 = SURFACE_SIDE_STYLE( '', ( #3306 ) );
#2114 = EDGE_LOOP( '', ( #3307, #3308, #3309, #3310 ) );
#2115 = AXIS2_PLACEMENT_3D( '', #3311, #3312, #3313 );
#2116 = SURFACE_SIDE_STYLE( '', ( #3314 ) );
#2117 = EDGE_LOOP( '', ( #3315 ) );
#2118 = EDGE_LOOP( '', ( #3316 ) );
#2119 = AXIS2_PLACEMENT_3D( '', #3317, #3318, #3319 );
#2120 = SURFACE_SIDE_STYLE( '', ( #3320 ) );
#2121 = EDGE_LOOP( '', ( #3321 ) );
#2122 = EDGE_LOOP( '', ( #3322 ) );
#2123 = AXIS2_PLACEMENT_3D( '', #3323, #3324, #3325 );
#2124 = SURFACE_SIDE_STYLE( '', ( #3326 ) );
#2125 = EDGE_LOOP( '', ( #3327 ) );
#2126 = EDGE_LOOP( '', ( #3328 ) );
#2127 = AXIS2_PLACEMENT_3D( '', #3329, #3330, #3331 );
#2128 = SURFACE_SIDE_STYLE( '', ( #3332 ) );
#2129 = EDGE_LOOP( '', ( #3333 ) );
#2130 = AXIS2_PLACEMENT_3D( '', #3334, #3335, #3336 );
#2131 = SURFACE_SIDE_STYLE( '', ( #3337 ) );
#2132 = EDGE_LOOP( '', ( #3338 ) );
#2133 = EDGE_LOOP( '', ( #3339 ) );
#2134 = AXIS2_PLACEMENT_3D( '', #3340, #3341, #3342 );
#2135 = SURFACE_SIDE_STYLE( '', ( #3343 ) );
#2136 = EDGE_LOOP( '', ( #3344 ) );
#2137 = EDGE_LOOP( '', ( #3345 ) );
#2138 = AXIS2_PLACEMENT_3D( '', #3346, #3347, #3348 );
#2139 = SURFACE_SIDE_STYLE( '', ( #3349 ) );
#2140 = VERTEX_LOOP( '', #3350 );
#2141 = EDGE_LOOP( '', ( #3351 ) );
#2142 = AXIS2_PLACEMENT_3D( '', #3352, #3353, #3354 );
#2143 = SURFACE_SIDE_STYLE( '', ( #3355 ) );
#2144 = EDGE_LOOP( '', ( #3356 ) );
#2145 = EDGE_LOOP( '', ( #3357 ) );
#2146 = AXIS2_PLACEMENT_3D( '', #3358, #3359, #3360 );
#2147 = SURFACE_SIDE_STYLE( '', ( #3361 ) );
#2148 = EDGE_LOOP( '', ( #3362 ) );
#2149 = EDGE_LOOP( '', ( #3363 ) );
#2150 = AXIS2_PLACEMENT_3D( '', #3364, #3365, #3366 );
#2151 = SURFACE_SIDE_STYLE( '', ( #3367 ) );
#2152 = EDGE_LOOP( '', ( #3368 ) );
#2153 = AXIS2_PLACEMENT_3D( '', #3369, #3370, #3371 );
#2154 = SURFACE_SIDE_STYLE( '', ( #3372 ) );
#2155 = EDGE_LOOP( '', ( #3373 ) );
#2156 = EDGE_LOOP( '', ( #3374 ) );
#2157 = AXIS2_PLACEMENT_3D( '', #3375, #3376, #3377 );
#2158 = SURFACE_SIDE_STYLE( '', ( #3378 ) );
#2159 = EDGE_LOOP( '', ( #3379 ) );
#2160 = EDGE_LOOP( '', ( #3380 ) );
#2161 = AXIS2_PLACEMENT_3D( '', #3381, #3382, #3383 );
#2162 = SURFACE_SIDE_STYLE( '', ( #3384 ) );
#2163 = VERTEX_LOOP( '', #3385 );
#2164 = EDGE_LOOP( '', ( #3386 ) );
#2165 = AXIS2_PLACEMENT_3D( '', #3387, #3388, #3389 );
#2166 = SURFACE_SIDE_STYLE( '', ( #3390 ) );
#2167 = EDGE_LOOP( '', ( #3391, #3392, #3393, #3394 ) );
#2168 = AXIS2_PLACEMENT_3D( '', #3395, #3396, #3397 );
#2169 = SURFACE_SIDE_STYLE( '', ( #3398 ) );
#2170 = EDGE_LOOP( '', ( #3399 ) );
#2171 = EDGE_LOOP( '', ( #3400 ) );
#2172 = AXIS2_PLACEMENT_3D( '', #3401, #3402, #3403 );
#2173 = SURFACE_SIDE_STYLE( '', ( #3404 ) );
#2174 = EDGE_LOOP( '', ( #3405, #3406, #3407, #3408 ) );
#2175 = AXIS2_PLACEMENT_3D( '', #3409, #3410, #3411 );
#2176 = SURFACE_SIDE_STYLE( '', ( #3412 ) );
#2177 = EDGE_LOOP( '', ( #3413 ) );
#2178 = EDGE_LOOP( '', ( #3414 ) );
#2179 = AXIS2_PLACEMENT_3D( '', #3415, #3416, #3417 );
#2180 = SURFACE_SIDE_STYLE( '', ( #3418 ) );
#2181 = EDGE_LOOP( '', ( #3419 ) );
#2182 = EDGE_LOOP( '', ( #3420 ) );
#2183 = AXIS2_PLACEMENT_3D( '', #3421, #3422, #3423 );
#2184 = SURFACE_SIDE_STYLE( '', ( #3424 ) );
#2185 = EDGE_LOOP( '', ( #3425 ) );
#2186 = EDGE_LOOP( '', ( #3426, #3427, #3428, #3429, #3430, #3431 ) );
#2187 = AXIS2_PLACEMENT_3D( '', #3432, #3433, #3434 );
#2188 = SURFACE_SIDE_STYLE( '', ( #3435 ) );
#2189 = EDGE_LOOP( '', ( #3436, #3437, #3438, #3439, #3440, #3441, #3442, #3443 ) );
#2190 = EDGE_LOOP( '', ( #3444 ) );
#2191 = EDGE_LOOP( '', ( #3445 ) );
#2192 = EDGE_LOOP( '', ( #3446 ) );
#2193 = EDGE_LOOP( '', ( #3447 ) );
#2194 = AXIS2_PLACEMENT_3D( '', #3448, #3449, #3450 );
#2195 = SURFACE_SIDE_STYLE( '', ( #3451 ) );
#2196 = VERTEX_LOOP( '', #3452 );
#2197 = EDGE_LOOP( '', ( #3453 ) );
#2198 = AXIS2_PLACEMENT_3D( '', #3454, #3455, #3456 );
#2199 = SURFACE_SIDE_STYLE( '', ( #3457 ) );
#2200 = VERTEX_LOOP( '', #3458 );
#2201 = EDGE_LOOP( '', ( #3459 ) );
#2202 = AXIS2_PLACEMENT_3D( '', #3460, #3461, #3462 );
#2203 = SURFACE_SIDE_STYLE( '', ( #3463 ) );
#2204 = EDGE_LOOP( '', ( #3464, #3465, #3466 ) );
#2205 = AXIS2_PLACEMENT_3D( '', #3467, #3468, #3469 );
#2206 = SURFACE_SIDE_STYLE( '', ( #3470 ) );
#2207 = EDGE_LOOP( '', ( #3471 ) );
#2208 = EDGE_LOOP( '', ( #3472 ) );
#2209 = AXIS2_PLACEMENT_3D( '', #3473, #3474, #3475 );
#2210 = SURFACE_SIDE_STYLE( '', ( #3476 ) );
#2211 = EDGE_LOOP( '', ( #3477 ) );
#2212 = AXIS2_PLACEMENT_3D( '', #3478, #3479, #3480 );
#2213 = SURFACE_SIDE_STYLE( '', ( #3481 ) );
#2214 = EDGE_LOOP( '', ( #3482 ) );
#2215 = AXIS2_PLACEMENT_3D( '', #3483, #3484, #3485 );
#2216 = SURFACE_SIDE_STYLE( '', ( #3486 ) );
#2217 = EDGE_LOOP( '', ( #3487, #3488, #3489, #3490 ) );
#2218 = AXIS2_PLACEMENT_3D( '', #3491, #3492, #3493 );
#2219 = SURFACE_SIDE_STYLE( '', ( #3494 ) );
#2220 = EDGE_LOOP( '', ( #3495 ) );
#2221 = EDGE_LOOP( '', ( #3496 ) );
#2222 = AXIS2_PLACEMENT_3D( '', #3497, #3498, #3499 );
#2223 = SURFACE_SIDE_STYLE( '', ( #3500 ) );
#2224 = EDGE_LOOP( '', ( #3501 ) );
#2225 = EDGE_LOOP( '', ( #3502 ) );
#2226 = AXIS2_PLACEMENT_3D( '', #3503, #3504, #3505 );
#2227 = SURFACE_SIDE_STYLE( '', ( #3506 ) );
#2228 = EDGE_LOOP( '', ( #3507, #3508, #3509, #3510 ) );
#2229 = AXIS2_PLACEMENT_3D( '', #3511, #3512, #3513 );
#2230 = SURFACE_SIDE_STYLE( '', ( #3514 ) );
#2231 = EDGE_LOOP( '', ( #3515, #3516, #3517, #3518, #3519 ) );
#2232 = AXIS2_PLACEMENT_3D( '', #3520, #3521, #3522 );
#2233 = SURFACE_SIDE_STYLE( '', ( #3523 ) );
#2234 = EDGE_LOOP( '', ( #3524, #3525, #3526, #3527 ) );
#2235 = AXIS2_PLACEMENT_3D( '', #3528, #3529, #3530 );
#2236 = SURFACE_SIDE_STYLE( '', ( #3531 ) );
#2237 = EDGE_LOOP( '', ( #3532 ) );
#2238 = EDGE_LOOP( '', ( #3533 ) );
#2239 = AXIS2_PLACEMENT_3D( '', #3534, #3535, #3536 );
#2240 = SURFACE_SIDE_STYLE( '', ( #3537 ) );
#2241 = EDGE_LOOP( '', ( #3538, #3539, #3540, #3541 ) );
#2242 = AXIS2_PLACEMENT_3D( '', #3542, #3543, #3544 );
#2243 = SURFACE_SIDE_STYLE( '', ( #3545 ) );
#2244 = EDGE_LOOP( '', ( #3546 ) );
#2245 = EDGE_LOOP( '', ( #3547 ) );
#2246 = AXIS2_PLACEMENT_3D( '', #3548, #3549, #3550 );
#2247 = SURFACE_SIDE_STYLE( '', ( #3551 ) );
#2248 = VERTEX_LOOP( '', #3552 );
#2249 = EDGE_LOOP( '', ( #3553 ) );
#2250 = AXIS2_PLACEMENT_3D( '', #3554, #3555, #3556 );
#2251 = SURFACE_SIDE_STYLE( '', ( #3557 ) );
#2252 = EDGE_LOOP( '', ( #3558 ) );
#2253 = EDGE_LOOP( '', ( #3559 ) );
#2254 = AXIS2_PLACEMENT_3D( '', #3560, #3561, #3562 );
#2255 = SURFACE_SIDE_STYLE( '', ( #3563 ) );
#2256 = EDGE_LOOP( '', ( #3564 ) );
#2257 = EDGE_LOOP( '', ( #3565 ) );
#2258 = AXIS2_PLACEMENT_3D( '', #3566, #3567, #3568 );
#2259 = SURFACE_SIDE_STYLE( '', ( #3569 ) );
#2260 = EDGE_LOOP( '', ( #3570, #3571, #3572, #3573 ) );
#2261 = AXIS2_PLACEMENT_3D( '', #3574, #3575, #3576 );
#2262 = SURFACE_SIDE_STYLE( '', ( #3577 ) );
#2263 = EDGE_LOOP( '', ( #3578, #3579, #3580, #3581, #3582, #3583 ) );
#2264 = AXIS2_PLACEMENT_3D( '', #3584, #3585, #3586 );
#2265 = SURFACE_SIDE_STYLE( '', ( #3587 ) );
#2266 = EDGE_LOOP( '', ( #3588, #3589, #3590, #3591, #3592, #3593 ) );
#2267 = AXIS2_PLACEMENT_3D( '', #3594, #3595, #3596 );
#2268 = SURFACE_SIDE_STYLE( '', ( #3597 ) );
#2269 = EDGE_LOOP( '', ( #3598, #3599, #3600, #3601 ) );
#2270 = AXIS2_PLACEMENT_3D( '', #3602, #3603, #3604 );
#2271 = SURFACE_SIDE_STYLE( '', ( #3605 ) );
#2272 = EDGE_LOOP( '', ( #3606, #3607, #3608, #3609 ) );
#2273 = AXIS2_PLACEMENT_3D( '', #3610, #3611, #3612 );
#2274 = SURFACE_SIDE_STYLE( '', ( #3613 ) );
#2275 = EDGE_LOOP( '', ( #3614 ) );
#2276 = EDGE_LOOP( '', ( #3615 ) );
#2277 = AXIS2_PLACEMENT_3D( '', #3616, #3617, #3618 );
#2278 = SURFACE_SIDE_STYLE( '', ( #3619 ) );
#2279 = EDGE_LOOP( '', ( #3620, #3621, #3622, #3623 ) );
#2280 = AXIS2_PLACEMENT_3D( '', #3624, #3625, #3626 );
#2281 = SURFACE_SIDE_STYLE( '', ( #3627 ) );
#2282 = EDGE_LOOP( '', ( #3628, #3629, #3630, #3631 ) );
#2283 = AXIS2_PLACEMENT_3D( '', #3632, #3633, #3634 );
#2284 = SURFACE_SIDE_STYLE( '', ( #3635 ) );
#2285 = EDGE_LOOP( '', ( #3636 ) );
#2286 = AXIS2_PLACEMENT_3D( '', #3637, #3638, #3639 );
#2287 = SURFACE_SIDE_STYLE( '', ( #3640 ) );
#2288 = EDGE_LOOP( '', ( #3641 ) );
#2289 = AXIS2_PLACEMENT_3D( '', #3642, #3643, #3644 );
#2290 = SURFACE_SIDE_STYLE( '', ( #3645 ) );
#2291 = EDGE_LOOP( '', ( #3646 ) );
#2292 = EDGE_LOOP( '', ( #3647 ) );
#2293 = AXIS2_PLACEMENT_3D( '', #3648, #3649, #3650 );
#2294 = SURFACE_SIDE_STYLE( '', ( #3651 ) );
#2295 = EDGE_LOOP( '', ( #3652, #3653, #3654, #3655, #3656, #3657 ) );
#2296 = AXIS2_PLACEMENT_3D( '', #3658, #3659, #3660 );
#2297 = SURFACE_SIDE_STYLE( '', ( #3661 ) );
#2298 = EDGE_LOOP( '', ( #3662 ) );
#2299 = EDGE_LOOP( '', ( #3663 ) );
#2300 = AXIS2_PLACEMENT_3D( '', #3664, #3665, #3666 );
#2301 = SURFACE_SIDE_STYLE( '', ( #3667 ) );
#2302 = EDGE_LOOP( '', ( #3668, #3669, #3670, #3671 ) );
#2303 = AXIS2_PLACEMENT_3D( '', #3672, #3673, #3674 );
#2304 = SURFACE_SIDE_STYLE( '', ( #3675 ) );
#2305 = EDGE_LOOP( '', ( #3676, #3677, #3678, #3679 ) );
#2306 = AXIS2_PLACEMENT_3D( '', #3680, #3681, #3682 );
#2307 = SURFACE_SIDE_STYLE( '', ( #3683 ) );
#2308 = EDGE_LOOP( '', ( #3684 ) );
#2309 = EDGE_LOOP( '', ( #3685 ) );
#2310 = AXIS2_PLACEMENT_3D( '', #3686, #3687, #3688 );
#2311 = SURFACE_SIDE_STYLE( '', ( #3689 ) );
#2312 = EDGE_LOOP( '', ( #3690 ) );
#2313 = EDGE_LOOP( '', ( #3691 ) );
#2314 = AXIS2_PLACEMENT_3D( '', #3692, #3693, #3694 );
#2315 = SURFACE_SIDE_STYLE( '', ( #3695 ) );
#2316 = EDGE_LOOP( '', ( #3696, #3697, #3698, #3699, #3700, #3701 ) );
#2317 = AXIS2_PLACEMENT_3D( '', #3702, #3703, #3704 );
#2318 = SURFACE_SIDE_STYLE( '', ( #3705 ) );
#2319 = VERTEX_LOOP( '', #3706 );
#2320 = EDGE_LOOP( '', ( #3707 ) );
#2321 = AXIS2_PLACEMENT_3D( '', #3708, #3709, #3710 );
#2322 = SURFACE_SIDE_STYLE( '', ( #3711 ) );
#2323 = EDGE_LOOP( '', ( #3712 ) );
#2324 = EDGE_LOOP( '', ( #3713 ) );
#2325 = AXIS2_PLACEMENT_3D( '', #3714, #3715, #3716 );
#2326 = SURFACE_SIDE_STYLE( '', ( #3717 ) );
#2327 = EDGE_LOOP( '', ( #3718 ) );
#2328 = EDGE_LOOP( '', ( #3719 ) );
#2329 = AXIS2_PLACEMENT_3D( '', #3720, #3721, #3722 );
#2330 = SURFACE_SIDE_STYLE( '', ( #3723 ) );
#2331 = EDGE_LOOP( '', ( #3724 ) );
#2332 = EDGE_LOOP( '', ( #3725 ) );
#2333 = AXIS2_PLACEMENT_3D( '', #3726, #3727, #3728 );
#2334 = SURFACE_SIDE_STYLE( '', ( #3729 ) );
#2335 = EDGE_LOOP( '', ( #3730, #3731, #3732, #3733 ) );
#2336 = AXIS2_PLACEMENT_3D( '', #3734, #3735, #3736 );
#2337 = SURFACE_SIDE_STYLE( '', ( #3737 ) );
#2338 = EDGE_LOOP( '', ( #3738 ) );
#2339 = EDGE_LOOP( '', ( #3739 ) );
#2340 = AXIS2_PLACEMENT_3D( '', #3740, #3741, #3742 );
#2341 = SURFACE_SIDE_STYLE( '', ( #3743 ) );
#2342 = EDGE_LOOP( '', ( #3744 ) );
#2343 = EDGE_LOOP( '', ( #3745 ) );
#2344 = AXIS2_PLACEMENT_3D( '', #3746, #3747, #3748 );
#2345 = SURFACE_SIDE_STYLE( '', ( #3749 ) );
#2346 = EDGE_LOOP( '', ( #3750 ) );
#2347 = EDGE_LOOP( '', ( #3751 ) );
#2348 = AXIS2_PLACEMENT_3D( '', #3752, #3753, #3754 );
#2349 = SURFACE_SIDE_STYLE( '', ( #3755 ) );
#2350 = EDGE_LOOP( '', ( #3756 ) );
#2351 = EDGE_LOOP( '', ( #3757 ) );
#2352 = AXIS2_PLACEMENT_3D( '', #3758, #3759, #3760 );
#2353 = SURFACE_SIDE_STYLE( '', ( #3761 ) );
#2354 = EDGE_LOOP( '', ( #3762, #3763, #3764, #3765 ) );
#2355 = AXIS2_PLACEMENT_3D( '', #3766, #3767, #3768 );
#2356 = SURFACE_SIDE_STYLE( '', ( #3769 ) );
#2357 = EDGE_LOOP( '', ( #3770 ) );
#2358 = EDGE_LOOP( '', ( #3771 ) );
#2359 = AXIS2_PLACEMENT_3D( '', #3772, #3773, #3774 );
#2360 = SURFACE_SIDE_STYLE( '', ( #3775 ) );
#2361 = EDGE_LOOP( '', ( #3776 ) );
#2362 = EDGE_LOOP( '', ( #3777 ) );
#2363 = AXIS2_PLACEMENT_3D( '', #3778, #3779, #3780 );
#2364 = SURFACE_SIDE_STYLE( '', ( #3781 ) );
#2365 = EDGE_LOOP( '', ( #3782, #3783, #3784, #3785 ) );
#2366 = AXIS2_PLACEMENT_3D( '', #3786, #3787, #3788 );
#2367 = SURFACE_SIDE_STYLE( '', ( #3789 ) );
#2368 = EDGE_LOOP( '', ( #3790 ) );
#2369 = EDGE_LOOP( '', ( #3791 ) );
#2370 = AXIS2_PLACEMENT_3D( '', #3792, #3793, #3794 );
#2371 = SURFACE_SIDE_STYLE( '', ( #3795 ) );
#2372 = EDGE_LOOP( '', ( #3796 ) );
#2373 = AXIS2_PLACEMENT_3D( '', #3797, #3798, #3799 );
#2374 = SURFACE_SIDE_STYLE( '', ( #3800 ) );
#2375 = EDGE_LOOP( '', ( #3801 ) );
#2376 = EDGE_LOOP( '', ( #3802 ) );
#2377 = AXIS2_PLACEMENT_3D( '', #3803, #3804, #3805 );
#2378 = SURFACE_SIDE_STYLE( '', ( #3806 ) );
#2379 = EDGE_LOOP( '', ( #3807 ) );
#2380 = EDGE_LOOP( '', ( #3808 ) );
#2381 = AXIS2_PLACEMENT_3D( '', #3809, #3810, #3811 );
#2382 = SURFACE_SIDE_STYLE( '', ( #3812 ) );
#2383 = EDGE_LOOP( '', ( #3813, #3814, #3815, #3816 ) );
#2384 = AXIS2_PLACEMENT_3D( '', #3817, #3818, #3819 );
#2385 = SURFACE_SIDE_STYLE( '', ( #3820 ) );
#2386 = EDGE_LOOP( '', ( #3821, #3822, #3823, #3824 ) );
#2387 = AXIS2_PLACEMENT_3D( '', #3825, #3826, #3827 );
#2388 = SURFACE_SIDE_STYLE( '', ( #3828 ) );
#2389 = EDGE_LOOP( '', ( #3829 ) );
#2390 = EDGE_LOOP( '', ( #3830 ) );
#2391 = AXIS2_PLACEMENT_3D( '', #3831, #3832, #3833 );
#2392 = SURFACE_SIDE_STYLE( '', ( #3834 ) );
#2393 = EDGE_LOOP( '', ( #3835 ) );
#2394 = AXIS2_PLACEMENT_3D( '', #3836, #3837, #3838 );
#2395 = SURFACE_SIDE_STYLE( '', ( #3839 ) );
#2396 = EDGE_LOOP( '', ( #3840 ) );
#2397 = EDGE_LOOP( '', ( #3841 ) );
#2398 = AXIS2_PLACEMENT_3D( '', #3842, #3843, #3844 );
#2399 = SURFACE_SIDE_STYLE( '', ( #3845 ) );
#2400 = EDGE_LOOP( '', ( #3846 ) );
#2401 = EDGE_LOOP( '', ( #3847 ) );
#2402 = AXIS2_PLACEMENT_3D( '', #3848, #3849, #3850 );
#2403 = SURFACE_SIDE_STYLE( '', ( #3851 ) );
#2404 = EDGE_LOOP( '', ( #3852 ) );
#2405 = EDGE_LOOP( '', ( #3853 ) );
#2406 = AXIS2_PLACEMENT_3D( '', #3854, #3855, #3856 );
#2407 = SURFACE_SIDE_STYLE( '', ( #3857 ) );
#2408 = EDGE_LOOP( '', ( #3858, #3859, #3860, #3861 ) );
#2409 = AXIS2_PLACEMENT_3D( '', #3862, #3863, #3864 );
#2410 = SURFACE_SIDE_STYLE( '', ( #3865 ) );
#2411 = EDGE_LOOP( '', ( #3866 ) );
#2412 = EDGE_LOOP( '', ( #3867 ) );
#2413 = AXIS2_PLACEMENT_3D( '', #3868, #3869, #3870 );
#2414 = SURFACE_SIDE_STYLE( '', ( #3871 ) );
#2415 = EDGE_LOOP( '', ( #3872 ) );
#2416 = EDGE_LOOP( '', ( #3873 ) );
#2417 = AXIS2_PLACEMENT_3D( '', #3874, #3875, #3876 );
#2418 = SURFACE_SIDE_STYLE( '', ( #3877 ) );
#2419 = EDGE_LOOP( '', ( #3878, #3879, #3880, #3881 ) );
#2420 = AXIS2_PLACEMENT_3D( '', #3882, #3883, #3884 );
#2421 = SURFACE_SIDE_STYLE( '', ( #3885 ) );
#2422 = EDGE_LOOP( '', ( #3886, #3887, #3888, #3889 ) );
#2423 = AXIS2_PLACEMENT_3D( '', #3890, #3891, #3892 );
#2424 = SURFACE_SIDE_STYLE( '', ( #3893 ) );
#2425 = EDGE_LOOP( '', ( #3894 ) );
#2426 = EDGE_LOOP( '', ( #3895 ) );
#2427 = AXIS2_PLACEMENT_3D( '', #3896, #3897, #3898 );
#2428 = SURFACE_SIDE_STYLE( '', ( #3899 ) );
#2429 = EDGE_LOOP( '', ( #3900 ) );
#2430 = EDGE_LOOP( '', ( #3901 ) );
#2431 = AXIS2_PLACEMENT_3D( '', #3902, #3903, #3904 );
#2432 = SURFACE_SIDE_STYLE( '', ( #3905 ) );
#2433 = EDGE_LOOP( '', ( #3906 ) );
#2434 = EDGE_LOOP( '', ( #3907 ) );
#2435 = AXIS2_PLACEMENT_3D( '', #3908, #3909, #3910 );
#2436 = SURFACE_SIDE_STYLE( '', ( #3911 ) );
#2437 = EDGE_LOOP( '', ( #3912 ) );
#2438 = EDGE_LOOP( '', ( #3913 ) );
#2439 = AXIS2_PLACEMENT_3D( '', #3914, #3915, #3916 );
#2440 = SURFACE_SIDE_STYLE( '', ( #3917 ) );
#2441 = EDGE_LOOP( '', ( #3918, #3919, #3920, #3921 ) );
#2442 = AXIS2_PLACEMENT_3D( '', #3922, #3923, #3924 );
#2443 = SURFACE_SIDE_STYLE( '', ( #3925 ) );
#2444 = EDGE_LOOP( '', ( #3926, #3927, #3928, #3929 ) );
#2445 = AXIS2_PLACEMENT_3D( '', #3930, #3931, #3932 );
#2446 = SURFACE_SIDE_STYLE( '', ( #3933 ) );
#2447 = EDGE_LOOP( '', ( #3934 ) );
#2448 = EDGE_LOOP( '', ( #3935 ) );
#2449 = AXIS2_PLACEMENT_3D( '', #3936, #3937, #3938 );
#2450 = SURFACE_SIDE_STYLE( '', ( #3939 ) );
#2451 = EDGE_LOOP( '', ( #3940 ) );
#2452 = EDGE_LOOP( '', ( #3941 ) );
#2453 = AXIS2_PLACEMENT_3D( '', #3942, #3943, #3944 );
#2454 = SURFACE_SIDE_STYLE( '', ( #3945 ) );
#2455 = EDGE_LOOP( '', ( #3946, #3947, #3948, #3949 ) );
#2456 = AXIS2_PLACEMENT_3D( '', #3950, #3951, #3952 );
#2457 = SURFACE_SIDE_STYLE( '', ( #3953 ) );
#2458 = EDGE_LOOP( '', ( #3954, #3955, #3956, #3957 ) );
#2459 = AXIS2_PLACEMENT_3D( '', #3958, #3959, #3960 );
#2460 = SURFACE_SIDE_STYLE( '', ( #3961 ) );
#2461 = EDGE_LOOP( '', ( #3962 ) );
#2462 = EDGE_LOOP( '', ( #3963 ) );
#2463 = AXIS2_PLACEMENT_3D( '', #3964, #3965, #3966 );
#2464 = SURFACE_SIDE_STYLE( '', ( #3967 ) );
#2465 = EDGE_LOOP( '', ( #3968 ) );
#2466 = EDGE_LOOP( '', ( #3969 ) );
#2467 = AXIS2_PLACEMENT_3D( '', #3970, #3971, #3972 );
#2468 = SURFACE_SIDE_STYLE( '', ( #3973 ) );
#2469 = EDGE_LOOP( '', ( #3974, #3975, #3976, #3977, #3978, #3979, #3980, #3981 ) );
#2470 = EDGE_LOOP( '', ( #3982 ) );
#2471 = EDGE_LOOP( '', ( #3983 ) );
#2472 = EDGE_LOOP( '', ( #3984 ) );
#2473 = EDGE_LOOP( '', ( #3985 ) );
#2474 = EDGE_LOOP( '', ( #3986 ) );
#2475 = EDGE_LOOP( '', ( #3987 ) );
#2476 = EDGE_LOOP( '', ( #3988 ) );
#2477 = AXIS2_PLACEMENT_3D( '', #3989, #3990, #3991 );
#2478 = SURFACE_SIDE_STYLE( '', ( #3992 ) );
#2479 = EDGE_LOOP( '', ( #3993, #3994, #3995, #3996 ) );
#2480 = AXIS2_PLACEMENT_3D( '', #3997, #3998, #3999 );
#2481 = SURFACE_SIDE_STYLE( '', ( #4000 ) );
#2482 = VERTEX_LOOP( '', #4001 );
#2483 = EDGE_LOOP( '', ( #4002 ) );
#2484 = AXIS2_PLACEMENT_3D( '', #4003, #4004, #4005 );
#2485 = SURFACE_SIDE_STYLE( '', ( #4006 ) );
#2486 = EDGE_LOOP( '', ( #4007, #4008, #4009, #4010, #4011, #4012 ) );
#2487 = AXIS2_PLACEMENT_3D( '', #4013, #4014, #4015 );
#2488 = SURFACE_SIDE_STYLE( '', ( #4016 ) );
#2489 = EDGE_LOOP( '', ( #4017 ) );
#2490 = EDGE_LOOP( '', ( #4018 ) );
#2491 = AXIS2_PLACEMENT_3D( '', #4019, #4020, #4021 );
#2492 = SURFACE_SIDE_STYLE( '', ( #4022 ) );
#2493 = EDGE_LOOP( '', ( #4023 ) );
#2494 = EDGE_LOOP( '', ( #4024 ) );
#2495 = AXIS2_PLACEMENT_3D( '', #4025, #4026, #4027 );
#2496 = SURFACE_SIDE_STYLE( '', ( #4028 ) );
#2497 = EDGE_LOOP( '', ( #4029 ) );
#2498 = EDGE_LOOP( '', ( #4030 ) );
#2499 = AXIS2_PLACEMENT_3D( '', #4031, #4032, #4033 );
#2500 = SURFACE_SIDE_STYLE( '', ( #4034 ) );
#2501 = EDGE_LOOP( '', ( #4035, #4036, #4037, #4038 ) );
#2502 = AXIS2_PLACEMENT_3D( '', #4039, #4040, #4041 );
#2503 = SURFACE_SIDE_STYLE( '', ( #4042 ) );
#2504 = EDGE_LOOP( '', ( #4043, #4044, #4045, #4046, #4047 ) );
#2505 = AXIS2_PLACEMENT_3D( '', #4048, #4049, #4050 );
#2506 = SURFACE_SIDE_STYLE( '', ( #4051 ) );
#2507 = EDGE_LOOP( '', ( #4052, #4053, #4054, #4055, #4056, #4057 ) );
#2508 = AXIS2_PLACEMENT_3D( '', #4058, #4059, #4060 );
#2509 = SURFACE_SIDE_STYLE( '', ( #4061 ) );
#2510 = EDGE_LOOP( '', ( #4062, #4063, #4064, #4065 ) );
#2511 = AXIS2_PLACEMENT_3D( '', #4066, #4067, #4068 );
#2512 = SURFACE_SIDE_STYLE( '', ( #4069 ) );
#2513 = EDGE_LOOP( '', ( #4070, #4071, #4072, #4073 ) );
#2514 = AXIS2_PLACEMENT_3D( '', #4074, #4075, #4076 );
#2515 = SURFACE_SIDE_STYLE( '', ( #4077 ) );
#2516 = EDGE_LOOP( '', ( #4078 ) );
#2517 = EDGE_LOOP( '', ( #4079, #4080, #4081, #4082, #4083, #4084 ) );
#2518 = AXIS2_PLACEMENT_3D( '', #4085, #4086, #4087 );
#2519 = SURFACE_SIDE_STYLE( '', ( #4088 ) );
#2520 = EDGE_LOOP( '', ( #4089 ) );
#2521 = EDGE_LOOP( '', ( #4090 ) );
#2522 = AXIS2_PLACEMENT_3D( '', #4091, #4092, #4093 );
#2523 = SURFACE_SIDE_STYLE( '', ( #4094 ) );
#2524 = EDGE_LOOP( '', ( #4095, #4096, #4097, #4098 ) );
#2525 = AXIS2_PLACEMENT_3D( '', #4099, #4100, #4101 );
#2526 = SURFACE_SIDE_STYLE( '', ( #4102 ) );
#2527 = EDGE_LOOP( '', ( #4103, #4104, #4105, #4106 ) );
#2528 = AXIS2_PLACEMENT_3D( '', #4107, #4108, #4109 );
#2529 = SURFACE_SIDE_STYLE( '', ( #4110 ) );
#2530 = EDGE_LOOP( '', ( #4111 ) );
#2531 = AXIS2_PLACEMENT_3D( '', #4112, #4113, #4114 );
#2532 = SURFACE_SIDE_STYLE( '', ( #4115 ) );
#2533 = EDGE_LOOP( '', ( #4116 ) );
#2534 = AXIS2_PLACEMENT_3D( '', #4117, #4118, #4119 );
#2535 = SURFACE_SIDE_STYLE( '', ( #4120 ) );
#2536 = EDGE_LOOP( '', ( #4121, #4122, #4123, #4124, #4125, #4126, #4127, #4128 ) );
#2537 = EDGE_LOOP( '', ( #4129 ) );
#2538 = EDGE_LOOP( '', ( #4130 ) );
#2539 = EDGE_LOOP( '', ( #4131 ) );
#2540 = EDGE_LOOP( '', ( #4132 ) );
#2541 = AXIS2_PLACEMENT_3D( '', #4133, #4134, #4135 );
#2542 = SURFACE_SIDE_STYLE( '', ( #4136 ) );
#2543 = EDGE_LOOP( '', ( #4137 ) );
#2544 = EDGE_LOOP( '', ( #4138 ) );
#2545 = AXIS2_PLACEMENT_3D( '', #4139, #4140, #4141 );
#2546 = SURFACE_SIDE_STYLE( '', ( #4142 ) );
#2547 = EDGE_LOOP( '', ( #4143 ) );
#2548 = EDGE_LOOP( '', ( #4144 ) );
#2549 = AXIS2_PLACEMENT_3D( '', #4145, #4146, #4147 );
#2550 = SURFACE_SIDE_STYLE( '', ( #4148 ) );
#2551 = EDGE_LOOP( '', ( #4149, #4150, #4151, #4152, #4153 ) );
#2552 = AXIS2_PLACEMENT_3D( '', #4154, #4155, #4156 );
#2553 = SURFACE_SIDE_STYLE( '', ( #4157 ) );
#2554 = EDGE_LOOP( '', ( #4158 ) );
#2555 = EDGE_LOOP( '', ( #4159 ) );
#2556 = AXIS2_PLACEMENT_3D( '', #4160, #4161, #4162 );
#2557 = SURFACE_SIDE_STYLE( '', ( #4163 ) );
#2558 = EDGE_LOOP( '', ( #4164 ) );
#2559 = EDGE_LOOP( '', ( #4165 ) );
#2560 = AXIS2_PLACEMENT_3D( '', #4166, #4167, #4168 );
#2561 = SURFACE_SIDE_STYLE( '', ( #4169 ) );
#2562 = EDGE_LOOP( '', ( #4170, #4171, #4172, #4173 ) );
#2563 = AXIS2_PLACEMENT_3D( '', #4174, #4175, #4176 );
#2564 = SURFACE_SIDE_STYLE( '', ( #4177 ) );
#2565 = EDGE_LOOP( '', ( #4178 ) );
#2566 = EDGE_LOOP( '', ( #4179 ) );
#2567 = AXIS2_PLACEMENT_3D( '', #4180, #4181, #4182 );
#2568 = SURFACE_SIDE_STYLE( '', ( #4183 ) );
#2569 = EDGE_LOOP( '', ( #4184 ) );
#2570 = AXIS2_PLACEMENT_3D( '', #4185, #4186, #4187 );
#2571 = SURFACE_SIDE_STYLE( '', ( #4188 ) );
#2572 = EDGE_LOOP( '', ( #4189 ) );
#2573 = EDGE_LOOP( '', ( #4190 ) );
#2574 = AXIS2_PLACEMENT_3D( '', #4191, #4192, #4193 );
#2575 = SURFACE_SIDE_STYLE( '', ( #4194 ) );
#2576 = VERTEX_LOOP( '', #4195 );
#2577 = EDGE_LOOP( '', ( #4196 ) );
#2578 = AXIS2_PLACEMENT_3D( '', #4197, #4198, #4199 );
#2579 = SURFACE_SIDE_STYLE( '', ( #4200 ) );
#2580 = EDGE_LOOP( '', ( #4201, #4202, #4203, #4204 ) );
#2581 = EDGE_LOOP( '', ( #4205 ) );
#2582 = EDGE_LOOP( '', ( #4206 ) );
#2583 = EDGE_LOOP( '', ( #4207 ) );
#2584 = EDGE_LOOP( '', ( #4208 ) );
#2585 = AXIS2_PLACEMENT_3D( '', #4209, #4210, #4211 );
#2586 = SURFACE_SIDE_STYLE( '', ( #4212 ) );
#2587 = EDGE_LOOP( '', ( #4213 ) );
#2588 = EDGE_LOOP( '', ( #4214 ) );
#2589 = AXIS2_PLACEMENT_3D( '', #4215, #4216, #4217 );
#2590 = SURFACE_SIDE_STYLE( '', ( #4218 ) );
#2591 = EDGE_LOOP( '', ( #4219, #4220, #4221, #4222 ) );
#2592 = AXIS2_PLACEMENT_3D( '', #4223, #4224, #4225 );
#2593 = SURFACE_SIDE_STYLE( '', ( #4226 ) );
#2594 = EDGE_LOOP( '', ( #4227 ) );
#2595 = EDGE_LOOP( '', ( #4228 ) );
#2596 = AXIS2_PLACEMENT_3D( '', #4229, #4230, #4231 );
#2597 = SURFACE_SIDE_STYLE( '', ( #4232 ) );
#2598 = EDGE_LOOP( '', ( #4233 ) );
#2599 = EDGE_LOOP( '', ( #4234 ) );
#2600 = AXIS2_PLACEMENT_3D( '', #4235, #4236, #4237 );
#2601 = SURFACE_SIDE_STYLE( '', ( #4238 ) );
#2602 = EDGE_LOOP( '', ( #4239 ) );
#2603 = EDGE_LOOP( '', ( #4240 ) );
#2604 = AXIS2_PLACEMENT_3D( '', #4241, #4242, #4243 );
#2605 = SURFACE_SIDE_STYLE( '', ( #4244 ) );
#2606 = EDGE_LOOP( '', ( #4245, #4246, #4247, #4248 ) );
#2607 = AXIS2_PLACEMENT_3D( '', #4249, #4250, #4251 );
#2608 = SURFACE_SIDE_STYLE( '', ( #4252 ) );
#2609 = EDGE_LOOP( '', ( #4253 ) );
#2610 = EDGE_LOOP( '', ( #4254 ) );
#2611 = AXIS2_PLACEMENT_3D( '', #4255, #4256, #4257 );
#2612 = SURFACE_SIDE_STYLE( '', ( #4258 ) );
#2613 = EDGE_LOOP( '', ( #4259 ) );
#2614 = EDGE_LOOP( '', ( #4260 ) );
#2615 = AXIS2_PLACEMENT_3D( '', #4261, #4262, #4263 );
#2616 = SURFACE_SIDE_STYLE( '', ( #4264 ) );
#2617 = EDGE_LOOP( '', ( #4265, #4266, #4267, #4268 ) );
#2618 = AXIS2_PLACEMENT_3D( '', #4269, #4270, #4271 );
#2619 = SURFACE_SIDE_STYLE( '', ( #4272 ) );
#2620 = EDGE_LOOP( '', ( #4273 ) );
#2621 = AXIS2_PLACEMENT_3D( '', #4274, #4275, #4276 );
#2622 = SURFACE_SIDE_STYLE( '', ( #4277 ) );
#2623 = EDGE_LOOP( '', ( #4278, #4279, #4280, #4281 ) );
#2624 = AXIS2_PLACEMENT_3D( '', #4282, #4283, #4284 );
#2625 = SURFACE_SIDE_STYLE( '', ( #4285 ) );
#2626 = EDGE_LOOP( '', ( #4286 ) );
#2627 = EDGE_LOOP( '', ( #4287 ) );
#2628 = AXIS2_PLACEMENT_3D( '', #4288, #4289, #4290 );
#2629 = SURFACE_SIDE_STYLE( '', ( #4291 ) );
#2630 = EDGE_LOOP( '', ( #4292 ) );
#2631 = EDGE_LOOP( '', ( #4293 ) );
#2632 = EDGE_LOOP( '', ( #4294 ) );
#2633 = EDGE_LOOP( '', ( #4295 ) );
#2634 = EDGE_LOOP( '', ( #4296 ) );
#2635 = EDGE_LOOP( '', ( #4297 ) );
#2636 = EDGE_LOOP( '', ( #4298 ) );
#2637 = EDGE_LOOP( '', ( #4299 ) );
#2638 = EDGE_LOOP( '', ( #4300 ) );
#2639 = EDGE_LOOP( '', ( #4301 ) );
#2640 = AXIS2_PLACEMENT_3D( '', #4302, #4303, #4304 );
#2641 = SURFACE_SIDE_STYLE( '', ( #4305 ) );
#2642 = EDGE_LOOP( '', ( #4306, #4307, #4308, #4309 ) );
#2643 = AXIS2_PLACEMENT_3D( '', #4310, #4311, #4312 );
#2644 = SURFACE_SIDE_STYLE( '', ( #4313 ) );
#2645 = EDGE_LOOP( '', ( #4314, #4315, #4316, #4317 ) );
#2646 = AXIS2_PLACEMENT_3D( '', #4318, #4319, #4320 );
#2647 = SURFACE_SIDE_STYLE( '', ( #4321 ) );
#2648 = EDGE_LOOP( '', ( #4322 ) );
#2649 = AXIS2_PLACEMENT_3D( '', #4323, #4324, #4325 );
#2650 = SURFACE_SIDE_STYLE( '', ( #4326 ) );
#2651 = EDGE_LOOP( '', ( #4327, #4328, #4329, #4330 ) );
#2652 = AXIS2_PLACEMENT_3D( '', #4331, #4332, #4333 );
#2653 = SURFACE_SIDE_STYLE( '', ( #4334 ) );
#2654 = EDGE_LOOP( '', ( #4335 ) );
#2655 = AXIS2_PLACEMENT_3D( '', #4336, #4337, #4338 );
#2656 = SURFACE_SIDE_STYLE( '', ( #4339 ) );
#2657 = EDGE_LOOP( '', ( #4340, #4341, #4342, #4343, #4344, #4345 ) );
#2658 = AXIS2_PLACEMENT_3D( '', #4346, #4347, #4348 );
#2659 = SURFACE_SIDE_STYLE( '', ( #4349 ) );
#2660 = EDGE_LOOP( '', ( #4350 ) );
#2661 = EDGE_LOOP( '', ( #4351 ) );
#2662 = AXIS2_PLACEMENT_3D( '', #4352, #4353, #4354 );
#2663 = SURFACE_SIDE_STYLE( '', ( #4355 ) );
#2664 = EDGE_LOOP( '', ( #4356 ) );
#2665 = EDGE_LOOP( '', ( #4357 ) );
#2666 = AXIS2_PLACEMENT_3D( '', #4358, #4359, #4360 );
#2667 = SURFACE_SIDE_STYLE( '', ( #4361 ) );
#2668 = EDGE_LOOP( '', ( #4362 ) );
#2669 = EDGE_LOOP( '', ( #4363 ) );
#2670 = AXIS2_PLACEMENT_3D( '', #4364, #4365, #4366 );
#2671 = SURFACE_SIDE_STYLE( '', ( #4367 ) );
#2672 = EDGE_LOOP( '', ( #4368, #4369, #4370, #4371 ) );
#2673 = AXIS2_PLACEMENT_3D( '', #4372, #4373, #4374 );
#2674 = SURFACE_SIDE_STYLE( '', ( #4375 ) );
#2675 = EDGE_LOOP( '', ( #4376, #4377, #4378, #4379 ) );
#2676 = AXIS2_PLACEMENT_3D( '', #4380, #4381, #4382 );
#2677 = SURFACE_SIDE_STYLE( '', ( #4383 ) );
#2678 = EDGE_LOOP( '', ( #4384, #4385, #4386, #4387 ) );
#2679 = AXIS2_PLACEMENT_3D( '', #4388, #4389, #4390 );
#2680 = SURFACE_SIDE_STYLE( '', ( #4391 ) );
#2681 = EDGE_LOOP( '', ( #4392, #4393, #4394 ) );
#2682 = AXIS2_PLACEMENT_3D( '', #4395, #4396, #4397 );
#2683 = SURFACE_SIDE_STYLE( '', ( #4398 ) );
#2684 = EDGE_LOOP( '', ( #4399 ) );
#2685 = EDGE_LOOP( '', ( #4400 ) );
#2686 = AXIS2_PLACEMENT_3D( '', #4401, #4402, #4403 );
#2687 = SURFACE_SIDE_STYLE( '', ( #4404 ) );
#2688 = EDGE_LOOP( '', ( #4405, #4406, #4407, #4408 ) );
#2689 = AXIS2_PLACEMENT_3D( '', #4409, #4410, #4411 );
#2690 = SURFACE_SIDE_STYLE( '', ( #4412 ) );
#2691 = EDGE_LOOP( '', ( #4413 ) );
#2692 = AXIS2_PLACEMENT_3D( '', #4414, #4415, #4416 );
#2693 = SURFACE_SIDE_STYLE( '', ( #4417 ) );
#2694 = EDGE_LOOP( '', ( #4418 ) );
#2695 = AXIS2_PLACEMENT_3D( '', #4419, #4420, #4421 );
#2696 = SURFACE_SIDE_STYLE( '', ( #4422 ) );
#2697 = EDGE_LOOP( '', ( #4423, #4424, #4425, #4426 ) );
#2698 = AXIS2_PLACEMENT_3D( '', #4427, #4428, #4429 );
#2699 = SURFACE_SIDE_STYLE( '', ( #4430 ) );
#2700 = EDGE_LOOP( '', ( #4431 ) );
#2701 = EDGE_LOOP( '', ( #4432 ) );
#2702 = AXIS2_PLACEMENT_3D( '', #4433, #4434, #4435 );
#2703 = SURFACE_SIDE_STYLE( '', ( #4436 ) );
#2704 = EDGE_LOOP( '', ( #4437, #4438, #4439, #4440 ) );
#2705 = AXIS2_PLACEMENT_3D( '', #4441, #4442, #4443 );
#2706 = SURFACE_SIDE_STYLE( '', ( #4444 ) );
#2707 = EDGE_LOOP( '', ( #4445 ) );
#2708 = AXIS2_PLACEMENT_3D( '', #4446, #4447, #4448 );
#2709 = SURFACE_SIDE_STYLE( '', ( #4449 ) );
#2710 = EDGE_LOOP( '', ( #4450 ) );
#2711 = EDGE_LOOP( '', ( #4451 ) );
#2712 = AXIS2_PLACEMENT_3D( '', #4452, #4453, #4454 );
#2713 = SURFACE_SIDE_STYLE( '', ( #4455 ) );
#2714 = EDGE_LOOP( '', ( #4456 ) );
#2715 = EDGE_LOOP( '', ( #4457 ) );
#2716 = AXIS2_PLACEMENT_3D( '', #4458, #4459, #4460 );
#2717 = SURFACE_SIDE_STYLE( '', ( #4461 ) );
#2718 = EDGE_LOOP( '', ( #4462 ) );
#2719 = EDGE_LOOP( '', ( #4463 ) );
#2720 = AXIS2_PLACEMENT_3D( '', #4464, #4465, #4466 );
#2721 = SURFACE_SIDE_STYLE( '', ( #4467 ) );
#2722 = EDGE_LOOP( '', ( #4468 ) );
#2723 = EDGE_LOOP( '', ( #4469 ) );
#2724 = AXIS2_PLACEMENT_3D( '', #4470, #4471, #4472 );
#2725 = SURFACE_SIDE_STYLE( '', ( #4473 ) );
#2726 = EDGE_LOOP( '', ( #4474, #4475, #4476, #4477 ) );
#2727 = AXIS2_PLACEMENT_3D( '', #4478, #4479, #4480 );
#2728 = SURFACE_SIDE_STYLE( '', ( #4481 ) );
#2729 = EDGE_LOOP( '', ( #4482 ) );
#2730 = EDGE_LOOP( '', ( #4483 ) );
#2731 = AXIS2_PLACEMENT_3D( '', #4484, #4485, #4486 );
#2732 = SURFACE_SIDE_STYLE( '', ( #4487 ) );
#2733 = EDGE_LOOP( '', ( #4488, #4489, #4490, #4491 ) );
#2734 = AXIS2_PLACEMENT_3D( '', #4492, #4493, #4494 );
#2735 = SURFACE_SIDE_STYLE( '', ( #4495 ) );
#2736 = EDGE_LOOP( '', ( #4496, #4497, #4498, #4499 ) );
#2737 = AXIS2_PLACEMENT_3D( '', #4500, #4501, #4502 );
#2738 = SURFACE_SIDE_STYLE( '', ( #4503 ) );
#2739 = EDGE_LOOP( '', ( #4504 ) );
#2740 = EDGE_LOOP( '', ( #4505 ) );
#2741 = AXIS2_PLACEMENT_3D( '', #4506, #4507, #4508 );
#2742 = SURFACE_SIDE_STYLE( '', ( #4509 ) );
#2743 = EDGE_LOOP( '', ( #4510 ) );
#2744 = EDGE_LOOP( '', ( #4511 ) );
#2745 = AXIS2_PLACEMENT_3D( '', #4512, #4513, #4514 );
#2746 = SURFACE_SIDE_STYLE( '', ( #4515 ) );
#2747 = EDGE_LOOP( '', ( #4516 ) );
#2748 = EDGE_LOOP( '', ( #4517, #4518, #4519, #4520, #4521, #4522 ) );
#2749 = AXIS2_PLACEMENT_3D( '', #4523, #4524, #4525 );
#2750 = SURFACE_SIDE_STYLE( '', ( #4526 ) );
#2751 = EDGE_LOOP( '', ( #4527, #4528, #4529, #4530, #4531, #4532, #4533, #4534, #4535, #4536, #4537, #4538, #4539, #4540, #4541, #4542, #4543, #4544 ) );
#2752 = AXIS2_PLACEMENT_3D( '', #4545, #4546, #4547 );
#2753 = SURFACE_SIDE_STYLE( '', ( #4548 ) );
#2754 = EDGE_LOOP( '', ( #4549 ) );
#2755 = EDGE_LOOP( '', ( #4550 ) );
#2756 = AXIS2_PLACEMENT_3D( '', #4551, #4552, #4553 );
#2757 = SURFACE_SIDE_STYLE( '', ( #4554 ) );
#2758 = EDGE_LOOP( '', ( #4555, #4556, #4557, #4558 ) );
#2759 = AXIS2_PLACEMENT_3D( '', #4559, #4560, #4561 );
#2760 = SURFACE_SIDE_STYLE( '', ( #4562 ) );
#2761 = EDGE_LOOP( '', ( #4563 ) );
#2762 = EDGE_LOOP( '', ( #4564 ) );
#2763 = AXIS2_PLACEMENT_3D( '', #4565, #4566, #4567 );
#2764 = SURFACE_SIDE_STYLE( '', ( #4568 ) );
#2765 = EDGE_LOOP( '', ( #4569, #4570, #4571, #4572 ) );
#2766 = AXIS2_PLACEMENT_3D( '', #4573, #4574, #4575 );
#2767 = SURFACE_SIDE_STYLE( '', ( #4576 ) );
#2768 = EDGE_LOOP( '', ( #4577 ) );
#2769 = AXIS2_PLACEMENT_3D( '', #4578, #4579, #4580 );
#2770 = SURFACE_SIDE_STYLE( '', ( #4581 ) );
#2771 = EDGE_LOOP( '', ( #4582 ) );
#2772 = EDGE_LOOP( '', ( #4583 ) );
#2773 = AXIS2_PLACEMENT_3D( '', #4584, #4585, #4586 );
#2774 = SURFACE_SIDE_STYLE( '', ( #4587 ) );
#2775 = EDGE_LOOP( '', ( #4588, #4589, #4590, #4591 ) );
#2776 = AXIS2_PLACEMENT_3D( '', #4592, #4593, #4594 );
#2777 = SURFACE_SIDE_STYLE( '', ( #4595 ) );
#2778 = EDGE_LOOP( '', ( #4596, #4597, #4598, #4599 ) );
#2779 = AXIS2_PLACEMENT_3D( '', #4600, #4601, #4602 );
#2780 = SURFACE_SIDE_STYLE( '', ( #4603 ) );
#2781 = EDGE_LOOP( '', ( #4604 ) );
#2782 = AXIS2_PLACEMENT_3D( '', #4605, #4606, #4607 );
#2783 = SURFACE_SIDE_STYLE( '', ( #4608 ) );
#2784 = EDGE_LOOP( '', ( #4609 ) );
#2785 = EDGE_LOOP( '', ( #4610 ) );
#2786 = AXIS2_PLACEMENT_3D( '', #4611, #4612, #4613 );
#2787 = SURFACE_SIDE_STYLE( '', ( #4614 ) );
#2788 = EDGE_LOOP( '', ( #4615 ) );
#2789 = AXIS2_PLACEMENT_3D( '', #4616, #4617, #4618 );
#2790 = SURFACE_SIDE_STYLE( '', ( #4619 ) );
#2791 = EDGE_LOOP( '', ( #4620 ) );
#2792 = EDGE_LOOP( '', ( #4621 ) );
#2793 = AXIS2_PLACEMENT_3D( '', #4622, #4623, #4624 );
#2794 = SURFACE_SIDE_STYLE( '', ( #4625 ) );
#2795 = EDGE_LOOP( '', ( #4626 ) );
#2796 = EDGE_LOOP( '', ( #4627 ) );
#2797 = AXIS2_PLACEMENT_3D( '', #4628, #4629, #4630 );
#2798 = SURFACE_SIDE_STYLE( '', ( #4631 ) );
#2799 = EDGE_LOOP( '', ( #4632, #4633, #4634, #4635 ) );
#2800 = AXIS2_PLACEMENT_3D( '', #4636, #4637, #4638 );
#2801 = SURFACE_SIDE_STYLE( '', ( #4639 ) );
#2802 = EDGE_LOOP( '', ( #4640, #4641, #4642, #4643, #4644, #4645 ) );
#2803 = AXIS2_PLACEMENT_3D( '', #4646, #4647, #4648 );
#2804 = SURFACE_SIDE_STYLE( '', ( #4649 ) );
#2805 = EDGE_LOOP( '', ( #4650, #4651, #4652, #4653 ) );
#2806 = AXIS2_PLACEMENT_3D( '', #4654, #4655, #4656 );
#2807 = SURFACE_SIDE_STYLE( '', ( #4657 ) );
#2808 = EDGE_LOOP( '', ( #4658, #4659, #4660, #4661 ) );
#2809 = AXIS2_PLACEMENT_3D( '', #4662, #4663, #4664 );
#2810 = SURFACE_SIDE_STYLE( '', ( #4665 ) );
#2811 = EDGE_LOOP( '', ( #4666 ) );
#2812 = EDGE_LOOP( '', ( #4667 ) );
#2813 = AXIS2_PLACEMENT_3D( '', #4668, #4669, #4670 );
#2814 = SURFACE_SIDE_STYLE( '', ( #4671 ) );
#2815 = EDGE_LOOP( '', ( #4672 ) );
#2816 = EDGE_LOOP( '', ( #4673 ) );
#2817 = AXIS2_PLACEMENT_3D( '', #4674, #4675, #4676 );
#2818 = SURFACE_SIDE_STYLE( '', ( #4677 ) );
#2819 = EDGE_LOOP( '', ( #4678, #4679, #4680, #4681 ) );
#2820 = AXIS2_PLACEMENT_3D( '', #4682, #4683, #4684 );
#2821 = SURFACE_SIDE_STYLE( '', ( #4685 ) );
#2822 = EDGE_LOOP( '', ( #4686 ) );
#2823 = EDGE_LOOP( '', ( #4687 ) );
#2824 = AXIS2_PLACEMENT_3D( '', #4688, #4689, #4690 );
#2825 = SURFACE_SIDE_STYLE( '', ( #4691 ) );
#2826 = EDGE_LOOP( '', ( #4692, #4693, #4694, #4695 ) );
#2827 = AXIS2_PLACEMENT_3D( '', #4696, #4697, #4698 );
#2828 = SURFACE_SIDE_STYLE( '', ( #4699 ) );
#2829 = EDGE_LOOP( '', ( #4700, #4701, #4702, #4703 ) );
#2830 = AXIS2_PLACEMENT_3D( '', #4704, #4705, #4706 );
#2831 = SURFACE_SIDE_STYLE( '', ( #4707 ) );
#2832 = EDGE_LOOP( '', ( #4708 ) );
#2833 = AXIS2_PLACEMENT_3D( '', #4709, #4710, #4711 );
#2834 = SURFACE_SIDE_STYLE( '', ( #4712 ) );
#2835 = EDGE_LOOP( '', ( #4713, #4714, #4715, #4716 ) );
#2836 = AXIS2_PLACEMENT_3D( '', #4717, #4718, #4719 );
#2837 = SURFACE_SIDE_STYLE( '', ( #4720 ) );
#2838 = EDGE_LOOP( '', ( #4721 ) );
#2839 = EDGE_LOOP( '', ( #4722 ) );
#2840 = AXIS2_PLACEMENT_3D( '', #4723, #4724, #4725 );
#2841 = SURFACE_SIDE_STYLE( '', ( #4726 ) );
#2842 = EDGE_LOOP( '', ( #4727, #4728, #4729, #4730 ) );
#2843 = AXIS2_PLACEMENT_3D( '', #4731, #4732, #4733 );
#2844 = SURFACE_SIDE_STYLE( '', ( #4734 ) );
#2845 = EDGE_LOOP( '', ( #4735 ) );
#2846 = EDGE_LOOP( '', ( #4736 ) );
#2847 = AXIS2_PLACEMENT_3D( '', #4737, #4738, #4739 );
#2848 = SURFACE_SIDE_STYLE( '', ( #4740 ) );
#2849 = EDGE_LOOP( '', ( #4741, #4742, #4743, #4744 ) );
#2850 = AXIS2_PLACEMENT_3D( '', #4745, #4746, #4747 );
#2851 = SURFACE_SIDE_STYLE( '', ( #4748 ) );
#2852 = EDGE_LOOP( '', ( #4749 ) );
#2853 = EDGE_LOOP( '', ( #4750 ) );
#2854 = AXIS2_PLACEMENT_3D( '', #4751, #4752, #4753 );
#2855 = SURFACE_SIDE_STYLE( '', ( #4754 ) );
#2856 = EDGE_LOOP( '', ( #4755 ) );
#2857 = EDGE_LOOP( '', ( #4756 ) );
#2858 = AXIS2_PLACEMENT_3D( '', #4757, #4758, #4759 );
#2859 = SURFACE_SIDE_STYLE( '', ( #4760 ) );
#2860 = EDGE_LOOP( '', ( #4761 ) );
#2861 = EDGE_LOOP( '', ( #4762 ) );
#2862 = AXIS2_PLACEMENT_3D( '', #4763, #4764, #4765 );
#2863 = SURFACE_SIDE_STYLE( '', ( #4766 ) );
#2864 = EDGE_LOOP( '', ( #4767 ) );
#2865 = EDGE_LOOP( '', ( #4768 ) );
#2866 = AXIS2_PLACEMENT_3D( '', #4769, #4770, #4771 );
#2867 = SURFACE_SIDE_STYLE( '', ( #4772 ) );
#2868 = EDGE_LOOP( '', ( #4773 ) );
#2869 = EDGE_LOOP( '', ( #4774 ) );
#2870 = AXIS2_PLACEMENT_3D( '', #4775, #4776, #4777 );
#2871 = SURFACE_SIDE_STYLE( '', ( #4778 ) );
#2872 = EDGE_LOOP( '', ( #4779, #4780, #4781, #4782, #4783 ) );
#2873 = AXIS2_PLACEMENT_3D( '', #4784, #4785, #4786 );
#2874 = SURFACE_SIDE_STYLE( '', ( #4787 ) );
#2875 = EDGE_LOOP( '', ( #4788 ) );
#2876 = EDGE_LOOP( '', ( #4789, #4790, #4791, #4792, #4793, #4794 ) );
#2877 = AXIS2_PLACEMENT_3D( '', #4795, #4796, #4797 );
#2878 = SURFACE_SIDE_STYLE( '', ( #4798 ) );
#2879 = EDGE_LOOP( '', ( #4799 ) );
#2880 = AXIS2_PLACEMENT_3D( '', #4800, #4801, #4802 );
#2881 = SURFACE_SIDE_STYLE( '', ( #4803 ) );
#2882 = EDGE_LOOP( '', ( #4804 ) );
#2883 = EDGE_LOOP( '', ( #4805 ) );
#2884 = AXIS2_PLACEMENT_3D( '', #4806, #4807, #4808 );
#2885 = SURFACE_SIDE_STYLE( '', ( #4809 ) );
#2886 = EDGE_LOOP( '', ( #4810 ) );
#2887 = AXIS2_PLACEMENT_3D( '', #4811, #4812, #4813 );
#2888 = SURFACE_SIDE_STYLE( '', ( #4814 ) );
#2889 = EDGE_LOOP( '', ( #4815 ) );
#2890 = EDGE_LOOP( '', ( #4816 ) );
#2891 = AXIS2_PLACEMENT_3D( '', #4817, #4818, #4819 );
#2892 = SURFACE_SIDE_STYLE( '', ( #4820 ) );
#2893 = EDGE_LOOP( '', ( #4821, #4822, #4823, #4824, #4825 ) );
#2894 = AXIS2_PLACEMENT_3D( '', #4826, #4827, #4828 );
#2895 = SURFACE_SIDE_STYLE( '', ( #4829 ) );
#2896 = EDGE_LOOP( '', ( #4830 ) );
#2897 = EDGE_LOOP( '', ( #4831 ) );
#2898 = AXIS2_PLACEMENT_3D( '', #4832, #4833, #4834 );
#2899 = SURFACE_SIDE_STYLE( '', ( #4835 ) );
#2900 = EDGE_LOOP( '', ( #4836, #4837, #4838, #4839 ) );
#2901 = AXIS2_PLACEMENT_3D( '', #4840, #4841, #4842 );
#2902 = SURFACE_SIDE_STYLE( '', ( #4843 ) );
#2903 = EDGE_LOOP( '', ( #4844 ) );
#2904 = EDGE_LOOP( '', ( #4845 ) );
#2905 = AXIS2_PLACEMENT_3D( '', #4846, #4847, #4848 );
#2906 = SURFACE_SIDE_STYLE( '', ( #4849 ) );
#2907 = EDGE_LOOP( '', ( #4850, #4851, #4852, #4853 ) );
#2908 = AXIS2_PLACEMENT_3D( '', #4854, #4855, #4856 );
#2909 = SURFACE_SIDE_STYLE( '', ( #4857 ) );
#2910 = EDGE_LOOP( '', ( #4858 ) );
#2911 = EDGE_LOOP( '', ( #4859 ) );
#2912 = AXIS2_PLACEMENT_3D( '', #4860, #4861, #4862 );
#2913 = SURFACE_SIDE_STYLE( '', ( #4863 ) );
#2914 = EDGE_LOOP( '', ( #4864 ) );
#2915 = EDGE_LOOP( '', ( #4865, #4866, #4867, #4868, #4869, #4870 ) );
#2916 = AXIS2_PLACEMENT_3D( '', #4871, #4872, #4873 );
#2917 = SURFACE_SIDE_STYLE( '', ( #4874 ) );
#2918 = EDGE_LOOP( '', ( #4875, #4876, #4877, #4878 ) );
#2919 = AXIS2_PLACEMENT_3D( '', #4879, #4880, #4881 );
#2920 = SURFACE_SIDE_STYLE( '', ( #4882 ) );
#2921 = EDGE_LOOP( '', ( #4883 ) );
#2922 = EDGE_LOOP( '', ( #4884 ) );
#2923 = AXIS2_PLACEMENT_3D( '', #4885, #4886, #4887 );
#2924 = SURFACE_SIDE_STYLE( '', ( #4888 ) );
#2925 = EDGE_LOOP( '', ( #4889 ) );
#2926 = EDGE_LOOP( '', ( #4890 ) );
#2927 = AXIS2_PLACEMENT_3D( '', #4891, #4892, #4893 );
#2928 = SURFACE_SIDE_STYLE( '', ( #4894 ) );
#2929 = EDGE_LOOP( '', ( #4895, #4896, #4897, #4898 ) );
#2930 = AXIS2_PLACEMENT_3D( '', #4899, #4900, #4901 );
#2931 = SURFACE_SIDE_STYLE( '', ( #4902 ) );
#2932 = EDGE_LOOP( '', ( #4903, #4904, #4905, #4906 ) );
#2933 = AXIS2_PLACEMENT_3D( '', #4907, #4908, #4909 );
#2934 = SURFACE_SIDE_STYLE( '', ( #4910 ) );
#2935 = EDGE_LOOP( '', ( #4911 ) );
#2936 = EDGE_LOOP( '', ( #4912 ) );
#2937 = AXIS2_PLACEMENT_3D( '', #4913, #4914, #4915 );
#2938 = SURFACE_SIDE_STYLE( '', ( #4916 ) );
#2939 = EDGE_LOOP( '', ( #4917, #4918, #4919, #4920 ) );
#2940 = AXIS2_PLACEMENT_3D( '', #4921, #4922, #4923 );
#2941 = SURFACE_SIDE_STYLE( '', ( #4924 ) );
#2942 = EDGE_LOOP( '', ( #4925 ) );
#2943 = EDGE_LOOP( '', ( #4926 ) );
#2944 = AXIS2_PLACEMENT_3D( '', #4927, #4928, #4929 );
#2945 = SURFACE_SIDE_STYLE( '', ( #4930 ) );
#2946 = EDGE_LOOP( '', ( #4931, #4932, #4933, #4934 ) );
#2947 = AXIS2_PLACEMENT_3D( '', #4935, #4936, #4937 );
#2948 = SURFACE_SIDE_STYLE( '', ( #4938 ) );
#2949 = EDGE_LOOP( '', ( #4939 ) );
#2950 = EDGE_LOOP( '', ( #4940 ) );
#2951 = AXIS2_PLACEMENT_3D( '', #4941, #4942, #4943 );
#2952 = SURFACE_SIDE_STYLE( '', ( #4944 ) );
#2953 = EDGE_LOOP( '', ( #4945 ) );
#2954 = AXIS2_PLACEMENT_3D( '', #4946, #4947, #4948 );
#2955 = SURFACE_SIDE_STYLE( '', ( #4949 ) );
#2956 = EDGE_LOOP( '', ( #4950 ) );
#2957 = AXIS2_PLACEMENT_3D( '', #4951, #4952, #4953 );
#2958 = SURFACE_SIDE_STYLE( '', ( #4954 ) );
#2959 = EDGE_LOOP( '', ( #4955 ) );
#2960 = EDGE_LOOP( '', ( #4956 ) );
#2961 = AXIS2_PLACEMENT_3D( '', #4957, #4958, #4959 );
#2962 = SURFACE_SIDE_STYLE( '', ( #4960 ) );
#2963 = EDGE_LOOP( '', ( #4961 ) );
#2964 = AXIS2_PLACEMENT_3D( '', #4962, #4963, #4964 );
#2965 = SURFACE_SIDE_STYLE( '', ( #4965 ) );
#2966 = EDGE_LOOP( '', ( #4966 ) );
#2967 = EDGE_LOOP( '', ( #4967 ) );
#2968 = AXIS2_PLACEMENT_3D( '', #4968, #4969, #4970 );
#2969 = SURFACE_SIDE_STYLE( '', ( #4971 ) );
#2970 = EDGE_LOOP( '', ( #4972, #4973, #4974, #4975 ) );
#2971 = AXIS2_PLACEMENT_3D( '', #4976, #4977, #4978 );
#2972 = SURFACE_SIDE_STYLE( '', ( #4979 ) );
#2973 = EDGE_LOOP( '', ( #4980 ) );
#2974 = AXIS2_PLACEMENT_3D( '', #4981, #4982, #4983 );
#2975 = SURFACE_SIDE_STYLE( '', ( #4984 ) );
#2976 = EDGE_LOOP( '', ( #4985 ) );
#2977 = EDGE_LOOP( '', ( #4986 ) );
#2978 = AXIS2_PLACEMENT_3D( '', #4987, #4988, #4989 );
#2979 = SURFACE_SIDE_STYLE( '', ( #4990 ) );
#2980 = EDGE_LOOP( '', ( #4991, #4992, #4993, #4994 ) );
#2981 = AXIS2_PLACEMENT_3D( '', #4995, #4996, #4997 );
#2982 = SURFACE_SIDE_STYLE( '', ( #4998 ) );
#2983 = EDGE_LOOP( '', ( #4999, #5000, #5001, #5002 ) );
#2984 = AXIS2_PLACEMENT_3D( '', #5003, #5004, #5005 );
#2985 = SURFACE_SIDE_STYLE( '', ( #5006 ) );
#2986 = EDGE_LOOP( '', ( #5007 ) );
#2987 = EDGE_LOOP( '', ( #5008 ) );
#2988 = AXIS2_PLACEMENT_3D( '', #5009, #5010, #5011 );
#2989 = SURFACE_SIDE_STYLE( '', ( #5012 ) );
#2990 = EDGE_LOOP( '', ( #5013 ) );
#2991 = EDGE_LOOP( '', ( #5014 ) );
#2992 = AXIS2_PLACEMENT_3D( '', #5015, #5016, #5017 );
#2993 = SURFACE_SIDE_STYLE( '', ( #5018 ) );
#2994 = EDGE_LOOP( '', ( #5019 ) );
#2995 = EDGE_LOOP( '', ( #5020 ) );
#2996 = AXIS2_PLACEMENT_3D( '', #5021, #5022, #5023 );
#2997 = SURFACE_SIDE_STYLE( '', ( #5024 ) );
#2998 = EDGE_LOOP( '', ( #5025, #5026, #5027, #5028, #5029, #5030 ) );
#2999 = AXIS2_PLACEMENT_3D( '', #5031, #5032, #5033 );
#3000 = SURFACE_SIDE_STYLE( '', ( #5034 ) );
#3001 = EDGE_LOOP( '', ( #5035 ) );
#3002 = EDGE_LOOP( '', ( #5036 ) );
#3003 = AXIS2_PLACEMENT_3D( '', #5037, #5038, #5039 );
#3004 = SURFACE_SIDE_STYLE( '', ( #5040 ) );
#3005 = EDGE_LOOP( '', ( #5041, #5042, #5043, #5044, #5045, #5046 ) );
#3006 = AXIS2_PLACEMENT_3D( '', #5047, #5048, #5049 );
#3007 = SURFACE_SIDE_STYLE( '', ( #5050 ) );
#3008 = EDGE_LOOP( '', ( #5051 ) );
#3009 = EDGE_LOOP( '', ( #5052 ) );
#3010 = AXIS2_PLACEMENT_3D( '', #5053, #5054, #5055 );
#3011 = SURFACE_SIDE_STYLE( '', ( #5056 ) );
#3012 = EDGE_LOOP( '', ( #5057 ) );
#3013 = EDGE_LOOP( '', ( #5058 ) );
#3014 = AXIS2_PLACEMENT_3D( '', #5059, #5060, #5061 );
#3015 = SURFACE_SIDE_STYLE( '', ( #5062 ) );
#3016 = EDGE_LOOP( '', ( #5063 ) );
#3017 = EDGE_LOOP( '', ( #5064 ) );
#3018 = AXIS2_PLACEMENT_3D( '', #5065, #5066, #5067 );
#3019 = SURFACE_SIDE_STYLE( '', ( #5068 ) );
#3020 = EDGE_LOOP( '', ( #5069 ) );
#3021 = EDGE_LOOP( '', ( #5070, #5071, #5072, #5073, #5074, #5075 ) );
#3022 = AXIS2_PLACEMENT_3D( '', #5076, #5077, #5078 );
#3023 = SURFACE_SIDE_STYLE( '', ( #5079 ) );
#3024 = EDGE_LOOP( '', ( #5080 ) );
#3025 = EDGE_LOOP( '', ( #5081 ) );
#3026 = AXIS2_PLACEMENT_3D( '', #5082, #5083, #5084 );
#3027 = SURFACE_SIDE_STYLE( '', ( #5085 ) );
#3028 = EDGE_LOOP( '', ( #5086 ) );
#3029 = EDGE_LOOP( '', ( #5087 ) );
#3030 = AXIS2_PLACEMENT_3D( '', #5088, #5089, #5090 );
#3031 = SURFACE_SIDE_STYLE( '', ( #5091 ) );
#3032 = EDGE_LOOP( '', ( #5092, #5093, #5094, #5095, #5096, #5097 ) );
#3033 = AXIS2_PLACEMENT_3D( '', #5098, #5099, #5100 );
#3034 = SURFACE_SIDE_STYLE( '', ( #5101 ) );
#3035 = EDGE_LOOP( '', ( #5102 ) );
#3036 = EDGE_LOOP( '', ( #5103, #5104, #5105, #5106, #5107, #5108 ) );
#3037 = AXIS2_PLACEMENT_3D( '', #5109, #5110, #5111 );
#3038 = SURFACE_SIDE_STYLE( '', ( #5112 ) );
#3039 = EDGE_LOOP( '', ( #5113 ) );
#3040 = EDGE_LOOP( '', ( #5114 ) );
#3041 = AXIS2_PLACEMENT_3D( '', #5115, #5116, #5117 );
#3042 = SURFACE_SIDE_STYLE( '', ( #5118 ) );
#3043 = EDGE_LOOP( '', ( #5119 ) );
#3044 = EDGE_LOOP( '', ( #5120 ) );
#3045 = AXIS2_PLACEMENT_3D( '', #5121, #5122, #5123 );
#3046 = SURFACE_SIDE_STYLE( '', ( #5124 ) );
#3047 = EDGE_LOOP( '', ( #5125 ) );
#3048 = EDGE_LOOP( '', ( #5126 ) );
#3049 = AXIS2_PLACEMENT_3D( '', #5127, #5128, #5129 );
#3050 = SURFACE_SIDE_STYLE( '', ( #5130 ) );
#3051 = EDGE_LOOP( '', ( #5131, #5132, #5133, #5134 ) );
#3052 = AXIS2_PLACEMENT_3D( '', #5135, #5136, #5137 );
#3053 = SURFACE_SIDE_STYLE( '', ( #5138 ) );
#3054 = EDGE_LOOP( '', ( #5139 ) );
#3055 = AXIS2_PLACEMENT_3D( '', #5140, #5141, #5142 );
#3056 = SURFACE_SIDE_STYLE( '', ( #5143 ) );
#3057 = EDGE_LOOP( '', ( #5144 ) );
#3058 = EDGE_LOOP( '', ( #5145 ) );
#3059 = AXIS2_PLACEMENT_3D( '', #5146, #5147, #5148 );
#3060 = SURFACE_SIDE_STYLE( '', ( #5149 ) );
#3061 = EDGE_LOOP( '', ( #5150 ) );
#3062 = EDGE_LOOP( '', ( #5151 ) );
#3063 = AXIS2_PLACEMENT_3D( '', #5152, #5153, #5154 );
#3064 = SURFACE_SIDE_STYLE( '', ( #5155 ) );
#3065 = EDGE_LOOP( '', ( #5156 ) );
#3066 = EDGE_LOOP( '', ( #5157 ) );
#3067 = AXIS2_PLACEMENT_3D( '', #5158, #5159, #5160 );
#3068 = SURFACE_SIDE_STYLE( '', ( #5161 ) );
#3069 = EDGE_LOOP( '', ( #5162, #5163, #5164, #5165, #5166, #5167, #5168, #5169 ) );
#3070 = EDGE_LOOP( '', ( #5170 ) );
#3071 = EDGE_LOOP( '', ( #5171 ) );
#3072 = AXIS2_PLACEMENT_3D( '', #5172, #5173, #5174 );
#3073 = SURFACE_SIDE_STYLE( '', ( #5175 ) );
#3074 = EDGE_LOOP( '', ( #5176, #5177, #5178, #5179 ) );
#3075 = AXIS2_PLACEMENT_3D( '', #5180, #5181, #5182 );
#3076 = SURFACE_SIDE_STYLE( '', ( #5183 ) );
#3077 = EDGE_LOOP( '', ( #5184, #5185, #5186, #5187, #5188 ) );
#3078 = AXIS2_PLACEMENT_3D( '', #5189, #5190, #5191 );
#3079 = CLOSED_SHELL( '', ( #500, #380, #514, #352, #756 ) );
#3080 = CLOSED_SHELL( '', ( #574, #318, #818 ) );
#3081 = CLOSED_SHELL( '', ( #692, #630, #344, #740, #372 ) );
#3082 = CLOSED_SHELL( '', ( #518, #768, #626 ) );
#3083 = CLOSED_SHELL( '', ( #396, #494, #878, #898, #642 ) );
#3084 = CLOSED_SHELL( '', ( #388, #392, #742 ) );
#3085 = CLOSED_SHELL( '', ( #872, #490, #498, #504, #530 ) );
#3086 = CLOSED_SHELL( '', ( #758, #648, #418 ) );
#3087 = CLOSED_SHELL( '', ( #444, #370, #398, #410, #608 ) );
#3088 = CLOSED_SHELL( '', ( #400, #892, #638 ) );
#3089 = CLOSED_SHELL( '', ( #826, #668, #788, #870, #548 ) );
#3090 = CLOSED_SHELL( '', ( #550, #622, #446 ) );
#3091 = CLOSED_SHELL( '', ( #744, #700, #820, #644, #558 ) );
#3092 = CLOSED_SHELL( '', ( #384, #664, #488 ) );
#3093 = CLOSED_SHELL( '', ( #860, #894, #508, #546, #336 ) );
#3094 = CLOSED_SHELL( '', ( #448, #602, #416 ) );
#3096 = SURFACE_STYLE_FILL_AREA( #5192 );
#3097 = ORIENTED_EDGE( '', *, *, #5193, .F. );
#3098 = CARTESIAN_POINT( '', ( -0.0110000000000000, 0.00800000000000000, -0.00220000000000000 ) );
#3099 = DIRECTION( '', ( 0.00000000000000, 0.00000000000000, 1.00000000000000 ) );
#3100 = DIRECTION( '', ( 1.00000000000000, 0.00000000000000, 0.00000000000000 ) );
#3101 = SURFACE_STYLE_FILL_AREA( #5194 );
#3102 = ORIENTED_EDGE( '', *, *, #5195, .F. );
#3103 = ORIENTED_EDGE( '', *, *, #5196, .F. );
#3104 = CARTESIAN_POINT( '', ( 0.0110000000000000, -0.0320000000000000, 0.0166375000000000 ) );
#3105 = DIRECTION( '', ( 0.00000000000000, -0.00000000000000, -1.00000000000000 ) );
#3106 = DIRECTION( '', ( 1.00000000000000, 0.00000000000000, 0.00000000000000 ) );
#3107 = SURFACE_STYLE_FILL_AREA( #5197 );
#3108 = ORIENTED_EDGE( '', *, *, #5198, .T. );
#3109 = ORIENTED_EDGE( '', *, *, #5199, .T. );
#3110 = CARTESIAN_POINT( '', ( 0.0104533237587700, -0.00400000000000000, -0.00600000000000000 ) );
#3111 = DIRECTION( '', ( -1.00000000000000, -0.00000000000000, -0.00000000000000 ) );
#3112 = DIRECTION( '', ( 0.00000000000000, -1.00000000000000, 0.00000000000000 ) );
#3113 = SURFACE_STYLE_FILL_AREA( #5200 );
#3114 = ORIENTED_EDGE( '', *, *, #5201, .T. );
#3115 = ORIENTED_EDGE( '', *, *, #5202, .F. );
#3116 = ORIENTED_EDGE( '', *, *, #5203, .F. );
#3117 = ORIENTED_EDGE( '', *, *, #5204, .T. );
#3118 = CARTESIAN_POINT( '', ( 0.0100000000000000, -0.0314226497308100, -0.0167000000000000 ) );
#3119 = DIRECTION( '', ( -0.500000000000017, 0.866025403784429, 0.00000000000000 ) );
#3120 = DIRECTION( '', ( 0.00000000000000, 0.00000000000000, 1.00000000000000 ) );
#3121 = SURFACE_STYLE_FILL_AREA( #5205 );
#3122 = ORIENTED_EDGE( '', *, *, #5206, .T. );
#3123 = ORIENTED_EDGE( '', *, *, #5207, .F. );
#3124 = ORIENTED_EDGE( '', *, *, #5208, .F. );
#3125 = ORIENTED_EDGE( '', *, *, #5209, .F. );
#3126 = ORIENTED_EDGE( '', *, *, #5210, .F. );
#3127 = ORIENTED_EDGE( '', *, *, #5211, .F. );
#3128 = ORIENTED_EDGE( '', *, *, #5212, .F. );
#3129 = CARTESIAN_POINT( '', ( -0.0110000000000000, 0.00800000000000000, 0.0167000000000000 ) );
#3130 = DIRECTION( '', ( 0.00000000000000, 0.00000000000000, -1.00000000000000 ) );
#3131 = DIRECTION( '', ( 0.00000000000000, -1.00000000000000, 0.00000000000000 ) );
#3132 = SURFACE_STYLE_FILL_AREA( #5213 );
#3133 = ORIENTED_EDGE( '', *, *, #5214, .F. );
#3134 = CARTESIAN_POINT( '', ( 0.00000000000000, 0.00000000000000, 0.0170000000000000 ) );
#3135 = DIRECTION( '', ( 0.00000000000000, 0.00000000000000, 1.00000000000000 ) );
#3136 = DIRECTION( '', ( 1.00000000000000, 0.00000000000000, 0.00000000000000 ) );
#3137 = SURFACE_STYLE_FILL_AREA( #5215 );
#3138 = ORIENTED_EDGE( '', *, *, #5216, .F. );
#3139 = ORIENTED_EDGE( '', *, *, #5217, .F. );
#3140 = ORIENTED_EDGE( '', *, *, #5218, .T. );
#3141 = ORIENTED_EDGE( '', *, *, #5219, .T. );
#3142 = CARTESIAN_POINT( '', ( 0.0140500000000000, -0.0271250000000000, -0.0168000000000000 ) );
#3143 = DIRECTION( '', ( 0.707106781186548, 0.00000000000000, -0.707106781186548 ) );
#3144 = DIRECTION( '', ( 0.00000000000000, -1.00000000000000, 0.00000000000000 ) );
#3145 = SURFACE_STYLE_FILL_AREA( #5220 );
#3146 = ORIENTED_EDGE( '', *, *, #5221, .T. );
#3147 = ORIENTED_EDGE( '', *, *, #5222, .T. );
#3148 = CARTESIAN_POINT( '', ( 0.0104533237587700, -0.0280000000000000, 0.00600000000000000 ) );
#3149 = DIRECTION( '', ( -1.00000000000000, -0.00000000000000, -0.00000000000000 ) );
#3150 = DIRECTION( '', ( 0.00000000000000, -1.00000000000000, 0.00000000000000 ) );
#3151 = SURFACE_STYLE_FILL_AREA( #5223 );
#3152 = ORIENTED_EDGE( '', *, *, #5224, .F. );
#3153 = ORIENTED_EDGE( '', *, *, #5225, .T. );
#3154 = CARTESIAN_POINT( '', ( 0.00000000000000, 0.00000000000000, 0.0142000000000000 ) );
#3155 = DIRECTION( '', ( 0.00000000000000, 0.00000000000000, 1.00000000000000 ) );
#3156 = DIRECTION( '', ( 1.00000000000000, 0.00000000000000, 0.00000000000000 ) );
#3157 = SURFACE_STYLE_FILL_AREA( #5226 );
#3158 = ORIENTED_EDGE( '', *, *, #5227, .F. );
#3159 = ORIENTED_EDGE( '', *, *, #5228, .F. );
#3160 = CARTESIAN_POINT( '', ( -0.0110000000000000, -0.0320000000000000, 0.0100000000000000 ) );
#3161 = DIRECTION( '', ( 0.00000000000000, 0.00000000000000, 1.00000000000000 ) );
#3162 = DIRECTION( '', ( 1.00000000000000, 0.00000000000000, 0.00000000000000 ) );
#3163 = SURFACE_STYLE_FILL_AREA( #5229 );
#3164 = ORIENTED_EDGE( '', *, *, #5230, .T. );
#3165 = ORIENTED_EDGE( '', *, *, #5231, .F. );
#3166 = ORIENTED_EDGE( '', *, *, #5232, .F. );
#3167 = ORIENTED_EDGE( '', *, *, #5233, .F. );
#3168 = ORIENTED_EDGE( '', *, *, #5234, .F. );
#3169 = ORIENTED_EDGE( '', *, *, #5235, .T. );
#3170 = ORIENTED_EDGE( '', *, *, #5236, .T. );
#3171 = ORIENTED_EDGE( '', *, *, #5237, .F. );
#3172 = ORIENTED_EDGE( '', *, *, #5238, .F. );
#3173 = ORIENTED_EDGE( '', *, *, #5239, .F. );
#3174 = ORIENTED_EDGE( '', *, *, #5240, .T. );
#3175 = ORIENTED_EDGE( '', *, *, #5241, .T. );
#3176 = ORIENTED_EDGE( '', *, *, #5242, .F. );
#3177 = ORIENTED_EDGE( '', *, *, #5243, .T. );
#3178 = ORIENTED_EDGE( '', *, *, #5244, .F. );
#3179 = ORIENTED_EDGE( '', *, *, #5245, .F. );
#3180 = CARTESIAN_POINT( '', ( 0.00000000000000, 0.00000000000000, -0.0170000000000000 ) );
#3181 = DIRECTION( '', ( 0.00000000000000, 0.00000000000000, 1.00000000000000 ) );
#3182 = DIRECTION( '', ( 1.00000000000000, 0.00000000000000, 0.00000000000000 ) );
#3183 = SURFACE_STYLE_FILL_AREA( #5246 );
#3184 = ORIENTED_EDGE( '', *, *, #5247, .F. );
#3185 = CARTESIAN_POINT( '', ( 0.00000000000000, 0.00000000000000, 0.0234000000000000 ) );
#3186 = DIRECTION( '', ( 0.00000000000000, 0.00000000000000, 1.00000000000000 ) );
#3187 = DIRECTION( '', ( 1.00000000000000, 0.00000000000000, 0.00000000000000 ) );
#3188 = SURFACE_STYLE_FILL_AREA( #5248 );
#3189 = ORIENTED_EDGE( '', *, *, #5249, .T. );
#3190 = ORIENTED_EDGE( '', *, *, #5250, .F. );
#3191 = ORIENTED_EDGE( '', *, *, #5251, .F. );
#3192 = ORIENTED_EDGE( '', *, *, #5252, .T. );
#3193 = CARTESIAN_POINT( '', ( 0.0100000000000000, 0.00857735026919000, 0.0167000000000000 ) );
#3194 = DIRECTION( '', ( -1.00000000000000, 0.00000000000000, 0.00000000000000 ) );
#3195 = DIRECTION( '', ( 0.00000000000000, 0.00000000000000, 1.00000000000000 ) );
#3196 = SURFACE_STYLE_FILL_AREA( #5253 );
#3197 = ORIENTED_EDGE( '', *, *, #5254, .T. );
#3198 = ORIENTED_EDGE( '', *, *, #5255, .T. );
#3199 = CARTESIAN_POINT( '', ( 0.0110000000000000, 0.00800000000000000, -0.00795000000000000 ) );
#3200 = DIRECTION( '', ( 0.00000000000000, -0.00000000000000, -1.00000000000000 ) );
#3201 = DIRECTION( '', ( 1.00000000000000, 0.00000000000000, 0.00000000000000 ) );
#3202 = SURFACE_STYLE_FILL_AREA( #5256 );
#3203 = ORIENTED_EDGE( '', *, *, #5257, .T. );
#3204 = ORIENTED_EDGE( '', *, *, #5258, .F. );
#3205 = ORIENTED_EDGE( '', *, *, #5259, .F. );
#3206 = ORIENTED_EDGE( '', *, *, #5260, .T. );
#3207 = CARTESIAN_POINT( '', ( -0.0110000000000000, -0.0331547005383800, -0.0167000000000000 ) );
#3208 = DIRECTION( '', ( -0.500000000000017, -0.866025403784429, 0.00000000000000 ) );
#3209 = DIRECTION( '', ( -0.866025403784429, 0.500000000000017, 0.00000000000000 ) );
#3210 = SURFACE_STYLE_FILL_AREA( #5261 );
#3211 = ORIENTED_EDGE( '', *, *, #5262, .T. );
#3212 = ORIENTED_EDGE( '', *, *, #5263, .T. );
#3213 = CARTESIAN_POINT( '', ( 0.0104533237587700, -0.0280000000000000, -0.00600000000000000 ) );
#3214 = DIRECTION( '', ( -1.00000000000000, -0.00000000000000, -0.00000000000000 ) );
#3215 = DIRECTION( '', ( 0.00000000000000, -1.00000000000000, 0.00000000000000 ) );
#3216 = SURFACE_STYLE_FILL_AREA( #5264 );
#3217 = ORIENTED_EDGE( '', *, *, #5265, .F. );
#3218 = ORIENTED_EDGE( '', *, *, #5266, .F. );
#3219 = CARTESIAN_POINT( '', ( 0.00000000000000, 0.00000000000000, -0.0160000000000000 ) );
#3220 = DIRECTION( '', ( 0.00000000000000, 0.00000000000000, -1.00000000000000 ) );
#3221 = DIRECTION( '', ( 0.00000000000000, -1.00000000000000, 0.00000000000000 ) );
#3222 = SURFACE_STYLE_FILL_AREA( #5267 );
#3223 = ORIENTED_EDGE( '', *, *, #5268, .T. );
#3224 = ORIENTED_EDGE( '', *, *, #5269, .T. );
#3225 = CARTESIAN_POINT( '', ( -0.0110000000000000, 0.00800000000000000, -0.00795000000000000 ) );
#3226 = DIRECTION( '', ( 0.00000000000000, -0.00000000000000, -1.00000000000000 ) );
#3227 = DIRECTION( '', ( 1.00000000000000, 0.00000000000000, 0.00000000000000 ) );
#3228 = SURFACE_STYLE_FILL_AREA( #5270 );
#3229 = ORIENTED_EDGE( '', *, *, #5271, .F. );
#3230 = CARTESIAN_POINT( '', ( 0.00000000000000, 0.00000000000000, 0.0170000000000000 ) );
#3231 = DIRECTION( '', ( 0.00000000000000, 0.00000000000000, 1.00000000000000 ) );
#3232 = DIRECTION( '', ( 1.00000000000000, 0.00000000000000, 0.00000000000000 ) );
#3233 = SURFACE_STYLE_FILL_AREA( #5272 );
#3234 = ORIENTED_EDGE( '', *, *, #5273, .T. );
#3235 = ORIENTED_EDGE( '', *, *, #5274, .F. );
#3236 = ORIENTED_EDGE( '', *, *, #5275, .F. );
#3237 = ORIENTED_EDGE( '', *, *, #5276, .T. );
#3238 = CARTESIAN_POINT( '', ( 0.0120000000000000, 0.00857735026919000, 0.0167000000000000 ) );
#3239 = DIRECTION( '', ( 0.500000000000017, 0.866025403784429, 0.00000000000000 ) );
#3240 = DIRECTION( '', ( 0.00000000000000, 0.00000000000000, -1.00000000000000 ) );
#3241 = SURFACE_STYLE_FILL_AREA( #5277 );
#3242 = ORIENTED_EDGE( '', *, *, #5278, .T. );
#3243 = ORIENTED_EDGE( '', *, *, #5279, .T. );
#3244 = ORIENTED_EDGE( '', *, *, #5280, .T. );
#3245 = ORIENTED_EDGE( '', *, *, #5281, .T. );
#3246 = ORIENTED_EDGE( '', *, *, #5282, .T. );
#3247 = ORIENTED_EDGE( '', *, *, #5283, .T. );
#3248 = CARTESIAN_POINT( '', ( -0.0110000000000000, 0.00800000000000000, -0.0154500000000000 ) );
#3249 = DIRECTION( '', ( 0.00000000000000, 0.00000000000000, -1.00000000000000 ) );
#3250 = DIRECTION( '', ( 0.00000000000000, -1.00000000000000, 0.00000000000000 ) );
#3251 = SURFACE_STYLE_FILL_AREA( #5284 );
#3252 = ORIENTED_EDGE( '', *, *, #5285, .T. );
#3253 = ORIENTED_EDGE( '', *, *, #5286, .F. );
#3254 = CARTESIAN_POINT( '', ( -0.0110000000000000, -0.0320000000000000, -0.0174250000000000 ) );
#3255 = DIRECTION( '', ( -0.00000000000000, -0.00000000000000, -1.00000000000000 ) );
#3256 = DIRECTION( '', ( 0.00000000000000, -1.00000000000000, 0.00000000000000 ) );
#3257 = SURFACE_STYLE_FILL_AREA( #5287 );
#3258 = ORIENTED_EDGE( '', *, *, #5288, .F. );
#3259 = CARTESIAN_POINT( '', ( 0.00000000000000, 0.00000000000000, 0.0170000000000000 ) );
#3260 = DIRECTION( '', ( 0.00000000000000, 0.00000000000000, 1.00000000000000 ) );
#3261 = DIRECTION( '', ( 1.00000000000000, 0.00000000000000, 0.00000000000000 ) );
#3262 = SURFACE_STYLE_FILL_AREA( #5289 );
#3263 = ORIENTED_EDGE( '', *, *, #5290, .T. );
#3264 = ORIENTED_EDGE( '', *, *, #5291, .T. );
#3265 = CARTESIAN_POINT( '', ( 0.0110000000000000, -0.0320000000000000, 0.0170000000000000 ) );
#3266 = DIRECTION( '', ( -0.00000000000000, -0.00000000000000, -1.00000000000000 ) );
#3267 = DIRECTION( '', ( 1.00000000000000, 0.00000000000000, 0.00000000000000 ) );
#3268 = SURFACE_STYLE_FILL_AREA( #5292 );
#3269 = ORIENTED_EDGE( '', *, *, #5293, .F. );
#3270 = ORIENTED_EDGE( '', *, *, #5294, .T. );
#3271 = ORIENTED_EDGE( '', *, *, #5295, .T. );
#3272 = ORIENTED_EDGE( '', *, *, #5296, .F. );
#3273 = CARTESIAN_POINT( '', ( 0.0131085786437600, -0.0341085786437600, 0.0168000000000000 ) );
#3274 = DIRECTION( '', ( 0.500000000000017, -0.500000000000017, 0.707106781186524 ) );
#3275 = DIRECTION( '', ( -0.707106781186548, -0.707106781186548, 0.00000000000000 ) );
#3276 = SURFACE_STYLE_FILL_AREA( #5297 );
#3277 = ORIENTED_EDGE( '', *, *, #5298, .F. );
#3278 = ORIENTED_EDGE( '', *, *, #5299, .F. );
#3279 = ORIENTED_EDGE( '', *, *, #5300, .F. );
#3280 = ORIENTED_EDGE( '', *, *, #5301, .F. );
#3281 = ORIENTED_EDGE( '', *, *, #5302, .F. );
#3282 = ORIENTED_EDGE( '', *, *, #5303, .F. );
#3283 = ORIENTED_EDGE( '', *, *, #5304, .F. );
#3284 = ORIENTED_EDGE( '', *, *, #5305, .F. );
#3285 = ORIENTED_EDGE( '', *, *, #5306, .F. );
#3286 = ORIENTED_EDGE( '', *, *, #5307, .F. );
#3287 = ORIENTED_EDGE( '', *, *, #5308, .F. );
#3288 = ORIENTED_EDGE( '', *, *, #5218, .F. );
#3289 = ORIENTED_EDGE( '', *, *, #5309, .F. );
#3290 = ORIENTED_EDGE( '', *, *, #5310, .F. );
#3291 = CARTESIAN_POINT( '', ( 0.00000000000000, 0.00000000000000, -0.0170000000000000 ) );
#3292 = DIRECTION( '', ( 0.00000000000000, 0.00000000000000, 1.00000000000000 ) );
#3293 = DIRECTION( '', ( 1.00000000000000, 0.00000000000000, 0.00000000000000 ) );
#3294 = SURFACE_STYLE_FILL_AREA( #5311 );
#3295 = ORIENTED_EDGE( '', *, *, #5312, .T. );
#3296 = ORIENTED_EDGE( '', *, *, #5313, .T. );
#3297 = CARTESIAN_POINT( '', ( 0.0110000000000000, 0.00800000000000000, 0.00995000000000000 ) );
#3298 = DIRECTION( '', ( 0.00000000000000, 0.00000000000000, 1.00000000000000 ) );
#3299 = DIRECTION( '', ( -1.00000000000000, 0.00000000000000, 0.00000000000000 ) );
#3300 = SURFACE_STYLE_FILL_AREA( #5314 );
#3301 = ORIENTED_EDGE( '', *, *, #5315, .T. );
#3302 = ORIENTED_EDGE( '', *, *, #5316, .T. );
#3303 = CARTESIAN_POINT( '', ( 0.0110000000000000, 0.00800000000000000, -0.0170000000000000 ) );
#3304 = DIRECTION( '', ( -0.00000000000000, -0.00000000000000, 1.00000000000000 ) );
#3305 = DIRECTION( '', ( -1.00000000000000, 0.00000000000000, 0.00000000000000 ) );
#3306 = SURFACE_STYLE_FILL_AREA( #5317 );
#3307 = ORIENTED_EDGE( '', *, *, #5318, .T. );
#3308 = ORIENTED_EDGE( '', *, *, #5319, .F. );
#3309 = ORIENTED_EDGE( '', *, *, #5320, .F. );
#3310 = ORIENTED_EDGE( '', *, *, #5321, .T. );
#3311 = CARTESIAN_POINT( '', ( -0.0120000000000000, -0.0314226497308100, 0.0167000000000000 ) );
#3312 = DIRECTION( '', ( -1.00000000000000, 0.00000000000000, 0.00000000000000 ) );
#3313 = DIRECTION( '', ( 0.00000000000000, 0.00000000000000, 1.00000000000000 ) );
#3314 = SURFACE_STYLE_FILL_AREA( #5322 );
#3315 = ORIENTED_EDGE( '', *, *, #5323, .T. );
#3316 = ORIENTED_EDGE( '', *, *, #5324, .F. );
#3317 = CARTESIAN_POINT( '', ( 0.00000000000000, 0.00000000000000, 0.0208000000000000 ) );
#3318 = DIRECTION( '', ( 0.00000000000000, -0.00000000000000, -1.00000000000000 ) );
#3319 = DIRECTION( '', ( 0.00000000000000, -1.00000000000000, 0.00000000000000 ) );
#3320 = SURFACE_STYLE_FILL_AREA( #5325 );
#3321 = ORIENTED_EDGE( '', *, *, #5326, .T. );
#3322 = ORIENTED_EDGE( '', *, *, #5327, .T. );
#3323 = CARTESIAN_POINT( '', ( 0.00800000000000000, 0.00745332375877200, 0.00600000000000000 ) );
#3324 = DIRECTION( '', ( 0.00000000000000, -1.00000000000000, -0.00000000000000 ) );
#3325 = DIRECTION( '', ( 1.00000000000000, 0.00000000000000, 0.00000000000000 ) );
#3326 = SURFACE_STYLE_FILL_AREA( #5328 );
#3327 = ORIENTED_EDGE( '', *, *, #5329, .T. );
#3328 = ORIENTED_EDGE( '', *, *, #5330, .T. );
#3329 = CARTESIAN_POINT( '', ( -0.0110000000000000, 0.00800000000000000, -0.0170000000000000 ) );
#3330 = DIRECTION( '', ( -0.00000000000000, -0.00000000000000, 1.00000000000000 ) );
#3331 = DIRECTION( '', ( -1.00000000000000, 0.00000000000000, 0.00000000000000 ) );
#3332 = SURFACE_STYLE_FILL_AREA( #5331 );
#3333 = ORIENTED_EDGE( '', *, *, #5332, .F. );
#3334 = CARTESIAN_POINT( '', ( -0.0112500000000000, 0.00000000000000, 0.00000000000000 ) );
#3335 = DIRECTION( '', ( 1.00000000000000, 0.00000000000000, 0.00000000000000 ) );
#3336 = DIRECTION( '', ( 0.00000000000000, 1.00000000000000, 0.00000000000000 ) );
#3337 = SURFACE_STYLE_FILL_AREA( #5333 );
#3338 = ORIENTED_EDGE( '', *, *, #5334, .T. );
#3339 = ORIENTED_EDGE( '', *, *, #5335, .T. );
#3340 = CARTESIAN_POINT( '', ( 0.0110000000000000, -0.0320000000000000, 0.000428323758771600 ) );
#3341 = DIRECTION( '', ( -0.00000000000000, -0.00000000000000, -1.00000000000000 ) );
#3342 = DIRECTION( '', ( -1.00000000000000, 0.00000000000000, 0.00000000000000 ) );
#3343 = SURFACE_STYLE_FILL_AREA( #5336 );
#3344 = ORIENTED_EDGE( '', *, *, #5337, .T. );
#3345 = ORIENTED_EDGE( '', *, *, #5338, .T. );
#3346 = CARTESIAN_POINT( '', ( -0.00800000000000000, -0.0314533237587700, 0.00600000000000000 ) );
#3347 = DIRECTION( '', ( -0.00000000000000, 1.00000000000000, -0.00000000000000 ) );
#3348 = DIRECTION( '', ( -1.00000000000000, 0.00000000000000, 0.00000000000000 ) );
#3349 = SURFACE_STYLE_FILL_AREA( #5339 );
#3350 = VERTEX_POINT( '', #5340 );
#3351 = ORIENTED_EDGE( '', *, *, #5341, .F. );
#3352 = CARTESIAN_POINT( '', ( -0.0110000000000000, -0.0320000000000000, -0.00121303304878500 ) );
#3353 = DIRECTION( '', ( 0.00000000000000, -0.00000000000000, -1.00000000000000 ) );
#3354 = DIRECTION( '', ( 1.00000000000000, 0.00000000000000, 0.00000000000000 ) );
#3355 = SURFACE_STYLE_FILL_AREA( #5342 );
#3356 = ORIENTED_EDGE( '', *, *, #5343, .T. );
#3357 = ORIENTED_EDGE( '', *, *, #5344, .F. );
#3358 = CARTESIAN_POINT( '', ( -0.0110000000000000, 0.00800000000000000, -0.0174250000000000 ) );
#3359 = DIRECTION( '', ( -0.00000000000000, -0.00000000000000, -1.00000000000000 ) );
#3360 = DIRECTION( '', ( 0.00000000000000, -1.00000000000000, 0.00000000000000 ) );
#3361 = SURFACE_STYLE_FILL_AREA( #5345 );
#3362 = ORIENTED_EDGE( '', *, *, #5341, .T. );
#3363 = ORIENTED_EDGE( '', *, *, #5346, .T. );
#3364 = CARTESIAN_POINT( '', ( -0.0110000000000000, -0.0320000000000000, -0.000528323758771600 ) );
#3365 = DIRECTION( '', ( -0.00000000000000, -0.00000000000000, 1.00000000000000 ) );
#3366 = DIRECTION( '', ( 1.00000000000000, 0.00000000000000, 0.00000000000000 ) );
#3367 = SURFACE_STYLE_FILL_AREA( #5347 );
#3368 = ORIENTED_EDGE( '', *, *, #5348, .F. );
#3369 = CARTESIAN_POINT( '', ( 0.00000000000000, 0.00000000000000, 0.0170000000000000 ) );
#3370 = DIRECTION( '', ( 0.00000000000000, 0.00000000000000, 1.00000000000000 ) );
#3371 = DIRECTION( '', ( 1.00000000000000, 0.00000000000000, 0.00000000000000 ) );
#3372 = SURFACE_STYLE_FILL_AREA( #5349 );
#3373 = ORIENTED_EDGE( '', *, *, #5350, .F. );
#3374 = ORIENTED_EDGE( '', *, *, #5351, .F. );
#3375 = CARTESIAN_POINT( '', ( -0.0110000000000000, -0.0320000000000000, -0.0174250000000000 ) );
#3376 = DIRECTION( '', ( -0.00000000000000, -0.00000000000000, -1.00000000000000 ) );
#3377 = DIRECTION( '', ( 0.00000000000000, -1.00000000000000, 0.00000000000000 ) );
#3378 = SURFACE_STYLE_FILL_AREA( #5352 );
#3379 = ORIENTED_EDGE( '', *, *, #5353, .F. );
#3380 = ORIENTED_EDGE( '', *, *, #5354, .T. );
#3381 = CARTESIAN_POINT( '', ( 0.0110000000000000, 0.00800000000000000, 0.0142000000000000 ) );
#3382 = DIRECTION( '', ( 0.00000000000000, 0.00000000000000, -1.00000000000000 ) );
#3383 = DIRECTION( '', ( 0.00000000000000, -1.00000000000000, 0.00000000000000 ) );
#3384 = SURFACE_STYLE_FILL_AREA( #5355 );
#3385 = VERTEX_POINT( '', #5356 );
#3386 = ORIENTED_EDGE( '', *, *, #5357, .F. );
#3387 = CARTESIAN_POINT( '', ( 0.0110000000000000, 0.00800000000000000, 0.00121303304878500 ) );
#3388 = DIRECTION( '', ( 0.00000000000000, 0.00000000000000, 1.00000000000000 ) );
#3389 = DIRECTION( '', ( -1.00000000000000, 0.00000000000000, 0.00000000000000 ) );
#3390 = SURFACE_STYLE_FILL_AREA( #5358 );
#3391 = ORIENTED_EDGE( '', *, *, #5359, .T. );
#3392 = ORIENTED_EDGE( '', *, *, #5279, .F. );
#3393 = ORIENTED_EDGE( '', *, *, #5360, .F. );
#3394 = ORIENTED_EDGE( '', *, *, #5361, .T. );
#3395 = CARTESIAN_POINT( '', ( -0.0100000000000000, 0.00742264973081000, -0.0167000000000000 ) );
#3396 = DIRECTION( '', ( 0.500000000000017, -0.866025403784429, 0.00000000000000 ) );
#3397 = DIRECTION( '', ( 0.00000000000000, 0.00000000000000, -1.00000000000000 ) );
#3398 = SURFACE_STYLE_FILL_AREA( #5362 );
#3399 = ORIENTED_EDGE( '', *, *, #5363, .T. );
#3400 = ORIENTED_EDGE( '', *, *, #5364, .T. );
#3401 = CARTESIAN_POINT( '', ( -0.0104533237587700, -0.00400000000000000, 0.00600000000000000 ) );
#3402 = DIRECTION( '', ( -1.00000000000000, -0.00000000000000, -0.00000000000000 ) );
#3403 = DIRECTION( '', ( 0.00000000000000, -1.00000000000000, 0.00000000000000 ) );
#3404 = SURFACE_STYLE_FILL_AREA( #5365 );
#3405 = ORIENTED_EDGE( '', *, *, #5217, .T. );
#3406 = ORIENTED_EDGE( '', *, *, #5366, .F. );
#3407 = ORIENTED_EDGE( '', *, *, #5367, .F. );
#3408 = ORIENTED_EDGE( '', *, *, #5298, .T. );
#3409 = CARTESIAN_POINT( '', ( 0.0131085786437600, -0.0341085786437600, -0.0168000000000000 ) );
#3410 = DIRECTION( '', ( 0.500000000000017, -0.500000000000017, -0.707106781186524 ) );
#3411 = DIRECTION( '', ( 2.77555756156298E-17, -0.816496580927708, 0.577350269189652 ) );
#3412 = SURFACE_STYLE_FILL_AREA( #5368 );
#3413 = ORIENTED_EDGE( '', *, *, #5369, .F. );
#3414 = ORIENTED_EDGE( '', *, *, #5370, .T. );
#3415 = CARTESIAN_POINT( '', ( 0.00000000000000, 0.00800000000000000, 0.0188500000000000 ) );
#3416 = DIRECTION( '', ( 0.00000000000000, 0.00000000000000, 1.00000000000000 ) );
#3417 = DIRECTION( '', ( -1.00000000000000, 0.00000000000000, 0.00000000000000 ) );
#3418 = SURFACE_STYLE_FILL_AREA( #5371 );
#3419 = ORIENTED_EDGE( '', *, *, #5353, .T. );
#3420 = ORIENTED_EDGE( '', *, *, #5372, .T. );
#3421 = CARTESIAN_POINT( '', ( 0.0110000000000000, 0.00800000000000000, 0.0170000000000000 ) );
#3422 = DIRECTION( '', ( -0.00000000000000, -0.00000000000000, -1.00000000000000 ) );
#3423 = DIRECTION( '', ( 1.00000000000000, 0.00000000000000, 0.00000000000000 ) );
#3424 = SURFACE_STYLE_FILL_AREA( #5373 );
#3425 = ORIENTED_EDGE( '', *, *, #5374, .T. );
#3426 = ORIENTED_EDGE( '', *, *, #5375, .F. );
#3427 = ORIENTED_EDGE( '', *, *, #5376, .F. );
#3428 = ORIENTED_EDGE( '', *, *, #5377, .F. );
#3429 = ORIENTED_EDGE( '', *, *, #5361, .F. );
#3430 = ORIENTED_EDGE( '', *, *, #5378, .F. );
#3431 = ORIENTED_EDGE( '', *, *, #5379, .F. );
#3432 = CARTESIAN_POINT( '', ( -0.0110000000000000, 0.00800000000000000, -0.0167000000000000 ) );
#3433 = DIRECTION( '', ( 0.00000000000000, 0.00000000000000, 1.00000000000000 ) );
#3434 = DIRECTION( '', ( 1.00000000000000, 0.00000000000000, 0.00000000000000 ) );
#3435 = SURFACE_STYLE_FILL_AREA( #5380 );
#3436 = ORIENTED_EDGE( '', *, *, #5381, .F. );
#3437 = ORIENTED_EDGE( '', *, *, #5382, .T. );
#3438 = ORIENTED_EDGE( '', *, *, #5383, .F. );
#3439 = ORIENTED_EDGE( '', *, *, #5384, .T. );
#3440 = ORIENTED_EDGE( '', *, *, #5385, .F. );
#3441 = ORIENTED_EDGE( '', *, *, #5386, .T. );
#3442 = ORIENTED_EDGE( '', *, *, #5387, .T. );
#3443 = ORIENTED_EDGE( '', *, *, #5388, .T. );
#3444 = ORIENTED_EDGE( '', *, *, #5389, .F. );
#3445 = ORIENTED_EDGE( '', *, *, #5390, .F. );
#3446 = ORIENTED_EDGE( '', *, *, #5391, .F. );
#3447 = ORIENTED_EDGE( '', *, *, #5392, .F. );
#3448 = CARTESIAN_POINT( '', ( -0.0142500000000000, 0.0112500000000000, -0.0170000000000000 ) );
#3449 = DIRECTION( '', ( -1.00000000000000, 0.00000000000000, 0.00000000000000 ) );
#3450 = DIRECTION( '', ( 0.00000000000000, 0.00000000000000, 1.00000000000000 ) );
#3451 = SURFACE_STYLE_FILL_AREA( #5393 );
#3452 = VERTEX_POINT( '', #5394 );
#3453 = ORIENTED_EDGE( '', *, *, #5395, .F. );
#3454 = CARTESIAN_POINT( '', ( -0.0110000000000000, -0.0320000000000000, 0.00121303304878500 ) );
#3455 = DIRECTION( '', ( 0.00000000000000, 0.00000000000000, 1.00000000000000 ) );
#3456 = DIRECTION( '', ( -1.00000000000000, 0.00000000000000, 0.00000000000000 ) );
#3457 = SURFACE_STYLE_FILL_AREA( #5396 );
#3458 = VERTEX_POINT( '', #5397 );
#3459 = ORIENTED_EDGE( '', *, *, #5398, .F. );
#3460 = CARTESIAN_POINT( '', ( 0.0110000000000000, -0.0320000000000000, -0.00121303304878500 ) );
#3461 = DIRECTION( '', ( 0.00000000000000, -0.00000000000000, -1.00000000000000 ) );
#3462 = DIRECTION( '', ( 1.00000000000000, 0.00000000000000, 0.00000000000000 ) );
#3463 = SURFACE_STYLE_FILL_AREA( #5399 );
#3464 = ORIENTED_EDGE( '', *, *, #5400, .T. );
#3465 = ORIENTED_EDGE( '', *, *, #5401, .F. );
#3466 = ORIENTED_EDGE( '', *, *, #5402, .F. );
#3467 = CARTESIAN_POINT( '', ( 0.00000000000000, 0.00000000000000, -0.0160000000000000 ) );
#3468 = DIRECTION( '', ( 0.00000000000000, 0.00000000000000, -1.00000000000000 ) );
#3469 = DIRECTION( '', ( 0.00000000000000, -1.00000000000000, 0.00000000000000 ) );
#3470 = SURFACE_STYLE_FILL_AREA( #5403 );
#3471 = ORIENTED_EDGE( '', *, *, #5404, .T. );
#3472 = ORIENTED_EDGE( '', *, *, #5405, .T. );
#3473 = CARTESIAN_POINT( '', ( 0.0110000000000000, 0.00800000000000000, 0.0170000000000000 ) );
#3474 = DIRECTION( '', ( -0.00000000000000, -0.00000000000000, -1.00000000000000 ) );
#3475 = DIRECTION( '', ( 1.00000000000000, 0.00000000000000, 0.00000000000000 ) );
#3476 = SURFACE_STYLE_FILL_AREA( #5406 );
#3477 = ORIENTED_EDGE( '', *, *, #5407, .F. );
#3478 = CARTESIAN_POINT( '', ( 0.00000000000000, 0.00000000000000, 0.0140000000000000 ) );
#3479 = DIRECTION( '', ( 0.00000000000000, 0.00000000000000, 1.00000000000000 ) );
#3480 = DIRECTION( '', ( 1.00000000000000, 0.00000000000000, 0.00000000000000 ) );
#3481 = SURFACE_STYLE_FILL_AREA( #5408 );
#3482 = ORIENTED_EDGE( '', *, *, #5363, .F. );
#3483 = CARTESIAN_POINT( '', ( -0.0112500000000000, 0.00000000000000, 0.00000000000000 ) );
#3484 = DIRECTION( '', ( 1.00000000000000, 0.00000000000000, 0.00000000000000 ) );
#3485 = DIRECTION( '', ( 0.00000000000000, 1.00000000000000, 0.00000000000000 ) );
#3486 = SURFACE_STYLE_FILL_AREA( #5409 );
#3487 = ORIENTED_EDGE( '', *, *, #5410, .F. );
#3488 = ORIENTED_EDGE( '', *, *, #5411, .T. );
#3489 = ORIENTED_EDGE( '', *, *, #5412, .T. );
#3490 = ORIENTED_EDGE( '', *, *, #5413, .F. );
#3491 = CARTESIAN_POINT( '', ( 2.13162820728000E-17, 0.0110500000000000, 0.0168000000000000 ) );
#3492 = DIRECTION( '', ( -0.00000000000000, 0.707106781186548, 0.707106781186548 ) );
#3493 = DIRECTION( '', ( 1.00000000000000, 0.00000000000000, 0.00000000000000 ) );
#3494 = SURFACE_STYLE_FILL_AREA( #5414 );
#3495 = ORIENTED_EDGE( '', *, *, #5415, .T. );
#3496 = ORIENTED_EDGE( '', *, *, #5416, .T. );
#3497 = CARTESIAN_POINT( '', ( -0.00565685424949200, 0.00565685424949200, 0.0163952770800200 ) );
#3498 = DIRECTION( '', ( -0.00000000000000, -0.00000000000000, -1.00000000000000 ) );
#3499 = DIRECTION( '', ( -0.707106781186548, -0.707106781186548, 0.00000000000000 ) );
#3500 = SURFACE_STYLE_FILL_AREA( #5417 );
#3501 = ORIENTED_EDGE( '', *, *, #5418, .T. );
#3502 = ORIENTED_EDGE( '', *, *, #5419, .T. );
#3503 = CARTESIAN_POINT( '', ( 0.00000000000000, 0.00000000000000, 0.0213500000000000 ) );
#3504 = DIRECTION( '', ( -0.00000000000000, -0.00000000000000, 1.00000000000000 ) );
#3505 = DIRECTION( '', ( 0.00000000000000, -1.00000000000000, 0.00000000000000 ) );
#3506 = SURFACE_STYLE_FILL_AREA( #5420 );
#3507 = ORIENTED_EDGE( '', *, *, #5295, .F. );
#3508 = ORIENTED_EDGE( '', *, *, #5421, .T. );
#3509 = ORIENTED_EDGE( '', *, *, #5422, .T. );
#3510 = ORIENTED_EDGE( '', *, *, #5423, .F. );
#3511 = CARTESIAN_POINT( '', ( 0.00000000000000, -0.0350500000000000, 0.0168000000000000 ) );
#3512 = DIRECTION( '', ( 0.00000000000000, -0.707106781186548, 0.707106781186548 ) );
#3513 = DIRECTION( '', ( -1.00000000000000, 0.00000000000000, 0.00000000000000 ) );
#3514 = SURFACE_STYLE_FILL_AREA( #5424 );
#3515 = ORIENTED_EDGE( '', *, *, #5236, .F. );
#3516 = ORIENTED_EDGE( '', *, *, #5425, .F. );
#3517 = ORIENTED_EDGE( '', *, *, #5426, .T. );
#3518 = ORIENTED_EDGE( '', *, *, #5427, .T. );
#3519 = ORIENTED_EDGE( '', *, *, #5428, .F. );
#3520 = CARTESIAN_POINT( '', ( 0.00350000000000000, 0.0112500000000000, -0.0170000000000000 ) );
#3521 = DIRECTION( '', ( 1.00000000000000, 0.00000000000000, 0.00000000000000 ) );
#3522 = DIRECTION( '', ( 0.00000000000000, 1.00000000000000, 0.00000000000000 ) );
#3523 = SURFACE_STYLE_FILL_AREA( #5429 );
#3524 = ORIENTED_EDGE( '', *, *, #5430, .T. );
#3525 = ORIENTED_EDGE( '', *, *, #5431, .F. );
#3526 = ORIENTED_EDGE( '', *, *, #5432, .F. );
#3527 = ORIENTED_EDGE( '', *, *, #5433, .T. );
#3528 = CARTESIAN_POINT( '', ( 0.0120000000000000, -0.0325773502691900, 0.0167000000000000 ) );
#3529 = DIRECTION( '', ( 1.00000000000000, 0.00000000000000, 0.00000000000000 ) );
#3530 = DIRECTION( '', ( 0.00000000000000, 1.00000000000000, 0.00000000000000 ) );
#3531 = SURFACE_STYLE_FILL_AREA( #5434 );
#3532 = ORIENTED_EDGE( '', *, *, #5343, .F. );
#3533 = ORIENTED_EDGE( '', *, *, #5374, .F. );
#3534 = CARTESIAN_POINT( '', ( -0.0110000000000000, 0.00800000000000000, -0.0166375000000000 ) );
#3535 = DIRECTION( '', ( 0.00000000000000, 0.00000000000000, 1.00000000000000 ) );
#3536 = DIRECTION( '', ( -1.00000000000000, 0.00000000000000, 0.00000000000000 ) );
#3537 = SURFACE_STYLE_FILL_AREA( #5435 );
#3538 = ORIENTED_EDGE( '', *, *, #5251, .T. );
#3539 = ORIENTED_EDGE( '', *, *, #5436, .F. );
#3540 = ORIENTED_EDGE( '', *, *, #5273, .F. );
#3541 = ORIENTED_EDGE( '', *, *, #5437, .T. );
#3542 = CARTESIAN_POINT( '', ( 0.0110000000000000, 0.00915470053837900, 0.0167000000000000 ) );
#3543 = DIRECTION( '', ( -0.500000000000017, 0.866025403784429, 0.00000000000000 ) );
#3544 = DIRECTION( '', ( 0.00000000000000, 0.00000000000000, 1.00000000000000 ) );
#3545 = SURFACE_STYLE_FILL_AREA( #5438 );
#3546 = ORIENTED_EDGE( '', *, *, #5354, .F. );
#3547 = ORIENTED_EDGE( '', *, *, #5312, .F. );
#3548 = CARTESIAN_POINT( '', ( 0.0110000000000000, 0.00800000000000000, 0.0174250000000000 ) );
#3549 = DIRECTION( '', ( -0.00000000000000, -0.00000000000000, 1.00000000000000 ) );
#3550 = DIRECTION( '', ( 0.00000000000000, -1.00000000000000, 0.00000000000000 ) );
#3551 = SURFACE_STYLE_FILL_AREA( #5439 );
#3552 = VERTEX_POINT( '', #5440 );
#3553 = ORIENTED_EDGE( '', *, *, #5441, .F. );
#3554 = CARTESIAN_POINT( '', ( -0.0110000000000000, 0.00800000000000000, 0.00121303304878500 ) );
#3555 = DIRECTION( '', ( 0.00000000000000, 0.00000000000000, 1.00000000000000 ) );
#3556 = DIRECTION( '', ( -1.00000000000000, 0.00000000000000, 0.00000000000000 ) );
#3557 = SURFACE_STYLE_FILL_AREA( #5442 );
#3558 = ORIENTED_EDGE( '', *, *, #5395, .T. );
#3559 = ORIENTED_EDGE( '', *, *, #5443, .T. );
#3560 = CARTESIAN_POINT( '', ( -0.0110000000000000, -0.0320000000000000, 0.000428323758771600 ) );
#3561 = DIRECTION( '', ( -0.00000000000000, -0.00000000000000, -1.00000000000000 ) );
#3562 = DIRECTION( '', ( -1.00000000000000, 0.00000000000000, 0.00000000000000 ) );
#3563 = SURFACE_STYLE_FILL_AREA( #5444 );
#3564 = ORIENTED_EDGE( '', *, *, #5445, .T. );
#3565 = ORIENTED_EDGE( '', *, *, #5224, .T. );
#3566 = CARTESIAN_POINT( '', ( -0.0110000000000000, 0.00800000000000000, 0.0170000000000000 ) );
#3567 = DIRECTION( '', ( -0.00000000000000, -0.00000000000000, -1.00000000000000 ) );
#3568 = DIRECTION( '', ( 1.00000000000000, 0.00000000000000, 0.00000000000000 ) );
#3569 = SURFACE_STYLE_FILL_AREA( #5446 );
#3570 = ORIENTED_EDGE( '', *, *, #5426, .F. );
#3571 = ORIENTED_EDGE( '', *, *, #5447, .F. );
#3572 = ORIENTED_EDGE( '', *, *, #5448, .F. );
#3573 = ORIENTED_EDGE( '', *, *, #5449, .F. );
#3574 = CARTESIAN_POINT( '', ( 0.00000000000000, 0.00000000000000, -0.0135000000000000 ) );
#3575 = DIRECTION( '', ( 0.00000000000000, 0.00000000000000, -1.00000000000000 ) );
#3576 = DIRECTION( '', ( 0.00000000000000, -1.00000000000000, 0.00000000000000 ) );
#3577 = SURFACE_STYLE_FILL_AREA( #5450 );
#3578 = ORIENTED_EDGE( '', *, *, #5451, .T. );
#3579 = ORIENTED_EDGE( '', *, *, #5452, .T. );
#3580 = ORIENTED_EDGE( '', *, *, #5453, .T. );
#3581 = ORIENTED_EDGE( '', *, *, #5454, .T. );
#3582 = ORIENTED_EDGE( '', *, *, #5455, .T. );
#3583 = ORIENTED_EDGE( '', *, *, #5456, .T. );
#3584 = CARTESIAN_POINT( '', ( 0.0110000000000000, 0.00800000000000000, -0.0154500000000000 ) );
#3585 = DIRECTION( '', ( 0.00000000000000, 0.00000000000000, -1.00000000000000 ) );
#3586 = DIRECTION( '', ( 0.00000000000000, -1.00000000000000, 0.00000000000000 ) );
#3587 = SURFACE_STYLE_FILL_AREA( #5457 );
#3588 = ORIENTED_EDGE( '', *, *, #5458, .T. );
#3589 = ORIENTED_EDGE( '', *, *, #5459, .T. );
#3590 = ORIENTED_EDGE( '', *, *, #5258, .T. );
#3591 = ORIENTED_EDGE( '', *, *, #5460, .T. );
#3592 = ORIENTED_EDGE( '', *, *, #5461, .T. );
#3593 = ORIENTED_EDGE( '', *, *, #5462, .T. );
#3594 = CARTESIAN_POINT( '', ( -0.0110000000000000, -0.0320000000000000, -0.0154500000000000 ) );
#3595 = DIRECTION( '', ( 0.00000000000000, 0.00000000000000, -1.00000000000000 ) );
#3596 = DIRECTION( '', ( 0.00000000000000, -1.00000000000000, 0.00000000000000 ) );
#3597 = SURFACE_STYLE_FILL_AREA( #5463 );
#3598 = ORIENTED_EDGE( '', *, *, #5464, .T. );
#3599 = ORIENTED_EDGE( '', *, *, #5465, .F. );
#3600 = ORIENTED_EDGE( '', *, *, #5466, .F. );
#3601 = ORIENTED_EDGE( '', *, *, #5467, .T. );
#3602 = CARTESIAN_POINT( '', ( 0.0120000000000000, -0.0314226497308100, -0.0167000000000000 ) );
#3603 = DIRECTION( '', ( 1.00000000000000, 0.00000000000000, 0.00000000000000 ) );
#3604 = DIRECTION( '', ( 0.00000000000000, 1.00000000000000, 0.00000000000000 ) );
#3605 = SURFACE_STYLE_FILL_AREA( #5468 );
#3606 = ORIENTED_EDGE( '', *, *, #5469, .T. );
#3607 = ORIENTED_EDGE( '', *, *, #5455, .F. );
#3608 = ORIENTED_EDGE( '', *, *, #5470, .F. );
#3609 = ORIENTED_EDGE( '', *, *, #5471, .T. );
#3610 = CARTESIAN_POINT( '', ( 0.0100000000000000, 0.00857735026919000, -0.0167000000000000 ) );
#3611 = DIRECTION( '', ( -0.500000000000017, 0.866025403784429, 0.00000000000000 ) );
#3612 = DIRECTION( '', ( 0.00000000000000, 0.00000000000000, 1.00000000000000 ) );
#3613 = SURFACE_STYLE_FILL_AREA( #5472 );
#3614 = ORIENTED_EDGE( '', *, *, #5473, .F. );
#3615 = ORIENTED_EDGE( '', *, *, #5474, .T. );
#3616 = CARTESIAN_POINT( '', ( 0.0140875000000000, -0.00400000000000000, 0.00600000000000000 ) );
#3617 = DIRECTION( '', ( 1.00000000000000, 0.00000000000000, 0.00000000000000 ) );
#3618 = DIRECTION( '', ( 0.00000000000000, -1.00000000000000, 0.00000000000000 ) );
#3619 = SURFACE_STYLE_FILL_AREA( #5475 );
#3620 = ORIENTED_EDGE( '', *, *, #5476, .F. );
#3621 = ORIENTED_EDGE( '', *, *, #5237, .T. );
#3622 = ORIENTED_EDGE( '', *, *, #5428, .T. );
#3623 = ORIENTED_EDGE( '', *, *, #5477, .F. );
#3624 = CARTESIAN_POINT( '', ( 0.00787500000000000, 0.0110500000000000, -0.0168000000000000 ) );
#3625 = DIRECTION( '', ( 0.00000000000000, 0.707106781186548, -0.707106781186548 ) );
#3626 = DIRECTION( '', ( -1.00000000000000, 0.00000000000000, 0.00000000000000 ) );
#3627 = SURFACE_STYLE_FILL_AREA( #5478 );
#3628 = ORIENTED_EDGE( '', *, *, #5479, .T. );
#3629 = ORIENTED_EDGE( '', *, *, #5462, .F. );
#3630 = ORIENTED_EDGE( '', *, *, #5480, .F. );
#3631 = ORIENTED_EDGE( '', *, *, #5481, .T. );
#3632 = CARTESIAN_POINT( '', ( -0.0110000000000000, -0.0308452994616200, -0.0167000000000000 ) );
#3633 = DIRECTION( '', ( 0.500000000000017, 0.866025403784429, 0.00000000000000 ) );
#3634 = DIRECTION( '', ( 0.00000000000000, 0.00000000000000, -1.00000000000000 ) );
#3635 = SURFACE_STYLE_FILL_AREA( #5482 );
#3636 = ORIENTED_EDGE( '', *, *, #5483, .F. );
#3637 = CARTESIAN_POINT( '', ( 0.00000000000000, 0.00000000000000, 0.0170000000000000 ) );
#3638 = DIRECTION( '', ( 0.00000000000000, 0.00000000000000, 1.00000000000000 ) );
#3639 = DIRECTION( '', ( 1.00000000000000, 0.00000000000000, 0.00000000000000 ) );
#3640 = SURFACE_STYLE_FILL_AREA( #5484 );
#3641 = ORIENTED_EDGE( '', *, *, #5485, .F. );
#3642 = CARTESIAN_POINT( '', ( 0.00800000000000000, 0.00825000000000000, 0.00600000000000000 ) );
#3643 = DIRECTION( '', ( -0.00000000000000, 1.00000000000000, 0.00000000000000 ) );
#3644 = DIRECTION( '', ( 1.00000000000000, 0.00000000000000, 0.00000000000000 ) );
#3645 = SURFACE_STYLE_FILL_AREA( #5486 );
#3646 = ORIENTED_EDGE( '', *, *, #5487, .T. );
#3647 = ORIENTED_EDGE( '', *, *, #5488, .T. );
#3648 = CARTESIAN_POINT( '', ( -0.0110000000000000, -0.00800000000000000, 0.0126783237587700 ) );
#3649 = DIRECTION( '', ( -0.00000000000000, -0.00000000000000, 1.00000000000000 ) );
#3650 = DIRECTION( '', ( 1.00000000000000, 0.00000000000000, 0.00000000000000 ) );
#3651 = SURFACE_STYLE_FILL_AREA( #5489 );
#3652 = ORIENTED_EDGE( '', *, *, #5490, .F. );
#3653 = ORIENTED_EDGE( '', *, *, #5491, .T. );
#3654 = ORIENTED_EDGE( '', *, *, #5492, .F. );
#3655 = ORIENTED_EDGE( '', *, *, #5493, .F. );
#3656 = ORIENTED_EDGE( '', *, *, #5494, .F. );
#3657 = ORIENTED_EDGE( '', *, *, #5495, .F. );
#3658 = CARTESIAN_POINT( '', ( -0.0171000000000000, -0.00800000000000000, -0.0138000000000000 ) );
#3659 = DIRECTION( '', ( 0.00000000000000, 0.00000000000000, 1.00000000000000 ) );
#3660 = DIRECTION( '', ( 1.00000000000000, 0.00000000000000, 0.00000000000000 ) );
#3661 = SURFACE_STYLE_FILL_AREA( #5496 );
#3662 = ORIENTED_EDGE( '', *, *, #5222, .F. );
#3663 = ORIENTED_EDGE( '', *, *, #5497, .T. );
#3664 = CARTESIAN_POINT( '', ( 0.0140875000000000, -0.0280000000000000, 0.00600000000000000 ) );
#3665 = DIRECTION( '', ( 1.00000000000000, 0.00000000000000, 0.00000000000000 ) );
#3666 = DIRECTION( '', ( 0.00000000000000, -1.00000000000000, 0.00000000000000 ) );
#3667 = SURFACE_STYLE_FILL_AREA( #5498 );
#3668 = ORIENTED_EDGE( '', *, *, #5499, .T. );
#3669 = ORIENTED_EDGE( '', *, *, #5452, .F. );
#3670 = ORIENTED_EDGE( '', *, *, #5500, .F. );
#3671 = ORIENTED_EDGE( '', *, *, #5501, .T. );
#3672 = CARTESIAN_POINT( '', ( 0.0120000000000000, 0.00742264973081000, -0.0167000000000000 ) );
#3673 = DIRECTION( '', ( 0.500000000000017, -0.866025403784429, 0.00000000000000 ) );
#3674 = DIRECTION( '', ( 0.00000000000000, 0.00000000000000, -1.00000000000000 ) );
#3675 = SURFACE_STYLE_FILL_AREA( #5502 );
#3676 = ORIENTED_EDGE( '', *, *, #5503, .T. );
#3677 = ORIENTED_EDGE( '', *, *, #5504, .F. );
#3678 = ORIENTED_EDGE( '', *, *, #5505, .F. );
#3679 = ORIENTED_EDGE( '', *, *, #5506, .T. );
#3680 = CARTESIAN_POINT( '', ( 0.0110000000000000, 0.00684529946162100, 0.0167000000000000 ) );
#3681 = DIRECTION( '', ( 0.500000000000017, -0.866025403784429, 0.00000000000000 ) );
#3682 = DIRECTION( '', ( 0.00000000000000, 0.00000000000000, -1.00000000000000 ) );
#3683 = SURFACE_STYLE_FILL_AREA( #5507 );
#3684 = ORIENTED_EDGE( '', *, *, #5508, .T. );
#3685 = ORIENTED_EDGE( '', *, *, #5473, .T. );
#3686 = CARTESIAN_POINT( '', ( 0.0104533237587700, -0.00400000000000000, 0.00600000000000000 ) );
#3687 = DIRECTION( '', ( -1.00000000000000, -0.00000000000000, -0.00000000000000 ) );
#3688 = DIRECTION( '', ( 0.00000000000000, -1.00000000000000, 0.00000000000000 ) );
#3689 = SURFACE_STYLE_FILL_AREA( #5509 );
#3690 = ORIENTED_EDGE( '', *, *, #5247, .T. );
#3691 = ORIENTED_EDGE( '', *, *, #5510, .F. );
#3692 = CARTESIAN_POINT( '', ( 0.00000000000000, 0.00000000000000, 0.0233250000000000 ) );
#3693 = DIRECTION( '', ( 0.00000000000000, -0.00000000000000, -1.00000000000000 ) );
#3694 = DIRECTION( '', ( 0.00000000000000, -1.00000000000000, 0.00000000000000 ) );
#3695 = SURFACE_STYLE_FILL_AREA( #5511 );
#3696 = ORIENTED_EDGE( '', *, *, #5512, .T. );
#3697 = ORIENTED_EDGE( '', *, *, #5513, .T. );
#3698 = ORIENTED_EDGE( '', *, *, #5514, .T. );
#3699 = ORIENTED_EDGE( '', *, *, #5431, .T. );
#3700 = ORIENTED_EDGE( '', *, *, #5515, .T. );
#3701 = ORIENTED_EDGE( '', *, *, #5516, .T. );
#3702 = CARTESIAN_POINT( '', ( 0.0110000000000000, -0.0320000000000000, 0.0154500000000000 ) );
#3703 = DIRECTION( '', ( 0.00000000000000, 0.00000000000000, 1.00000000000000 ) );
#3704 = DIRECTION( '', ( 1.00000000000000, 0.00000000000000, 0.00000000000000 ) );
#3705 = SURFACE_STYLE_FILL_AREA( #5517 );
#3706 = VERTEX_POINT( '', #5518 );
#3707 = ORIENTED_EDGE( '', *, *, #5334, .F. );
#3708 = CARTESIAN_POINT( '', ( 0.0110000000000000, -0.0320000000000000, 0.00121303304878500 ) );
#3709 = DIRECTION( '', ( 0.00000000000000, 0.00000000000000, 1.00000000000000 ) );
#3710 = DIRECTION( '', ( -1.00000000000000, 0.00000000000000, 0.00000000000000 ) );
#3711 = SURFACE_STYLE_FILL_AREA( #5519 );
#3712 = ORIENTED_EDGE( '', *, *, #5520, .F. );
#3713 = ORIENTED_EDGE( '', *, *, #5521, .F. );
#3714 = CARTESIAN_POINT( '', ( 0.0110000000000000, -0.0320000000000000, -0.0174250000000000 ) );
#3715 = DIRECTION( '', ( -0.00000000000000, -0.00000000000000, -1.00000000000000 ) );
#3716 = DIRECTION( '', ( 0.00000000000000, -1.00000000000000, 0.00000000000000 ) );
#3717 = SURFACE_STYLE_FILL_AREA( #5522 );
#3718 = ORIENTED_EDGE( '', *, *, #5285, .F. );
#3719 = ORIENTED_EDGE( '', *, *, #5523, .F. );
#3720 = CARTESIAN_POINT( '', ( -0.0110000000000000, -0.0320000000000000, -0.0166375000000000 ) );
#3721 = DIRECTION( '', ( 0.00000000000000, 0.00000000000000, 1.00000000000000 ) );
#3722 = DIRECTION( '', ( -1.00000000000000, 0.00000000000000, 0.00000000000000 ) );
#3723 = SURFACE_STYLE_FILL_AREA( #5524 );
#3724 = ORIENTED_EDGE( '', *, *, #5525, .F. );
#3725 = ORIENTED_EDGE( '', *, *, #5350, .T. );
#3726 = CARTESIAN_POINT( '', ( -0.0110000000000000, -0.0320000000000000, -0.0142000000000000 ) );
#3727 = DIRECTION( '', ( 0.00000000000000, 0.00000000000000, 1.00000000000000 ) );
#3728 = DIRECTION( '', ( 1.00000000000000, 0.00000000000000, 0.00000000000000 ) );
#3729 = SURFACE_STYLE_FILL_AREA( #5526 );
#3730 = ORIENTED_EDGE( '', *, *, #5233, .T. );
#3731 = ORIENTED_EDGE( '', *, *, #5527, .T. );
#3732 = ORIENTED_EDGE( '', *, *, #5528, .F. );
#3733 = ORIENTED_EDGE( '', *, *, #5529, .T. );
#3734 = CARTESIAN_POINT( '', ( -0.00787500000000000, 0.0110500000000000, -0.0168000000000000 ) );
#3735 = DIRECTION( '', ( 0.00000000000000, 0.707106781186548, -0.707106781186548 ) );
#3736 = DIRECTION( '', ( -1.00000000000000, 0.00000000000000, 0.00000000000000 ) );
#3737 = SURFACE_STYLE_FILL_AREA( #5530 );
#3738 = ORIENTED_EDGE( '', *, *, #5531, .F. );
#3739 = ORIENTED_EDGE( '', *, *, #5520, .T. );
#3740 = CARTESIAN_POINT( '', ( 0.0110000000000000, -0.0320000000000000, -0.0142000000000000 ) );
#3741 = DIRECTION( '', ( 0.00000000000000, 0.00000000000000, 1.00000000000000 ) );
#3742 = DIRECTION( '', ( 1.00000000000000, 0.00000000000000, 0.00000000000000 ) );
#3743 = SURFACE_STYLE_FILL_AREA( #5532 );
#3744 = ORIENTED_EDGE( '', *, *, #5329, .F. );
#3745 = ORIENTED_EDGE( '', *, *, #5533, .T. );
#3746 = CARTESIAN_POINT( '', ( -0.0110000000000000, 0.00800000000000000, -0.0142000000000000 ) );
#3747 = DIRECTION( '', ( 0.00000000000000, 0.00000000000000, 1.00000000000000 ) );
#3748 = DIRECTION( '', ( 1.00000000000000, 0.00000000000000, 0.00000000000000 ) );
#3749 = SURFACE_STYLE_FILL_AREA( #5534 );
#3750 = ORIENTED_EDGE( '', *, *, #5263, .F. );
#3751 = ORIENTED_EDGE( '', *, *, #5535, .T. );
#3752 = CARTESIAN_POINT( '', ( 0.0140875000000000, -0.0280000000000000, -0.00600000000000000 ) );
#3753 = DIRECTION( '', ( 1.00000000000000, 0.00000000000000, 0.00000000000000 ) );
#3754 = DIRECTION( '', ( 0.00000000000000, -1.00000000000000, 0.00000000000000 ) );
#3755 = SURFACE_STYLE_FILL_AREA( #5536 );
#3756 = ORIENTED_EDGE( '', *, *, #5537, .F. );
#3757 = ORIENTED_EDGE( '', *, *, #5538, .F. );
#3758 = CARTESIAN_POINT( '', ( 0.0110000000000000, -0.0320000000000000, -0.00800000000000000 ) );
#3759 = DIRECTION( '', ( 0.00000000000000, 0.00000000000000, -1.00000000000000 ) );
#3760 = DIRECTION( '', ( 0.00000000000000, -1.00000000000000, 0.00000000000000 ) );
#3761 = SURFACE_STYLE_FILL_AREA( #5539 );
#3762 = ORIENTED_EDGE( '', *, *, #5540, .F. );
#3763 = ORIENTED_EDGE( '', *, *, #5447, .T. );
#3764 = ORIENTED_EDGE( '', *, *, #5425, .T. );
#3765 = ORIENTED_EDGE( '', *, *, #5235, .F. );
#3766 = CARTESIAN_POINT( '', ( 0.00350000000000000, 0.00945000000000000, -0.0170000000000000 ) );
#3767 = DIRECTION( '', ( 0.00000000000000, -1.00000000000000, 0.00000000000000 ) );
#3768 = DIRECTION( '', ( 0.00000000000000, 0.00000000000000, -1.00000000000000 ) );
#3769 = SURFACE_STYLE_FILL_AREA( #5541 );
#3770 = ORIENTED_EDGE( '', *, *, #5542, .T. );
#3771 = ORIENTED_EDGE( '', *, *, #5227, .T. );
#3772 = CARTESIAN_POINT( '', ( -0.0110000000000000, -0.0320000000000000, 0.00995000000000000 ) );
#3773 = DIRECTION( '', ( 0.00000000000000, 0.00000000000000, 1.00000000000000 ) );
#3774 = DIRECTION( '', ( -1.00000000000000, 0.00000000000000, 0.00000000000000 ) );
#3775 = SURFACE_STYLE_FILL_AREA( #5543 );
#3776 = ORIENTED_EDGE( '', *, *, #5544, .F. );
#3777 = ORIENTED_EDGE( '', *, *, #5545, .T. );
#3778 = CARTESIAN_POINT( '', ( 0.0110000000000000, -0.00800000000000000, 0.0168375000000000 ) );
#3779 = DIRECTION( '', ( 0.00000000000000, 0.00000000000000, 1.00000000000000 ) );
#3780 = DIRECTION( '', ( -1.00000000000000, 0.00000000000000, 0.00000000000000 ) );
#3781 = SURFACE_STYLE_FILL_AREA( #5546 );
#3782 = ORIENTED_EDGE( '', *, *, #5547, .T. );
#3783 = ORIENTED_EDGE( '', *, *, #5453, .F. );
#3784 = ORIENTED_EDGE( '', *, *, #5499, .F. );
#3785 = ORIENTED_EDGE( '', *, *, #5548, .T. );
#3786 = CARTESIAN_POINT( '', ( 0.0110000000000000, 0.00684529946162100, -0.0167000000000000 ) );
#3787 = DIRECTION( '', ( -0.500000000000017, -0.866025403784429, 0.00000000000000 ) );
#3788 = DIRECTION( '', ( -0.866025403784429, 0.500000000000017, 0.00000000000000 ) );
#3789 = SURFACE_STYLE_FILL_AREA( #5549 );
#3790 = ORIENTED_EDGE( '', *, *, #5533, .F. );
#3791 = ORIENTED_EDGE( '', *, *, #5268, .F. );
#3792 = CARTESIAN_POINT( '', ( -0.0110000000000000, 0.00800000000000000, -0.0174250000000000 ) );
#3793 = DIRECTION( '', ( -0.00000000000000, -0.00000000000000, -1.00000000000000 ) );
#3794 = DIRECTION( '', ( 0.00000000000000, -1.00000000000000, 0.00000000000000 ) );
#3795 = SURFACE_STYLE_FILL_AREA( #5550 );
#3796 = ORIENTED_EDGE( '', *, *, #5551, .F. );
#3797 = CARTESIAN_POINT( '', ( 0.00000000000000, -0.0322500000000000, 0.00000000000000 ) );
#3798 = DIRECTION( '', ( 0.00000000000000, -1.00000000000000, 0.00000000000000 ) );
#3799 = DIRECTION( '', ( 0.00000000000000, 0.00000000000000, -1.00000000000000 ) );
#3800 = SURFACE_STYLE_FILL_AREA( #5552 );
#3801 = ORIENTED_EDGE( '', *, *, #5553, .T. );
#3802 = ORIENTED_EDGE( '', *, *, #5554, .T. );
#3803 = CARTESIAN_POINT( '', ( 0.0110000000000000, 0.00800000000000000, -0.000528323758771600 ) );
#3804 = DIRECTION( '', ( -0.00000000000000, -0.00000000000000, 1.00000000000000 ) );
#3805 = DIRECTION( '', ( 1.00000000000000, 0.00000000000000, 0.00000000000000 ) );
#3806 = SURFACE_STYLE_FILL_AREA( #5555 );
#3807 = ORIENTED_EDGE( '', *, *, #5291, .F. );
#3808 = ORIENTED_EDGE( '', *, *, #5556, .T. );
#3809 = CARTESIAN_POINT( '', ( 0.00000000000000, 0.00000000000000, 0.0142000000000000 ) );
#3810 = DIRECTION( '', ( 0.00000000000000, 0.00000000000000, 1.00000000000000 ) );
#3811 = DIRECTION( '', ( 1.00000000000000, 0.00000000000000, 0.00000000000000 ) );
#3812 = SURFACE_STYLE_FILL_AREA( #5557 );
#3813 = ORIENTED_EDGE( '', *, *, #5558, .F. );
#3814 = ORIENTED_EDGE( '', *, *, #5299, .T. );
#3815 = ORIENTED_EDGE( '', *, *, #5367, .T. );
#3816 = ORIENTED_EDGE( '', *, *, #5559, .F. );
#3817 = CARTESIAN_POINT( '', ( 3.55271367880100E-17, -0.0350500000000000, -0.0168000000000000 ) );
#3818 = DIRECTION( '', ( 0.00000000000000, -0.707106781186548, -0.707106781186548 ) );
#3819 = DIRECTION( '', ( 0.00000000000000, -0.707106781186548, 0.707106781186548 ) );
#3820 = SURFACE_STYLE_FILL_AREA( #5560 );
#3821 = ORIENTED_EDGE( '', *, *, #5561, .T. );
#3822 = ORIENTED_EDGE( '', *, *, #5562, .F. );
#3823 = ORIENTED_EDGE( '', *, *, #5563, .F. );
#3824 = ORIENTED_EDGE( '', *, *, #5564, .T. );
#3825 = CARTESIAN_POINT( '', ( 0.0110000000000000, -0.0331547005383800, -0.0167000000000000 ) );
#3826 = DIRECTION( '', ( -0.500000000000017, -0.866025403784429, 0.00000000000000 ) );
#3827 = DIRECTION( '', ( -0.866025403784429, 0.500000000000017, 0.00000000000000 ) );
#3828 = SURFACE_STYLE_FILL_AREA( #5565 );
#3829 = ORIENTED_EDGE( '', *, *, #5566, .T. );
#3830 = ORIENTED_EDGE( '', *, *, #5567, .T. );
#3831 = CARTESIAN_POINT( '', ( 0.00800000000000000, -0.0314533237587700, -0.00600000000000000 ) );
#3832 = DIRECTION( '', ( -0.00000000000000, 1.00000000000000, -0.00000000000000 ) );
#3833 = DIRECTION( '', ( -1.00000000000000, 0.00000000000000, 0.00000000000000 ) );
#3834 = SURFACE_STYLE_FILL_AREA( #5568 );
#3835 = ORIENTED_EDGE( '', *, *, #5221, .F. );
#3836 = CARTESIAN_POINT( '', ( 0.0112500000000000, 0.00000000000000, 0.00000000000000 ) );
#3837 = DIRECTION( '', ( 1.00000000000000, 0.00000000000000, 0.00000000000000 ) );
#3838 = DIRECTION( '', ( 0.00000000000000, 1.00000000000000, 0.00000000000000 ) );
#3839 = SURFACE_STYLE_FILL_AREA( #5569 );
#3840 = ORIENTED_EDGE( '', *, *, #5531, .T. );
#3841 = ORIENTED_EDGE( '', *, *, #5538, .T. );
#3842 = CARTESIAN_POINT( '', ( 0.0110000000000000, -0.0320000000000000, -0.0170000000000000 ) );
#3843 = DIRECTION( '', ( -0.00000000000000, -0.00000000000000, 1.00000000000000 ) );
#3844 = DIRECTION( '', ( -1.00000000000000, 0.00000000000000, 0.00000000000000 ) );
#3845 = SURFACE_STYLE_FILL_AREA( #5570 );
#3846 = ORIENTED_EDGE( '', *, *, #5405, .F. );
#3847 = ORIENTED_EDGE( '', *, *, #5571, .T. );
#3848 = CARTESIAN_POINT( '', ( 0.00000000000000, 0.00000000000000, 0.0142000000000000 ) );
#3849 = DIRECTION( '', ( 0.00000000000000, 0.00000000000000, 1.00000000000000 ) );
#3850 = DIRECTION( '', ( 1.00000000000000, 0.00000000000000, 0.00000000000000 ) );
#3851 = SURFACE_STYLE_FILL_AREA( #5572 );
#3852 = ORIENTED_EDGE( '', *, *, #5323, .F. );
#3853 = ORIENTED_EDGE( '', *, *, #5573, .F. );
#3854 = CARTESIAN_POINT( '', ( 0.00000000000000, 0.00000000000000, 0.0209000000000000 ) );
#3855 = DIRECTION( '', ( 0.00000000000000, 0.00000000000000, -1.00000000000000 ) );
#3856 = DIRECTION( '', ( 0.00000000000000, -1.00000000000000, 0.00000000000000 ) );
#3857 = SURFACE_STYLE_FILL_AREA( #5574 );
#3858 = ORIENTED_EDGE( '', *, *, #5575, .T. );
#3859 = ORIENTED_EDGE( '', *, *, #5283, .F. );
#3860 = ORIENTED_EDGE( '', *, *, #5576, .F. );
#3861 = ORIENTED_EDGE( '', *, *, #5379, .T. );
#3862 = CARTESIAN_POINT( '', ( -0.0110000000000000, 0.00915470053837900, -0.0167000000000000 ) );
#3863 = DIRECTION( '', ( 0.500000000000017, 0.866025403784429, 0.00000000000000 ) );
#3864 = DIRECTION( '', ( 0.00000000000000, 0.00000000000000, -1.00000000000000 ) );
#3865 = SURFACE_STYLE_FILL_AREA( #5577 );
#3866 = ORIENTED_EDGE( '', *, *, #5327, .F. );
#3867 = ORIENTED_EDGE( '', *, *, #5578, .T. );
#3868 = CARTESIAN_POINT( '', ( 0.00800000000000000, 0.0110875000000000, 0.00600000000000000 ) );
#3869 = DIRECTION( '', ( -0.00000000000000, 1.00000000000000, -0.00000000000000 ) );
#3870 = DIRECTION( '', ( 1.00000000000000, 0.00000000000000, 0.00000000000000 ) );
#3871 = SURFACE_STYLE_FILL_AREA( #5579 );
#3872 = ORIENTED_EDGE( '', *, *, #5551, .T. );
#3873 = ORIENTED_EDGE( '', *, *, #5580, .T. );
#3874 = CARTESIAN_POINT( '', ( 0.00800000000000000, -0.0314533237587700, 0.00600000000000000 ) );
#3875 = DIRECTION( '', ( -0.00000000000000, 1.00000000000000, -0.00000000000000 ) );
#3876 = DIRECTION( '', ( -1.00000000000000, 0.00000000000000, 0.00000000000000 ) );
#3877 = SURFACE_STYLE_FILL_AREA( #5581 );
#3878 = ORIENTED_EDGE( '', *, *, #5582, .T. );
#3879 = ORIENTED_EDGE( '', *, *, #5583, .F. );
#3880 = ORIENTED_EDGE( '', *, *, #5584, .F. );
#3881 = ORIENTED_EDGE( '', *, *, #5212, .T. );
#3882 = CARTESIAN_POINT( '', ( -0.0110000000000000, 0.00915470053837900, 0.0167000000000000 ) );
#3883 = DIRECTION( '', ( -0.500000000000017, 0.866025403784429, 0.00000000000000 ) );
#3884 = DIRECTION( '', ( 0.00000000000000, 0.00000000000000, 1.00000000000000 ) );
#3885 = SURFACE_STYLE_FILL_AREA( #5585 );
#3886 = ORIENTED_EDGE( '', *, *, #5586, .T. );
#3887 = ORIENTED_EDGE( '', *, *, #5512, .F. );
#3888 = ORIENTED_EDGE( '', *, *, #5587, .F. );
#3889 = ORIENTED_EDGE( '', *, *, #5588, .T. );
#3890 = CARTESIAN_POINT( '', ( 0.0100000000000000, -0.0314226497308100, 0.0167000000000000 ) );
#3891 = DIRECTION( '', ( -1.00000000000000, 0.00000000000000, 0.00000000000000 ) );
#3892 = DIRECTION( '', ( 0.00000000000000, 0.00000000000000, 1.00000000000000 ) );
#3893 = SURFACE_STYLE_FILL_AREA( #5589 );
#3894 = ORIENTED_EDGE( '', *, *, #5590, .F. );
#3895 = ORIENTED_EDGE( '', *, *, #5591, .T. );
#3896 = CARTESIAN_POINT( '', ( -0.0110000000000000, -0.0320000000000000, 0.0142000000000000 ) );
#3897 = DIRECTION( '', ( 0.00000000000000, 0.00000000000000, -1.00000000000000 ) );
#3898 = DIRECTION( '', ( 0.00000000000000, -1.00000000000000, 0.00000000000000 ) );
#3899 = SURFACE_STYLE_FILL_AREA( #5592 );
#3900 = ORIENTED_EDGE( '', *, *, #5593, .T. );
#3901 = ORIENTED_EDGE( '', *, *, #5594, .T. );
#3902 = CARTESIAN_POINT( '', ( -0.0110000000000000, 0.00800000000000000, 0.0170000000000000 ) );
#3903 = DIRECTION( '', ( -0.00000000000000, -0.00000000000000, -1.00000000000000 ) );
#3904 = DIRECTION( '', ( 1.00000000000000, 0.00000000000000, 0.00000000000000 ) );
#3905 = SURFACE_STYLE_FILL_AREA( #5595 );
#3906 = ORIENTED_EDGE( '', *, *, #5441, .T. );
#3907 = ORIENTED_EDGE( '', *, *, #5596, .T. );
#3908 = CARTESIAN_POINT( '', ( -0.0110000000000000, 0.00800000000000000, 0.000428323758771600 ) );
#3909 = DIRECTION( '', ( -0.00000000000000, -0.00000000000000, -1.00000000000000 ) );
#3910 = DIRECTION( '', ( -1.00000000000000, 0.00000000000000, 0.00000000000000 ) );
#3911 = SURFACE_STYLE_FILL_AREA( #5597 );
#3912 = ORIENTED_EDGE( '', *, *, #5598, .F. );
#3913 = ORIENTED_EDGE( '', *, *, #5599, .T. );
#3914 = CARTESIAN_POINT( '', ( 0.00000000000000, -0.00800000000000000, 0.0188500000000000 ) );
#3915 = DIRECTION( '', ( -0.00000000000000, -0.00000000000000, 1.00000000000000 ) );
#3916 = DIRECTION( '', ( 1.00000000000000, 0.00000000000000, 0.00000000000000 ) );
#3917 = SURFACE_STYLE_FILL_AREA( #5600 );
#3918 = ORIENTED_EDGE( '', *, *, #5527, .F. );
#3919 = ORIENTED_EDGE( '', *, *, #5232, .T. );
#3920 = ORIENTED_EDGE( '', *, *, #5601, .T. );
#3921 = ORIENTED_EDGE( '', *, *, #5602, .F. );
#3922 = CARTESIAN_POINT( '', ( -0.0131085786437600, 0.0101085786437600, -0.0168000000000000 ) );
#3923 = DIRECTION( '', ( -0.500000000000017, 0.500000000000017, -0.707106781186524 ) );
#3924 = DIRECTION( '', ( -0.816496580927708, 2.77555756156298E-17, 0.577350269189652 ) );
#3925 = SURFACE_STYLE_FILL_AREA( #5603 );
#3926 = ORIENTED_EDGE( '', *, *, #5604, .T. );
#3927 = ORIENTED_EDGE( '', *, *, #5495, .T. );
#3928 = ORIENTED_EDGE( '', *, *, #5605, .T. );
#3929 = ORIENTED_EDGE( '', *, *, #5606, .F. );
#3930 = CARTESIAN_POINT( '', ( 0.00920000000000000, -0.0132000000000000, -0.0136000000000000 ) );
#3931 = DIRECTION( '', ( 0.707106781186548, 0.00000000000000, -0.707106781186548 ) );
#3932 = DIRECTION( '', ( 0.00000000000000, -1.00000000000000, 0.00000000000000 ) );
#3933 = SURFACE_STYLE_FILL_AREA( #5607 );
#3934 = ORIENTED_EDGE( '', *, *, #5608, .F. );
#3935 = ORIENTED_EDGE( '', *, *, #5609, .F. );
#3936 = CARTESIAN_POINT( '', ( 0.0110000000000000, -0.0320000000000000, 0.0100000000000000 ) );
#3937 = DIRECTION( '', ( 0.00000000000000, 0.00000000000000, 1.00000000000000 ) );
#3938 = DIRECTION( '', ( 1.00000000000000, 0.00000000000000, 0.00000000000000 ) );
#3939 = SURFACE_STYLE_FILL_AREA( #5610 );
#3940 = ORIENTED_EDGE( '', *, *, #5288, .T. );
#3941 = ORIENTED_EDGE( '', *, *, #5611, .T. );
#3942 = CARTESIAN_POINT( '', ( 0.00800000000000000, 0.00000000000000, 0.0163952770800200 ) );
#3943 = DIRECTION( '', ( -0.00000000000000, 0.00000000000000, -1.00000000000000 ) );
#3944 = DIRECTION( '', ( 0.00000000000000, 1.00000000000000, 0.00000000000000 ) );
#3945 = SURFACE_STYLE_FILL_AREA( #5612 );
#3946 = ORIENTED_EDGE( '', *, *, #5500, .T. );
#3947 = ORIENTED_EDGE( '', *, *, #5451, .F. );
#3948 = ORIENTED_EDGE( '', *, *, #5613, .F. );
#3949 = ORIENTED_EDGE( '', *, *, #5614, .T. );
#3950 = CARTESIAN_POINT( '', ( 0.0120000000000000, 0.00857735026919000, -0.0167000000000000 ) );
#3951 = DIRECTION( '', ( 1.00000000000000, 0.00000000000000, 0.00000000000000 ) );
#3952 = DIRECTION( '', ( 0.00000000000000, 1.00000000000000, 0.00000000000000 ) );
#3953 = SURFACE_STYLE_FILL_AREA( #5615 );
#3954 = ORIENTED_EDGE( '', *, *, #5587, .T. );
#3955 = ORIENTED_EDGE( '', *, *, #5516, .F. );
#3956 = ORIENTED_EDGE( '', *, *, #5616, .F. );
#3957 = ORIENTED_EDGE( '', *, *, #5617, .T. );
#3958 = CARTESIAN_POINT( '', ( 0.0110000000000000, -0.0308452994616200, 0.0167000000000000 ) );
#3959 = DIRECTION( '', ( -0.500000000000017, 0.866025403784429, 0.00000000000000 ) );
#3960 = DIRECTION( '', ( 0.00000000000000, 0.00000000000000, 1.00000000000000 ) );
#3961 = SURFACE_STYLE_FILL_AREA( #5618 );
#3962 = ORIENTED_EDGE( '', *, *, #5348, .T. );
#3963 = ORIENTED_EDGE( '', *, *, #5369, .T. );
#3964 = CARTESIAN_POINT( '', ( 0.00000000000000, 0.00800000000000000, 0.0163952770800200 ) );
#3965 = DIRECTION( '', ( -0.00000000000000, -0.00000000000000, -1.00000000000000 ) );
#3966 = DIRECTION( '', ( -1.00000000000000, 0.00000000000000, 0.00000000000000 ) );
#3967 = SURFACE_STYLE_FILL_AREA( #5619 );
#3968 = ORIENTED_EDGE( '', *, *, #5620, .F. );
#3969 = ORIENTED_EDGE( '', *, *, #5621, .T. );
#3970 = CARTESIAN_POINT( '', ( 0.00565685424949200, -0.00565685424949200, 0.0188500000000000 ) );
#3971 = DIRECTION( '', ( -0.00000000000000, -0.00000000000000, 1.00000000000000 ) );
#3972 = DIRECTION( '', ( 0.707106781186548, 0.707106781186548, 0.00000000000000 ) );
#3973 = SURFACE_STYLE_FILL_AREA( #5622 );
#3974 = ORIENTED_EDGE( '', *, *, #5623, .F. );
#3975 = ORIENTED_EDGE( '', *, *, #5624, .F. );
#3976 = ORIENTED_EDGE( '', *, *, #5625, .F. );
#3977 = ORIENTED_EDGE( '', *, *, #5421, .F. );
#3978 = ORIENTED_EDGE( '', *, *, #5294, .F. );
#3979 = ORIENTED_EDGE( '', *, *, #5626, .F. );
#3980 = ORIENTED_EDGE( '', *, *, #5627, .F. );
#3981 = ORIENTED_EDGE( '', *, *, #5411, .F. );
#3982 = ORIENTED_EDGE( '', *, *, #5445, .F. );
#3983 = ORIENTED_EDGE( '', *, *, #5290, .F. );
#3984 = ORIENTED_EDGE( '', *, *, #5628, .F. );
#3985 = ORIENTED_EDGE( '', *, *, #5545, .F. );
#3986 = ORIENTED_EDGE( '', *, *, #5629, .F. );
#3987 = ORIENTED_EDGE( '', *, *, #5404, .F. );
#3988 = ORIENTED_EDGE( '', *, *, #5418, .F. );
#3989 = CARTESIAN_POINT( '', ( 0.00000000000000, 0.00000000000000, 0.0170000000000000 ) );
#3990 = DIRECTION( '', ( 0.00000000000000, 0.00000000000000, 1.00000000000000 ) );
#3991 = DIRECTION( '', ( 1.00000000000000, 0.00000000000000, 0.00000000000000 ) );
#3992 = SURFACE_STYLE_FILL_AREA( #5630 );
#3993 = ORIENTED_EDGE( '', *, *, #5631, .F. );
#3994 = ORIENTED_EDGE( '', *, *, #5632, .T. );
#3995 = ORIENTED_EDGE( '', *, *, #5633, .T. );
#3996 = ORIENTED_EDGE( '', *, *, #5634, .T. );
#3997 = CARTESIAN_POINT( '', ( 0.0132500000000000, 0.0102500000000000, -2.84217094304000E-17 ) );
#3998 = DIRECTION( '', ( 0.707106781186548, 0.707106781186548, 0.00000000000000 ) );
#3999 = DIRECTION( '', ( 0.00000000000000, 0.00000000000000, -1.00000000000000 ) );
#4000 = SURFACE_STYLE_FILL_AREA( #5635 );
#4001 = VERTEX_POINT( '', #5636 );
#4002 = ORIENTED_EDGE( '', *, *, #5637, .F. );
#4003 = CARTESIAN_POINT( '', ( -0.0110000000000000, 0.00800000000000000, -0.00121303304878500 ) );
#4004 = DIRECTION( '', ( 0.00000000000000, -0.00000000000000, -1.00000000000000 ) );
#4005 = DIRECTION( '', ( 1.00000000000000, 0.00000000000000, 0.00000000000000 ) );
#4006 = SURFACE_STYLE_FILL_AREA( #5638 );
#4007 = ORIENTED_EDGE( '', *, *, #5639, .F. );
#4008 = ORIENTED_EDGE( '', *, *, #5640, .T. );
#4009 = ORIENTED_EDGE( '', *, *, #5266, .T. );
#4010 = ORIENTED_EDGE( '', *, *, #5402, .T. );
#4011 = ORIENTED_EDGE( '', *, *, #5641, .F. );
#4012 = ORIENTED_EDGE( '', *, *, #5242, .T. );
#4013 = CARTESIAN_POINT( '', ( 0.00000000000000, 0.00000000000000, -0.00755000000000000 ) );
#4014 = DIRECTION( '', ( -0.00000000000000, -0.00000000000000, 1.00000000000000 ) );
#4015 = DIRECTION( '', ( 0.00000000000000, -1.00000000000000, 0.00000000000000 ) );
#4016 = SURFACE_STYLE_FILL_AREA( #5642 );
#4017 = ORIENTED_EDGE( '', *, *, #5567, .F. );
#4018 = ORIENTED_EDGE( '', *, *, #5643, .T. );
#4019 = CARTESIAN_POINT( '', ( 0.00800000000000000, -0.0350875000000000, -0.00600000000000000 ) );
#4020 = DIRECTION( '', ( -0.00000000000000, -1.00000000000000, 0.00000000000000 ) );
#4021 = DIRECTION( '', ( -1.00000000000000, 0.00000000000000, 0.00000000000000 ) );
#4022 = SURFACE_STYLE_FILL_AREA( #5644 );
#4023 = ORIENTED_EDGE( '', *, *, #5645, .F. );
#4024 = ORIENTED_EDGE( '', *, *, #5646, .T. );
#4025 = CARTESIAN_POINT( '', ( -0.00800000000000000, 0.0110875000000000, 0.00600000000000000 ) );
#4026 = DIRECTION( '', ( -0.00000000000000, 1.00000000000000, -0.00000000000000 ) );
#4027 = DIRECTION( '', ( 1.00000000000000, 0.00000000000000, 0.00000000000000 ) );
#4028 = SURFACE_STYLE_FILL_AREA( #5647 );
#4029 = ORIENTED_EDGE( '', *, *, #5648, .F. );
#4030 = ORIENTED_EDGE( '', *, *, #5286, .T. );
#4031 = CARTESIAN_POINT( '', ( 0.00000000000000, 0.00000000000000, -0.0142000000000000 ) );
#4032 = DIRECTION( '', ( 0.00000000000000, 0.00000000000000, -1.00000000000000 ) );
#4033 = DIRECTION( '', ( 0.00000000000000, -1.00000000000000, 0.00000000000000 ) );
#4034 = SURFACE_STYLE_FILL_AREA( #5649 );
#4035 = ORIENTED_EDGE( '', *, *, #5650, .T. );
#4036 = ORIENTED_EDGE( '', *, *, #5281, .F. );
#4037 = ORIENTED_EDGE( '', *, *, #5651, .F. );
#4038 = ORIENTED_EDGE( '', *, *, #5376, .T. );
#4039 = CARTESIAN_POINT( '', ( -0.0120000000000000, 0.00742264973081000, -0.0167000000000000 ) );
#4040 = DIRECTION( '', ( -1.00000000000000, 0.00000000000000, 0.00000000000000 ) );
#4041 = DIRECTION( '', ( 0.00000000000000, 0.00000000000000, 1.00000000000000 ) );
#4042 = SURFACE_STYLE_FILL_AREA( #5652 );
#4043 = ORIENTED_EDGE( '', *, *, #5653, .T. );
#4044 = ORIENTED_EDGE( '', *, *, #5304, .T. );
#4045 = ORIENTED_EDGE( '', *, *, #5654, .T. );
#4046 = ORIENTED_EDGE( '', *, *, #5655, .F. );
#4047 = ORIENTED_EDGE( '', *, *, #5492, .T. );
#4048 = CARTESIAN_POINT( '', ( -0.00775000000000000, -0.0171500000000000, -0.0154000000000000 ) );
#4049 = DIRECTION( '', ( -0.707106781186548, 0.707106781186548, 0.00000000000000 ) );
#4050 = DIRECTION( '', ( 0.00000000000000, 0.00000000000000, 1.00000000000000 ) );
#4051 = SURFACE_STYLE_FILL_AREA( #5656 );
#4052 = ORIENTED_EDGE( '', *, *, #5654, .F. );
#4053 = ORIENTED_EDGE( '', *, *, #5303, .T. );
#4054 = ORIENTED_EDGE( '', *, *, #5657, .T. );
#4055 = ORIENTED_EDGE( '', *, *, #5658, .T. );
#4056 = ORIENTED_EDGE( '', *, *, #5659, .T. );
#4057 = ORIENTED_EDGE( '', *, *, #5660, .T. );
#4058 = CARTESIAN_POINT( '', ( -0.00940000000000000, -0.00800000000000000, -0.0170000000000000 ) );
#4059 = DIRECTION( '', ( 1.00000000000000, 0.00000000000000, 0.00000000000000 ) );
#4060 = DIRECTION( '', ( 0.00000000000000, 1.00000000000000, 0.00000000000000 ) );
#4061 = SURFACE_STYLE_FILL_AREA( #5661 );
#4062 = ORIENTED_EDGE( '', *, *, #5259, .T. );
#4063 = ORIENTED_EDGE( '', *, *, #5459, .F. );
#4064 = ORIENTED_EDGE( '', *, *, #5662, .F. );
#4065 = ORIENTED_EDGE( '', *, *, #5663, .T. );
#4066 = CARTESIAN_POINT( '', ( -0.0100000000000000, -0.0325773502691900, -0.0167000000000000 ) );
#4067 = DIRECTION( '', ( 0.500000000000017, -0.866025403784429, 0.00000000000000 ) );
#4068 = DIRECTION( '', ( 0.00000000000000, 0.00000000000000, -1.00000000000000 ) );
#4069 = SURFACE_STYLE_FILL_AREA( #5664 );
#4070 = ORIENTED_EDGE( '', *, *, #5665, .T. );
#4071 = ORIENTED_EDGE( '', *, *, #5666, .F. );
#4072 = ORIENTED_EDGE( '', *, *, #5667, .F. );
#4073 = ORIENTED_EDGE( '', *, *, #5209, .T. );
#4074 = CARTESIAN_POINT( '', ( -0.0110000000000000, 0.00684529946162100, 0.0167000000000000 ) );
#4075 = DIRECTION( '', ( 0.500000000000017, -0.866025403784429, 0.00000000000000 ) );
#4076 = DIRECTION( '', ( 0.00000000000000, 0.00000000000000, -1.00000000000000 ) );
#4077 = SURFACE_STYLE_FILL_AREA( #5668 );
#4078 = ORIENTED_EDGE( '', *, *, #5669, .T. );
#4079 = ORIENTED_EDGE( '', *, *, #5670, .F. );
#4080 = ORIENTED_EDGE( '', *, *, #5671, .F. );
#4081 = ORIENTED_EDGE( '', *, *, #5672, .F. );
#4082 = ORIENTED_EDGE( '', *, *, #5673, .F. );
#4083 = ORIENTED_EDGE( '', *, *, #5321, .F. );
#4084 = ORIENTED_EDGE( '', *, *, #5674, .F. );
#4085 = CARTESIAN_POINT( '', ( -0.0110000000000000, -0.0320000000000000, 0.0167000000000000 ) );
#4086 = DIRECTION( '', ( 0.00000000000000, 0.00000000000000, -1.00000000000000 ) );
#4087 = DIRECTION( '', ( 0.00000000000000, -1.00000000000000, 0.00000000000000 ) );
#4088 = SURFACE_STYLE_FILL_AREA( #5675 );
#4089 = ORIENTED_EDGE( '', *, *, #5310, .T. );
#4090 = ORIENTED_EDGE( '', *, *, #5676, .T. );
#4091 = CARTESIAN_POINT( '', ( 0.0110000000000000, -0.0320000000000000, -0.0170000000000000 ) );
#4092 = DIRECTION( '', ( -0.00000000000000, -0.00000000000000, 1.00000000000000 ) );
#4093 = DIRECTION( '', ( -1.00000000000000, 0.00000000000000, 0.00000000000000 ) );
#4094 = SURFACE_STYLE_FILL_AREA( #5677 );
#4095 = ORIENTED_EDGE( '', *, *, #5678, .T. );
#4096 = ORIENTED_EDGE( '', *, *, #5679, .F. );
#4097 = ORIENTED_EDGE( '', *, *, #5665, .F. );
#4098 = ORIENTED_EDGE( '', *, *, #5208, .T. );
#4099 = CARTESIAN_POINT( '', ( -0.0100000000000000, 0.00742264973081000, 0.0167000000000000 ) );
#4100 = DIRECTION( '', ( 1.00000000000000, 0.00000000000000, 0.00000000000000 ) );
#4101 = DIRECTION( '', ( 0.00000000000000, 1.00000000000000, 0.00000000000000 ) );
#4102 = SURFACE_STYLE_FILL_AREA( #5680 );
#4103 = ORIENTED_EDGE( '', *, *, #5563, .T. );
#4104 = ORIENTED_EDGE( '', *, *, #5681, .F. );
#4105 = ORIENTED_EDGE( '', *, *, #5464, .F. );
#4106 = ORIENTED_EDGE( '', *, *, #5682, .T. );
#4107 = CARTESIAN_POINT( '', ( 0.0120000000000000, -0.0325773502691900, -0.0167000000000000 ) );
#4108 = DIRECTION( '', ( 0.500000000000017, -0.866025403784429, 0.00000000000000 ) );
#4109 = DIRECTION( '', ( 0.00000000000000, 0.00000000000000, -1.00000000000000 ) );
#4110 = SURFACE_STYLE_FILL_AREA( #5683 );
#4111 = ORIENTED_EDGE( '', *, *, #5443, .F. );
#4112 = CARTESIAN_POINT( '', ( -0.0110000000000000, -0.0320000000000000, 0.00220000000000000 ) );
#4113 = DIRECTION( '', ( 0.00000000000000, 0.00000000000000, -1.00000000000000 ) );
#4114 = DIRECTION( '', ( 0.00000000000000, -1.00000000000000, 0.00000000000000 ) );
#4115 = SURFACE_STYLE_FILL_AREA( #5684 );
#4116 = ORIENTED_EDGE( '', *, *, #5415, .F. );
#4117 = CARTESIAN_POINT( '', ( 0.00000000000000, 0.00000000000000, 0.0170000000000000 ) );
#4118 = DIRECTION( '', ( 0.00000000000000, 0.00000000000000, 1.00000000000000 ) );
#4119 = DIRECTION( '', ( 1.00000000000000, 0.00000000000000, 0.00000000000000 ) );
#4120 = SURFACE_STYLE_FILL_AREA( #5685 );
#4121 = ORIENTED_EDGE( '', *, *, #5686, .F. );
#4122 = ORIENTED_EDGE( '', *, *, #5216, .T. );
#4123 = ORIENTED_EDGE( '', *, *, #5687, .F. );
#4124 = ORIENTED_EDGE( '', *, *, #5688, .F. );
#4125 = ORIENTED_EDGE( '', *, *, #5689, .F. );
#4126 = ORIENTED_EDGE( '', *, *, #5690, .T. );
#4127 = ORIENTED_EDGE( '', *, *, #5631, .T. );
#4128 = ORIENTED_EDGE( '', *, *, #5691, .T. );
#4129 = ORIENTED_EDGE( '', *, *, #5474, .F. );
#4130 = ORIENTED_EDGE( '', *, *, #5535, .F. );
#4131 = ORIENTED_EDGE( '', *, *, #5497, .F. );
#4132 = ORIENTED_EDGE( '', *, *, #5692, .F. );
#4133 = CARTESIAN_POINT( '', ( 0.0142500000000000, -0.0352500000000000, -0.0170000000000000 ) );
#4134 = DIRECTION( '', ( 1.00000000000000, 0.00000000000000, 0.00000000000000 ) );
#4135 = DIRECTION( '', ( 0.00000000000000, 1.00000000000000, 0.00000000000000 ) );
#4136 = SURFACE_STYLE_FILL_AREA( #5693 );
#4137 = ORIENTED_EDGE( '', *, *, #5313, .F. );
#4138 = ORIENTED_EDGE( '', *, *, #5372, .F. );
#4139 = CARTESIAN_POINT( '', ( 0.0110000000000000, 0.00800000000000000, 0.0100000000000000 ) );
#4140 = DIRECTION( '', ( 0.00000000000000, 0.00000000000000, 1.00000000000000 ) );
#4141 = DIRECTION( '', ( 1.00000000000000, 0.00000000000000, 0.00000000000000 ) );
#4142 = SURFACE_STYLE_FILL_AREA( #5694 );
#4143 = ORIENTED_EDGE( '', *, *, #5695, .T. );
#4144 = ORIENTED_EDGE( '', *, *, #5419, .F. );
#4145 = CARTESIAN_POINT( '', ( 0.00000000000000, 0.00000000000000, 0.0189000000000000 ) );
#4146 = DIRECTION( '', ( 0.00000000000000, -0.00000000000000, -1.00000000000000 ) );
#4147 = DIRECTION( '', ( 0.00000000000000, -1.00000000000000, 0.00000000000000 ) );
#4148 = SURFACE_STYLE_FILL_AREA( #5696 );
#4149 = ORIENTED_EDGE( '', *, *, #5308, .T. );
#4150 = ORIENTED_EDGE( '', *, *, #5697, .F. );
#4151 = ORIENTED_EDGE( '', *, *, #5698, .T. );
#4152 = ORIENTED_EDGE( '', *, *, #5687, .T. );
#4153 = ORIENTED_EDGE( '', *, *, #5219, .F. );
#4154 = CARTESIAN_POINT( '', ( -0.0171000000000000, -0.0210000000000000, -0.0138000000000000 ) );
#4155 = DIRECTION( '', ( 0.00000000000000, -1.00000000000000, 0.00000000000000 ) );
#4156 = DIRECTION( '', ( 0.00000000000000, 0.00000000000000, -1.00000000000000 ) );
#4157 = SURFACE_STYLE_FILL_AREA( #5699 );
#4158 = ORIENTED_EDGE( '', *, *, #5700, .F. );
#4159 = ORIENTED_EDGE( '', *, *, #5390, .T. );
#4160 = CARTESIAN_POINT( '', ( -0.0140875000000000, -0.0280000000000000, -0.00600000000000000 ) );
#4161 = DIRECTION( '', ( -1.00000000000000, 0.00000000000000, -0.00000000000000 ) );
#4162 = DIRECTION( '', ( 0.00000000000000, 1.00000000000000, 0.00000000000000 ) );
#4163 = SURFACE_STYLE_FILL_AREA( #5701 );
#4164 = ORIENTED_EDGE( '', *, *, #5702, .T. );
#4165 = ORIENTED_EDGE( '', *, *, #5703, .T. );
#4166 = CARTESIAN_POINT( '', ( -0.0104533237587700, -0.00400000000000000, -0.00600000000000000 ) );
#4167 = DIRECTION( '', ( -1.00000000000000, -0.00000000000000, -0.00000000000000 ) );
#4168 = DIRECTION( '', ( 0.00000000000000, -1.00000000000000, 0.00000000000000 ) );
#4169 = SURFACE_STYLE_FILL_AREA( #5704 );
#4170 = ORIENTED_EDGE( '', *, *, #5470, .T. );
#4171 = ORIENTED_EDGE( '', *, *, #5454, .F. );
#4172 = ORIENTED_EDGE( '', *, *, #5547, .F. );
#4173 = ORIENTED_EDGE( '', *, *, #5705, .T. );
#4174 = CARTESIAN_POINT( '', ( 0.0100000000000000, 0.00742264973081000, -0.0167000000000000 ) );
#4175 = DIRECTION( '', ( -1.00000000000000, 0.00000000000000, 0.00000000000000 ) );
#4176 = DIRECTION( '', ( 0.00000000000000, 0.00000000000000, 1.00000000000000 ) );
#4177 = SURFACE_STYLE_FILL_AREA( #5706 );
#4178 = ORIENTED_EDGE( '', *, *, #5707, .T. );
#4179 = ORIENTED_EDGE( '', *, *, #5700, .T. );
#4180 = CARTESIAN_POINT( '', ( -0.0104533237587700, -0.0280000000000000, -0.00600000000000000 ) );
#4181 = DIRECTION( '', ( -1.00000000000000, -0.00000000000000, -0.00000000000000 ) );
#4182 = DIRECTION( '', ( 0.00000000000000, -1.00000000000000, 0.00000000000000 ) );
#4183 = SURFACE_STYLE_FILL_AREA( #5708 );
#4184 = ORIENTED_EDGE( '', *, *, #5596, .F. );
#4185 = CARTESIAN_POINT( '', ( -0.0110000000000000, 0.00800000000000000, 0.00220000000000000 ) );
#4186 = DIRECTION( '', ( 0.00000000000000, 0.00000000000000, -1.00000000000000 ) );
#4187 = DIRECTION( '', ( 0.00000000000000, -1.00000000000000, 0.00000000000000 ) );
#4188 = SURFACE_STYLE_FILL_AREA( #5709 );
#4189 = ORIENTED_EDGE( '', *, *, #5710, .F. );
#4190 = ORIENTED_EDGE( '', *, *, #5711, .T. );
#4191 = CARTESIAN_POINT( '', ( 0.00565685424949200, 0.00565685424949200, 0.0188500000000000 ) );
#4192 = DIRECTION( '', ( 0.00000000000000, -0.00000000000000, 1.00000000000000 ) );
#4193 = DIRECTION( '', ( -0.707106781186548, 0.707106781186548, 0.00000000000000 ) );
#4194 = SURFACE_STYLE_FILL_AREA( #5712 );
#4195 = VERTEX_POINT( '', #5713 );
#4196 = ORIENTED_EDGE( '', *, *, #5553, .F. );
#4197 = CARTESIAN_POINT( '', ( 0.0110000000000000, 0.00800000000000000, -0.00121303304878500 ) );
#4198 = DIRECTION( '', ( 0.00000000000000, -0.00000000000000, -1.00000000000000 ) );
#4199 = DIRECTION( '', ( 1.00000000000000, 0.00000000000000, 0.00000000000000 ) );
#4200 = SURFACE_STYLE_FILL_AREA( #5714 );
#4201 = ORIENTED_EDGE( '', *, *, #5715, .F. );
#4202 = ORIENTED_EDGE( '', *, *, #5559, .T. );
#4203 = ORIENTED_EDGE( '', *, *, #5716, .T. );
#4204 = ORIENTED_EDGE( '', *, *, #5423, .T. );
#4205 = ORIENTED_EDGE( '', *, *, #5717, .F. );
#4206 = ORIENTED_EDGE( '', *, *, #5643, .F. );
#4207 = ORIENTED_EDGE( '', *, *, #5718, .F. );
#4208 = ORIENTED_EDGE( '', *, *, #5719, .F. );
#4209 = CARTESIAN_POINT( '', ( -0.0142500000000000, -0.0352500000000000, -0.0170000000000000 ) );
#4210 = DIRECTION( '', ( 0.00000000000000, -1.00000000000000, 0.00000000000000 ) );
#4211 = DIRECTION( '', ( 0.00000000000000, 0.00000000000000, -1.00000000000000 ) );
#4212 = SURFACE_STYLE_FILL_AREA( #5720 );
#4213 = ORIENTED_EDGE( '', *, *, #5721, .F. );
#4214 = ORIENTED_EDGE( '', *, *, #5254, .F. );
#4215 = CARTESIAN_POINT( '', ( 0.0110000000000000, 0.00800000000000000, -0.0174250000000000 ) );
#4216 = DIRECTION( '', ( -0.00000000000000, -0.00000000000000, -1.00000000000000 ) );
#4217 = DIRECTION( '', ( 0.00000000000000, -1.00000000000000, 0.00000000000000 ) );
#4218 = SURFACE_STYLE_FILL_AREA( #5722 );
#4219 = ORIENTED_EDGE( '', *, *, #5387, .F. );
#4220 = ORIENTED_EDGE( '', *, *, #5723, .T. );
#4221 = ORIENTED_EDGE( '', *, *, #5715, .T. );
#4222 = ORIENTED_EDGE( '', *, *, #5724, .T. );
#4223 = CARTESIAN_POINT( '', ( -0.0132500000000000, -0.0342500000000000, -2.84217094304000E-17 ) );
#4224 = DIRECTION( '', ( -0.707106781186548, -0.707106781186548, 0.00000000000000 ) );
#4225 = DIRECTION( '', ( -0.707106781186548, 0.707106781186548, 0.00000000000000 ) );
#4226 = SURFACE_STYLE_FILL_AREA( #5725 );
#4227 = ORIENTED_EDGE( '', *, *, #5726, .F. );
#4228 = ORIENTED_EDGE( '', *, *, #5391, .T. );
#4229 = CARTESIAN_POINT( '', ( -0.0140875000000000, -0.0280000000000000, 0.00600000000000000 ) );
#4230 = DIRECTION( '', ( -1.00000000000000, 0.00000000000000, -0.00000000000000 ) );
#4231 = DIRECTION( '', ( 0.00000000000000, 1.00000000000000, 0.00000000000000 ) );
#4232 = SURFACE_STYLE_FILL_AREA( #5727 );
#4233 = ORIENTED_EDGE( '', *, *, #5407, .T. );
#4234 = ORIENTED_EDGE( '', *, *, #5544, .T. );
#4235 = CARTESIAN_POINT( '', ( 0.0110000000000000, -0.00800000000000000, 0.0126783237587700 ) );
#4236 = DIRECTION( '', ( -0.00000000000000, -0.00000000000000, -1.00000000000000 ) );
#4237 = DIRECTION( '', ( -1.00000000000000, 0.00000000000000, 0.00000000000000 ) );
#4238 = SURFACE_STYLE_FILL_AREA( #5728 );
#4239 = ORIENTED_EDGE( '', *, *, #5357, .T. );
#4240 = ORIENTED_EDGE( '', *, *, #5729, .T. );
#4241 = CARTESIAN_POINT( '', ( 0.0110000000000000, 0.00800000000000000, 0.000428323758771600 ) );
#4242 = DIRECTION( '', ( -0.00000000000000, -0.00000000000000, -1.00000000000000 ) );
#4243 = DIRECTION( '', ( -1.00000000000000, 0.00000000000000, 0.00000000000000 ) );
#4244 = SURFACE_STYLE_FILL_AREA( #5730 );
#4245 = ORIENTED_EDGE( '', *, *, #5716, .F. );
#4246 = ORIENTED_EDGE( '', *, *, #5366, .T. );
#4247 = ORIENTED_EDGE( '', *, *, #5686, .T. );
#4248 = ORIENTED_EDGE( '', *, *, #5296, .T. );
#4249 = CARTESIAN_POINT( '', ( 0.0132500000000000, -0.0342500000000000, -2.84217094304000E-17 ) );
#4250 = DIRECTION( '', ( 0.707106781186548, -0.707106781186548, 0.00000000000000 ) );
#4251 = DIRECTION( '', ( 0.00000000000000, 0.00000000000000, -1.00000000000000 ) );
#4252 = SURFACE_STYLE_FILL_AREA( #5731 );
#4253 = ORIENTED_EDGE( '', *, *, #5732, .F. );
#4254 = ORIENTED_EDGE( '', *, *, #5733, .F. );
#4255 = CARTESIAN_POINT( '', ( -0.0110000000000000, -0.0320000000000000, -0.00800000000000000 ) );
#4256 = DIRECTION( '', ( 0.00000000000000, 0.00000000000000, -1.00000000000000 ) );
#4257 = DIRECTION( '', ( 0.00000000000000, -1.00000000000000, 0.00000000000000 ) );
#4258 = SURFACE_STYLE_FILL_AREA( #5734 );
#4259 = ORIENTED_EDGE( '', *, *, #5735, .T. );
#4260 = ORIENTED_EDGE( '', *, *, #5609, .T. );
#4261 = CARTESIAN_POINT( '', ( 0.0110000000000000, -0.0320000000000000, 0.0170000000000000 ) );
#4262 = DIRECTION( '', ( -0.00000000000000, -0.00000000000000, -1.00000000000000 ) );
#4263 = DIRECTION( '', ( 1.00000000000000, 0.00000000000000, 0.00000000000000 ) );
#4264 = SURFACE_STYLE_FILL_AREA( #5736 );
#4265 = ORIENTED_EDGE( '', *, *, #5412, .F. );
#4266 = ORIENTED_EDGE( '', *, *, #5627, .T. );
#4267 = ORIENTED_EDGE( '', *, *, #5737, .T. );
#4268 = ORIENTED_EDGE( '', *, *, #5634, .F. );
#4269 = CARTESIAN_POINT( '', ( 0.0131085786437600, 0.0101085786437600, 0.0168000000000000 ) );
#4270 = DIRECTION( '', ( 0.500000000000017, 0.500000000000017, 0.707106781186524 ) );
#4271 = DIRECTION( '', ( 0.707106781186548, -0.707106781186548, 0.00000000000000 ) );
#4272 = SURFACE_STYLE_FILL_AREA( #5738 );
#4273 = ORIENTED_EDGE( '', *, *, #5739, .F. );
#4274 = CARTESIAN_POINT( '', ( 0.0110000000000000, -0.0320000000000000, -0.00220000000000000 ) );
#4275 = DIRECTION( '', ( 0.00000000000000, 0.00000000000000, 1.00000000000000 ) );
#4276 = DIRECTION( '', ( 1.00000000000000, 0.00000000000000, 0.00000000000000 ) );
#4277 = SURFACE_STYLE_FILL_AREA( #5740 );
#4278 = ORIENTED_EDGE( '', *, *, #5466, .T. );
#4279 = ORIENTED_EDGE( '', *, *, #5741, .F. );
#4280 = ORIENTED_EDGE( '', *, *, #5201, .F. );
#4281 = ORIENTED_EDGE( '', *, *, #5742, .T. );
#4282 = CARTESIAN_POINT( '', ( 0.0110000000000000, -0.0308452994616200, -0.0167000000000000 ) );
#4283 = DIRECTION( '', ( 0.500000000000017, 0.866025403784429, 0.00000000000000 ) );
#4284 = DIRECTION( '', ( 0.00000000000000, 0.00000000000000, -1.00000000000000 ) );
#4285 = SURFACE_STYLE_FILL_AREA( #5743 );
#4286 = ORIENTED_EDGE( '', *, *, #5416, .F. );
#4287 = ORIENTED_EDGE( '', *, *, #5744, .T. );
#4288 = CARTESIAN_POINT( '', ( -0.00565685424949200, 0.00565685424949200, 0.0188500000000000 ) );
#4289 = DIRECTION( '', ( -0.00000000000000, 0.00000000000000, 1.00000000000000 ) );
#4290 = DIRECTION( '', ( -0.707106781186548, -0.707106781186548, 0.00000000000000 ) );
#4291 = SURFACE_STYLE_FILL_AREA( #5745 );
#4292 = ORIENTED_EDGE( '', *, *, #5695, .F. );
#4293 = ORIENTED_EDGE( '', *, *, #5370, .F. );
#4294 = ORIENTED_EDGE( '', *, *, #5744, .F. );
#4295 = ORIENTED_EDGE( '', *, *, #5746, .F. );
#4296 = ORIENTED_EDGE( '', *, *, #5747, .F. );
#4297 = ORIENTED_EDGE( '', *, *, #5599, .F. );
#4298 = ORIENTED_EDGE( '', *, *, #5621, .F. );
#4299 = ORIENTED_EDGE( '', *, *, #5748, .F. );
#4300 = ORIENTED_EDGE( '', *, *, #5711, .F. );
#4301 = ORIENTED_EDGE( '', *, *, #5749, .F. );
#4302 = CARTESIAN_POINT( '', ( 0.00000000000000, 0.00000000000000, 0.0190000000000000 ) );
#4303 = DIRECTION( '', ( 0.00000000000000, 0.00000000000000, -1.00000000000000 ) );
#4304 = DIRECTION( '', ( 0.00000000000000, -1.00000000000000, 0.00000000000000 ) );
#4305 = SURFACE_STYLE_FILL_AREA( #5750 );
#4306 = ORIENTED_EDGE( '', *, *, #5432, .T. );
#4307 = ORIENTED_EDGE( '', *, *, #5514, .F. );
#4308 = ORIENTED_EDGE( '', *, *, #5751, .F. );
#4309 = ORIENTED_EDGE( '', *, *, #5752, .T. );
#4310 = CARTESIAN_POINT( '', ( 0.0110000000000000, -0.0331547005383800, 0.0167000000000000 ) );
#4311 = DIRECTION( '', ( 0.500000000000017, -0.866025403784429, 0.00000000000000 ) );
#4312 = DIRECTION( '', ( 0.00000000000000, 0.00000000000000, -1.00000000000000 ) );
#4313 = SURFACE_STYLE_FILL_AREA( #5753 );
#4314 = ORIENTED_EDGE( '', *, *, #5698, .F. );
#4315 = ORIENTED_EDGE( '', *, *, #5754, .F. );
#4316 = ORIENTED_EDGE( '', *, *, #5755, .F. );
#4317 = ORIENTED_EDGE( '', *, *, #5688, .T. );
#4318 = CARTESIAN_POINT( '', ( 0.00000000000000, 0.00000000000000, -0.00850000000000000 ) );
#4319 = DIRECTION( '', ( 0.00000000000000, 0.00000000000000, -1.00000000000000 ) );
#4320 = DIRECTION( '', ( 0.00000000000000, -1.00000000000000, 0.00000000000000 ) );
#4321 = SURFACE_STYLE_FILL_AREA( #5756 );
#4322 = ORIENTED_EDGE( '', *, *, #5757, .F. );
#4323 = CARTESIAN_POINT( '', ( 0.00000000000000, -0.0322500000000000, 0.00000000000000 ) );
#4324 = DIRECTION( '', ( 0.00000000000000, -1.00000000000000, 0.00000000000000 ) );
#4325 = DIRECTION( '', ( 0.00000000000000, 0.00000000000000, -1.00000000000000 ) );
#4326 = SURFACE_STYLE_FILL_AREA( #5758 );
#4327 = ORIENTED_EDGE( '', *, *, #5401, .T. );
#4328 = ORIENTED_EDGE( '', *, *, #5759, .T. );
#4329 = ORIENTED_EDGE( '', *, *, #5243, .F. );
#4330 = ORIENTED_EDGE( '', *, *, #5641, .T. );
#4331 = CARTESIAN_POINT( '', ( -0.00565000000000000, -0.00800000000000000, -0.0170000000000000 ) );
#4332 = DIRECTION( '', ( -1.00000000000000, 0.00000000000000, 0.00000000000000 ) );
#4333 = DIRECTION( '', ( 0.00000000000000, 0.00000000000000, 1.00000000000000 ) );
#4334 = SURFACE_STYLE_FILL_AREA( #5760 );
#4335 = ORIENTED_EDGE( '', *, *, #5335, .F. );
#4336 = CARTESIAN_POINT( '', ( 0.0110000000000000, -0.0320000000000000, 0.00220000000000000 ) );
#4337 = DIRECTION( '', ( 0.00000000000000, 0.00000000000000, -1.00000000000000 ) );
#4338 = DIRECTION( '', ( 0.00000000000000, -1.00000000000000, 0.00000000000000 ) );
#4339 = SURFACE_STYLE_FILL_AREA( #5761 );
#4340 = ORIENTED_EDGE( '', *, *, #5319, .T. );
#4341 = ORIENTED_EDGE( '', *, *, #5762, .T. );
#4342 = ORIENTED_EDGE( '', *, *, #5763, .T. );
#4343 = ORIENTED_EDGE( '', *, *, #5764, .T. );
#4344 = ORIENTED_EDGE( '', *, *, #5765, .T. );
#4345 = ORIENTED_EDGE( '', *, *, #5766, .T. );
#4346 = CARTESIAN_POINT( '', ( -0.0110000000000000, -0.0320000000000000, 0.0154500000000000 ) );
#4347 = DIRECTION( '', ( 0.00000000000000, 0.00000000000000, 1.00000000000000 ) );
#4348 = DIRECTION( '', ( 1.00000000000000, 0.00000000000000, 0.00000000000000 ) );
#4349 = SURFACE_STYLE_FILL_AREA( #5767 );
#4350 = ORIENTED_EDGE( '', *, *, #5768, .F. );
#4351 = ORIENTED_EDGE( '', *, *, #5594, .F. );
#4352 = CARTESIAN_POINT( '', ( -0.0110000000000000, 0.00800000000000000, 0.0100000000000000 ) );
#4353 = DIRECTION( '', ( 0.00000000000000, 0.00000000000000, 1.00000000000000 ) );
#4354 = DIRECTION( '', ( 1.00000000000000, 0.00000000000000, 0.00000000000000 ) );
#4355 = SURFACE_STYLE_FILL_AREA( #5769 );
#4356 = ORIENTED_EDGE( '', *, *, #5611, .F. );
#4357 = ORIENTED_EDGE( '', *, *, #5748, .T. );
#4358 = CARTESIAN_POINT( '', ( 0.00800000000000000, 0.00000000000000, 0.0188500000000000 ) );
#4359 = DIRECTION( '', ( -0.00000000000000, -0.00000000000000, 1.00000000000000 ) );
#4360 = DIRECTION( '', ( 0.00000000000000, 1.00000000000000, 0.00000000000000 ) );
#4361 = SURFACE_STYLE_FILL_AREA( #5770 );
#4362 = ORIENTED_EDGE( '', *, *, #5771, .F. );
#4363 = ORIENTED_EDGE( '', *, *, #5772, .F. );
#4364 = CARTESIAN_POINT( '', ( 0.0110000000000000, 0.00800000000000000, -0.0166375000000000 ) );
#4365 = DIRECTION( '', ( 0.00000000000000, 0.00000000000000, 1.00000000000000 ) );
#4366 = DIRECTION( '', ( -1.00000000000000, 0.00000000000000, 0.00000000000000 ) );
#4367 = SURFACE_STYLE_FILL_AREA( #5773 );
#4368 = ORIENTED_EDGE( '', *, *, #5241, .F. );
#4369 = ORIENTED_EDGE( '', *, *, #5774, .F. );
#4370 = ORIENTED_EDGE( '', *, *, #5775, .T. );
#4371 = ORIENTED_EDGE( '', *, *, #5639, .T. );
#4372 = CARTESIAN_POINT( '', ( 0.00565000000000000, -0.00700553352714800, -0.0170000000000000 ) );
#4373 = DIRECTION( '', ( 1.00000000000000, 0.00000000000000, 0.00000000000000 ) );
#4374 = DIRECTION( '', ( 0.00000000000000, 1.00000000000000, 0.00000000000000 ) );
#4375 = SURFACE_STYLE_FILL_AREA( #5776 );
#4376 = ORIENTED_EDGE( '', *, *, #5777, .F. );
#4377 = ORIENTED_EDGE( '', *, *, #5602, .T. );
#4378 = ORIENTED_EDGE( '', *, *, #5381, .T. );
#4379 = ORIENTED_EDGE( '', *, *, #5778, .T. );
#4380 = CARTESIAN_POINT( '', ( -0.0132500000000000, 0.0102500000000000, -2.84217094304000E-17 ) );
#4381 = DIRECTION( '', ( -0.707106781186548, 0.707106781186548, 0.00000000000000 ) );
#4382 = DIRECTION( '', ( 0.00000000000000, 0.00000000000000, 1.00000000000000 ) );
#4383 = SURFACE_STYLE_FILL_AREA( #5779 );
#4384 = ORIENTED_EDGE( '', *, *, #5780, .T. );
#4385 = ORIENTED_EDGE( '', *, *, #5781, .F. );
#4386 = ORIENTED_EDGE( '', *, *, #5582, .F. );
#4387 = ORIENTED_EDGE( '', *, *, #5211, .T. );
#4388 = CARTESIAN_POINT( '', ( -0.0120000000000000, 0.00857735026919000, 0.0167000000000000 ) );
#4389 = DIRECTION( '', ( -1.00000000000000, 0.00000000000000, 0.00000000000000 ) );
#4390 = DIRECTION( '', ( 0.00000000000000, 0.00000000000000, 1.00000000000000 ) );
#4391 = SURFACE_STYLE_FILL_AREA( #5782 );
#4392 = ORIENTED_EDGE( '', *, *, #5775, .F. );
#4393 = ORIENTED_EDGE( '', *, *, #5783, .T. );
#4394 = ORIENTED_EDGE( '', *, *, #5640, .F. );
#4395 = CARTESIAN_POINT( '', ( 0.00000000000000, 0.00000000000000, -0.0160000000000000 ) );
#4396 = DIRECTION( '', ( 0.00000000000000, 0.00000000000000, -1.00000000000000 ) );
#4397 = DIRECTION( '', ( 0.00000000000000, -1.00000000000000, 0.00000000000000 ) );
#4398 = SURFACE_STYLE_FILL_AREA( #5784 );
#4399 = ORIENTED_EDGE( '', *, *, #5364, .F. );
#4400 = ORIENTED_EDGE( '', *, *, #5389, .T. );
#4401 = CARTESIAN_POINT( '', ( -0.0140875000000000, -0.00400000000000000, 0.00600000000000000 ) );
#4402 = DIRECTION( '', ( -1.00000000000000, 0.00000000000000, -0.00000000000000 ) );
#4403 = DIRECTION( '', ( 0.00000000000000, 1.00000000000000, 0.00000000000000 ) );
#4404 = SURFACE_STYLE_FILL_AREA( #5785 );
#4405 = ORIENTED_EDGE( '', *, *, #5584, .T. );
#4406 = ORIENTED_EDGE( '', *, *, #5786, .F. );
#4407 = ORIENTED_EDGE( '', *, *, #5678, .F. );
#4408 = ORIENTED_EDGE( '', *, *, #5207, .T. );
#4409 = CARTESIAN_POINT( '', ( -0.0100000000000000, 0.00857735026919000, 0.0167000000000000 ) );
#4410 = DIRECTION( '', ( 0.500000000000017, 0.866025403784429, 0.00000000000000 ) );
#4411 = DIRECTION( '', ( 0.00000000000000, 0.00000000000000, -1.00000000000000 ) );
#4412 = SURFACE_STYLE_FILL_AREA( #5787 );
#4413 = ORIENTED_EDGE( '', *, *, #5337, .F. );
#4414 = CARTESIAN_POINT( '', ( 0.00000000000000, -0.0322500000000000, 0.00000000000000 ) );
#4415 = DIRECTION( '', ( 0.00000000000000, -1.00000000000000, 0.00000000000000 ) );
#4416 = DIRECTION( '', ( 0.00000000000000, 0.00000000000000, -1.00000000000000 ) );
#4417 = SURFACE_STYLE_FILL_AREA( #5788 );
#4418 = ORIENTED_EDGE( '', *, *, #5707, .F. );
#4419 = CARTESIAN_POINT( '', ( -0.0112500000000000, 0.00000000000000, 0.00000000000000 ) );
#4420 = DIRECTION( '', ( 1.00000000000000, 0.00000000000000, 0.00000000000000 ) );
#4421 = DIRECTION( '', ( 0.00000000000000, 1.00000000000000, 0.00000000000000 ) );
#4422 = SURFACE_STYLE_FILL_AREA( #5789 );
#4423 = ORIENTED_EDGE( '', *, *, #5651, .T. );
#4424 = ORIENTED_EDGE( '', *, *, #5280, .F. );
#4425 = ORIENTED_EDGE( '', *, *, #5359, .F. );
#4426 = ORIENTED_EDGE( '', *, *, #5377, .T. );
#4427 = CARTESIAN_POINT( '', ( -0.0110000000000000, 0.00684529946162100, -0.0167000000000000 ) );
#4428 = DIRECTION( '', ( -0.500000000000017, -0.866025403784429, 0.00000000000000 ) );
#4429 = DIRECTION( '', ( -0.866025403784429, 0.500000000000017, 0.00000000000000 ) );
#4430 = SURFACE_STYLE_FILL_AREA( #5790 );
#4431 = ORIENTED_EDGE( '', *, *, #5255, .F. );
#4432 = ORIENTED_EDGE( '', *, *, #5316, .F. );
#4433 = CARTESIAN_POINT( '', ( 0.0110000000000000, 0.00800000000000000, -0.00800000000000000 ) );
#4434 = DIRECTION( '', ( 0.00000000000000, 0.00000000000000, -1.00000000000000 ) );
#4435 = DIRECTION( '', ( 0.00000000000000, -1.00000000000000, 0.00000000000000 ) );
#4436 = SURFACE_STYLE_FILL_AREA( #5791 );
#4437 = ORIENTED_EDGE( '', *, *, #5505, .T. );
#4438 = ORIENTED_EDGE( '', *, *, #5792, .F. );
#4439 = ORIENTED_EDGE( '', *, *, #5249, .F. );
#4440 = ORIENTED_EDGE( '', *, *, #5793, .T. );
#4441 = CARTESIAN_POINT( '', ( 0.0100000000000000, 0.00742264973081000, 0.0167000000000000 ) );
#4442 = DIRECTION( '', ( -0.500000000000017, -0.866025403784429, 0.00000000000000 ) );
#4443 = DIRECTION( '', ( -0.866025403784429, 0.500000000000017, 0.00000000000000 ) );
#4444 = SURFACE_STYLE_FILL_AREA( #5794 );
#4445 = ORIENTED_EDGE( '', *, *, #5487, .F. );
#4446 = CARTESIAN_POINT( '', ( 0.00000000000000, 0.00000000000000, 0.0140000000000000 ) );
#4447 = DIRECTION( '', ( 0.00000000000000, 0.00000000000000, 1.00000000000000 ) );
#4448 = DIRECTION( '', ( 1.00000000000000, 0.00000000000000, 0.00000000000000 ) );
#4449 = SURFACE_STYLE_FILL_AREA( #5795 );
#4450 = ORIENTED_EDGE( '', *, *, #5749, .T. );
#4451 = ORIENTED_EDGE( '', *, *, #5324, .T. );
#4452 = CARTESIAN_POINT( '', ( 0.00000000000000, 0.00000000000000, 0.0213500000000000 ) );
#4453 = DIRECTION( '', ( -0.00000000000000, -0.00000000000000, 1.00000000000000 ) );
#4454 = DIRECTION( '', ( 0.00000000000000, -1.00000000000000, 0.00000000000000 ) );
#4455 = SURFACE_STYLE_FILL_AREA( #5796 );
#4456 = ORIENTED_EDGE( '', *, *, #5797, .T. );
#4457 = ORIENTED_EDGE( '', *, *, #5608, .T. );
#4458 = CARTESIAN_POINT( '', ( 0.0110000000000000, -0.0320000000000000, 0.00995000000000000 ) );
#4459 = DIRECTION( '', ( 0.00000000000000, 0.00000000000000, 1.00000000000000 ) );
#4460 = DIRECTION( '', ( -1.00000000000000, 0.00000000000000, 0.00000000000000 ) );
#4461 = SURFACE_STYLE_FILL_AREA( #5798 );
#4462 = ORIENTED_EDGE( '', *, *, #5332, .T. );
#4463 = ORIENTED_EDGE( '', *, *, #5726, .T. );
#4464 = CARTESIAN_POINT( '', ( -0.0104533237587700, -0.0280000000000000, 0.00600000000000000 ) );
#4465 = DIRECTION( '', ( -1.00000000000000, -0.00000000000000, -0.00000000000000 ) );
#4466 = DIRECTION( '', ( 0.00000000000000, -1.00000000000000, 0.00000000000000 ) );
#4467 = SURFACE_STYLE_FILL_AREA( #5799 );
#4468 = ORIENTED_EDGE( '', *, *, #5488, .F. );
#4469 = ORIENTED_EDGE( '', *, *, #5629, .T. );
#4470 = CARTESIAN_POINT( '', ( -0.0110000000000000, -0.00800000000000000, 0.0168375000000000 ) );
#4471 = DIRECTION( '', ( 0.00000000000000, 0.00000000000000, 1.00000000000000 ) );
#4472 = DIRECTION( '', ( -1.00000000000000, 0.00000000000000, 0.00000000000000 ) );
#4473 = SURFACE_STYLE_FILL_AREA( #5800 );
#4474 = ORIENTED_EDGE( '', *, *, #5667, .T. );
#4475 = ORIENTED_EDGE( '', *, *, #5801, .F. );
#4476 = ORIENTED_EDGE( '', *, *, #5780, .F. );
#4477 = ORIENTED_EDGE( '', *, *, #5210, .T. );
#4478 = CARTESIAN_POINT( '', ( -0.0120000000000000, 0.00742264973081000, 0.0167000000000000 ) );
#4479 = DIRECTION( '', ( -0.500000000000017, -0.866025403784429, 0.00000000000000 ) );
#4480 = DIRECTION( '', ( -0.866025403784429, 0.500000000000017, 0.00000000000000 ) );
#4481 = SURFACE_STYLE_FILL_AREA( #5802 );
#4482 = ORIENTED_EDGE( '', *, *, #5199, .F. );
#4483 = ORIENTED_EDGE( '', *, *, #5692, .T. );
#4484 = CARTESIAN_POINT( '', ( 0.0140875000000000, -0.00400000000000000, -0.00600000000000000 ) );
#4485 = DIRECTION( '', ( 1.00000000000000, 0.00000000000000, 0.00000000000000 ) );
#4486 = DIRECTION( '', ( 0.00000000000000, -1.00000000000000, 0.00000000000000 ) );
#4487 = SURFACE_STYLE_FILL_AREA( #5803 );
#4488 = ORIENTED_EDGE( '', *, *, #5616, .T. );
#4489 = ORIENTED_EDGE( '', *, *, #5515, .F. );
#4490 = ORIENTED_EDGE( '', *, *, #5430, .F. );
#4491 = ORIENTED_EDGE( '', *, *, #5804, .T. );
#4492 = CARTESIAN_POINT( '', ( 0.0120000000000000, -0.0314226497308100, 0.0167000000000000 ) );
#4493 = DIRECTION( '', ( 0.500000000000017, 0.866025403784429, 0.00000000000000 ) );
#4494 = DIRECTION( '', ( 0.00000000000000, 0.00000000000000, -1.00000000000000 ) );
#4495 = SURFACE_STYLE_FILL_AREA( #5805 );
#4496 = ORIENTED_EDGE( '', *, *, #5360, .T. );
#4497 = ORIENTED_EDGE( '', *, *, #5278, .F. );
#4498 = ORIENTED_EDGE( '', *, *, #5575, .F. );
#4499 = ORIENTED_EDGE( '', *, *, #5378, .T. );
#4500 = CARTESIAN_POINT( '', ( -0.0100000000000000, 0.00857735026919000, -0.0167000000000000 ) );
#4501 = DIRECTION( '', ( 1.00000000000000, 0.00000000000000, 0.00000000000000 ) );
#4502 = DIRECTION( '', ( 0.00000000000000, 1.00000000000000, 0.00000000000000 ) );
#4503 = SURFACE_STYLE_FILL_AREA( #5806 );
#4504 = ORIENTED_EDGE( '', *, *, #5807, .F. );
#4505 = ORIENTED_EDGE( '', *, *, #5808, .T. );
#4506 = CARTESIAN_POINT( '', ( 0.00000000000000, 0.00000000000000, 0.0142000000000000 ) );
#4507 = DIRECTION( '', ( 0.00000000000000, 0.00000000000000, 1.00000000000000 ) );
#4508 = DIRECTION( '', ( 1.00000000000000, 0.00000000000000, 0.00000000000000 ) );
#4509 = SURFACE_STYLE_FILL_AREA( #5809 );
#4510 = ORIENTED_EDGE( '', *, *, #5810, .T. );
#4511 = ORIENTED_EDGE( '', *, *, #5225, .F. );
#4512 = CARTESIAN_POINT( '', ( -0.0110000000000000, 0.00800000000000000, 0.0174250000000000 ) );
#4513 = DIRECTION( '', ( -0.00000000000000, -0.00000000000000, 1.00000000000000 ) );
#4514 = DIRECTION( '', ( 0.00000000000000, -1.00000000000000, 0.00000000000000 ) );
#4515 = SURFACE_STYLE_FILL_AREA( #5811 );
#4516 = ORIENTED_EDGE( '', *, *, #5772, .T. );
#4517 = ORIENTED_EDGE( '', *, *, #5471, .F. );
#4518 = ORIENTED_EDGE( '', *, *, #5705, .F. );
#4519 = ORIENTED_EDGE( '', *, *, #5548, .F. );
#4520 = ORIENTED_EDGE( '', *, *, #5501, .F. );
#4521 = ORIENTED_EDGE( '', *, *, #5614, .F. );
#4522 = ORIENTED_EDGE( '', *, *, #5812, .F. );
#4523 = CARTESIAN_POINT( '', ( 0.0110000000000000, 0.00800000000000000, -0.0167000000000000 ) );
#4524 = DIRECTION( '', ( 0.00000000000000, 0.00000000000000, 1.00000000000000 ) );
#4525 = DIRECTION( '', ( 1.00000000000000, 0.00000000000000, 0.00000000000000 ) );
#4526 = SURFACE_STYLE_FILL_AREA( #5813 );
#4527 = ORIENTED_EDGE( '', *, *, #5783, .F. );
#4528 = ORIENTED_EDGE( '', *, *, #5774, .T. );
#4529 = ORIENTED_EDGE( '', *, *, #5240, .F. );
#4530 = ORIENTED_EDGE( '', *, *, #5814, .F. );
#4531 = ORIENTED_EDGE( '', *, *, #5689, .T. );
#4532 = ORIENTED_EDGE( '', *, *, #5755, .T. );
#4533 = ORIENTED_EDGE( '', *, *, #5815, .T. );
#4534 = ORIENTED_EDGE( '', *, *, #5605, .F. );
#4535 = ORIENTED_EDGE( '', *, *, #5494, .T. );
#4536 = ORIENTED_EDGE( '', *, *, #5816, .F. );
#4537 = ORIENTED_EDGE( '', *, *, #5659, .F. );
#4538 = ORIENTED_EDGE( '', *, *, #5817, .T. );
#4539 = ORIENTED_EDGE( '', *, *, #5383, .T. );
#4540 = ORIENTED_EDGE( '', *, *, #5818, .F. );
#4541 = ORIENTED_EDGE( '', *, *, #5230, .F. );
#4542 = ORIENTED_EDGE( '', *, *, #5759, .F. );
#4543 = ORIENTED_EDGE( '', *, *, #5400, .F. );
#4544 = ORIENTED_EDGE( '', *, *, #5265, .T. );
#4545 = CARTESIAN_POINT( '', ( -0.0171000000000000, -0.00800000000000000, -0.0170000000000000 ) );
#4546 = DIRECTION( '', ( -0.00000000000000, 1.00000000000000, 0.00000000000000 ) );
#4547 = DIRECTION( '', ( 1.00000000000000, 0.00000000000000, 0.00000000000000 ) );
#4548 = SURFACE_STYLE_FILL_AREA( #5819 );
#4549 = ORIENTED_EDGE( '', *, *, #5271, .T. );
#4550 = ORIENTED_EDGE( '', *, *, #5620, .T. );
#4551 = CARTESIAN_POINT( '', ( 0.00565685424949200, -0.00565685424949200, 0.0163952770800200 ) );
#4552 = DIRECTION( '', ( -0.00000000000000, 0.00000000000000, -1.00000000000000 ) );
#4553 = DIRECTION( '', ( 0.707106781186548, 0.707106781186548, 0.00000000000000 ) );
#4554 = SURFACE_STYLE_FILL_AREA( #5820 );
#4555 = ORIENTED_EDGE( '', *, *, #5239, .T. );
#4556 = ORIENTED_EDGE( '', *, *, #5821, .T. );
#4557 = ORIENTED_EDGE( '', *, *, #5690, .F. );
#4558 = ORIENTED_EDGE( '', *, *, #5814, .T. );
#4559 = CARTESIAN_POINT( '', ( 0.0140500000000000, 0.000625000000000000, -0.0168000000000000 ) );
#4560 = DIRECTION( '', ( 0.707106781186548, 0.00000000000000, -0.707106781186548 ) );
#4561 = DIRECTION( '', ( 0.00000000000000, -1.00000000000000, 0.00000000000000 ) );
#4562 = SURFACE_STYLE_FILL_AREA( #5822 );
#4563 = ORIENTED_EDGE( '', *, *, #5823, .F. );
#4564 = ORIENTED_EDGE( '', *, *, #5718, .T. );
#4565 = CARTESIAN_POINT( '', ( -0.00800000000000000, -0.0350875000000000, -0.00600000000000000 ) );
#4566 = DIRECTION( '', ( -0.00000000000000, -1.00000000000000, 0.00000000000000 ) );
#4567 = DIRECTION( '', ( -1.00000000000000, 0.00000000000000, 0.00000000000000 ) );
#4568 = SURFACE_STYLE_FILL_AREA( #5824 );
#4569 = ORIENTED_EDGE( '', *, *, #5382, .F. );
#4570 = ORIENTED_EDGE( '', *, *, #5601, .F. );
#4571 = ORIENTED_EDGE( '', *, *, #5231, .T. );
#4572 = ORIENTED_EDGE( '', *, *, #5818, .T. );
#4573 = CARTESIAN_POINT( '', ( -0.0140500000000000, 0.000625000000000000, -0.0168000000000000 ) );
#4574 = DIRECTION( '', ( -0.707106781186548, 0.00000000000000, -0.707106781186548 ) );
#4575 = DIRECTION( '', ( -0.707106781186548, 0.00000000000000, 0.707106781186548 ) );
#4576 = SURFACE_STYLE_FILL_AREA( #5825 );
#4577 = ORIENTED_EDGE( '', *, *, #5198, .F. );
#4578 = CARTESIAN_POINT( '', ( 0.0112500000000000, 0.00000000000000, 0.00000000000000 ) );
#4579 = DIRECTION( '', ( 1.00000000000000, 0.00000000000000, 0.00000000000000 ) );
#4580 = DIRECTION( '', ( 0.00000000000000, 1.00000000000000, 0.00000000000000 ) );
#4581 = SURFACE_STYLE_FILL_AREA( #5826 );
#4582 = ORIENTED_EDGE( '', *, *, #5245, .T. );
#4583 = ORIENTED_EDGE( '', *, *, #5827, .T. );
#4584 = CARTESIAN_POINT( '', ( 0.0110000000000000, 0.00800000000000000, -0.0170000000000000 ) );
#4585 = DIRECTION( '', ( -0.00000000000000, -0.00000000000000, 1.00000000000000 ) );
#4586 = DIRECTION( '', ( -1.00000000000000, 0.00000000000000, 0.00000000000000 ) );
#4587 = SURFACE_STYLE_FILL_AREA( #5828 );
#4588 = ORIENTED_EDGE( '', *, *, #5422, .F. );
#4589 = ORIENTED_EDGE( '', *, *, #5625, .T. );
#4590 = ORIENTED_EDGE( '', *, *, #5829, .T. );
#4591 = ORIENTED_EDGE( '', *, *, #5724, .F. );
#4592 = CARTESIAN_POINT( '', ( -0.0131085786437600, -0.0341085786437600, 0.0168000000000000 ) );
#4593 = DIRECTION( '', ( -0.500000000000017, -0.500000000000017, 0.707106781186524 ) );
#4594 = DIRECTION( '', ( -0.707106781186548, 0.707106781186548, 0.00000000000000 ) );
#4595 = SURFACE_STYLE_FILL_AREA( #5830 );
#4596 = ORIENTED_EDGE( '', *, *, #5831, .T. );
#4597 = ORIENTED_EDGE( '', *, *, #5765, .F. );
#4598 = ORIENTED_EDGE( '', *, *, #5832, .F. );
#4599 = ORIENTED_EDGE( '', *, *, #5670, .T. );
#4600 = CARTESIAN_POINT( '', ( -0.0100000000000000, -0.0314226497308100, 0.0167000000000000 ) );
#4601 = DIRECTION( '', ( 0.500000000000017, 0.866025403784429, 0.00000000000000 ) );
#4602 = DIRECTION( '', ( 0.00000000000000, 0.00000000000000, -1.00000000000000 ) );
#4603 = SURFACE_STYLE_FILL_AREA( #5833 );
#4604 = ORIENTED_EDGE( '', *, *, #5326, .F. );
#4605 = CARTESIAN_POINT( '', ( 0.00800000000000000, 0.00825000000000000, 0.00600000000000000 ) );
#4606 = DIRECTION( '', ( -0.00000000000000, 1.00000000000000, 0.00000000000000 ) );
#4607 = DIRECTION( '', ( 1.00000000000000, 0.00000000000000, 0.00000000000000 ) );
#4608 = SURFACE_STYLE_FILL_AREA( #5834 );
#4609 = ORIENTED_EDGE( '', *, *, #5315, .F. );
#4610 = ORIENTED_EDGE( '', *, *, #5721, .T. );
#4611 = CARTESIAN_POINT( '', ( 0.0110000000000000, 0.00800000000000000, -0.0142000000000000 ) );
#4612 = DIRECTION( '', ( 0.00000000000000, 0.00000000000000, 1.00000000000000 ) );
#4613 = DIRECTION( '', ( 1.00000000000000, 0.00000000000000, 0.00000000000000 ) );
#4614 = SURFACE_STYLE_FILL_AREA( #5835 );
#4615 = ORIENTED_EDGE( '', *, *, #5346, .F. );
#4616 = CARTESIAN_POINT( '', ( -0.0110000000000000, -0.0320000000000000, -0.00220000000000000 ) );
#4617 = DIRECTION( '', ( 0.00000000000000, 0.00000000000000, 1.00000000000000 ) );
#4618 = DIRECTION( '', ( 1.00000000000000, 0.00000000000000, 0.00000000000000 ) );
#4619 = SURFACE_STYLE_FILL_AREA( #5836 );
#4620 = ORIENTED_EDGE( '', *, *, #5837, .F. );
#4621 = ORIENTED_EDGE( '', *, *, #5797, .F. );
#4622 = CARTESIAN_POINT( '', ( 0.0110000000000000, -0.0320000000000000, 0.0174250000000000 ) );
#4623 = DIRECTION( '', ( -0.00000000000000, -0.00000000000000, 1.00000000000000 ) );
#4624 = DIRECTION( '', ( 0.00000000000000, -1.00000000000000, 0.00000000000000 ) );
#4625 = SURFACE_STYLE_FILL_AREA( #5838 );
#4626 = ORIENTED_EDGE( '', *, *, #5839, .F. );
#4627 = ORIENTED_EDGE( '', *, *, #5747, .T. );
#4628 = CARTESIAN_POINT( '', ( -0.00565685424949200, -0.00565685424949200, 0.0188500000000000 ) );
#4629 = DIRECTION( '', ( -0.00000000000000, 0.00000000000000, 1.00000000000000 ) );
#4630 = DIRECTION( '', ( 0.707106781186548, -0.707106781186548, 0.00000000000000 ) );
#4631 = SURFACE_STYLE_FILL_AREA( #5840 );
#4632 = ORIENTED_EDGE( '', *, *, #5737, .F. );
#4633 = ORIENTED_EDGE( '', *, *, #5626, .T. );
#4634 = ORIENTED_EDGE( '', *, *, #5293, .T. );
#4635 = ORIENTED_EDGE( '', *, *, #5691, .F. );
#4636 = CARTESIAN_POINT( '', ( 0.0140500000000000, -0.0120000000000000, 0.0168000000000000 ) );
#4637 = DIRECTION( '', ( 0.707106781186548, 0.00000000000000, 0.707106781186548 ) );
#4638 = DIRECTION( '', ( 0.00000000000000, -1.00000000000000, 0.00000000000000 ) );
#4639 = SURFACE_STYLE_FILL_AREA( #5841 );
#4640 = ORIENTED_EDGE( '', *, *, #5781, .T. );
#4641 = ORIENTED_EDGE( '', *, *, #5801, .T. );
#4642 = ORIENTED_EDGE( '', *, *, #5666, .T. );
#4643 = ORIENTED_EDGE( '', *, *, #5679, .T. );
#4644 = ORIENTED_EDGE( '', *, *, #5786, .T. );
#4645 = ORIENTED_EDGE( '', *, *, #5583, .T. );
#4646 = CARTESIAN_POINT( '', ( -0.0110000000000000, 0.00800000000000000, 0.0154500000000000 ) );
#4647 = DIRECTION( '', ( 0.00000000000000, 0.00000000000000, 1.00000000000000 ) );
#4648 = DIRECTION( '', ( 1.00000000000000, 0.00000000000000, 0.00000000000000 ) );
#4649 = SURFACE_STYLE_FILL_AREA( #5842 );
#4650 = ORIENTED_EDGE( '', *, *, #5491, .F. );
#4651 = ORIENTED_EDGE( '', *, *, #5843, .T. );
#4652 = ORIENTED_EDGE( '', *, *, #5305, .T. );
#4653 = ORIENTED_EDGE( '', *, *, #5653, .F. );
#4654 = CARTESIAN_POINT( '', ( -0.00940000000000000, -0.0155000000000000, -0.0170000000000000 ) );
#4655 = DIRECTION( '', ( -0.00000000000000, 1.00000000000000, 0.00000000000000 ) );
#4656 = DIRECTION( '', ( 1.00000000000000, 0.00000000000000, 0.00000000000000 ) );
#4657 = SURFACE_STYLE_FILL_AREA( #5844 );
#4658 = ORIENTED_EDGE( '', *, *, #5817, .F. );
#4659 = ORIENTED_EDGE( '', *, *, #5658, .F. );
#4660 = ORIENTED_EDGE( '', *, *, #5845, .F. );
#4661 = ORIENTED_EDGE( '', *, *, #5384, .F. );
#4662 = CARTESIAN_POINT( '', ( 0.00000000000000, 0.00000000000000, -0.00850000000000000 ) );
#4663 = DIRECTION( '', ( 0.00000000000000, 0.00000000000000, -1.00000000000000 ) );
#4664 = DIRECTION( '', ( 0.00000000000000, -1.00000000000000, 0.00000000000000 ) );
#4665 = SURFACE_STYLE_FILL_AREA( #5846 );
#4666 = ORIENTED_EDGE( '', *, *, #5269, .F. );
#4667 = ORIENTED_EDGE( '', *, *, #5330, .F. );
#4668 = CARTESIAN_POINT( '', ( -0.0110000000000000, 0.00800000000000000, -0.00800000000000000 ) );
#4669 = DIRECTION( '', ( 0.00000000000000, 0.00000000000000, -1.00000000000000 ) );
#4670 = DIRECTION( '', ( 0.00000000000000, -1.00000000000000, 0.00000000000000 ) );
#4671 = SURFACE_STYLE_FILL_AREA( #5847 );
#4672 = ORIENTED_EDGE( '', *, *, #5398, .T. );
#4673 = ORIENTED_EDGE( '', *, *, #5739, .T. );
#4674 = CARTESIAN_POINT( '', ( 0.0110000000000000, -0.0320000000000000, -0.000528323758771600 ) );
#4675 = DIRECTION( '', ( -0.00000000000000, -0.00000000000000, 1.00000000000000 ) );
#4676 = DIRECTION( '', ( 1.00000000000000, 0.00000000000000, 0.00000000000000 ) );
#4677 = SURFACE_STYLE_FILL_AREA( #5848 );
#4678 = ORIENTED_EDGE( '', *, *, #5301, .T. );
#4679 = ORIENTED_EDGE( '', *, *, #5849, .T. );
#4680 = ORIENTED_EDGE( '', *, *, #5386, .F. );
#4681 = ORIENTED_EDGE( '', *, *, #5850, .T. );
#4682 = CARTESIAN_POINT( '', ( -0.0140500000000000, -0.0271250000000000, -0.0168000000000000 ) );
#4683 = DIRECTION( '', ( -0.707106781186548, 0.00000000000000, -0.707106781186548 ) );
#4684 = DIRECTION( '', ( -0.707106781186548, 0.00000000000000, 0.707106781186548 ) );
#4685 = SURFACE_STYLE_FILL_AREA( #5851 );
#4686 = ORIENTED_EDGE( '', *, *, #5338, .F. );
#4687 = ORIENTED_EDGE( '', *, *, #5717, .T. );
#4688 = CARTESIAN_POINT( '', ( -0.00800000000000000, -0.0350875000000000, 0.00600000000000000 ) );
#4689 = DIRECTION( '', ( -0.00000000000000, -1.00000000000000, 0.00000000000000 ) );
#4690 = DIRECTION( '', ( -1.00000000000000, 0.00000000000000, 0.00000000000000 ) );
#4691 = SURFACE_STYLE_FILL_AREA( #5852 );
#4692 = ORIENTED_EDGE( '', *, *, #5320, .T. );
#4693 = ORIENTED_EDGE( '', *, *, #5766, .F. );
#4694 = ORIENTED_EDGE( '', *, *, #5831, .F. );
#4695 = ORIENTED_EDGE( '', *, *, #5674, .T. );
#4696 = CARTESIAN_POINT( '', ( -0.0110000000000000, -0.0308452994616200, 0.0167000000000000 ) );
#4697 = DIRECTION( '', ( -0.500000000000017, 0.866025403784429, 0.00000000000000 ) );
#4698 = DIRECTION( '', ( 0.00000000000000, 0.00000000000000, 1.00000000000000 ) );
#4699 = SURFACE_STYLE_FILL_AREA( #5853 );
#4700 = ORIENTED_EDGE( '', *, *, #5558, .T. );
#4701 = ORIENTED_EDGE( '', *, *, #5723, .F. );
#4702 = ORIENTED_EDGE( '', *, *, #5849, .F. );
#4703 = ORIENTED_EDGE( '', *, *, #5300, .T. );
#4704 = CARTESIAN_POINT( '', ( -0.0131085786437600, -0.0341085786437600, -0.0168000000000000 ) );
#4705 = DIRECTION( '', ( -0.500000000000017, -0.500000000000017, -0.707106781186524 ) );
#4706 = DIRECTION( '', ( -2.77555756156298E-17, -0.816496580927708, 0.577350269189652 ) );
#4707 = SURFACE_STYLE_FILL_AREA( #5854 );
#4708 = ORIENTED_EDGE( '', *, *, #5554, .F. );
#4709 = CARTESIAN_POINT( '', ( 0.0110000000000000, 0.00800000000000000, -0.00220000000000000 ) );
#4710 = DIRECTION( '', ( 0.00000000000000, 0.00000000000000, 1.00000000000000 ) );
#4711 = DIRECTION( '', ( 1.00000000000000, 0.00000000000000, 0.00000000000000 ) );
#4712 = SURFACE_STYLE_FILL_AREA( #5855 );
#4713 = ORIENTED_EDGE( '', *, *, #5856, .T. );
#4714 = ORIENTED_EDGE( '', *, *, #5763, .F. );
#4715 = ORIENTED_EDGE( '', *, *, #5857, .F. );
#4716 = ORIENTED_EDGE( '', *, *, #5672, .T. );
#4717 = CARTESIAN_POINT( '', ( -0.0110000000000000, -0.0331547005383800, 0.0167000000000000 ) );
#4718 = DIRECTION( '', ( 0.500000000000017, -0.866025403784429, 0.00000000000000 ) );
#4719 = DIRECTION( '', ( 0.00000000000000, 0.00000000000000, -1.00000000000000 ) );
#4720 = SURFACE_STYLE_FILL_AREA( #5858 );
#4721 = ORIENTED_EDGE( '', *, *, #5757, .T. );
#4722 = ORIENTED_EDGE( '', *, *, #5823, .T. );
#4723 = CARTESIAN_POINT( '', ( -0.00800000000000000, -0.0314533237587700, -0.00600000000000000 ) );
#4724 = DIRECTION( '', ( -0.00000000000000, 1.00000000000000, -0.00000000000000 ) );
#4725 = DIRECTION( '', ( -1.00000000000000, 0.00000000000000, 0.00000000000000 ) );
#4726 = SURFACE_STYLE_FILL_AREA( #5859 );
#4727 = ORIENTED_EDGE( '', *, *, #5662, .T. );
#4728 = ORIENTED_EDGE( '', *, *, #5458, .F. );
#4729 = ORIENTED_EDGE( '', *, *, #5479, .F. );
#4730 = ORIENTED_EDGE( '', *, *, #5860, .T. );
#4731 = CARTESIAN_POINT( '', ( -0.0100000000000000, -0.0314226497308100, -0.0167000000000000 ) );
#4732 = DIRECTION( '', ( 1.00000000000000, 0.00000000000000, 0.00000000000000 ) );
#4733 = DIRECTION( '', ( 0.00000000000000, 1.00000000000000, 0.00000000000000 ) );
#4734 = SURFACE_STYLE_FILL_AREA( #5861 );
#4735 = ORIENTED_EDGE( '', *, *, #5862, .F. );
#4736 = ORIENTED_EDGE( '', *, *, #5344, .T. );
#4737 = CARTESIAN_POINT( '', ( 0.00000000000000, 0.00000000000000, -0.0142000000000000 ) );
#4738 = DIRECTION( '', ( 0.00000000000000, 0.00000000000000, -1.00000000000000 ) );
#4739 = DIRECTION( '', ( 0.00000000000000, -1.00000000000000, 0.00000000000000 ) );
#4740 = SURFACE_STYLE_FILL_AREA( #5863 );
#4741 = ORIENTED_EDGE( '', *, *, #5613, .T. );
#4742 = ORIENTED_EDGE( '', *, *, #5456, .F. );
#4743 = ORIENTED_EDGE( '', *, *, #5469, .F. );
#4744 = ORIENTED_EDGE( '', *, *, #5812, .T. );
#4745 = CARTESIAN_POINT( '', ( 0.0110000000000000, 0.00915470053837900, -0.0167000000000000 ) );
#4746 = DIRECTION( '', ( 0.500000000000017, 0.866025403784429, 0.00000000000000 ) );
#4747 = DIRECTION( '', ( 0.00000000000000, 0.00000000000000, -1.00000000000000 ) );
#4748 = SURFACE_STYLE_FILL_AREA( #5864 );
#4749 = ORIENTED_EDGE( '', *, *, #5865, .F. );
#4750 = ORIENTED_EDGE( '', *, *, #5866, .F. );
#4751 = CARTESIAN_POINT( '', ( 0.0110000000000000, -0.0320000000000000, -0.0166375000000000 ) );
#4752 = DIRECTION( '', ( 0.00000000000000, 0.00000000000000, 1.00000000000000 ) );
#4753 = DIRECTION( '', ( -1.00000000000000, 0.00000000000000, 0.00000000000000 ) );
#4754 = SURFACE_STYLE_FILL_AREA( #5867 );
#4755 = ORIENTED_EDGE( '', *, *, #5810, .F. );
#4756 = ORIENTED_EDGE( '', *, *, #5206, .F. );
#4757 = CARTESIAN_POINT( '', ( -0.0110000000000000, 0.00800000000000000, 0.0166375000000000 ) );
#4758 = DIRECTION( '', ( 0.00000000000000, -0.00000000000000, -1.00000000000000 ) );
#4759 = DIRECTION( '', ( 1.00000000000000, 0.00000000000000, 0.00000000000000 ) );
#4760 = SURFACE_STYLE_FILL_AREA( #5868 );
#4761 = ORIENTED_EDGE( '', *, *, #5827, .F. );
#4762 = ORIENTED_EDGE( '', *, *, #5869, .T. );
#4763 = CARTESIAN_POINT( '', ( 0.00000000000000, 0.00000000000000, -0.0142000000000000 ) );
#4764 = DIRECTION( '', ( 0.00000000000000, 0.00000000000000, -1.00000000000000 ) );
#4765 = DIRECTION( '', ( 0.00000000000000, -1.00000000000000, 0.00000000000000 ) );
#4766 = SURFACE_STYLE_FILL_AREA( #5870 );
#4767 = ORIENTED_EDGE( '', *, *, #5244, .T. );
#4768 = ORIENTED_EDGE( '', *, *, #5862, .T. );
#4769 = CARTESIAN_POINT( '', ( -0.0110000000000000, 0.00800000000000000, -0.0170000000000000 ) );
#4770 = DIRECTION( '', ( -0.00000000000000, -0.00000000000000, 1.00000000000000 ) );
#4771 = DIRECTION( '', ( -1.00000000000000, 0.00000000000000, 0.00000000000000 ) );
#4772 = SURFACE_STYLE_FILL_AREA( #5871 );
#4773 = ORIENTED_EDGE( '', *, *, #5872, .T. );
#4774 = ORIENTED_EDGE( '', *, *, #5768, .T. );
#4775 = CARTESIAN_POINT( '', ( -0.0110000000000000, 0.00800000000000000, 0.00995000000000000 ) );
#4776 = DIRECTION( '', ( 0.00000000000000, 0.00000000000000, 1.00000000000000 ) );
#4777 = DIRECTION( '', ( -1.00000000000000, 0.00000000000000, 0.00000000000000 ) );
#4778 = SURFACE_STYLE_FILL_AREA( #5873 );
#4779 = ORIENTED_EDGE( '', *, *, #5874, .F. );
#4780 = ORIENTED_EDGE( '', *, *, #5448, .T. );
#4781 = ORIENTED_EDGE( '', *, *, #5540, .T. );
#4782 = ORIENTED_EDGE( '', *, *, #5234, .T. );
#4783 = ORIENTED_EDGE( '', *, *, #5529, .F. );
#4784 = CARTESIAN_POINT( '', ( -0.00350000000000000, 0.00945000000000000, -0.0170000000000000 ) );
#4785 = DIRECTION( '', ( -1.00000000000000, 0.00000000000000, 0.00000000000000 ) );
#4786 = DIRECTION( '', ( 0.00000000000000, 0.00000000000000, 1.00000000000000 ) );
#4787 = SURFACE_STYLE_FILL_AREA( #5875 );
#4788 = ORIENTED_EDGE( '', *, *, #5866, .T. );
#4789 = ORIENTED_EDGE( '', *, *, #5204, .F. );
#4790 = ORIENTED_EDGE( '', *, *, #5876, .F. );
#4791 = ORIENTED_EDGE( '', *, *, #5564, .F. );
#4792 = ORIENTED_EDGE( '', *, *, #5682, .F. );
#4793 = ORIENTED_EDGE( '', *, *, #5467, .F. );
#4794 = ORIENTED_EDGE( '', *, *, #5742, .F. );
#4795 = CARTESIAN_POINT( '', ( 0.0110000000000000, -0.0320000000000000, -0.0167000000000000 ) );
#4796 = DIRECTION( '', ( 0.00000000000000, 0.00000000000000, 1.00000000000000 ) );
#4797 = DIRECTION( '', ( 1.00000000000000, 0.00000000000000, 0.00000000000000 ) );
#4798 = SURFACE_STYLE_FILL_AREA( #5877 );
#4799 = ORIENTED_EDGE( '', *, *, #5262, .F. );
#4800 = CARTESIAN_POINT( '', ( 0.0112500000000000, 0.00000000000000, 0.00000000000000 ) );
#4801 = DIRECTION( '', ( 1.00000000000000, 0.00000000000000, 0.00000000000000 ) );
#4802 = DIRECTION( '', ( 0.00000000000000, 1.00000000000000, 0.00000000000000 ) );
#4803 = SURFACE_STYLE_FILL_AREA( #5878 );
#4804 = ORIENTED_EDGE( '', *, *, #5309, .T. );
#4805 = ORIENTED_EDGE( '', *, *, #5648, .T. );
#4806 = CARTESIAN_POINT( '', ( -0.0110000000000000, -0.0320000000000000, -0.0170000000000000 ) );
#4807 = DIRECTION( '', ( -0.00000000000000, -0.00000000000000, 1.00000000000000 ) );
#4808 = DIRECTION( '', ( -1.00000000000000, 0.00000000000000, 0.00000000000000 ) );
#4809 = SURFACE_STYLE_FILL_AREA( #5879 );
#4810 = ORIENTED_EDGE( '', *, *, #5566, .F. );
#4811 = CARTESIAN_POINT( '', ( 0.00000000000000, -0.0322500000000000, 0.00000000000000 ) );
#4812 = DIRECTION( '', ( 0.00000000000000, -1.00000000000000, 0.00000000000000 ) );
#4813 = DIRECTION( '', ( 0.00000000000000, 0.00000000000000, -1.00000000000000 ) );
#4814 = SURFACE_STYLE_FILL_AREA( #5880 );
#4815 = ORIENTED_EDGE( '', *, *, #5676, .F. );
#4816 = ORIENTED_EDGE( '', *, *, #5881, .T. );
#4817 = CARTESIAN_POINT( '', ( 0.00000000000000, 0.00000000000000, -0.0142000000000000 ) );
#4818 = DIRECTION( '', ( 0.00000000000000, 0.00000000000000, -1.00000000000000 ) );
#4819 = DIRECTION( '', ( 0.00000000000000, -1.00000000000000, 0.00000000000000 ) );
#4820 = SURFACE_STYLE_FILL_AREA( #5882 );
#4821 = ORIENTED_EDGE( '', *, *, #5385, .T. );
#4822 = ORIENTED_EDGE( '', *, *, #5845, .T. );
#4823 = ORIENTED_EDGE( '', *, *, #5657, .F. );
#4824 = ORIENTED_EDGE( '', *, *, #5302, .T. );
#4825 = ORIENTED_EDGE( '', *, *, #5850, .F. );
#4826 = CARTESIAN_POINT( '', ( -0.0171000000000000, -0.0210000000000000, -0.0138000000000000 ) );
#4827 = DIRECTION( '', ( 0.00000000000000, -1.00000000000000, 0.00000000000000 ) );
#4828 = DIRECTION( '', ( 0.00000000000000, 0.00000000000000, -1.00000000000000 ) );
#4829 = SURFACE_STYLE_FILL_AREA( #5883 );
#4830 = ORIENTED_EDGE( '', *, *, #5573, .T. );
#4831 = ORIENTED_EDGE( '', *, *, #5510, .T. );
#4832 = CARTESIAN_POINT( '', ( 0.00000000000000, 0.00000000000000, 0.0209000000000000 ) );
#4833 = DIRECTION( '', ( -0.00000000000000, -0.00000000000000, -1.00000000000000 ) );
#4834 = DIRECTION( '', ( 1.00000000000000, 0.00000000000000, 0.00000000000000 ) );
#4835 = SURFACE_STYLE_FILL_AREA( #5884 );
#4836 = ORIENTED_EDGE( '', *, *, #5203, .T. );
#4837 = ORIENTED_EDGE( '', *, *, #5885, .F. );
#4838 = ORIENTED_EDGE( '', *, *, #5561, .F. );
#4839 = ORIENTED_EDGE( '', *, *, #5876, .T. );
#4840 = CARTESIAN_POINT( '', ( 0.0100000000000000, -0.0325773502691900, -0.0167000000000000 ) );
#4841 = DIRECTION( '', ( -1.00000000000000, 0.00000000000000, 0.00000000000000 ) );
#4842 = DIRECTION( '', ( 0.00000000000000, 0.00000000000000, 1.00000000000000 ) );
#4843 = SURFACE_STYLE_FILL_AREA( #5886 );
#4844 = ORIENTED_EDGE( '', *, *, #5483, .T. );
#4845 = ORIENTED_EDGE( '', *, *, #5839, .T. );
#4846 = CARTESIAN_POINT( '', ( -0.00565685424949200, -0.00565685424949200, 0.0163952770800200 ) );
#4847 = DIRECTION( '', ( -0.00000000000000, -0.00000000000000, -1.00000000000000 ) );
#4848 = DIRECTION( '', ( 0.707106781186548, -0.707106781186548, 0.00000000000000 ) );
#4849 = SURFACE_STYLE_FILL_AREA( #5887 );
#4850 = ORIENTED_EDGE( '', *, *, #5829, .F. );
#4851 = ORIENTED_EDGE( '', *, *, #5624, .T. );
#4852 = ORIENTED_EDGE( '', *, *, #5888, .T. );
#4853 = ORIENTED_EDGE( '', *, *, #5388, .F. );
#4854 = CARTESIAN_POINT( '', ( -0.0140500000000000, -0.0120000000000000, 0.0168000000000000 ) );
#4855 = DIRECTION( '', ( -0.707106781186548, 0.00000000000000, 0.707106781186548 ) );
#4856 = DIRECTION( '', ( 0.00000000000000, 1.00000000000000, 0.00000000000000 ) );
#4857 = SURFACE_STYLE_FILL_AREA( #5889 );
#4858 = ORIENTED_EDGE( '', *, *, #5703, .F. );
#4859 = ORIENTED_EDGE( '', *, *, #5392, .T. );
#4860 = CARTESIAN_POINT( '', ( -0.0140875000000000, -0.00400000000000000, -0.00600000000000000 ) );
#4861 = DIRECTION( '', ( -1.00000000000000, 0.00000000000000, -0.00000000000000 ) );
#4862 = DIRECTION( '', ( 0.00000000000000, 1.00000000000000, 0.00000000000000 ) );
#4863 = SURFACE_STYLE_FILL_AREA( #5890 );
#4864 = ORIENTED_EDGE( '', *, *, #5891, .T. );
#4865 = ORIENTED_EDGE( '', *, *, #5276, .F. );
#4866 = ORIENTED_EDGE( '', *, *, #5892, .F. );
#4867 = ORIENTED_EDGE( '', *, *, #5506, .F. );
#4868 = ORIENTED_EDGE( '', *, *, #5793, .F. );
#4869 = ORIENTED_EDGE( '', *, *, #5252, .F. );
#4870 = ORIENTED_EDGE( '', *, *, #5437, .F. );
#4871 = CARTESIAN_POINT( '', ( 0.0110000000000000, 0.00800000000000000, 0.0167000000000000 ) );
#4872 = DIRECTION( '', ( 0.00000000000000, 0.00000000000000, -1.00000000000000 ) );
#4873 = DIRECTION( '', ( 0.00000000000000, -1.00000000000000, 0.00000000000000 ) );
#4874 = SURFACE_STYLE_FILL_AREA( #5893 );
#4875 = ORIENTED_EDGE( '', *, *, #5275, .T. );
#4876 = ORIENTED_EDGE( '', *, *, #5894, .F. );
#4877 = ORIENTED_EDGE( '', *, *, #5503, .F. );
#4878 = ORIENTED_EDGE( '', *, *, #5892, .T. );
#4879 = CARTESIAN_POINT( '', ( 0.0120000000000000, 0.00742264973081000, 0.0167000000000000 ) );
#4880 = DIRECTION( '', ( 1.00000000000000, 0.00000000000000, 0.00000000000000 ) );
#4881 = DIRECTION( '', ( 0.00000000000000, 1.00000000000000, 0.00000000000000 ) );
#4882 = SURFACE_STYLE_FILL_AREA( #5895 );
#4883 = ORIENTED_EDGE( '', *, *, #5637, .T. );
#4884 = ORIENTED_EDGE( '', *, *, #5193, .T. );
#4885 = CARTESIAN_POINT( '', ( -0.0110000000000000, 0.00800000000000000, -0.000528323758771600 ) );
#4886 = DIRECTION( '', ( -0.00000000000000, -0.00000000000000, 1.00000000000000 ) );
#4887 = DIRECTION( '', ( 1.00000000000000, 0.00000000000000, 0.00000000000000 ) );
#4888 = SURFACE_STYLE_FILL_AREA( #5896 );
#4889 = ORIENTED_EDGE( '', *, *, #5735, .F. );
#4890 = ORIENTED_EDGE( '', *, *, #5837, .T. );
#4891 = CARTESIAN_POINT( '', ( 0.0110000000000000, -0.0320000000000000, 0.0142000000000000 ) );
#4892 = DIRECTION( '', ( 0.00000000000000, 0.00000000000000, -1.00000000000000 ) );
#4893 = DIRECTION( '', ( 0.00000000000000, -1.00000000000000, 0.00000000000000 ) );
#4894 = SURFACE_STYLE_FILL_AREA( #5897 );
#4895 = ORIENTED_EDGE( '', *, *, #5816, .T. );
#4896 = ORIENTED_EDGE( '', *, *, #5493, .T. );
#4897 = ORIENTED_EDGE( '', *, *, #5655, .T. );
#4898 = ORIENTED_EDGE( '', *, *, #5660, .F. );
#4899 = CARTESIAN_POINT( '', ( -0.00920000000000000, -0.0132000000000000, -0.0136000000000000 ) );
#4900 = DIRECTION( '', ( -0.707106781186548, 0.00000000000000, -0.707106781186548 ) );
#4901 = DIRECTION( '', ( -0.707106781186548, 0.00000000000000, 0.707106781186548 ) );
#4902 = SURFACE_STYLE_FILL_AREA( #5898 );
#4903 = ORIENTED_EDGE( '', *, *, #5480, .T. );
#4904 = ORIENTED_EDGE( '', *, *, #5461, .F. );
#4905 = ORIENTED_EDGE( '', *, *, #5899, .F. );
#4906 = ORIENTED_EDGE( '', *, *, #5900, .T. );
#4907 = CARTESIAN_POINT( '', ( -0.0120000000000000, -0.0314226497308100, -0.0167000000000000 ) );
#4908 = DIRECTION( '', ( -0.500000000000017, 0.866025403784429, 0.00000000000000 ) );
#4909 = DIRECTION( '', ( 0.00000000000000, 0.00000000000000, 1.00000000000000 ) );
#4910 = SURFACE_STYLE_FILL_AREA( #5901 );
#4911 = ORIENTED_EDGE( '', *, *, #5902, .F. );
#4912 = ORIENTED_EDGE( '', *, *, #5872, .F. );
#4913 = CARTESIAN_POINT( '', ( -0.0110000000000000, 0.00800000000000000, 0.0174250000000000 ) );
#4914 = DIRECTION( '', ( -0.00000000000000, -0.00000000000000, 1.00000000000000 ) );
#4915 = DIRECTION( '', ( 0.00000000000000, -1.00000000000000, 0.00000000000000 ) );
#4916 = SURFACE_STYLE_FILL_AREA( #5903 );
#4917 = ORIENTED_EDGE( '', *, *, #5857, .T. );
#4918 = ORIENTED_EDGE( '', *, *, #5762, .F. );
#4919 = ORIENTED_EDGE( '', *, *, #5318, .F. );
#4920 = ORIENTED_EDGE( '', *, *, #5673, .T. );
#4921 = CARTESIAN_POINT( '', ( -0.0120000000000000, -0.0325773502691900, 0.0167000000000000 ) );
#4922 = DIRECTION( '', ( -0.500000000000017, -0.866025403784429, 0.00000000000000 ) );
#4923 = DIRECTION( '', ( -0.866025403784429, 0.500000000000017, 0.00000000000000 ) );
#4924 = SURFACE_STYLE_FILL_AREA( #5904 );
#4925 = ORIENTED_EDGE( '', *, *, #5195, .T. );
#4926 = ORIENTED_EDGE( '', *, *, #5556, .F. );
#4927 = CARTESIAN_POINT( '', ( 0.0110000000000000, -0.0320000000000000, 0.0174250000000000 ) );
#4928 = DIRECTION( '', ( -0.00000000000000, -0.00000000000000, 1.00000000000000 ) );
#4929 = DIRECTION( '', ( 0.00000000000000, -1.00000000000000, 0.00000000000000 ) );
#4930 = SURFACE_STYLE_FILL_AREA( #5905 );
#4931 = ORIENTED_EDGE( '', *, *, #5832, .T. );
#4932 = ORIENTED_EDGE( '', *, *, #5764, .F. );
#4933 = ORIENTED_EDGE( '', *, *, #5856, .F. );
#4934 = ORIENTED_EDGE( '', *, *, #5671, .T. );
#4935 = CARTESIAN_POINT( '', ( -0.0100000000000000, -0.0325773502691900, 0.0167000000000000 ) );
#4936 = DIRECTION( '', ( 1.00000000000000, 0.00000000000000, 0.00000000000000 ) );
#4937 = DIRECTION( '', ( 0.00000000000000, 1.00000000000000, 0.00000000000000 ) );
#4938 = SURFACE_STYLE_FILL_AREA( #5906 );
#4939 = ORIENTED_EDGE( '', *, *, #5907, .F. );
#4940 = ORIENTED_EDGE( '', *, *, #5746, .T. );
#4941 = CARTESIAN_POINT( '', ( -0.00800000000000000, 0.00000000000000, 0.0188500000000000 ) );
#4942 = DIRECTION( '', ( -0.00000000000000, 0.00000000000000, 1.00000000000000 ) );
#4943 = DIRECTION( '', ( 0.00000000000000, -1.00000000000000, 0.00000000000000 ) );
#4944 = SURFACE_STYLE_FILL_AREA( #5908 );
#4945 = ORIENTED_EDGE( '', *, *, #5909, .F. );
#4946 = CARTESIAN_POINT( '', ( 0.00000000000000, 0.00000000000000, 0.0170000000000000 ) );
#4947 = DIRECTION( '', ( 0.00000000000000, 0.00000000000000, 1.00000000000000 ) );
#4948 = DIRECTION( '', ( 1.00000000000000, 0.00000000000000, 0.00000000000000 ) );
#4949 = SURFACE_STYLE_FILL_AREA( #5910 );
#4950 = ORIENTED_EDGE( '', *, *, #5508, .F. );
#4951 = CARTESIAN_POINT( '', ( 0.0112500000000000, 0.00000000000000, 0.00000000000000 ) );
#4952 = DIRECTION( '', ( 1.00000000000000, 0.00000000000000, 0.00000000000000 ) );
#4953 = DIRECTION( '', ( 0.00000000000000, 1.00000000000000, 0.00000000000000 ) );
#4954 = SURFACE_STYLE_FILL_AREA( #5911 );
#4955 = ORIENTED_EDGE( '', *, *, #5214, .T. );
#4956 = ORIENTED_EDGE( '', *, *, #5710, .T. );
#4957 = CARTESIAN_POINT( '', ( 0.00565685424949200, 0.00565685424949200, 0.0163952770800200 ) );
#4958 = DIRECTION( '', ( -0.00000000000000, -0.00000000000000, -1.00000000000000 ) );
#4959 = DIRECTION( '', ( -0.707106781186548, 0.707106781186548, 0.00000000000000 ) );
#4960 = SURFACE_STYLE_FILL_AREA( #5912 );
#4961 = ORIENTED_EDGE( '', *, *, #5913, .F. );
#4962 = CARTESIAN_POINT( '', ( 0.00000000000000, 0.00000000000000, 0.0170000000000000 ) );
#4963 = DIRECTION( '', ( 0.00000000000000, 0.00000000000000, 1.00000000000000 ) );
#4964 = DIRECTION( '', ( 1.00000000000000, 0.00000000000000, 0.00000000000000 ) );
#4965 = SURFACE_STYLE_FILL_AREA( #5914 );
#4966 = ORIENTED_EDGE( '', *, *, #5913, .T. );
#4967 = ORIENTED_EDGE( '', *, *, #5907, .T. );
#4968 = CARTESIAN_POINT( '', ( -0.00800000000000000, 0.00000000000000, 0.0163952770800200 ) );
#4969 = DIRECTION( '', ( -0.00000000000000, -0.00000000000000, -1.00000000000000 ) );
#4970 = DIRECTION( '', ( 0.00000000000000, -1.00000000000000, 0.00000000000000 ) );
#4971 = SURFACE_STYLE_FILL_AREA( #5915 );
#4972 = ORIENTED_EDGE( '', *, *, #5576, .T. );
#4973 = ORIENTED_EDGE( '', *, *, #5282, .F. );
#4974 = ORIENTED_EDGE( '', *, *, #5650, .F. );
#4975 = ORIENTED_EDGE( '', *, *, #5375, .T. );
#4976 = CARTESIAN_POINT( '', ( -0.0120000000000000, 0.00857735026919000, -0.0167000000000000 ) );
#4977 = DIRECTION( '', ( -0.500000000000017, 0.866025403784429, 0.00000000000000 ) );
#4978 = DIRECTION( '', ( 0.00000000000000, 0.00000000000000, 1.00000000000000 ) );
#4979 = SURFACE_STYLE_FILL_AREA( #5916 );
#4980 = ORIENTED_EDGE( '', *, *, #5702, .F. );
#4981 = CARTESIAN_POINT( '', ( -0.0112500000000000, 0.00000000000000, 0.00000000000000 ) );
#4982 = DIRECTION( '', ( 1.00000000000000, 0.00000000000000, 0.00000000000000 ) );
#4983 = DIRECTION( '', ( 0.00000000000000, 1.00000000000000, 0.00000000000000 ) );
#4984 = SURFACE_STYLE_FILL_AREA( #5917 );
#4985 = ORIENTED_EDGE( '', *, *, #5771, .T. );
#4986 = ORIENTED_EDGE( '', *, *, #5869, .F. );
#4987 = CARTESIAN_POINT( '', ( 0.0110000000000000, 0.00800000000000000, -0.0174250000000000 ) );
#4988 = DIRECTION( '', ( -0.00000000000000, -0.00000000000000, -1.00000000000000 ) );
#4989 = DIRECTION( '', ( 0.00000000000000, -1.00000000000000, 0.00000000000000 ) );
#4990 = SURFACE_STYLE_FILL_AREA( #5918 );
#4991 = ORIENTED_EDGE( '', *, *, #5476, .T. );
#4992 = ORIENTED_EDGE( '', *, *, #5632, .F. );
#4993 = ORIENTED_EDGE( '', *, *, #5821, .F. );
#4994 = ORIENTED_EDGE( '', *, *, #5238, .T. );
#4995 = CARTESIAN_POINT( '', ( 0.0131085786437600, 0.0101085786437600, -0.0168000000000000 ) );
#4996 = DIRECTION( '', ( 0.500000000000017, 0.500000000000017, -0.707106781186524 ) );
#4997 = DIRECTION( '', ( -2.77555756156298E-17, -0.816496580927708, -0.577350269189652 ) );
#4998 = SURFACE_STYLE_FILL_AREA( #5919 );
#4999 = ORIENTED_EDGE( '', *, *, #5899, .T. );
#5000 = ORIENTED_EDGE( '', *, *, #5460, .F. );
#5001 = ORIENTED_EDGE( '', *, *, #5257, .F. );
#5002 = ORIENTED_EDGE( '', *, *, #5920, .T. );
#5003 = CARTESIAN_POINT( '', ( -0.0120000000000000, -0.0325773502691900, -0.0167000000000000 ) );
#5004 = DIRECTION( '', ( -1.00000000000000, 0.00000000000000, 0.00000000000000 ) );
#5005 = DIRECTION( '', ( 0.00000000000000, 0.00000000000000, 1.00000000000000 ) );
#5006 = SURFACE_STYLE_FILL_AREA( #5921 );
#5007 = ORIENTED_EDGE( '', *, *, #5909, .T. );
#5008 = ORIENTED_EDGE( '', *, *, #5598, .T. );
#5009 = CARTESIAN_POINT( '', ( 0.00000000000000, -0.00800000000000000, 0.0163952770800200 ) );
#5010 = DIRECTION( '', ( -0.00000000000000, -0.00000000000000, -1.00000000000000 ) );
#5011 = DIRECTION( '', ( 1.00000000000000, 0.00000000000000, 0.00000000000000 ) );
#5012 = SURFACE_STYLE_FILL_AREA( #5922 );
#5013 = ORIENTED_EDGE( '', *, *, #5485, .T. );
#5014 = ORIENTED_EDGE( '', *, *, #5645, .T. );
#5015 = CARTESIAN_POINT( '', ( -0.00800000000000000, 0.00745332375877200, 0.00600000000000000 ) );
#5016 = DIRECTION( '', ( -0.00000000000000, 1.00000000000000, -0.00000000000000 ) );
#5017 = DIRECTION( '', ( -1.00000000000000, 0.00000000000000, 0.00000000000000 ) );
#5018 = SURFACE_STYLE_FILL_AREA( #5923 );
#5019 = ORIENTED_EDGE( '', *, *, #5590, .T. );
#5020 = ORIENTED_EDGE( '', *, *, #5228, .T. );
#5021 = CARTESIAN_POINT( '', ( -0.0110000000000000, -0.0320000000000000, 0.0170000000000000 ) );
#5022 = DIRECTION( '', ( -0.00000000000000, -0.00000000000000, -1.00000000000000 ) );
#5023 = DIRECTION( '', ( 1.00000000000000, 0.00000000000000, 0.00000000000000 ) );
#5024 = SURFACE_STYLE_FILL_AREA( #5924 );
#5025 = ORIENTED_EDGE( '', *, *, #5250, .T. );
#5026 = ORIENTED_EDGE( '', *, *, #5792, .T. );
#5027 = ORIENTED_EDGE( '', *, *, #5504, .T. );
#5028 = ORIENTED_EDGE( '', *, *, #5894, .T. );
#5029 = ORIENTED_EDGE( '', *, *, #5274, .T. );
#5030 = ORIENTED_EDGE( '', *, *, #5436, .T. );
#5031 = CARTESIAN_POINT( '', ( 0.0110000000000000, 0.00800000000000000, 0.0154500000000000 ) );
#5032 = DIRECTION( '', ( 0.00000000000000, 0.00000000000000, 1.00000000000000 ) );
#5033 = DIRECTION( '', ( 1.00000000000000, 0.00000000000000, 0.00000000000000 ) );
#5034 = SURFACE_STYLE_FILL_AREA( #5925 );
#5035 = ORIENTED_EDGE( '', *, *, #5926, .F. );
#5036 = ORIENTED_EDGE( '', *, *, #5669, .F. );
#5037 = CARTESIAN_POINT( '', ( -0.0110000000000000, -0.0320000000000000, 0.0166375000000000 ) );
#5038 = DIRECTION( '', ( 0.00000000000000, -0.00000000000000, -1.00000000000000 ) );
#5039 = DIRECTION( '', ( 1.00000000000000, 0.00000000000000, 0.00000000000000 ) );
#5040 = SURFACE_STYLE_FILL_AREA( #5927 );
#5041 = ORIENTED_EDGE( '', *, *, #5465, .T. );
#5042 = ORIENTED_EDGE( '', *, *, #5681, .T. );
#5043 = ORIENTED_EDGE( '', *, *, #5562, .T. );
#5044 = ORIENTED_EDGE( '', *, *, #5885, .T. );
#5045 = ORIENTED_EDGE( '', *, *, #5202, .T. );
#5046 = ORIENTED_EDGE( '', *, *, #5741, .T. );
#5047 = CARTESIAN_POINT( '', ( 0.0110000000000000, -0.0320000000000000, -0.0154500000000000 ) );
#5048 = DIRECTION( '', ( 0.00000000000000, 0.00000000000000, -1.00000000000000 ) );
#5049 = DIRECTION( '', ( 0.00000000000000, -1.00000000000000, 0.00000000000000 ) );
#5050 = SURFACE_STYLE_FILL_AREA( #5928 );
#5051 = ORIENTED_EDGE( '', *, *, #5580, .F. );
#5052 = ORIENTED_EDGE( '', *, *, #5719, .T. );
#5053 = CARTESIAN_POINT( '', ( 0.00800000000000000, -0.0350875000000000, 0.00600000000000000 ) );
#5054 = DIRECTION( '', ( -0.00000000000000, -1.00000000000000, 0.00000000000000 ) );
#5055 = DIRECTION( '', ( -1.00000000000000, 0.00000000000000, 0.00000000000000 ) );
#5056 = SURFACE_STYLE_FILL_AREA( #5929 );
#5057 = ORIENTED_EDGE( '', *, *, #5593, .F. );
#5058 = ORIENTED_EDGE( '', *, *, #5902, .T. );
#5059 = CARTESIAN_POINT( '', ( -0.0110000000000000, 0.00800000000000000, 0.0142000000000000 ) );
#5060 = DIRECTION( '', ( 0.00000000000000, 0.00000000000000, -1.00000000000000 ) );
#5061 = DIRECTION( '', ( 0.00000000000000, -1.00000000000000, 0.00000000000000 ) );
#5062 = SURFACE_STYLE_FILL_AREA( #5930 );
#5063 = ORIENTED_EDGE( '', *, *, #5521, .T. );
#5064 = ORIENTED_EDGE( '', *, *, #5537, .T. );
#5065 = CARTESIAN_POINT( '', ( 0.0110000000000000, -0.0320000000000000, -0.00795000000000000 ) );
#5066 = DIRECTION( '', ( 0.00000000000000, -0.00000000000000, -1.00000000000000 ) );
#5067 = DIRECTION( '', ( 1.00000000000000, 0.00000000000000, 0.00000000000000 ) );
#5068 = SURFACE_STYLE_FILL_AREA( #5931 );
#5069 = ORIENTED_EDGE( '', *, *, #5523, .T. );
#5070 = ORIENTED_EDGE( '', *, *, #5900, .F. );
#5071 = ORIENTED_EDGE( '', *, *, #5920, .F. );
#5072 = ORIENTED_EDGE( '', *, *, #5260, .F. );
#5073 = ORIENTED_EDGE( '', *, *, #5663, .F. );
#5074 = ORIENTED_EDGE( '', *, *, #5860, .F. );
#5075 = ORIENTED_EDGE( '', *, *, #5481, .F. );
#5076 = CARTESIAN_POINT( '', ( -0.0110000000000000, -0.0320000000000000, -0.0167000000000000 ) );
#5077 = DIRECTION( '', ( 0.00000000000000, 0.00000000000000, 1.00000000000000 ) );
#5078 = DIRECTION( '', ( 1.00000000000000, 0.00000000000000, 0.00000000000000 ) );
#5079 = SURFACE_STYLE_FILL_AREA( #5932 );
#5080 = ORIENTED_EDGE( '', *, *, #5628, .T. );
#5081 = ORIENTED_EDGE( '', *, *, #5807, .T. );
#5082 = CARTESIAN_POINT( '', ( -0.0110000000000000, -0.0320000000000000, 0.0170000000000000 ) );
#5083 = DIRECTION( '', ( -0.00000000000000, -0.00000000000000, -1.00000000000000 ) );
#5084 = DIRECTION( '', ( 1.00000000000000, 0.00000000000000, 0.00000000000000 ) );
#5085 = SURFACE_STYLE_FILL_AREA( #5933 );
#5086 = ORIENTED_EDGE( '', *, *, #5351, .T. );
#5087 = ORIENTED_EDGE( '', *, *, #5732, .T. );
#5088 = CARTESIAN_POINT( '', ( -0.0110000000000000, -0.0320000000000000, -0.00795000000000000 ) );
#5089 = DIRECTION( '', ( 0.00000000000000, -0.00000000000000, -1.00000000000000 ) );
#5090 = DIRECTION( '', ( 1.00000000000000, 0.00000000000000, 0.00000000000000 ) );
#5091 = SURFACE_STYLE_FILL_AREA( #5934 );
#5092 = ORIENTED_EDGE( '', *, *, #5815, .F. );
#5093 = ORIENTED_EDGE( '', *, *, #5754, .T. );
#5094 = ORIENTED_EDGE( '', *, *, #5697, .T. );
#5095 = ORIENTED_EDGE( '', *, *, #5307, .T. );
#5096 = ORIENTED_EDGE( '', *, *, #5935, .F. );
#5097 = ORIENTED_EDGE( '', *, *, #5606, .T. );
#5098 = CARTESIAN_POINT( '', ( 0.00940000000000000, -0.0210000000000000, -0.0170000000000000 ) );
#5099 = DIRECTION( '', ( -1.00000000000000, 0.00000000000000, 0.00000000000000 ) );
#5100 = DIRECTION( '', ( 0.00000000000000, 0.00000000000000, 1.00000000000000 ) );
#5101 = SURFACE_STYLE_FILL_AREA( #5936 );
#5102 = ORIENTED_EDGE( '', *, *, #5196, .T. );
#5103 = ORIENTED_EDGE( '', *, *, #5804, .F. );
#5104 = ORIENTED_EDGE( '', *, *, #5433, .F. );
#5105 = ORIENTED_EDGE( '', *, *, #5752, .F. );
#5106 = ORIENTED_EDGE( '', *, *, #5937, .F. );
#5107 = ORIENTED_EDGE( '', *, *, #5588, .F. );
#5108 = ORIENTED_EDGE( '', *, *, #5617, .F. );
#5109 = CARTESIAN_POINT( '', ( 0.0110000000000000, -0.0320000000000000, 0.0167000000000000 ) );
#5110 = DIRECTION( '', ( 0.00000000000000, 0.00000000000000, -1.00000000000000 ) );
#5111 = DIRECTION( '', ( 0.00000000000000, -1.00000000000000, 0.00000000000000 ) );
#5112 = SURFACE_STYLE_FILL_AREA( #5938 );
#5113 = ORIENTED_EDGE( '', *, *, #5926, .T. );
#5114 = ORIENTED_EDGE( '', *, *, #5808, .F. );
#5115 = CARTESIAN_POINT( '', ( -0.0110000000000000, -0.0320000000000000, 0.0174250000000000 ) );
#5116 = DIRECTION( '', ( -0.00000000000000, -0.00000000000000, 1.00000000000000 ) );
#5117 = DIRECTION( '', ( 0.00000000000000, -1.00000000000000, 0.00000000000000 ) );
#5118 = SURFACE_STYLE_FILL_AREA( #5939 );
#5119 = ORIENTED_EDGE( '', *, *, #5940, .T. );
#5120 = ORIENTED_EDGE( '', *, *, #5571, .F. );
#5121 = CARTESIAN_POINT( '', ( 0.0110000000000000, 0.00800000000000000, 0.0174250000000000 ) );
#5122 = DIRECTION( '', ( -0.00000000000000, -0.00000000000000, 1.00000000000000 ) );
#5123 = DIRECTION( '', ( 0.00000000000000, -1.00000000000000, 0.00000000000000 ) );
#5124 = SURFACE_STYLE_FILL_AREA( #5941 );
#5125 = ORIENTED_EDGE( '', *, *, #5865, .T. );
#5126 = ORIENTED_EDGE( '', *, *, #5881, .F. );
#5127 = CARTESIAN_POINT( '', ( 0.0110000000000000, -0.0320000000000000, -0.0174250000000000 ) );
#5128 = DIRECTION( '', ( -0.00000000000000, -0.00000000000000, -1.00000000000000 ) );
#5129 = DIRECTION( '', ( 0.00000000000000, -1.00000000000000, 0.00000000000000 ) );
#5130 = SURFACE_STYLE_FILL_AREA( #5942 );
#5131 = ORIENTED_EDGE( '', *, *, #5410, .T. );
#5132 = ORIENTED_EDGE( '', *, *, #5778, .F. );
#5133 = ORIENTED_EDGE( '', *, *, #5888, .F. );
#5134 = ORIENTED_EDGE( '', *, *, #5623, .T. );
#5135 = CARTESIAN_POINT( '', ( -0.0131085786437600, 0.0101085786437600, 0.0168000000000000 ) );
#5136 = DIRECTION( '', ( -0.500000000000017, 0.500000000000017, 0.707106781186524 ) );
#5137 = DIRECTION( '', ( 0.707106781186548, 0.707106781186548, 0.00000000000000 ) );
#5138 = SURFACE_STYLE_FILL_AREA( #5943 );
#5139 = ORIENTED_EDGE( '', *, *, #5729, .F. );
#5140 = CARTESIAN_POINT( '', ( 0.0110000000000000, 0.00800000000000000, 0.00220000000000000 ) );
#5141 = DIRECTION( '', ( 0.00000000000000, 0.00000000000000, -1.00000000000000 ) );
#5142 = DIRECTION( '', ( 0.00000000000000, -1.00000000000000, 0.00000000000000 ) );
#5143 = SURFACE_STYLE_FILL_AREA( #5944 );
#5144 = ORIENTED_EDGE( '', *, *, #5591, .F. );
#5145 = ORIENTED_EDGE( '', *, *, #5542, .F. );
#5146 = CARTESIAN_POINT( '', ( -0.0110000000000000, -0.0320000000000000, 0.0174250000000000 ) );
#5147 = DIRECTION( '', ( -0.00000000000000, -0.00000000000000, 1.00000000000000 ) );
#5148 = DIRECTION( '', ( 0.00000000000000, -1.00000000000000, 0.00000000000000 ) );
#5149 = SURFACE_STYLE_FILL_AREA( #5945 );
#5150 = ORIENTED_EDGE( '', *, *, #5940, .F. );
#5151 = ORIENTED_EDGE( '', *, *, #5891, .F. );
#5152 = CARTESIAN_POINT( '', ( 0.0110000000000000, 0.00800000000000000, 0.0166375000000000 ) );
#5153 = DIRECTION( '', ( 0.00000000000000, -0.00000000000000, -1.00000000000000 ) );
#5154 = DIRECTION( '', ( 1.00000000000000, 0.00000000000000, 0.00000000000000 ) );
#5155 = SURFACE_STYLE_FILL_AREA( #5946 );
#5156 = ORIENTED_EDGE( '', *, *, #5525, .T. );
#5157 = ORIENTED_EDGE( '', *, *, #5733, .T. );
#5158 = CARTESIAN_POINT( '', ( -0.0110000000000000, -0.0320000000000000, -0.0170000000000000 ) );
#5159 = DIRECTION( '', ( -0.00000000000000, -0.00000000000000, 1.00000000000000 ) );
#5160 = DIRECTION( '', ( -1.00000000000000, 0.00000000000000, 0.00000000000000 ) );
#5161 = SURFACE_STYLE_FILL_AREA( #5947 );
#5162 = ORIENTED_EDGE( '', *, *, #5633, .F. );
#5163 = ORIENTED_EDGE( '', *, *, #5477, .T. );
#5164 = ORIENTED_EDGE( '', *, *, #5427, .F. );
#5165 = ORIENTED_EDGE( '', *, *, #5449, .T. );
#5166 = ORIENTED_EDGE( '', *, *, #5874, .T. );
#5167 = ORIENTED_EDGE( '', *, *, #5528, .T. );
#5168 = ORIENTED_EDGE( '', *, *, #5777, .T. );
#5169 = ORIENTED_EDGE( '', *, *, #5413, .T. );
#5170 = ORIENTED_EDGE( '', *, *, #5578, .F. );
#5171 = ORIENTED_EDGE( '', *, *, #5646, .F. );
#5172 = CARTESIAN_POINT( '', ( 0.0142500000000000, 0.0112500000000000, -0.0170000000000000 ) );
#5173 = DIRECTION( '', ( -0.00000000000000, 1.00000000000000, 0.00000000000000 ) );
#5174 = DIRECTION( '', ( 1.00000000000000, 0.00000000000000, 0.00000000000000 ) );
#5175 = SURFACE_STYLE_FILL_AREA( #5948 );
#5176 = ORIENTED_EDGE( '', *, *, #5751, .T. );
#5177 = ORIENTED_EDGE( '', *, *, #5513, .F. );
#5178 = ORIENTED_EDGE( '', *, *, #5586, .F. );
#5179 = ORIENTED_EDGE( '', *, *, #5937, .T. );
#5180 = CARTESIAN_POINT( '', ( 0.0100000000000000, -0.0325773502691900, 0.0167000000000000 ) );
#5181 = DIRECTION( '', ( -0.500000000000017, -0.866025403784429, 0.00000000000000 ) );
#5182 = DIRECTION( '', ( -0.866025403784429, 0.500000000000017, 0.00000000000000 ) );
#5183 = SURFACE_STYLE_FILL_AREA( #5949 );
#5184 = ORIENTED_EDGE( '', *, *, #5306, .T. );
#5185 = ORIENTED_EDGE( '', *, *, #5843, .F. );
#5186 = ORIENTED_EDGE( '', *, *, #5490, .T. );
#5187 = ORIENTED_EDGE( '', *, *, #5604, .F. );
#5188 = ORIENTED_EDGE( '', *, *, #5935, .T. );
#5189 = CARTESIAN_POINT( '', ( 0.00775000000000000, -0.0171500000000000, -0.0154000000000000 ) );
#5190 = DIRECTION( '', ( 0.707106781186548, 0.707106781186548, 0.00000000000000 ) );
#5191 = DIRECTION( '', ( 0.00000000000000, 0.00000000000000, -1.00000000000000 ) );
#5192 = FILL_AREA_STYLE( '', ( #5950 ) );
#5193 = EDGE_CURVE( '', #5951, #5951, #5952, .T. );
#5194 = FILL_AREA_STYLE( '', ( #5953 ) );
#5195 = EDGE_CURVE( '', #5954, #5954, #5955, .T. );
#5196 = EDGE_CURVE( '', #5956, #5956, #5957, .T. );
#5197 = FILL_AREA_STYLE( '', ( #5958 ) );
#5198 = EDGE_CURVE( '', #5959, #5959, #5960, .T. );
#5199 = EDGE_CURVE( '', #5961, #5961, #5962, .T. );
#5200 = FILL_AREA_STYLE( '', ( #5963 ) );
#5201 = EDGE_CURVE( '', #5964, #5965, #5966, .T. );
#5202 = EDGE_CURVE( '', #5967, #5965, #5968, .T. );
#5203 = EDGE_CURVE( '', #5969, #5967, #5970, .T. );
#5204 = EDGE_CURVE( '', #5969, #5964, #5971, .T. );
#5205 = FILL_AREA_STYLE( '', ( #5972 ) );
#5206 = EDGE_CURVE( '', #5973, #5973, #5974, .T. );
#5207 = EDGE_CURVE( '', #5975, #5976, #5977, .T. );
#5208 = EDGE_CURVE( '', #5978, #5975, #5979, .T. );
#5209 = EDGE_CURVE( '', #5980, #5978, #5981, .T. );
#5210 = EDGE_CURVE( '', #5982, #5980, #5983, .T. );
#5211 = EDGE_CURVE( '', #5984, #5982, #5985, .T. );
#5212 = EDGE_CURVE( '', #5976, #5984, #5986, .T. );
#5213 = FILL_AREA_STYLE( '', ( #5987 ) );
#5214 = EDGE_CURVE( '', #5988, #5988, #5989, .T. );
#5215 = FILL_AREA_STYLE( '', ( #5990 ) );
#5216 = EDGE_CURVE( '', #5991, #5992, #5993, .T. );
#5217 = EDGE_CURVE( '', #5994, #5991, #5995, .T. );
#5218 = EDGE_CURVE( '', #5994, #5996, #5997, .T. );
#5219 = EDGE_CURVE( '', #5996, #5992, #5998, .T. );
#5220 = FILL_AREA_STYLE( '', ( #5999 ) );
#5221 = EDGE_CURVE( '', #6000, #6000, #6001, .T. );
#5222 = EDGE_CURVE( '', #6002, #6002, #6003, .T. );
#5223 = FILL_AREA_STYLE( '', ( #6004 ) );
#5224 = EDGE_CURVE( '', #6005, #6005, #6006, .T. );
#5225 = EDGE_CURVE( '', #6007, #6007, #6008, .T. );
#5226 = FILL_AREA_STYLE( '', ( #6009 ) );
#5227 = EDGE_CURVE( '', #6010, #6010, #6011, .T. );
#5228 = EDGE_CURVE( '', #6012, #6012, #6013, .T. );
#5229 = FILL_AREA_STYLE( '', ( #6014 ) );
#5230 = EDGE_CURVE( '', #6015, #6016, #6017, .T. );
#5231 = EDGE_CURVE( '', #6018, #6016, #6019, .T. );
#5232 = EDGE_CURVE( '', #6020, #6018, #6021, .T. );
#5233 = EDGE_CURVE( '', #6022, #6020, #6023, .T. );
#5234 = EDGE_CURVE( '', #6024, #6022, #6025, .T. );
#5235 = EDGE_CURVE( '', #6024, #6026, #6027, .T. );
#5236 = EDGE_CURVE( '', #6026, #6028, #6029, .T. );
#5237 = EDGE_CURVE( '', #6030, #6028, #6031, .T. );
#5238 = EDGE_CURVE( '', #6032, #6030, #6033, .T. );
#5239 = EDGE_CURVE( '', #6034, #6032, #6035, .T. );
#5240 = EDGE_CURVE( '', #6034, #6036, #6037, .T. );
#5241 = EDGE_CURVE( '', #6036, #6038, #6039, .T. );
#5242 = EDGE_CURVE( '', #6040, #6038, #6041, .T. );
#5243 = EDGE_CURVE( '', #6040, #6015, #6042, .T. );
#5244 = EDGE_CURVE( '', #6043, #6043, #6044, .T. );
#5245 = EDGE_CURVE( '', #6045, #6045, #6046, .T. );
#5246 = FILL_AREA_STYLE( '', ( #6047 ) );
#5247 = EDGE_CURVE( '', #6048, #6048, #6049, .T. );
#5248 = FILL_AREA_STYLE( '', ( #6050 ) );
#5249 = EDGE_CURVE( '', #6051, #6052, #6053, .T. );
#5250 = EDGE_CURVE( '', #6054, #6052, #6055, .T. );
#5251 = EDGE_CURVE( '', #6056, #6054, #6057, .T. );
#5252 = EDGE_CURVE( '', #6056, #6051, #6058, .T. );
#5253 = FILL_AREA_STYLE( '', ( #6059 ) );
#5254 = EDGE_CURVE( '', #6060, #6060, #6061, .T. );
#5255 = EDGE_CURVE( '', #6062, #6062, #6063, .T. );
#5256 = FILL_AREA_STYLE( '', ( #6064 ) );
#5257 = EDGE_CURVE( '', #6065, #6066, #6067, .T. );
#5258 = EDGE_CURVE( '', #6068, #6066, #6069, .T. );
#5259 = EDGE_CURVE( '', #6070, #6068, #6071, .T. );
#5260 = EDGE_CURVE( '', #6070, #6065, #6072, .T. );
#5261 = FILL_AREA_STYLE( '', ( #6073 ) );
#5262 = EDGE_CURVE( '', #6074, #6074, #6075, .T. );
#5263 = EDGE_CURVE( '', #6076, #6076, #6077, .T. );
#5264 = FILL_AREA_STYLE( '', ( #6078 ) );
#5265 = EDGE_CURVE( '', #6079, #6080, #6081, .T. );
#5266 = EDGE_CURVE( '', #6080, #6079, #6082, .T. );
#5267 = FILL_AREA_STYLE( '', ( #6083 ) );
#5268 = EDGE_CURVE( '', #6084, #6084, #6085, .T. );
#5269 = EDGE_CURVE( '', #6086, #6086, #6087, .T. );
#5270 = FILL_AREA_STYLE( '', ( #6088 ) );
#5271 = EDGE_CURVE( '', #6089, #6089, #6090, .T. );
#5272 = FILL_AREA_STYLE( '', ( #6091 ) );
#5273 = EDGE_CURVE( '', #6092, #6093, #6094, .T. );
#5274 = EDGE_CURVE( '', #6095, #6093, #6096, .T. );
#5275 = EDGE_CURVE( '', #6097, #6095, #6098, .T. );
#5276 = EDGE_CURVE( '', #6097, #6092, #6099, .T. );
#5277 = FILL_AREA_STYLE( '', ( #6100 ) );
#5278 = EDGE_CURVE( '', #6101, #6102, #6103, .T. );
#5279 = EDGE_CURVE( '', #6102, #6104, #6105, .T. );
#5280 = EDGE_CURVE( '', #6104, #6106, #6107, .T. );
#5281 = EDGE_CURVE( '', #6106, #6108, #6109, .T. );
#5282 = EDGE_CURVE( '', #6108, #6110, #6111, .T. );
#5283 = EDGE_CURVE( '', #6110, #6101, #6112, .T. );
#5284 = FILL_AREA_STYLE( '', ( #6113 ) );
#5285 = EDGE_CURVE( '', #6114, #6114, #6115, .T. );
#5286 = EDGE_CURVE( '', #6116, #6116, #6117, .T. );
#5287 = FILL_AREA_STYLE( '', ( #6118 ) );
#5288 = EDGE_CURVE( '', #6119, #6119, #6120, .T. );
#5289 = FILL_AREA_STYLE( '', ( #6121 ) );
#5290 = EDGE_CURVE( '', #6122, #6122, #6123, .T. );
#5291 = EDGE_CURVE( '', #6124, #6124, #6125, .T. );
#5292 = FILL_AREA_STYLE( '', ( #6126 ) );
#5293 = EDGE_CURVE( '', #6127, #6128, #6129, .T. );
#5294 = EDGE_CURVE( '', #6127, #6130, #6131, .T. );
#5295 = EDGE_CURVE( '', #6130, #6132, #6133, .T. );
#5296 = EDGE_CURVE( '', #6128, #6132, #6134, .T. );
#5297 = FILL_AREA_STYLE( '', ( #6135 ) );
#5298 = EDGE_CURVE( '', #6136, #5994, #6137, .T. );
#5299 = EDGE_CURVE( '', #6138, #6136, #6139, .T. );
#5300 = EDGE_CURVE( '', #6140, #6138, #6141, .T. );
#5301 = EDGE_CURVE( '', #6142, #6140, #6143, .T. );
#5302 = EDGE_CURVE( '', #6144, #6142, #6145, .T. );
#5303 = EDGE_CURVE( '', #6146, #6144, #6147, .T. );
#5304 = EDGE_CURVE( '', #6148, #6146, #6149, .T. );
#5305 = EDGE_CURVE( '', #6150, #6148, #6151, .T. );
#5306 = EDGE_CURVE( '', #6152, #6150, #6153, .T. );
#5307 = EDGE_CURVE( '', #6154, #6152, #6155, .T. );
#5308 = EDGE_CURVE( '', #5996, #6154, #6156, .T. );
#5309 = EDGE_CURVE( '', #6157, #6157, #6158, .T. );
#5310 = EDGE_CURVE( '', #6159, #6159, #6160, .T. );
#5311 = FILL_AREA_STYLE( '', ( #6161 ) );
#5312 = EDGE_CURVE( '', #6162, #6162, #6163, .T. );
#5313 = EDGE_CURVE( '', #6164, #6164, #6165, .T. );
#5314 = FILL_AREA_STYLE( '', ( #6166 ) );
#5315 = EDGE_CURVE( '', #6167, #6167, #6168, .T. );
#5316 = EDGE_CURVE( '', #6169, #6169, #6170, .T. );
#5317 = FILL_AREA_STYLE( '', ( #6171 ) );
#5318 = EDGE_CURVE( '', #6172, #6173, #6174, .T. );
#5319 = EDGE_CURVE( '', #6175, #6173, #6176, .T. );
#5320 = EDGE_CURVE( '', #6177, #6175, #6178, .T. );
#5321 = EDGE_CURVE( '', #6177, #6172, #6179, .T. );
#5322 = FILL_AREA_STYLE( '', ( #6180 ) );
#5323 = EDGE_CURVE( '', #6181, #6181, #6182, .T. );
#5324 = EDGE_CURVE( '', #6183, #6183, #6184, .T. );
#5325 = FILL_AREA_STYLE( '', ( #6185 ) );
#5326 = EDGE_CURVE( '', #6186, #6186, #6187, .T. );
#5327 = EDGE_CURVE( '', #6188, #6188, #6189, .T. );
#5328 = FILL_AREA_STYLE( '', ( #6190 ) );
#5329 = EDGE_CURVE( '', #6191, #6191, #6192, .T. );
#5330 = EDGE_CURVE( '', #6193, #6193, #6194, .T. );
#5331 = FILL_AREA_STYLE( '', ( #6195 ) );
#5332 = EDGE_CURVE( '', #6196, #6196, #6197, .T. );
#5333 = FILL_AREA_STYLE( '', ( #6198 ) );
#5334 = EDGE_CURVE( '', #6199, #6199, #6200, .T. );
#5335 = EDGE_CURVE( '', #6201, #6201, #6202, .T. );
#5336 = FILL_AREA_STYLE( '', ( #6203 ) );
#5337 = EDGE_CURVE( '', #6204, #6204, #6205, .T. );
#5338 = EDGE_CURVE( '', #6206, #6206, #6207, .T. );
#5339 = FILL_AREA_STYLE( '', ( #6208 ) );
#5340 = CARTESIAN_POINT( '', ( -0.0110000000000000, -0.0320000000000000, -0.000884117865496600 ) );
#5341 = EDGE_CURVE( '', #6209, #6209, #6210, .T. );
#5342 = FILL_AREA_STYLE( '', ( #6211 ) );
#5343 = EDGE_CURVE( '', #6212, #6212, #6213, .T. );
#5344 = EDGE_CURVE( '', #6214, #6214, #6215, .T. );
#5345 = FILL_AREA_STYLE( '', ( #6216 ) );
#5346 = EDGE_CURVE( '', #6217, #6217, #6218, .T. );
#5347 = FILL_AREA_STYLE( '', ( #6219 ) );
#5348 = EDGE_CURVE( '', #6220, #6220, #6221, .T. );
#5349 = FILL_AREA_STYLE( '', ( #6222 ) );
#5350 = EDGE_CURVE( '', #6223, #6223, #6224, .T. );
#5351 = EDGE_CURVE( '', #6225, #6225, #6226, .T. );
#5352 = FILL_AREA_STYLE( '', ( #6227 ) );
#5353 = EDGE_CURVE( '', #6228, #6228, #6229, .T. );
#5354 = EDGE_CURVE( '', #6230, #6230, #6231, .T. );
#5355 = FILL_AREA_STYLE( '', ( #6232 ) );
#5356 = CARTESIAN_POINT( '', ( 0.0110000000000000, 0.00800000000000000, 0.000884117865496600 ) );
#5357 = EDGE_CURVE( '', #6233, #6233, #6234, .T. );
#5358 = FILL_AREA_STYLE( '', ( #6235 ) );
#5359 = EDGE_CURVE( '', #6236, #6104, #6237, .T. );
#5360 = EDGE_CURVE( '', #6238, #6102, #6239, .T. );
#5361 = EDGE_CURVE( '', #6238, #6236, #6240, .T. );
#5362 = FILL_AREA_STYLE( '', ( #6241 ) );
#5363 = EDGE_CURVE( '', #6242, #6242, #6243, .T. );
#5364 = EDGE_CURVE( '', #6244, #6244, #6245, .T. );
#5365 = FILL_AREA_STYLE( '', ( #6246 ) );
#5366 = EDGE_CURVE( '', #6247, #5991, #6248, .T. );
#5367 = EDGE_CURVE( '', #6136, #6247, #6249, .T. );
#5368 = FILL_AREA_STYLE( '', ( #6250 ) );
#5369 = EDGE_CURVE( '', #6251, #6251, #6252, .T. );
#5370 = EDGE_CURVE( '', #6253, #6253, #6254, .T. );
#5371 = FILL_AREA_STYLE( '', ( #6255 ) );
#5372 = EDGE_CURVE( '', #6256, #6256, #6257, .T. );
#5373 = FILL_AREA_STYLE( '', ( #6258 ) );
#5374 = EDGE_CURVE( '', #6259, #6259, #6260, .T. );
#5375 = EDGE_CURVE( '', #6261, #6262, #6263, .T. );
#5376 = EDGE_CURVE( '', #6264, #6261, #6265, .T. );
#5377 = EDGE_CURVE( '', #6236, #6264, #6266, .T. );
#5378 = EDGE_CURVE( '', #6267, #6238, #6268, .T. );
#5379 = EDGE_CURVE( '', #6262, #6267, #6269, .T. );
#5380 = FILL_AREA_STYLE( '', ( #6270 ) );
#5381 = EDGE_CURVE( '', #6271, #6272, #6273, .T. );
#5382 = EDGE_CURVE( '', #6271, #6274, #6275, .T. );
#5383 = EDGE_CURVE( '', #6276, #6274, #6277, .T. );
#5384 = EDGE_CURVE( '', #6276, #6278, #6279, .T. );
#5385 = EDGE_CURVE( '', #6280, #6278, #6281, .T. );
#5386 = EDGE_CURVE( '', #6280, #6282, #6283, .T. );
#5387 = EDGE_CURVE( '', #6282, #6284, #6285, .T. );
#5388 = EDGE_CURVE( '', #6284, #6272, #6286, .T. );
#5389 = EDGE_CURVE( '', #6287, #6287, #6288, .T. );
#5390 = EDGE_CURVE( '', #6289, #6289, #6290, .T. );
#5391 = EDGE_CURVE( '', #6291, #6291, #6292, .T. );
#5392 = EDGE_CURVE( '', #6293, #6293, #6294, .T. );
#5393 = FILL_AREA_STYLE( '', ( #6295 ) );
#5394 = CARTESIAN_POINT( '', ( -0.0110000000000000, -0.0320000000000000, 0.000884117865496600 ) );
#5395 = EDGE_CURVE( '', #6296, #6296, #6297, .T. );
#5396 = FILL_AREA_STYLE( '', ( #6298 ) );
#5397 = CARTESIAN_POINT( '', ( 0.0110000000000000, -0.0320000000000000, -0.000884117865496600 ) );
#5398 = EDGE_CURVE( '', #6299, #6299, #6300, .T. );
#5399 = FILL_AREA_STYLE( '', ( #6301 ) );
#5400 = EDGE_CURVE( '', #6079, #6302, #6303, .T. );
#5401 = EDGE_CURVE( '', #6304, #6302, #6305, .T. );
#5402 = EDGE_CURVE( '', #6079, #6304, #6306, .T. );
#5403 = FILL_AREA_STYLE( '', ( #6307 ) );
#5404 = EDGE_CURVE( '', #6308, #6308, #6309, .T. );
#5405 = EDGE_CURVE( '', #6310, #6310, #6311, .T. );
#5406 = FILL_AREA_STYLE( '', ( #6312 ) );
#5407 = EDGE_CURVE( '', #6313, #6313, #6314, .T. );
#5408 = FILL_AREA_STYLE( '', ( #6315 ) );
#5409 = FILL_AREA_STYLE( '', ( #6316 ) );
#5410 = EDGE_CURVE( '', #6317, #6318, #6319, .T. );
#5411 = EDGE_CURVE( '', #6317, #6320, #6321, .T. );
#5412 = EDGE_CURVE( '', #6320, #6322, #6323, .T. );
#5413 = EDGE_CURVE( '', #6318, #6322, #6324, .T. );
#5414 = FILL_AREA_STYLE( '', ( #6325 ) );
#5415 = EDGE_CURVE( '', #6326, #6326, #6327, .T. );
#5416 = EDGE_CURVE( '', #6328, #6328, #6329, .T. );
#5417 = FILL_AREA_STYLE( '', ( #6330 ) );
#5418 = EDGE_CURVE( '', #6331, #6331, #6332, .T. );
#5419 = EDGE_CURVE( '', #6333, #6333, #6334, .T. );
#5420 = FILL_AREA_STYLE( '', ( #6335 ) );
#5421 = EDGE_CURVE( '', #6130, #6336, #6337, .T. );
#5422 = EDGE_CURVE( '', #6336, #6338, #6339, .T. );
#5423 = EDGE_CURVE( '', #6132, #6338, #6340, .T. );
#5424 = FILL_AREA_STYLE( '', ( #6341 ) );
#5425 = EDGE_CURVE( '', #6342, #6026, #6343, .T. );
#5426 = EDGE_CURVE( '', #6342, #6344, #6345, .T. );
#5427 = EDGE_CURVE( '', #6344, #6346, #6347, .T. );
#5428 = EDGE_CURVE( '', #6028, #6346, #6348, .T. );
#5429 = FILL_AREA_STYLE( '', ( #6349 ) );
#5430 = EDGE_CURVE( '', #6350, #6351, #6352, .T. );
#5431 = EDGE_CURVE( '', #6353, #6351, #6354, .T. );
#5432 = EDGE_CURVE( '', #6355, #6353, #6356, .T. );
#5433 = EDGE_CURVE( '', #6355, #6350, #6357, .T. );
#5434 = FILL_AREA_STYLE( '', ( #6358 ) );
#5435 = FILL_AREA_STYLE( '', ( #6359 ) );
#5436 = EDGE_CURVE( '', #6093, #6054, #6360, .T. );
#5437 = EDGE_CURVE( '', #6092, #6056, #6361, .T. );
#5438 = FILL_AREA_STYLE( '', ( #6362 ) );
#5439 = FILL_AREA_STYLE( '', ( #6363 ) );
#5440 = CARTESIAN_POINT( '', ( -0.0110000000000000, 0.00800000000000000, 0.000884117865496600 ) );
#5441 = EDGE_CURVE( '', #6364, #6364, #6365, .T. );
#5442 = FILL_AREA_STYLE( '', ( #6366 ) );
#5443 = EDGE_CURVE( '', #6367, #6367, #6368, .T. );
#5444 = FILL_AREA_STYLE( '', ( #6369 ) );
#5445 = EDGE_CURVE( '', #6370, #6370, #6371, .T. );
#5446 = FILL_AREA_STYLE( '', ( #6372 ) );
#5447 = EDGE_CURVE( '', #6373, #6342, #6374, .T. );
#5448 = EDGE_CURVE( '', #6375, #6373, #6376, .T. );
#5449 = EDGE_CURVE( '', #6344, #6375, #6377, .T. );
#5450 = FILL_AREA_STYLE( '', ( #6378 ) );
#5451 = EDGE_CURVE( '', #6379, #6380, #6381, .T. );
#5452 = EDGE_CURVE( '', #6380, #6382, #6383, .T. );
#5453 = EDGE_CURVE( '', #6382, #6384, #6385, .T. );
#5454 = EDGE_CURVE( '', #6384, #6386, #6387, .T. );
#5455 = EDGE_CURVE( '', #6386, #6388, #6389, .T. );
#5456 = EDGE_CURVE( '', #6388, #6379, #6390, .T. );
#5457 = FILL_AREA_STYLE( '', ( #6391 ) );
#5458 = EDGE_CURVE( '', #6392, #6393, #6394, .T. );
#5459 = EDGE_CURVE( '', #6393, #6068, #6395, .T. );
#5460 = EDGE_CURVE( '', #6066, #6396, #6397, .T. );
#5461 = EDGE_CURVE( '', #6396, #6398, #6399, .T. );
#5462 = EDGE_CURVE( '', #6398, #6392, #6400, .T. );
#5463 = FILL_AREA_STYLE( '', ( #6401 ) );
#5464 = EDGE_CURVE( '', #6402, #6403, #6404, .T. );
#5465 = EDGE_CURVE( '', #6405, #6403, #6406, .T. );
#5466 = EDGE_CURVE( '', #6407, #6405, #6408, .T. );
#5467 = EDGE_CURVE( '', #6407, #6402, #6409, .T. );
#5468 = FILL_AREA_STYLE( '', ( #6410 ) );
#5469 = EDGE_CURVE( '', #6411, #6388, #6412, .T. );
#5470 = EDGE_CURVE( '', #6413, #6386, #6414, .T. );
#5471 = EDGE_CURVE( '', #6413, #6411, #6415, .T. );
#5472 = FILL_AREA_STYLE( '', ( #6416 ) );
#5473 = EDGE_CURVE( '', #6417, #6417, #6418, .T. );
#5474 = EDGE_CURVE( '', #6419, #6419, #6420, .T. );
#5475 = FILL_AREA_STYLE( '', ( #6421 ) );
#5476 = EDGE_CURVE( '', #6030, #6422, #6423, .T. );
#5477 = EDGE_CURVE( '', #6422, #6346, #6424, .T. );
#5478 = FILL_AREA_STYLE( '', ( #6425 ) );
#5479 = EDGE_CURVE( '', #6426, #6392, #6427, .T. );
#5480 = EDGE_CURVE( '', #6428, #6398, #6429, .T. );
#5481 = EDGE_CURVE( '', #6428, #6426, #6430, .T. );
#5482 = FILL_AREA_STYLE( '', ( #6431 ) );
#5483 = EDGE_CURVE( '', #6432, #6432, #6433, .T. );
#5484 = FILL_AREA_STYLE( '', ( #6434 ) );
#5485 = EDGE_CURVE( '', #6435, #6435, #6436, .T. );
#5486 = FILL_AREA_STYLE( '', ( #6437 ) );
#5487 = EDGE_CURVE( '', #6438, #6438, #6439, .T. );
#5488 = EDGE_CURVE( '', #6440, #6440, #6441, .T. );
#5489 = FILL_AREA_STYLE( '', ( #6442 ) );
#5490 = EDGE_CURVE( '', #6443, #6444, #6445, .T. );
#5491 = EDGE_CURVE( '', #6443, #6446, #6447, .T. );
#5492 = EDGE_CURVE( '', #6448, #6446, #6449, .T. );
#5493 = EDGE_CURVE( '', #6450, #6448, #6451, .T. );
#5494 = EDGE_CURVE( '', #6452, #6450, #6453, .T. );
#5495 = EDGE_CURVE( '', #6444, #6452, #6454, .T. );
#5496 = FILL_AREA_STYLE( '', ( #6455 ) );
#5497 = EDGE_CURVE( '', #6456, #6456, #6457, .T. );
#5498 = FILL_AREA_STYLE( '', ( #6458 ) );
#5499 = EDGE_CURVE( '', #6459, #6382, #6460, .T. );
#5500 = EDGE_CURVE( '', #6461, #6380, #6462, .T. );
#5501 = EDGE_CURVE( '', #6461, #6459, #6463, .T. );
#5502 = FILL_AREA_STYLE( '', ( #6464 ) );
#5503 = EDGE_CURVE( '', #6465, #6466, #6467, .T. );
#5504 = EDGE_CURVE( '', #6468, #6466, #6469, .T. );
#5505 = EDGE_CURVE( '', #6470, #6468, #6471, .T. );
#5506 = EDGE_CURVE( '', #6470, #6465, #6472, .T. );
#5507 = FILL_AREA_STYLE( '', ( #6473 ) );
#5508 = EDGE_CURVE( '', #6474, #6474, #6475, .T. );
#5509 = FILL_AREA_STYLE( '', ( #6476 ) );
#5510 = EDGE_CURVE( '', #6477, #6477, #6478, .T. );
#5511 = FILL_AREA_STYLE( '', ( #6479 ) );
#5512 = EDGE_CURVE( '', #6480, #6481, #6482, .T. );
#5513 = EDGE_CURVE( '', #6481, #6483, #6484, .T. );
#5514 = EDGE_CURVE( '', #6483, #6353, #6485, .T. );
#5515 = EDGE_CURVE( '', #6351, #6486, #6487, .T. );
#5516 = EDGE_CURVE( '', #6486, #6480, #6488, .T. );
#5517 = FILL_AREA_STYLE( '', ( #6489 ) );
#5518 = CARTESIAN_POINT( '', ( 0.0110000000000000, -0.0320000000000000, 0.000884117865496600 ) );
#5519 = FILL_AREA_STYLE( '', ( #6490 ) );
#5520 = EDGE_CURVE( '', #6491, #6491, #6492, .T. );
#5521 = EDGE_CURVE( '', #6493, #6493, #6494, .T. );
#5522 = FILL_AREA_STYLE( '', ( #6495 ) );
#5523 = EDGE_CURVE( '', #6496, #6496, #6497, .T. );
#5524 = FILL_AREA_STYLE( '', ( #6498 ) );
#5525 = EDGE_CURVE( '', #6499, #6499, #6500, .T. );
#5526 = FILL_AREA_STYLE( '', ( #6501 ) );
#5527 = EDGE_CURVE( '', #6020, #6502, #6503, .T. );
#5528 = EDGE_CURVE( '', #6504, #6502, #6505, .T. );
#5529 = EDGE_CURVE( '', #6504, #6022, #6506, .T. );
#5530 = FILL_AREA_STYLE( '', ( #6507 ) );
#5531 = EDGE_CURVE( '', #6508, #6508, #6509, .T. );
#5532 = FILL_AREA_STYLE( '', ( #6510 ) );
#5533 = EDGE_CURVE( '', #6511, #6511, #6512, .T. );
#5534 = FILL_AREA_STYLE( '', ( #6513 ) );
#5535 = EDGE_CURVE( '', #6514, #6514, #6515, .T. );
#5536 = FILL_AREA_STYLE( '', ( #6516 ) );
#5537 = EDGE_CURVE( '', #6517, #6517, #6518, .T. );
#5538 = EDGE_CURVE( '', #6519, #6519, #6520, .T. );
#5539 = FILL_AREA_STYLE( '', ( #6521 ) );
#5540 = EDGE_CURVE( '', #6373, #6024, #6522, .T. );
#5541 = FILL_AREA_STYLE( '', ( #6523 ) );
#5542 = EDGE_CURVE( '', #6524, #6524, #6525, .T. );
#5543 = FILL_AREA_STYLE( '', ( #6526 ) );
#5544 = EDGE_CURVE( '', #6527, #6527, #6528, .T. );
#5545 = EDGE_CURVE( '', #6529, #6529, #6530, .T. );
#5546 = FILL_AREA_STYLE( '', ( #6531 ) );
#5547 = EDGE_CURVE( '', #6532, #6384, #6533, .T. );
#5548 = EDGE_CURVE( '', #6459, #6532, #6534, .T. );
#5549 = FILL_AREA_STYLE( '', ( #6535 ) );
#5550 = FILL_AREA_STYLE( '', ( #6536 ) );
#5551 = EDGE_CURVE( '', #6537, #6537, #6538, .T. );
#5552 = FILL_AREA_STYLE( '', ( #6539 ) );
#5553 = EDGE_CURVE( '', #6540, #6540, #6541, .T. );
#5554 = EDGE_CURVE( '', #6542, #6542, #6543, .T. );
#5555 = FILL_AREA_STYLE( '', ( #6544 ) );
#5556 = EDGE_CURVE( '', #6545, #6545, #6546, .T. );
#5557 = FILL_AREA_STYLE( '', ( #6547 ) );
#5558 = EDGE_CURVE( '', #6138, #6548, #6549, .T. );
#5559 = EDGE_CURVE( '', #6548, #6247, #6550, .T. );
#5560 = FILL_AREA_STYLE( '', ( #6551 ) );
#5561 = EDGE_CURVE( '', #6552, #6553, #6554, .T. );
#5562 = EDGE_CURVE( '', #6555, #6553, #6556, .T. );
#5563 = EDGE_CURVE( '', #6557, #6555, #6558, .T. );
#5564 = EDGE_CURVE( '', #6557, #6552, #6559, .T. );
#5565 = FILL_AREA_STYLE( '', ( #6560 ) );
#5566 = EDGE_CURVE( '', #6561, #6561, #6562, .T. );
#5567 = EDGE_CURVE( '', #6563, #6563, #6564, .T. );
#5568 = FILL_AREA_STYLE( '', ( #6565 ) );
#5569 = FILL_AREA_STYLE( '', ( #6566 ) );
#5570 = FILL_AREA_STYLE( '', ( #6567 ) );
#5571 = EDGE_CURVE( '', #6568, #6568, #6569, .T. );
#5572 = FILL_AREA_STYLE( '', ( #6570 ) );
#5573 = EDGE_CURVE( '', #6571, #6571, #6572, .T. );
#5574 = FILL_AREA_STYLE( '', ( #6573 ) );
#5575 = EDGE_CURVE( '', #6267, #6101, #6574, .T. );
#5576 = EDGE_CURVE( '', #6262, #6110, #6575, .T. );
#5577 = FILL_AREA_STYLE( '', ( #6576 ) );
#5578 = EDGE_CURVE( '', #6577, #6577, #6578, .T. );
#5579 = FILL_AREA_STYLE( '', ( #6579 ) );
#5580 = EDGE_CURVE( '', #6580, #6580, #6581, .T. );
#5581 = FILL_AREA_STYLE( '', ( #6582 ) );
#5582 = EDGE_CURVE( '', #5984, #6583, #6584, .T. );
#5583 = EDGE_CURVE( '', #6585, #6583, #6586, .T. );
#5584 = EDGE_CURVE( '', #5976, #6585, #6587, .T. );
#5585 = FILL_AREA_STYLE( '', ( #6588 ) );
#5586 = EDGE_CURVE( '', #6589, #6481, #6590, .T. );
#5587 = EDGE_CURVE( '', #6591, #6480, #6592, .T. );
#5588 = EDGE_CURVE( '', #6591, #6589, #6593, .T. );
#5589 = FILL_AREA_STYLE( '', ( #6594 ) );
#5590 = EDGE_CURVE( '', #6595, #6595, #6596, .T. );
#5591 = EDGE_CURVE( '', #6597, #6597, #6598, .T. );
#5592 = FILL_AREA_STYLE( '', ( #6599 ) );
#5593 = EDGE_CURVE( '', #6600, #6600, #6601, .T. );
#5594 = EDGE_CURVE( '', #6602, #6602, #6603, .T. );
#5595 = FILL_AREA_STYLE( '', ( #6604 ) );
#5596 = EDGE_CURVE( '', #6605, #6605, #6606, .T. );
#5597 = FILL_AREA_STYLE( '', ( #6607 ) );
#5598 = EDGE_CURVE( '', #6608, #6608, #6609, .T. );
#5599 = EDGE_CURVE( '', #6610, #6610, #6611, .T. );
#5600 = FILL_AREA_STYLE( '', ( #6612 ) );
#5601 = EDGE_CURVE( '', #6018, #6271, #6613, .T. );
#5602 = EDGE_CURVE( '', #6502, #6271, #6614, .T. );
#5603 = FILL_AREA_STYLE( '', ( #6615 ) );
#5604 = EDGE_CURVE( '', #6616, #6444, #6617, .T. );
#5605 = EDGE_CURVE( '', #6452, #6618, #6619, .T. );
#5606 = EDGE_CURVE( '', #6616, #6618, #6620, .T. );
#5607 = FILL_AREA_STYLE( '', ( #6621 ) );
#5608 = EDGE_CURVE( '', #6622, #6622, #6623, .T. );
#5609 = EDGE_CURVE( '', #6624, #6624, #6625, .T. );
#5610 = FILL_AREA_STYLE( '', ( #6626 ) );
#5611 = EDGE_CURVE( '', #6627, #6627, #6628, .T. );
#5612 = FILL_AREA_STYLE( '', ( #6629 ) );
#5613 = EDGE_CURVE( '', #6630, #6379, #6631, .T. );
#5614 = EDGE_CURVE( '', #6630, #6461, #6632, .T. );
#5615 = FILL_AREA_STYLE( '', ( #6633 ) );
#5616 = EDGE_CURVE( '', #6634, #6486, #6635, .T. );
#5617 = EDGE_CURVE( '', #6634, #6591, #6636, .T. );
#5618 = FILL_AREA_STYLE( '', ( #6637 ) );
#5619 = FILL_AREA_STYLE( '', ( #6638 ) );
#5620 = EDGE_CURVE( '', #6639, #6639, #6640, .T. );
#5621 = EDGE_CURVE( '', #6641, #6641, #6642, .T. );
#5622 = FILL_AREA_STYLE( '', ( #6643 ) );
#5623 = EDGE_CURVE( '', #6644, #6317, #6645, .T. );
#5624 = EDGE_CURVE( '', #6646, #6644, #6647, .T. );
#5625 = EDGE_CURVE( '', #6336, #6646, #6648, .T. );
#5626 = EDGE_CURVE( '', #6649, #6127, #6650, .T. );
#5627 = EDGE_CURVE( '', #6320, #6649, #6651, .T. );
#5628 = EDGE_CURVE( '', #6652, #6652, #6653, .T. );
#5629 = EDGE_CURVE( '', #6654, #6654, #6655, .T. );
#5630 = FILL_AREA_STYLE( '', ( #6656 ) );
#5631 = EDGE_CURVE( '', #6657, #6658, #6659, .T. );
#5632 = EDGE_CURVE( '', #6657, #6422, #6660, .T. );
#5633 = EDGE_CURVE( '', #6422, #6322, #6661, .T. );
#5634 = EDGE_CURVE( '', #6322, #6658, #6662, .T. );
#5635 = FILL_AREA_STYLE( '', ( #6663 ) );
#5636 = CARTESIAN_POINT( '', ( -0.0110000000000000, 0.00800000000000000, -0.000884117865496600 ) );
#5637 = EDGE_CURVE( '', #6664, #6664, #6665, .T. );
#5638 = FILL_AREA_STYLE( '', ( #6666 ) );
#5639 = EDGE_CURVE( '', #6667, #6038, #6668, .T. );
#5640 = EDGE_CURVE( '', #6667, #6080, #6669, .T. );
#5641 = EDGE_CURVE( '', #6040, #6304, #6670, .T. );
#5642 = FILL_AREA_STYLE( '', ( #6671 ) );
#5643 = EDGE_CURVE( '', #6672, #6672, #6673, .T. );
#5644 = FILL_AREA_STYLE( '', ( #6674 ) );
#5645 = EDGE_CURVE( '', #6675, #6675, #6676, .T. );
#5646 = EDGE_CURVE( '', #6677, #6677, #6678, .T. );
#5647 = FILL_AREA_STYLE( '', ( #6679 ) );
#5648 = EDGE_CURVE( '', #6680, #6680, #6681, .T. );
#5649 = FILL_AREA_STYLE( '', ( #6682 ) );
#5650 = EDGE_CURVE( '', #6261, #6108, #6683, .T. );
#5651 = EDGE_CURVE( '', #6264, #6106, #6684, .T. );
#5652 = FILL_AREA_STYLE( '', ( #6685 ) );
#5653 = EDGE_CURVE( '', #6446, #6148, #6686, .T. );
#5654 = EDGE_CURVE( '', #6146, #6687, #6688, .T. );
#5655 = EDGE_CURVE( '', #6448, #6687, #6689, .T. );
#5656 = FILL_AREA_STYLE( '', ( #6690 ) );
#5657 = EDGE_CURVE( '', #6144, #6691, #6692, .T. );
#5658 = EDGE_CURVE( '', #6691, #6693, #6694, .T. );
#5659 = EDGE_CURVE( '', #6693, #6695, #6696, .T. );
#5660 = EDGE_CURVE( '', #6695, #6687, #6697, .T. );
#5661 = FILL_AREA_STYLE( '', ( #6698 ) );
#5662 = EDGE_CURVE( '', #6699, #6393, #6700, .T. );
#5663 = EDGE_CURVE( '', #6699, #6070, #6701, .T. );
#5664 = FILL_AREA_STYLE( '', ( #6702 ) );
#5665 = EDGE_CURVE( '', #5978, #6703, #6704, .T. );
#5666 = EDGE_CURVE( '', #6705, #6703, #6706, .T. );
#5667 = EDGE_CURVE( '', #5980, #6705, #6707, .T. );
#5668 = FILL_AREA_STYLE( '', ( #6708 ) );
#5669 = EDGE_CURVE( '', #6709, #6709, #6710, .T. );
#5670 = EDGE_CURVE( '', #6711, #6712, #6713, .T. );
#5671 = EDGE_CURVE( '', #6714, #6711, #6715, .T. );
#5672 = EDGE_CURVE( '', #6716, #6714, #6717, .T. );
#5673 = EDGE_CURVE( '', #6172, #6716, #6718, .T. );
#5674 = EDGE_CURVE( '', #6712, #6177, #6719, .T. );
#5675 = FILL_AREA_STYLE( '', ( #6720 ) );
#5676 = EDGE_CURVE( '', #6721, #6721, #6722, .T. );
#5677 = FILL_AREA_STYLE( '', ( #6723 ) );
#5678 = EDGE_CURVE( '', #5975, #6724, #6725, .T. );
#5679 = EDGE_CURVE( '', #6703, #6724, #6726, .T. );
#5680 = FILL_AREA_STYLE( '', ( #6727 ) );
#5681 = EDGE_CURVE( '', #6403, #6555, #6728, .T. );
#5682 = EDGE_CURVE( '', #6402, #6557, #6729, .T. );
#5683 = FILL_AREA_STYLE( '', ( #6730 ) );
#5684 = FILL_AREA_STYLE( '', ( #6731 ) );
#5685 = FILL_AREA_STYLE( '', ( #6732 ) );
#5686 = EDGE_CURVE( '', #5991, #6128, #6733, .T. );
#5687 = EDGE_CURVE( '', #6734, #5992, #6735, .T. );
#5688 = EDGE_CURVE( '', #6736, #6734, #6737, .T. );
#5689 = EDGE_CURVE( '', #6738, #6736, #6739, .T. );
#5690 = EDGE_CURVE( '', #6738, #6657, #6740, .T. );
#5691 = EDGE_CURVE( '', #6658, #6128, #6741, .T. );
#5692 = EDGE_CURVE( '', #6742, #6742, #6743, .T. );
#5693 = FILL_AREA_STYLE( '', ( #6744 ) );
#5694 = FILL_AREA_STYLE( '', ( #6745 ) );
#5695 = EDGE_CURVE( '', #6746, #6746, #6747, .T. );
#5696 = FILL_AREA_STYLE( '', ( #6748 ) );
#5697 = EDGE_CURVE( '', #6749, #6154, #6750, .T. );
#5698 = EDGE_CURVE( '', #6749, #6734, #6751, .T. );
#5699 = FILL_AREA_STYLE( '', ( #6752 ) );
#5700 = EDGE_CURVE( '', #6753, #6753, #6754, .T. );
#5701 = FILL_AREA_STYLE( '', ( #6755 ) );
#5702 = EDGE_CURVE( '', #6756, #6756, #6757, .T. );
#5703 = EDGE_CURVE( '', #6758, #6758, #6759, .T. );
#5704 = FILL_AREA_STYLE( '', ( #6760 ) );
#5705 = EDGE_CURVE( '', #6532, #6413, #6761, .T. );
#5706 = FILL_AREA_STYLE( '', ( #6762 ) );
#5707 = EDGE_CURVE( '', #6763, #6763, #6764, .T. );
#5708 = FILL_AREA_STYLE( '', ( #6765 ) );
#5709 = FILL_AREA_STYLE( '', ( #6766 ) );
#5710 = EDGE_CURVE( '', #6767, #6767, #6768, .T. );
#5711 = EDGE_CURVE( '', #6769, #6769, #6770, .T. );
#5712 = FILL_AREA_STYLE( '', ( #6771 ) );
#5713 = CARTESIAN_POINT( '', ( 0.0110000000000000, 0.00800000000000000, -0.000884117865496600 ) );
#5714 = FILL_AREA_STYLE( '', ( #6772 ) );
#5715 = EDGE_CURVE( '', #6548, #6338, #6773, .T. );
#5716 = EDGE_CURVE( '', #6247, #6132, #6774, .T. );
#5717 = EDGE_CURVE( '', #6775, #6775, #6776, .T. );
#5718 = EDGE_CURVE( '', #6777, #6777, #6778, .T. );
#5719 = EDGE_CURVE( '', #6779, #6779, #6780, .T. );
#5720 = FILL_AREA_STYLE( '', ( #6781 ) );
#5721 = EDGE_CURVE( '', #6782, #6782, #6783, .T. );
#5722 = FILL_AREA_STYLE( '', ( #6784 ) );
#5723 = EDGE_CURVE( '', #6282, #6548, #6785, .T. );
#5724 = EDGE_CURVE( '', #6338, #6284, #6786, .T. );
#5725 = FILL_AREA_STYLE( '', ( #6787 ) );
#5726 = EDGE_CURVE( '', #6788, #6788, #6789, .T. );
#5727 = FILL_AREA_STYLE( '', ( #6790 ) );
#5728 = FILL_AREA_STYLE( '', ( #6791 ) );
#5729 = EDGE_CURVE( '', #6792, #6792, #6793, .T. );
#5730 = FILL_AREA_STYLE( '', ( #6794 ) );
#5731 = FILL_AREA_STYLE( '', ( #6795 ) );
#5732 = EDGE_CURVE( '', #6796, #6796, #6797, .T. );
#5733 = EDGE_CURVE( '', #6798, #6798, #6799, .T. );
#5734 = FILL_AREA_STYLE( '', ( #6800 ) );
#5735 = EDGE_CURVE( '', #6801, #6801, #6802, .T. );
#5736 = FILL_AREA_STYLE( '', ( #6803 ) );
#5737 = EDGE_CURVE( '', #6649, #6658, #6804, .T. );
#5738 = FILL_AREA_STYLE( '', ( #6805 ) );
#5739 = EDGE_CURVE( '', #6806, #6806, #6807, .T. );
#5740 = FILL_AREA_STYLE( '', ( #6808 ) );
#5741 = EDGE_CURVE( '', #5965, #6405, #6809, .T. );
#5742 = EDGE_CURVE( '', #5964, #6407, #6810, .T. );
#5743 = FILL_AREA_STYLE( '', ( #6811 ) );
#5744 = EDGE_CURVE( '', #6812, #6812, #6813, .T. );
#5745 = FILL_AREA_STYLE( '', ( #6814 ) );
#5746 = EDGE_CURVE( '', #6815, #6815, #6816, .T. );
#5747 = EDGE_CURVE( '', #6817, #6817, #6818, .T. );
#5748 = EDGE_CURVE( '', #6819, #6819, #6820, .T. );
#5749 = EDGE_CURVE( '', #6821, #6821, #6822, .T. );
#5750 = FILL_AREA_STYLE( '', ( #6823 ) );
#5751 = EDGE_CURVE( '', #6824, #6483, #6825, .T. );
#5752 = EDGE_CURVE( '', #6824, #6355, #6826, .T. );
#5753 = FILL_AREA_STYLE( '', ( #6827 ) );
#5754 = EDGE_CURVE( '', #6828, #6749, #6829, .T. );
#5755 = EDGE_CURVE( '', #6736, #6828, #6830, .T. );
#5756 = FILL_AREA_STYLE( '', ( #6831 ) );
#5757 = EDGE_CURVE( '', #6832, #6832, #6833, .T. );
#5758 = FILL_AREA_STYLE( '', ( #6834 ) );
#5759 = EDGE_CURVE( '', #6302, #6015, #6835, .T. );
#5760 = FILL_AREA_STYLE( '', ( #6836 ) );
#5761 = FILL_AREA_STYLE( '', ( #6837 ) );
#5762 = EDGE_CURVE( '', #6173, #6838, #6839, .T. );
#5763 = EDGE_CURVE( '', #6838, #6840, #6841, .T. );
#5764 = EDGE_CURVE( '', #6840, #6842, #6843, .T. );
#5765 = EDGE_CURVE( '', #6842, #6844, #6845, .T. );
#5766 = EDGE_CURVE( '', #6844, #6175, #6846, .T. );
#5767 = FILL_AREA_STYLE( '', ( #6847 ) );
#5768 = EDGE_CURVE( '', #6848, #6848, #6849, .T. );
#5769 = FILL_AREA_STYLE( '', ( #6850 ) );
#5770 = FILL_AREA_STYLE( '', ( #6851 ) );
#5771 = EDGE_CURVE( '', #6852, #6852, #6853, .T. );
#5772 = EDGE_CURVE( '', #6854, #6854, #6855, .T. );
#5773 = FILL_AREA_STYLE( '', ( #6856 ) );
#5774 = EDGE_CURVE( '', #6857, #6036, #6858, .T. );
#5775 = EDGE_CURVE( '', #6857, #6667, #6859, .T. );
#5776 = FILL_AREA_STYLE( '', ( #6860 ) );
#5777 = EDGE_CURVE( '', #6502, #6318, #6861, .T. );
#5778 = EDGE_CURVE( '', #6272, #6318, #6862, .T. );
#5779 = FILL_AREA_STYLE( '', ( #6863 ) );
#5780 = EDGE_CURVE( '', #5982, #6864, #6865, .T. );
#5781 = EDGE_CURVE( '', #6583, #6864, #6866, .T. );
#5782 = FILL_AREA_STYLE( '', ( #6867 ) );
#5783 = EDGE_CURVE( '', #6857, #6080, #6868, .T. );
#5784 = FILL_AREA_STYLE( '', ( #6869 ) );
#5785 = FILL_AREA_STYLE( '', ( #6870 ) );
#5786 = EDGE_CURVE( '', #6724, #6585, #6871, .T. );
#5787 = FILL_AREA_STYLE( '', ( #6872 ) );
#5788 = FILL_AREA_STYLE( '', ( #6873 ) );
#5789 = FILL_AREA_STYLE( '', ( #6874 ) );
#5790 = FILL_AREA_STYLE( '', ( #6875 ) );
#5791 = FILL_AREA_STYLE( '', ( #6876 ) );
#5792 = EDGE_CURVE( '', #6052, #6468, #6877, .T. );
#5793 = EDGE_CURVE( '', #6051, #6470, #6878, .T. );
#5794 = FILL_AREA_STYLE( '', ( #6879 ) );
#5795 = FILL_AREA_STYLE( '', ( #6880 ) );
#5796 = FILL_AREA_STYLE( '', ( #6881 ) );
#5797 = EDGE_CURVE( '', #6882, #6882, #6883, .T. );
#5798 = FILL_AREA_STYLE( '', ( #6884 ) );
#5799 = FILL_AREA_STYLE( '', ( #6885 ) );
#5800 = FILL_AREA_STYLE( '', ( #6886 ) );
#5801 = EDGE_CURVE( '', #6864, #6705, #6887, .T. );
#5802 = FILL_AREA_STYLE( '', ( #6888 ) );
#5803 = FILL_AREA_STYLE( '', ( #6889 ) );
#5804 = EDGE_CURVE( '', #6350, #6634, #6890, .T. );
#5805 = FILL_AREA_STYLE( '', ( #6891 ) );
#5806 = FILL_AREA_STYLE( '', ( #6892 ) );
#5807 = EDGE_CURVE( '', #6893, #6893, #6894, .T. );
#5808 = EDGE_CURVE( '', #6895, #6895, #6896, .T. );
#5809 = FILL_AREA_STYLE( '', ( #6897 ) );
#5810 = EDGE_CURVE( '', #6898, #6898, #6899, .T. );
#5811 = FILL_AREA_STYLE( '', ( #6900 ) );
#5812 = EDGE_CURVE( '', #6411, #6630, #6901, .T. );
#5813 = FILL_AREA_STYLE( '', ( #6902 ) );
#5814 = EDGE_CURVE( '', #6738, #6034, #6903, .T. );
#5815 = EDGE_CURVE( '', #6828, #6618, #6904, .T. );
#5816 = EDGE_CURVE( '', #6695, #6450, #6905, .T. );
#5817 = EDGE_CURVE( '', #6693, #6276, #6906, .T. );
#5818 = EDGE_CURVE( '', #6016, #6274, #6907, .T. );
#5819 = FILL_AREA_STYLE( '', ( #6908 ) );
#5820 = FILL_AREA_STYLE( '', ( #6909 ) );
#5821 = EDGE_CURVE( '', #6032, #6657, #6910, .T. );
#5822 = FILL_AREA_STYLE( '', ( #6911 ) );
#5823 = EDGE_CURVE( '', #6912, #6912, #6913, .T. );
#5824 = FILL_AREA_STYLE( '', ( #6914 ) );
#5825 = FILL_AREA_STYLE( '', ( #6915 ) );
#5826 = FILL_AREA_STYLE( '', ( #6916 ) );
#5827 = EDGE_CURVE( '', #6917, #6917, #6918, .T. );
#5828 = FILL_AREA_STYLE( '', ( #6919 ) );
#5829 = EDGE_CURVE( '', #6646, #6284, #6920, .T. );
#5830 = FILL_AREA_STYLE( '', ( #6921 ) );
#5831 = EDGE_CURVE( '', #6712, #6844, #6922, .T. );
#5832 = EDGE_CURVE( '', #6711, #6842, #6923, .T. );
#5833 = FILL_AREA_STYLE( '', ( #6924 ) );
#5834 = FILL_AREA_STYLE( '', ( #6925 ) );
#5835 = FILL_AREA_STYLE( '', ( #6926 ) );
#5836 = FILL_AREA_STYLE( '', ( #6927 ) );
#5837 = EDGE_CURVE( '', #6928, #6928, #6929, .T. );
#5838 = FILL_AREA_STYLE( '', ( #6930 ) );
#5839 = EDGE_CURVE( '', #6931, #6931, #6932, .T. );
#5840 = FILL_AREA_STYLE( '', ( #6933 ) );
#5841 = FILL_AREA_STYLE( '', ( #6934 ) );
#5842 = FILL_AREA_STYLE( '', ( #6935 ) );
#5843 = EDGE_CURVE( '', #6443, #6150, #6936, .T. );
#5844 = FILL_AREA_STYLE( '', ( #6937 ) );
#5845 = EDGE_CURVE( '', #6278, #6691, #6938, .T. );
#5846 = FILL_AREA_STYLE( '', ( #6939 ) );
#5847 = FILL_AREA_STYLE( '', ( #6940 ) );
#5848 = FILL_AREA_STYLE( '', ( #6941 ) );
#5849 = EDGE_CURVE( '', #6140, #6282, #6942, .T. );
#5850 = EDGE_CURVE( '', #6280, #6142, #6943, .T. );
#5851 = FILL_AREA_STYLE( '', ( #6944 ) );
#5852 = FILL_AREA_STYLE( '', ( #6945 ) );
#5853 = FILL_AREA_STYLE( '', ( #6946 ) );
#5854 = FILL_AREA_STYLE( '', ( #6947 ) );
#5855 = FILL_AREA_STYLE( '', ( #6948 ) );
#5856 = EDGE_CURVE( '', #6714, #6840, #6949, .T. );
#5857 = EDGE_CURVE( '', #6716, #6838, #6950, .T. );
#5858 = FILL_AREA_STYLE( '', ( #6951 ) );
#5859 = FILL_AREA_STYLE( '', ( #6952 ) );
#5860 = EDGE_CURVE( '', #6426, #6699, #6953, .T. );
#5861 = FILL_AREA_STYLE( '', ( #6954 ) );
#5862 = EDGE_CURVE( '', #6955, #6955, #6956, .T. );
#5863 = FILL_AREA_STYLE( '', ( #6957 ) );
#5864 = FILL_AREA_STYLE( '', ( #6958 ) );
#5865 = EDGE_CURVE( '', #6959, #6959, #6960, .T. );
#5866 = EDGE_CURVE( '', #6961, #6961, #6962, .T. );
#5867 = FILL_AREA_STYLE( '', ( #6963 ) );
#5868 = FILL_AREA_STYLE( '', ( #6964 ) );
#5869 = EDGE_CURVE( '', #6965, #6965, #6966, .T. );
#5870 = FILL_AREA_STYLE( '', ( #6967 ) );
#5871 = FILL_AREA_STYLE( '', ( #6968 ) );
#5872 = EDGE_CURVE( '', #6969, #6969, #6970, .T. );
#5873 = FILL_AREA_STYLE( '', ( #6971 ) );
#5874 = EDGE_CURVE( '', #6375, #6504, #6972, .T. );
#5875 = FILL_AREA_STYLE( '', ( #6973 ) );
#5876 = EDGE_CURVE( '', #6552, #5969, #6974, .T. );
#5877 = FILL_AREA_STYLE( '', ( #6975 ) );
#5878 = FILL_AREA_STYLE( '', ( #6976 ) );
#5879 = FILL_AREA_STYLE( '', ( #6977 ) );
#5880 = FILL_AREA_STYLE( '', ( #6978 ) );
#5881 = EDGE_CURVE( '', #6979, #6979, #6980, .T. );
#5882 = FILL_AREA_STYLE( '', ( #6981 ) );
#5883 = FILL_AREA_STYLE( '', ( #6982 ) );
#5884 = FILL_AREA_STYLE( '', ( #6983 ) );
#5885 = EDGE_CURVE( '', #6553, #5967, #6984, .T. );
#5886 = FILL_AREA_STYLE( '', ( #6985 ) );
#5887 = FILL_AREA_STYLE( '', ( #6986 ) );
#5888 = EDGE_CURVE( '', #6644, #6272, #6987, .T. );
#5889 = FILL_AREA_STYLE( '', ( #6988 ) );
#5890 = FILL_AREA_STYLE( '', ( #6989 ) );
#5891 = EDGE_CURVE( '', #6990, #6990, #6991, .T. );
#5892 = EDGE_CURVE( '', #6465, #6097, #6992, .T. );
#5893 = FILL_AREA_STYLE( '', ( #6993 ) );
#5894 = EDGE_CURVE( '', #6466, #6095, #6994, .T. );
#5895 = FILL_AREA_STYLE( '', ( #6995 ) );
#5896 = FILL_AREA_STYLE( '', ( #6996 ) );
#5897 = FILL_AREA_STYLE( '', ( #6997 ) );
#5898 = FILL_AREA_STYLE( '', ( #6998 ) );
#5899 = EDGE_CURVE( '', #6999, #6396, #7000, .T. );
#5900 = EDGE_CURVE( '', #6999, #6428, #7001, .T. );
#5901 = FILL_AREA_STYLE( '', ( #7002 ) );
#5902 = EDGE_CURVE( '', #7003, #7003, #7004, .T. );
#5903 = FILL_AREA_STYLE( '', ( #7005 ) );
#5904 = FILL_AREA_STYLE( '', ( #7006 ) );
#5905 = FILL_AREA_STYLE( '', ( #7007 ) );
#5906 = FILL_AREA_STYLE( '', ( #7008 ) );
#5907 = EDGE_CURVE( '', #7009, #7009, #7010, .T. );
#5908 = FILL_AREA_STYLE( '', ( #7011 ) );
#5909 = EDGE_CURVE( '', #7012, #7012, #7013, .T. );
#5910 = FILL_AREA_STYLE( '', ( #7014 ) );
#5911 = FILL_AREA_STYLE( '', ( #7015 ) );
#5912 = FILL_AREA_STYLE( '', ( #7016 ) );
#5913 = EDGE_CURVE( '', #7017, #7017, #7018, .T. );
#5914 = FILL_AREA_STYLE( '', ( #7019 ) );
#5915 = FILL_AREA_STYLE( '', ( #7020 ) );
#5916 = FILL_AREA_STYLE( '', ( #7021 ) );
#5917 = FILL_AREA_STYLE( '', ( #7022 ) );
#5918 = FILL_AREA_STYLE( '', ( #7023 ) );
#5919 = FILL_AREA_STYLE( '', ( #7024 ) );
#5920 = EDGE_CURVE( '', #6065, #6999, #7025, .T. );
#5921 = FILL_AREA_STYLE( '', ( #7026 ) );
#5922 = FILL_AREA_STYLE( '', ( #7027 ) );
#5923 = FILL_AREA_STYLE( '', ( #7028 ) );
#5924 = FILL_AREA_STYLE( '', ( #7029 ) );
#5925 = FILL_AREA_STYLE( '', ( #7030 ) );
#5926 = EDGE_CURVE( '', #7031, #7031, #7032, .T. );
#5927 = FILL_AREA_STYLE( '', ( #7033 ) );
#5928 = FILL_AREA_STYLE( '', ( #7034 ) );
#5929 = FILL_AREA_STYLE( '', ( #7035 ) );
#5930 = FILL_AREA_STYLE( '', ( #7036 ) );
#5931 = FILL_AREA_STYLE( '', ( #7037 ) );
#5932 = FILL_AREA_STYLE( '', ( #7038 ) );
#5933 = FILL_AREA_STYLE( '', ( #7039 ) );
#5934 = FILL_AREA_STYLE( '', ( #7040 ) );
#5935 = EDGE_CURVE( '', #6616, #6152, #7041, .T. );
#5936 = FILL_AREA_STYLE( '', ( #7042 ) );
#5937 = EDGE_CURVE( '', #6589, #6824, #7043, .T. );
#5938 = FILL_AREA_STYLE( '', ( #7044 ) );
#5939 = FILL_AREA_STYLE( '', ( #7045 ) );
#5940 = EDGE_CURVE( '', #7046, #7046, #7047, .T. );
#5941 = FILL_AREA_STYLE( '', ( #7048 ) );
#5942 = FILL_AREA_STYLE( '', ( #7049 ) );
#5943 = FILL_AREA_STYLE( '', ( #7050 ) );
#5944 = FILL_AREA_STYLE( '', ( #7051 ) );
#5945 = FILL_AREA_STYLE( '', ( #7052 ) );
#5946 = FILL_AREA_STYLE( '', ( #7053 ) );
#5947 = FILL_AREA_STYLE( '', ( #7054 ) );
#5948 = FILL_AREA_STYLE( '', ( #7055 ) );
#5949 = FILL_AREA_STYLE( '', ( #7056 ) );
#5950 = FILL_AREA_STYLE_COLOUR( '', #7057 );
#5951 = VERTEX_POINT( '', #7058 );
#5952 = CIRCLE( '', #7059, 0.00102500000000000 );
#5953 = FILL_AREA_STYLE_COLOUR( '', #7060 );
#5954 = VERTEX_POINT( '', #7061 );
#5955 = CIRCLE( '', #7062, 0.00225000000000000 );
#5956 = VERTEX_POINT( '', #7063 );
#5957 = CIRCLE( '', #7064, 0.00203349360000000 );
#5958 = FILL_AREA_STYLE_COLOUR( '', #7065 );
#5959 = VERTEX_POINT( '', #7066 );
#5960 = CIRCLE( '', #7067, 0.00102500000000000 );
#5961 = VERTEX_POINT( '', #7068 );
#5962 = CIRCLE( '', #7069, 0.00102500000000000 );
#5963 = FILL_AREA_STYLE_COLOUR( '', #7070 );
#5964 = VERTEX_POINT( '', #7071 );
#5965 = VERTEX_POINT( '', #7072 );
#5966 = LINE( '', #7073, #7074 );
#5967 = VERTEX_POINT( '', #7075 );
#5968 = LINE( '', #7076, #7077 );
#5969 = VERTEX_POINT( '', #7078 );
#5970 = LINE( '', #7079, #7080 );
#5971 = LINE( '', #7081, #7082 );
#5972 = FILL_AREA_STYLE_COLOUR( '', #7083 );
#5973 = VERTEX_POINT( '', #7084 );
#5974 = CIRCLE( '', #7085, 0.00203349360000000 );
#5975 = VERTEX_POINT( '', #7086 );
#5976 = VERTEX_POINT( '', #7087 );
#5977 = LINE( '', #7088, #7089 );
#5978 = VERTEX_POINT( '', #7090 );
#5979 = LINE( '', #7091, #7092 );
#5980 = VERTEX_POINT( '', #7093 );
#5981 = LINE( '', #7094, #7095 );
#5982 = VERTEX_POINT( '', #7096 );
#5983 = LINE( '', #7097, #7098 );
#5984 = VERTEX_POINT( '', #7099 );
#5985 = LINE( '', #7100, #7101 );
#5986 = LINE( '', #7102, #7103 );
#5987 = FILL_AREA_STYLE_COLOUR( '', #7104 );
#5988 = VERTEX_POINT( '', #7105 );
#5989 = CIRCLE( '', #7106, 0.000800000000000000 );
#5990 = FILL_AREA_STYLE_COLOUR( '', #7107 );
#5991 = VERTEX_POINT( '', #7108 );
#5992 = VERTEX_POINT( '', #7109 );
#5993 = LINE( '', #7110, #7111 );
#5994 = VERTEX_POINT( '', #7112 );
#5995 = LINE( '', #7113, #7114 );
#5996 = VERTEX_POINT( '', #7115 );
#5997 = LINE( '', #7116, #7117 );
#5998 = LINE( '', #7118, #7119 );
#5999 = FILL_AREA_STYLE_COLOUR( '', #7120 );
#6000 = VERTEX_POINT( '', #7121 );
#6001 = CIRCLE( '', #7122, 0.00102500000000000 );
#6002 = VERTEX_POINT( '', #7123 );
#6003 = CIRCLE( '', #7124, 0.00102500000000000 );
#6004 = FILL_AREA_STYLE_COLOUR( '', #7125 );
#6005 = VERTEX_POINT( '', #7126 );
#6006 = CIRCLE( '', #7127, 0.00240000000000000 );
#6007 = VERTEX_POINT( '', #7128 );
#6008 = CIRCLE( '', #7129, 0.00225000000000000 );
#6009 = FILL_AREA_STYLE_COLOUR( '', #7130 );
#6010 = VERTEX_POINT( '', #7131 );
#6011 = CIRCLE( '', #7132, 0.00135000000000000 );
#6012 = VERTEX_POINT( '', #7133 );
#6013 = CIRCLE( '', #7134, 0.00130000000000000 );
#6014 = FILL_AREA_STYLE_COLOUR( '', #7135 );
#6015 = VERTEX_POINT( '', #7136 );
#6016 = VERTEX_POINT( '', #7137 );
#6017 = LINE( '', #7138, #7139 );
#6018 = VERTEX_POINT( '', #7140 );
#6019 = LINE( '', #7141, #7142 );
#6020 = VERTEX_POINT( '', #7143 );
#6021 = LINE( '', #7144, #7145 );
#6022 = VERTEX_POINT( '', #7146 );
#6023 = LINE( '', #7147, #7148 );
#6024 = VERTEX_POINT( '', #7149 );
#6025 = LINE( '', #7150, #7151 );
#6026 = VERTEX_POINT( '', #7152 );
#6027 = LINE( '', #7153, #7154 );
#6028 = VERTEX_POINT( '', #7155 );
#6029 = LINE( '', #7156, #7157 );
#6030 = VERTEX_POINT( '', #7158 );
#6031 = LINE( '', #7159, #7160 );
#6032 = VERTEX_POINT( '', #7161 );
#6033 = LINE( '', #7162, #7163 );
#6034 = VERTEX_POINT( '', #7164 );
#6035 = LINE( '', #7165, #7166 );
#6036 = VERTEX_POINT( '', #7167 );
#6037 = LINE( '', #7168, #7169 );
#6038 = VERTEX_POINT( '', #7170 );
#6039 = LINE( '', #7171, #7172 );
#6040 = VERTEX_POINT( '', #7173 );
#6041 = CIRCLE( '', #7174, 0.00900000000000000 );
#6042 = LINE( '', #7175, #7176 );
#6043 = VERTEX_POINT( '', #7177 );
#6044 = CIRCLE( '', #7178, 0.00240000000000000 );
#6045 = VERTEX_POINT( '', #7179 );
#6046 = CIRCLE( '', #7180, 0.00240000000000000 );
#6047 = FILL_AREA_STYLE_COLOUR( '', #7181 );
#6048 = VERTEX_POINT( '', #7182 );
#6049 = CIRCLE( '', #7183, 0.00210000000000000 );
#6050 = FILL_AREA_STYLE_COLOUR( '', #7184 );
#6051 = VERTEX_POINT( '', #7185 );
#6052 = VERTEX_POINT( '', #7186 );
#6053 = LINE( '', #7187, #7188 );
#6054 = VERTEX_POINT( '', #7189 );
#6055 = LINE( '', #7190, #7191 );
#6056 = VERTEX_POINT( '', #7192 );
#6057 = LINE( '', #7193, #7194 );
#6058 = LINE( '', #7195, #7196 );
#6059 = FILL_AREA_STYLE_COLOUR( '', #7197 );
#6060 = VERTEX_POINT( '', #7198 );
#6061 = CIRCLE( '', #7199, 0.00125000000000000 );
#6062 = VERTEX_POINT( '', #7200 );
#6063 = CIRCLE( '', #7201, 0.00135000000000000 );
#6064 = FILL_AREA_STYLE_COLOUR( '', #7202 );
#6065 = VERTEX_POINT( '', #7203 );
#6066 = VERTEX_POINT( '', #7204 );
#6067 = LINE( '', #7205, #7206 );
#6068 = VERTEX_POINT( '', #7207 );
#6069 = LINE( '', #7208, #7209 );
#6070 = VERTEX_POINT( '', #7210 );
#6071 = LINE( '', #7211, #7212 );
#6072 = LINE( '', #7213, #7214 );
#6073 = FILL_AREA_STYLE_COLOUR( '', #7215 );
#6074 = VERTEX_POINT( '', #7216 );
#6075 = CIRCLE( '', #7217, 0.00102500000000000 );
#6076 = VERTEX_POINT( '', #7218 );
#6077 = CIRCLE( '', #7219, 0.00102500000000000 );
#6078 = FILL_AREA_STYLE_COLOUR( '', #7220 );
#6079 = VERTEX_POINT( '', #7221 );
#6080 = VERTEX_POINT( '', #7222 );
#6081 = LINE( '', #7223, #7224 );
#6082 = CIRCLE( '', #7225, 0.00900000000000000 );
#6083 = FILL_AREA_STYLE_COLOUR( '', #7226 );
#6084 = VERTEX_POINT( '', #7227 );
#6085 = CIRCLE( '', #7228, 0.00125000000000000 );
#6086 = VERTEX_POINT( '', #7229 );
#6087 = CIRCLE( '', #7230, 0.00135000000000000 );
#6088 = FILL_AREA_STYLE_COLOUR( '', #7231 );
#6089 = VERTEX_POINT( '', #7232 );
#6090 = CIRCLE( '', #7233, 0.000800000000000000 );
#6091 = FILL_AREA_STYLE_COLOUR( '', #7234 );
#6092 = VERTEX_POINT( '', #7235 );
#6093 = VERTEX_POINT( '', #7236 );
#6094 = LINE( '', #7237, #7238 );
#6095 = VERTEX_POINT( '', #7239 );
#6096 = LINE( '', #7240, #7241 );
#6097 = VERTEX_POINT( '', #7242 );
#6098 = LINE( '', #7243, #7244 );
#6099 = LINE( '', #7245, #7246 );
#6100 = FILL_AREA_STYLE_COLOUR( '', #7247 );
#6101 = VERTEX_POINT( '', #7248 );
#6102 = VERTEX_POINT( '', #7249 );
#6103 = LINE( '', #7250, #7251 );
#6104 = VERTEX_POINT( '', #7252 );
#6105 = LINE( '', #7253, #7254 );
#6106 = VERTEX_POINT( '', #7255 );
#6107 = LINE( '', #7256, #7257 );
#6108 = VERTEX_POINT( '', #7258 );
#6109 = LINE( '', #7259, #7260 );
#6110 = VERTEX_POINT( '', #7261 );
#6111 = LINE( '', #7262, #7263 );
#6112 = LINE( '', #7264, #7265 );
#6113 = FILL_AREA_STYLE_COLOUR( '', #7266 );
#6114 = VERTEX_POINT( '', #7267 );
#6115 = CIRCLE( '', #7268, 0.00225000000000000 );
#6116 = VERTEX_POINT( '', #7269 );
#6117 = CIRCLE( '', #7270, 0.00225000000000000 );
#6118 = FILL_AREA_STYLE_COLOUR( '', #7271 );
#6119 = VERTEX_POINT( '', #7272 );
#6120 = CIRCLE( '', #7273, 0.000800000000000000 );
#6121 = FILL_AREA_STYLE_COLOUR( '', #7274 );
#6122 = VERTEX_POINT( '', #7275 );
#6123 = CIRCLE( '', #7276, 0.00240000000000000 );
#6124 = VERTEX_POINT( '', #7277 );
#6125 = CIRCLE( '', #7278, 0.00240000000000000 );
#6126 = FILL_AREA_STYLE_COLOUR( '', #7279 );
#6127 = VERTEX_POINT( '', #7280 );
#6128 = VERTEX_POINT( '', #7281 );
#6129 = LINE( '', #7282, #7283 );
#6130 = VERTEX_POINT( '', #7284 );
#6131 = LINE( '', #7285, #7286 );
#6132 = VERTEX_POINT( '', #7287 );
#6133 = LINE( '', #7288, #7289 );
#6134 = LINE( '', #7290, #7291 );
#6135 = FILL_AREA_STYLE_COLOUR( '', #7292 );
#6136 = VERTEX_POINT( '', #7293 );
#6137 = LINE( '', #7294, #7295 );
#6138 = VERTEX_POINT( '', #7296 );
#6139 = LINE( '', #7297, #7298 );
#6140 = VERTEX_POINT( '', #7299 );
#6141 = LINE( '', #7300, #7301 );
#6142 = VERTEX_POINT( '', #7302 );
#6143 = LINE( '', #7303, #7304 );
#6144 = VERTEX_POINT( '', #7305 );
#6145 = LINE( '', #7306, #7307 );
#6146 = VERTEX_POINT( '', #7308 );
#6147 = LINE( '', #7309, #7310 );
#6148 = VERTEX_POINT( '', #7311 );
#6149 = LINE( '', #7312, #7313 );
#6150 = VERTEX_POINT( '', #7314 );
#6151 = LINE( '', #7315, #7316 );
#6152 = VERTEX_POINT( '', #7317 );
#6153 = LINE( '', #7318, #7319 );
#6154 = VERTEX_POINT( '', #7320 );
#6155 = LINE( '', #7321, #7322 );
#6156 = LINE( '', #7323, #7324 );
#6157 = VERTEX_POINT( '', #7325 );
#6158 = CIRCLE( '', #7326, 0.00240000000000000 );
#6159 = VERTEX_POINT( '', #7327 );
#6160 = CIRCLE( '', #7328, 0.00240000000000000 );
#6161 = FILL_AREA_STYLE_COLOUR( '', #7329 );
#6162 = VERTEX_POINT( '', #7330 );
#6163 = CIRCLE( '', #7331, 0.00125000000000000 );
#6164 = VERTEX_POINT( '', #7332 );
#6165 = CIRCLE( '', #7333, 0.00135000000000000 );
#6166 = FILL_AREA_STYLE_COLOUR( '', #7334 );
#6167 = VERTEX_POINT( '', #7335 );
#6168 = CIRCLE( '', #7336, 0.00130000000000000 );
#6169 = VERTEX_POINT( '', #7337 );
#6170 = CIRCLE( '', #7338, 0.00130000000000000 );
#6171 = FILL_AREA_STYLE_COLOUR( '', #7339 );
#6172 = VERTEX_POINT( '', #7340 );
#6173 = VERTEX_POINT( '', #7341 );
#6174 = LINE( '', #7342, #7343 );
#6175 = VERTEX_POINT( '', #7344 );
#6176 = LINE( '', #7345, #7346 );
#6177 = VERTEX_POINT( '', #7347 );
#6178 = LINE( '', #7348, #7349 );
#6179 = LINE( '', #7350, #7351 );
#6180 = FILL_AREA_STYLE_COLOUR( '', #7352 );
#6181 = VERTEX_POINT( '', #7353 );
#6182 = CIRCLE( '', #7354, 0.00380000000000000 );
#6183 = VERTEX_POINT( '', #7355 );
#6184 = CIRCLE( '', #7356, 0.00400000000000000 );
#6185 = FILL_AREA_STYLE_COLOUR( '', #7357 );
#6186 = VERTEX_POINT( '', #7358 );
#6187 = CIRCLE( '', #7359, 0.00102500000000000 );
#6188 = VERTEX_POINT( '', #7360 );
#6189 = CIRCLE( '', #7361, 0.00102500000000000 );
#6190 = FILL_AREA_STYLE_COLOUR( '', #7362 );
#6191 = VERTEX_POINT( '', #7363 );
#6192 = CIRCLE( '', #7364, 0.00130000000000000 );
#6193 = VERTEX_POINT( '', #7365 );
#6194 = CIRCLE( '', #7366, 0.00130000000000000 );
#6195 = FILL_AREA_STYLE_COLOUR( '', #7367 );
#6196 = VERTEX_POINT( '', #7368 );
#6197 = CIRCLE( '', #7369, 0.00102500000000000 );
#6198 = FILL_AREA_STYLE_COLOUR( '', #7370 );
#6199 = VERTEX_POINT( '', #7371 );
#6200 = CIRCLE( '', #7372, 0.00102500000000000 );
#6201 = VERTEX_POINT( '', #7373 );
#6202 = CIRCLE( '', #7374, 0.00102500000000000 );
#6203 = FILL_AREA_STYLE_COLOUR( '', #7375 );
#6204 = VERTEX_POINT( '', #7376 );
#6205 = CIRCLE( '', #7377, 0.00102500000000000 );
#6206 = VERTEX_POINT( '', #7378 );
#6207 = CIRCLE( '', #7379, 0.00102500000000000 );
#6208 = FILL_AREA_STYLE_COLOUR( '', #7380 );
#6209 = VERTEX_POINT( '', #7381 );
#6210 = CIRCLE( '', #7382, 0.00102500000000000 );
#6211 = FILL_AREA_STYLE_COLOUR( '', #7383 );
#6212 = VERTEX_POINT( '', #7384 );
#6213 = CIRCLE( '', #7385, 0.00225000000000000 );
#6214 = VERTEX_POINT( '', #7386 );
#6215 = CIRCLE( '', #7387, 0.00225000000000000 );
#6216 = FILL_AREA_STYLE_COLOUR( '', #7388 );
#6217 = VERTEX_POINT( '', #7389 );
#6218 = CIRCLE( '', #7390, 0.00102500000000000 );
#6219 = FILL_AREA_STYLE_COLOUR( '', #7391 );
#6220 = VERTEX_POINT( '', #7392 );
#6221 = CIRCLE( '', #7393, 0.000800000000000000 );
#6222 = FILL_AREA_STYLE_COLOUR( '', #7394 );
#6223 = VERTEX_POINT( '', #7395 );
#6224 = CIRCLE( '', #7396, 0.00125000000000000 );
#6225 = VERTEX_POINT( '', #7397 );
#6226 = CIRCLE( '', #7398, 0.00125000000000000 );
#6227 = FILL_AREA_STYLE_COLOUR( '', #7399 );
#6228 = VERTEX_POINT( '', #7400 );
#6229 = CIRCLE( '', #7401, 0.00130000000000000 );
#6230 = VERTEX_POINT( '', #7402 );
#6231 = CIRCLE( '', #7403, 0.00125000000000000 );
#6232 = FILL_AREA_STYLE_COLOUR( '', #7404 );
#6233 = VERTEX_POINT( '', #7405 );
#6234 = CIRCLE( '', #7406, 0.00102500000000000 );
#6235 = FILL_AREA_STYLE_COLOUR( '', #7407 );
#6236 = VERTEX_POINT( '', #7408 );
#6237 = LINE( '', #7409, #7410 );
#6238 = VERTEX_POINT( '', #7411 );
#6239 = LINE( '', #7412, #7413 );
#6240 = LINE( '', #7414, #7415 );
#6241 = FILL_AREA_STYLE_COLOUR( '', #7416 );
#6242 = VERTEX_POINT( '', #7417 );
#6243 = CIRCLE( '', #7418, 0.00102500000000000 );
#6244 = VERTEX_POINT( '', #7419 );
#6245 = CIRCLE( '', #7420, 0.00102500000000000 );
#6246 = FILL_AREA_STYLE_COLOUR( '', #7421 );
#6247 = VERTEX_POINT( '', #7422 );
#6248 = LINE( '', #7423, #7424 );
#6249 = LINE( '', #7425, #7426 );
#6250 = FILL_AREA_STYLE_COLOUR( '', #7427 );
#6251 = VERTEX_POINT( '', #7428 );
#6252 = CIRCLE( '', #7429, 0.000800000000000000 );
#6253 = VERTEX_POINT( '', #7430 );
#6254 = CIRCLE( '', #7431, 0.00110000000000000 );
#6255 = FILL_AREA_STYLE_COLOUR( '', #7432 );
#6256 = VERTEX_POINT( '', #7433 );
#6257 = CIRCLE( '', #7434, 0.00130000000000000 );
#6258 = FILL_AREA_STYLE_COLOUR( '', #7435 );
#6259 = VERTEX_POINT( '', #7436 );
#6260 = CIRCLE( '', #7437, 0.00203349360000000 );
#6261 = VERTEX_POINT( '', #7438 );
#6262 = VERTEX_POINT( '', #7439 );
#6263 = LINE( '', #7440, #7441 );
#6264 = VERTEX_POINT( '', #7442 );
#6265 = LINE( '', #7443, #7444 );
#6266 = LINE( '', #7445, #7446 );
#6267 = VERTEX_POINT( '', #7447 );
#6268 = LINE( '', #7448, #7449 );
#6269 = LINE( '', #7450, #7451 );
#6270 = FILL_AREA_STYLE_COLOUR( '', #7452 );
#6271 = VERTEX_POINT( '', #7453 );
#6272 = VERTEX_POINT( '', #7454 );
#6273 = LINE( '', #7455, #7456 );
#6274 = VERTEX_POINT( '', #7457 );
#6275 = LINE( '', #7458, #7459 );
#6276 = VERTEX_POINT( '', #7460 );
#6277 = LINE( '', #7461, #7462 );
#6278 = VERTEX_POINT( '', #7463 );
#6279 = LINE( '', #7464, #7465 );
#6280 = VERTEX_POINT( '', #7466 );
#6281 = LINE( '', #7467, #7468 );
#6282 = VERTEX_POINT( '', #7469 );
#6283 = LINE( '', #7470, #7471 );
#6284 = VERTEX_POINT( '', #7472 );
#6285 = LINE( '', #7473, #7474 );
#6286 = LINE( '', #7475, #7476 );
#6287 = VERTEX_POINT( '', #7477 );
#6288 = CIRCLE( '', #7478, 0.00135000000000000 );
#6289 = VERTEX_POINT( '', #7479 );
#6290 = CIRCLE( '', #7480, 0.00135000000000000 );
#6291 = VERTEX_POINT( '', #7481 );
#6292 = CIRCLE( '', #7482, 0.00135000000000000 );
#6293 = VERTEX_POINT( '', #7483 );
#6294 = CIRCLE( '', #7484, 0.00135000000000000 );
#6295 = FILL_AREA_STYLE_COLOUR( '', #7485 );
#6296 = VERTEX_POINT( '', #7486 );
#6297 = CIRCLE( '', #7487, 0.00102500000000000 );
#6298 = FILL_AREA_STYLE_COLOUR( '', #7488 );
#6299 = VERTEX_POINT( '', #7489 );
#6300 = CIRCLE( '', #7490, 0.00102500000000000 );
#6301 = FILL_AREA_STYLE_COLOUR( '', #7491 );
#6302 = VERTEX_POINT( '', #7492 );
#6303 = LINE( '', #7493, #7494 );
#6304 = VERTEX_POINT( '', #7495 );
#6305 = LINE( '', #7496, #7497 );
#6306 = CIRCLE( '', #7498, 0.00900000000000000 );
#6307 = FILL_AREA_STYLE_COLOUR( '', #7499 );
#6308 = VERTEX_POINT( '', #7500 );
#6309 = CIRCLE( '', #7501, 0.00240000000000000 );
#6310 = VERTEX_POINT( '', #7502 );
#6311 = CIRCLE( '', #7503, 0.00240000000000000 );
#6312 = FILL_AREA_STYLE_COLOUR( '', #7504 );
#6313 = VERTEX_POINT( '', #7505 );
#6314 = CIRCLE( '', #7506, 0.00102500000000000 );
#6315 = FILL_AREA_STYLE_COLOUR( '', #7507 );
#6316 = FILL_AREA_STYLE_COLOUR( '', #7508 );
#6317 = VERTEX_POINT( '', #7509 );
#6318 = VERTEX_POINT( '', #7510 );
#6319 = LINE( '', #7511, #7512 );
#6320 = VERTEX_POINT( '', #7513 );
#6321 = LINE( '', #7514, #7515 );
#6322 = VERTEX_POINT( '', #7516 );
#6323 = LINE( '', #7517, #7518 );
#6324 = LINE( '', #7519, #7520 );
#6325 = FILL_AREA_STYLE_COLOUR( '', #7521 );
#6326 = VERTEX_POINT( '', #7522 );
#6327 = CIRCLE( '', #7523, 0.000800000000000000 );
#6328 = VERTEX_POINT( '', #7524 );
#6329 = CIRCLE( '', #7525, 0.000800000000000000 );
#6330 = FILL_AREA_STYLE_COLOUR( '', #7526 );
#6331 = VERTEX_POINT( '', #7527 );
#6332 = CIRCLE( '', #7528, 0.00975000000000000 );
#6333 = VERTEX_POINT( '', #7529 );
#6334 = CIRCLE( '', #7530, 0.00975000000000000 );
#6335 = FILL_AREA_STYLE_COLOUR( '', #7531 );
#6336 = VERTEX_POINT( '', #7532 );
#6337 = LINE( '', #7533, #7534 );
#6338 = VERTEX_POINT( '', #7535 );
#6339 = LINE( '', #7536, #7537 );
#6340 = LINE( '', #7538, #7539 );
#6341 = FILL_AREA_STYLE_COLOUR( '', #7540 );
#6342 = VERTEX_POINT( '', #7541 );
#6343 = LINE( '', #7542, #7543 );
#6344 = VERTEX_POINT( '', #7544 );
#6345 = LINE( '', #7545, #7546 );
#6346 = VERTEX_POINT( '', #7547 );
#6347 = LINE( '', #7548, #7549 );
#6348 = LINE( '', #7550, #7551 );
#6349 = FILL_AREA_STYLE_COLOUR( '', #7552 );
#6350 = VERTEX_POINT( '', #7553 );
#6351 = VERTEX_POINT( '', #7554 );
#6352 = LINE( '', #7555, #7556 );
#6353 = VERTEX_POINT( '', #7557 );
#6354 = LINE( '', #7558, #7559 );
#6355 = VERTEX_POINT( '', #7560 );
#6356 = LINE( '', #7561, #7562 );
#6357 = LINE( '', #7563, #7564 );
#6358 = FILL_AREA_STYLE_COLOUR( '', #7565 );
#6359 = FILL_AREA_STYLE_COLOUR( '', #7566 );
#6360 = LINE( '', #7567, #7568 );
#6361 = LINE( '', #7569, #7570 );
#6362 = FILL_AREA_STYLE_COLOUR( '', #7571 );
#6363 = FILL_AREA_STYLE_COLOUR( '', #7572 );
#6364 = VERTEX_POINT( '', #7573 );
#6365 = CIRCLE( '', #7574, 0.00102500000000000 );
#6366 = FILL_AREA_STYLE_COLOUR( '', #7575 );
#6367 = VERTEX_POINT( '', #7576 );
#6368 = CIRCLE( '', #7577, 0.00102500000000000 );
#6369 = FILL_AREA_STYLE_COLOUR( '', #7578 );
#6370 = VERTEX_POINT( '', #7579 );
#6371 = CIRCLE( '', #7580, 0.00240000000000000 );
#6372 = FILL_AREA_STYLE_COLOUR( '', #7581 );
#6373 = VERTEX_POINT( '', #7582 );
#6374 = LINE( '', #7583, #7584 );
#6375 = VERTEX_POINT( '', #7585 );
#6376 = LINE( '', #7586, #7587 );
#6377 = LINE( '', #7588, #7589 );
#6378 = FILL_AREA_STYLE_COLOUR( '', #7590 );
#6379 = VERTEX_POINT( '', #7591 );
#6380 = VERTEX_POINT( '', #7592 );
#6381 = LINE( '', #7593, #7594 );
#6382 = VERTEX_POINT( '', #7595 );
#6383 = LINE( '', #7596, #7597 );
#6384 = VERTEX_POINT( '', #7598 );
#6385 = LINE( '', #7599, #7600 );
#6386 = VERTEX_POINT( '', #7601 );
#6387 = LINE( '', #7602, #7603 );
#6388 = VERTEX_POINT( '', #7604 );
#6389 = LINE( '', #7605, #7606 );
#6390 = LINE( '', #7607, #7608 );
#6391 = FILL_AREA_STYLE_COLOUR( '', #7609 );
#6392 = VERTEX_POINT( '', #7610 );
#6393 = VERTEX_POINT( '', #7611 );
#6394 = LINE( '', #7612, #7613 );
#6395 = LINE( '', #7614, #7615 );
#6396 = VERTEX_POINT( '', #7616 );
#6397 = LINE( '', #7617, #7618 );
#6398 = VERTEX_POINT( '', #7619 );
#6399 = LINE( '', #7620, #7621 );
#6400 = LINE( '', #7622, #7623 );
#6401 = FILL_AREA_STYLE_COLOUR( '', #7624 );
#6402 = VERTEX_POINT( '', #7625 );
#6403 = VERTEX_POINT( '', #7626 );
#6404 = LINE( '', #7627, #7628 );
#6405 = VERTEX_POINT( '', #7629 );
#6406 = LINE( '', #7630, #7631 );
#6407 = VERTEX_POINT( '', #7632 );
#6408 = LINE( '', #7633, #7634 );
#6409 = LINE( '', #7635, #7636 );
#6410 = FILL_AREA_STYLE_COLOUR( '', #7637 );
#6411 = VERTEX_POINT( '', #7638 );
#6412 = LINE( '', #7639, #7640 );
#6413 = VERTEX_POINT( '', #7641 );
#6414 = LINE( '', #7642, #7643 );
#6415 = LINE( '', #7644, #7645 );
#6416 = FILL_AREA_STYLE_COLOUR( '', #7646 );
#6417 = VERTEX_POINT( '', #7647 );
#6418 = CIRCLE( '', #7648, 0.00102500000000000 );
#6419 = VERTEX_POINT( '', #7649 );
#6420 = CIRCLE( '', #7650, 0.00135000000000000 );
#6421 = FILL_AREA_STYLE_COLOUR( '', #7651 );
#6422 = VERTEX_POINT( '', #7652 );
#6423 = LINE( '', #7653, #7654 );
#6424 = LINE( '', #7655, #7656 );
#6425 = FILL_AREA_STYLE_COLOUR( '', #7657 );
#6426 = VERTEX_POINT( '', #7658 );
#6427 = LINE( '', #7659, #7660 );
#6428 = VERTEX_POINT( '', #7661 );
#6429 = LINE( '', #7662, #7663 );
#6430 = LINE( '', #7664, #7665 );
#6431 = FILL_AREA_STYLE_COLOUR( '', #7666 );
#6432 = VERTEX_POINT( '', #7667 );
#6433 = CIRCLE( '', #7668, 0.000800000000000000 );
#6434 = FILL_AREA_STYLE_COLOUR( '', #7669 );
#6435 = VERTEX_POINT( '', #7670 );
#6436 = CIRCLE( '', #7671, 0.00102500000000000 );
#6437 = FILL_AREA_STYLE_COLOUR( '', #7672 );
#6438 = VERTEX_POINT( '', #7673 );
#6439 = CIRCLE( '', #7674, 0.00102500000000000 );
#6440 = VERTEX_POINT( '', #7675 );
#6441 = CIRCLE( '', #7676, 0.00102500000000000 );
#6442 = FILL_AREA_STYLE_COLOUR( '', #7677 );
#6443 = VERTEX_POINT( '', #7678 );
#6444 = VERTEX_POINT( '', #7679 );
#6445 = LINE( '', #7680, #7681 );
#6446 = VERTEX_POINT( '', #7682 );
#6447 = LINE( '', #7683, #7684 );
#6448 = VERTEX_POINT( '', #7685 );
#6449 = LINE( '', #7686, #7687 );
#6450 = VERTEX_POINT( '', #7688 );
#6451 = LINE( '', #7689, #7690 );
#6452 = VERTEX_POINT( '', #7691 );
#6453 = LINE( '', #7692, #7693 );
#6454 = LINE( '', #7694, #7695 );
#6455 = FILL_AREA_STYLE_COLOUR( '', #7696 );
#6456 = VERTEX_POINT( '', #7697 );
#6457 = CIRCLE( '', #7698, 0.00135000000000000 );
#6458 = FILL_AREA_STYLE_COLOUR( '', #7699 );
#6459 = VERTEX_POINT( '', #7700 );
#6460 = LINE( '', #7701, #7702 );
#6461 = VERTEX_POINT( '', #7703 );
#6462 = LINE( '', #7704, #7705 );
#6463 = LINE( '', #7706, #7707 );
#6464 = FILL_AREA_STYLE_COLOUR( '', #7708 );
#6465 = VERTEX_POINT( '', #7709 );
#6466 = VERTEX_POINT( '', #7710 );
#6467 = LINE( '', #7711, #7712 );
#6468 = VERTEX_POINT( '', #7713 );
#6469 = LINE( '', #7714, #7715 );
#6470 = VERTEX_POINT( '', #7716 );
#6471 = LINE( '', #7717, #7718 );
#6472 = LINE( '', #7719, #7720 );
#6473 = FILL_AREA_STYLE_COLOUR( '', #7721 );
#6474 = VERTEX_POINT( '', #7722 );
#6475 = CIRCLE( '', #7723, 0.00102500000000000 );
#6476 = FILL_AREA_STYLE_COLOUR( '', #7724 );
#6477 = VERTEX_POINT( '', #7725 );
#6478 = CIRCLE( '', #7726, 0.00225000000000000 );
#6479 = FILL_AREA_STYLE_COLOUR( '', #7727 );
#6480 = VERTEX_POINT( '', #7728 );
#6481 = VERTEX_POINT( '', #7729 );
#6482 = LINE( '', #7730, #7731 );
#6483 = VERTEX_POINT( '', #7732 );
#6484 = LINE( '', #7733, #7734 );
#6485 = LINE( '', #7735, #7736 );
#6486 = VERTEX_POINT( '', #7737 );
#6487 = LINE( '', #7738, #7739 );
#6488 = LINE( '', #7740, #7741 );
#6489 = FILL_AREA_STYLE_COLOUR( '', #7742 );
#6490 = FILL_AREA_STYLE_COLOUR( '', #7743 );
#6491 = VERTEX_POINT( '', #7744 );
#6492 = CIRCLE( '', #7745, 0.00125000000000000 );
#6493 = VERTEX_POINT( '', #7746 );
#6494 = CIRCLE( '', #7747, 0.00125000000000000 );
#6495 = FILL_AREA_STYLE_COLOUR( '', #7748 );
#6496 = VERTEX_POINT( '', #7749 );
#6497 = CIRCLE( '', #7750, 0.00203349360000000 );
#6498 = FILL_AREA_STYLE_COLOUR( '', #7751 );
#6499 = VERTEX_POINT( '', #7752 );
#6500 = CIRCLE( '', #7753, 0.00130000000000000 );
#6501 = FILL_AREA_STYLE_COLOUR( '', #7754 );
#6502 = VERTEX_POINT( '', #7755 );
#6503 = LINE( '', #7756, #7757 );
#6504 = VERTEX_POINT( '', #7758 );
#6505 = LINE( '', #7759, #7760 );
#6506 = LINE( '', #7761, #7762 );
#6507 = FILL_AREA_STYLE_COLOUR( '', #7763 );
#6508 = VERTEX_POINT( '', #7764 );
#6509 = CIRCLE( '', #7765, 0.00130000000000000 );
#6510 = FILL_AREA_STYLE_COLOUR( '', #7766 );
#6511 = VERTEX_POINT( '', #7767 );
#6512 = CIRCLE( '', #7768, 0.00125000000000000 );
#6513 = FILL_AREA_STYLE_COLOUR( '', #7769 );
#6514 = VERTEX_POINT( '', #7770 );
#6515 = CIRCLE( '', #7771, 0.00135000000000000 );
#6516 = FILL_AREA_STYLE_COLOUR( '', #7772 );
#6517 = VERTEX_POINT( '', #7773 );
#6518 = CIRCLE( '', #7774, 0.00135000000000000 );
#6519 = VERTEX_POINT( '', #7775 );
#6520 = CIRCLE( '', #7776, 0.00130000000000000 );
#6521 = FILL_AREA_STYLE_COLOUR( '', #7777 );
#6522 = LINE( '', #7778, #7779 );
#6523 = FILL_AREA_STYLE_COLOUR( '', #7780 );
#6524 = VERTEX_POINT( '', #7781 );
#6525 = CIRCLE( '', #7782, 0.00125000000000000 );
#6526 = FILL_AREA_STYLE_COLOUR( '', #7783 );
#6527 = VERTEX_POINT( '', #7784 );
#6528 = CIRCLE( '', #7785, 0.00102500000000000 );
#6529 = VERTEX_POINT( '', #7786 );
#6530 = CIRCLE( '', #7787, 0.00135000000000000 );
#6531 = FILL_AREA_STYLE_COLOUR( '', #7788 );
#6532 = VERTEX_POINT( '', #7789 );
#6533 = LINE( '', #7790, #7791 );
#6534 = LINE( '', #7792, #7793 );
#6535 = FILL_AREA_STYLE_COLOUR( '', #7794 );
#6536 = FILL_AREA_STYLE_COLOUR( '', #7795 );
#6537 = VERTEX_POINT( '', #7796 );
#6538 = CIRCLE( '', #7797, 0.00102500000000000 );
#6539 = FILL_AREA_STYLE_COLOUR( '', #7798 );
#6540 = VERTEX_POINT( '', #7799 );
#6541 = CIRCLE( '', #7800, 0.00102500000000000 );
#6542 = VERTEX_POINT( '', #7801 );
#6543 = CIRCLE( '', #7802, 0.00102500000000000 );
#6544 = FILL_AREA_STYLE_COLOUR( '', #7803 );
#6545 = VERTEX_POINT( '', #7804 );
#6546 = CIRCLE( '', #7805, 0.00225000000000000 );
#6547 = FILL_AREA_STYLE_COLOUR( '', #7806 );
#6548 = VERTEX_POINT( '', #7807 );
#6549 = LINE( '', #7808, #7809 );
#6550 = LINE( '', #7810, #7811 );
#6551 = FILL_AREA_STYLE_COLOUR( '', #7812 );
#6552 = VERTEX_POINT( '', #7813 );
#6553 = VERTEX_POINT( '', #7814 );
#6554 = LINE( '', #7815, #7816 );
#6555 = VERTEX_POINT( '', #7817 );
#6556 = LINE( '', #7818, #7819 );
#6557 = VERTEX_POINT( '', #7820 );
#6558 = LINE( '', #7821, #7822 );
#6559 = LINE( '', #7823, #7824 );
#6560 = FILL_AREA_STYLE_COLOUR( '', #7825 );
#6561 = VERTEX_POINT( '', #7826 );
#6562 = CIRCLE( '', #7827, 0.00102500000000000 );
#6563 = VERTEX_POINT( '', #7828 );
#6564 = CIRCLE( '', #7829, 0.00102500000000000 );
#6565 = FILL_AREA_STYLE_COLOUR( '', #7830 );
#6566 = FILL_AREA_STYLE_COLOUR( '', #7831 );
#6567 = FILL_AREA_STYLE_COLOUR( '', #7832 );
#6568 = VERTEX_POINT( '', #7833 );
#6569 = CIRCLE( '', #7834, 0.00225000000000000 );
#6570 = FILL_AREA_STYLE_COLOUR( '', #7835 );
#6571 = VERTEX_POINT( '', #7836 );
#6572 = CIRCLE( '', #7837, 0.00225000000000000 );
#6573 = FILL_AREA_STYLE_COLOUR( '', #7838 );
#6574 = LINE( '', #7839, #7840 );
#6575 = LINE( '', #7841, #7842 );
#6576 = FILL_AREA_STYLE_COLOUR( '', #7843 );
#6577 = VERTEX_POINT( '', #7844 );
#6578 = CIRCLE( '', #7845, 0.00135000000000000 );
#6579 = FILL_AREA_STYLE_COLOUR( '', #7846 );
#6580 = VERTEX_POINT( '', #7847 );
#6581 = CIRCLE( '', #7848, 0.00102500000000000 );
#6582 = FILL_AREA_STYLE_COLOUR( '', #7849 );
#6583 = VERTEX_POINT( '', #7850 );
#6584 = LINE( '', #7851, #7852 );
#6585 = VERTEX_POINT( '', #7853 );
#6586 = LINE( '', #7854, #7855 );
#6587 = LINE( '', #7856, #7857 );
#6588 = FILL_AREA_STYLE_COLOUR( '', #7858 );
#6589 = VERTEX_POINT( '', #7859 );
#6590 = LINE( '', #7860, #7861 );
#6591 = VERTEX_POINT( '', #7862 );
#6592 = LINE( '', #7863, #7864 );
#6593 = LINE( '', #7865, #7866 );
#6594 = FILL_AREA_STYLE_COLOUR( '', #7867 );
#6595 = VERTEX_POINT( '', #7868 );
#6596 = CIRCLE( '', #7869, 0.00130000000000000 );
#6597 = VERTEX_POINT( '', #7870 );
#6598 = CIRCLE( '', #7871, 0.00125000000000000 );
#6599 = FILL_AREA_STYLE_COLOUR( '', #7872 );
#6600 = VERTEX_POINT( '', #7873 );
#6601 = CIRCLE( '', #7874, 0.00130000000000000 );
#6602 = VERTEX_POINT( '', #7875 );
#6603 = CIRCLE( '', #7876, 0.00130000000000000 );
#6604 = FILL_AREA_STYLE_COLOUR( '', #7877 );
#6605 = VERTEX_POINT( '', #7878 );
#6606 = CIRCLE( '', #7879, 0.00102500000000000 );
#6607 = FILL_AREA_STYLE_COLOUR( '', #7880 );
#6608 = VERTEX_POINT( '', #7881 );
#6609 = CIRCLE( '', #7882, 0.000800000000000000 );
#6610 = VERTEX_POINT( '', #7883 );
#6611 = CIRCLE( '', #7884, 0.00110000000000000 );
#6612 = FILL_AREA_STYLE_COLOUR( '', #7885 );
#6613 = LINE( '', #7886, #7887 );
#6614 = LINE( '', #7888, #7889 );
#6615 = FILL_AREA_STYLE_COLOUR( '', #7890 );
#6616 = VERTEX_POINT( '', #7891 );
#6617 = LINE( '', #7892, #7893 );
#6618 = VERTEX_POINT( '', #7894 );
#6619 = LINE( '', #7895, #7896 );
#6620 = LINE( '', #7897, #7898 );
#6621 = FILL_AREA_STYLE_COLOUR( '', #7899 );
#6622 = VERTEX_POINT( '', #7900 );
#6623 = CIRCLE( '', #7901, 0.00135000000000000 );
#6624 = VERTEX_POINT( '', #7902 );
#6625 = CIRCLE( '', #7903, 0.00130000000000000 );
#6626 = FILL_AREA_STYLE_COLOUR( '', #7904 );
#6627 = VERTEX_POINT( '', #7905 );
#6628 = CIRCLE( '', #7906, 0.000800000000000000 );
#6629 = FILL_AREA_STYLE_COLOUR( '', #7907 );
#6630 = VERTEX_POINT( '', #7908 );
#6631 = LINE( '', #7909, #7910 );
#6632 = LINE( '', #7911, #7912 );
#6633 = FILL_AREA_STYLE_COLOUR( '', #7913 );
#6634 = VERTEX_POINT( '', #7914 );
#6635 = LINE( '', #7915, #7916 );
#6636 = LINE( '', #7917, #7918 );
#6637 = FILL_AREA_STYLE_COLOUR( '', #7919 );
#6638 = FILL_AREA_STYLE_COLOUR( '', #7920 );
#6639 = VERTEX_POINT( '', #7921 );
#6640 = CIRCLE( '', #7922, 0.000800000000000000 );
#6641 = VERTEX_POINT( '', #7923 );
#6642 = CIRCLE( '', #7924, 0.00110000000000000 );
#6643 = FILL_AREA_STYLE_COLOUR( '', #7925 );
#6644 = VERTEX_POINT( '', #7926 );
#6645 = LINE( '', #7927, #7928 );
#6646 = VERTEX_POINT( '', #7929 );
#6647 = LINE( '', #7930, #7931 );
#6648 = LINE( '', #7932, #7933 );
#6649 = VERTEX_POINT( '', #7934 );
#6650 = LINE( '', #7935, #7936 );
#6651 = LINE( '', #7937, #7938 );
#6652 = VERTEX_POINT( '', #7939 );
#6653 = CIRCLE( '', #7940, 0.00240000000000000 );
#6654 = VERTEX_POINT( '', #7941 );
#6655 = CIRCLE( '', #7942, 0.00135000000000000 );
#6656 = FILL_AREA_STYLE_COLOUR( '', #7943 );
#6657 = VERTEX_POINT( '', #7944 );
#6658 = VERTEX_POINT( '', #7945 );
#6659 = LINE( '', #7946, #7947 );
#6660 = LINE( '', #7948, #7949 );
#6661 = LINE( '', #7950, #7951 );
#6662 = LINE( '', #7952, #7953 );
#6663 = FILL_AREA_STYLE_COLOUR( '', #7954 );
#6664 = VERTEX_POINT( '', #7955 );
#6665 = CIRCLE( '', #7956, 0.00102500000000000 );
#6666 = FILL_AREA_STYLE_COLOUR( '', #7957 );
#6667 = VERTEX_POINT( '', #7958 );
#6668 = LINE( '', #7959, #7960 );
#6669 = CIRCLE( '', #7961, 0.00900000000000000 );
#6670 = LINE( '', #7962, #7963 );
#6671 = FILL_AREA_STYLE_COLOUR( '', #7964 );
#6672 = VERTEX_POINT( '', #7965 );
#6673 = CIRCLE( '', #7966, 0.00135000000000000 );
#6674 = FILL_AREA_STYLE_COLOUR( '', #7967 );
#6675 = VERTEX_POINT( '', #7968 );
#6676 = CIRCLE( '', #7969, 0.00102500000000000 );
#6677 = VERTEX_POINT( '', #7970 );
#6678 = CIRCLE( '', #7971, 0.00135000000000000 );
#6679 = FILL_AREA_STYLE_COLOUR( '', #7972 );
#6680 = VERTEX_POINT( '', #7973 );
#6681 = CIRCLE( '', #7974, 0.00240000000000000 );
#6682 = FILL_AREA_STYLE_COLOUR( '', #7975 );
#6683 = LINE( '', #7976, #7977 );
#6684 = LINE( '', #7978, #7979 );
#6685 = FILL_AREA_STYLE_COLOUR( '', #7980 );
#6686 = LINE( '', #7981, #7982 );
#6687 = VERTEX_POINT( '', #7983 );
#6688 = LINE( '', #7984, #7985 );
#6689 = LINE( '', #7986, #7987 );
#6690 = FILL_AREA_STYLE_COLOUR( '', #7988 );
#6691 = VERTEX_POINT( '', #7989 );
#6692 = LINE( '', #7990, #7991 );
#6693 = VERTEX_POINT( '', #7992 );
#6694 = LINE( '', #7993, #7994 );
#6695 = VERTEX_POINT( '', #7995 );
#6696 = LINE( '', #7996, #7997 );
#6697 = LINE( '', #7998, #7999 );
#6698 = FILL_AREA_STYLE_COLOUR( '', #8000 );
#6699 = VERTEX_POINT( '', #8001 );
#6700 = LINE( '', #8002, #8003 );
#6701 = LINE( '', #8004, #8005 );
#6702 = FILL_AREA_STYLE_COLOUR( '', #8006 );
#6703 = VERTEX_POINT( '', #8007 );
#6704 = LINE( '', #8008, #8009 );
#6705 = VERTEX_POINT( '', #8010 );
#6706 = LINE( '', #8011, #8012 );
#6707 = LINE( '', #8013, #8014 );
#6708 = FILL_AREA_STYLE_COLOUR( '', #8015 );
#6709 = VERTEX_POINT( '', #8016 );
#6710 = CIRCLE( '', #8017, 0.00203349360000000 );
#6711 = VERTEX_POINT( '', #8018 );
#6712 = VERTEX_POINT( '', #8019 );
#6713 = LINE( '', #8020, #8021 );
#6714 = VERTEX_POINT( '', #8022 );
#6715 = LINE( '', #8023, #8024 );
#6716 = VERTEX_POINT( '', #8025 );
#6717 = LINE( '', #8026, #8027 );
#6718 = LINE( '', #8028, #8029 );
#6719 = LINE( '', #8030, #8031 );
#6720 = FILL_AREA_STYLE_COLOUR( '', #8032 );
#6721 = VERTEX_POINT( '', #8033 );
#6722 = CIRCLE( '', #8034, 0.00240000000000000 );
#6723 = FILL_AREA_STYLE_COLOUR( '', #8035 );
#6724 = VERTEX_POINT( '', #8036 );
#6725 = LINE( '', #8037, #8038 );
#6726 = LINE( '', #8039, #8040 );
#6727 = FILL_AREA_STYLE_COLOUR( '', #8041 );
#6728 = LINE( '', #8042, #8043 );
#6729 = LINE( '', #8044, #8045 );
#6730 = FILL_AREA_STYLE_COLOUR( '', #8046 );
#6731 = FILL_AREA_STYLE_COLOUR( '', #8047 );
#6732 = FILL_AREA_STYLE_COLOUR( '', #8048 );
#6733 = LINE( '', #8049, #8050 );
#6734 = VERTEX_POINT( '', #8051 );
#6735 = LINE( '', #8052, #8053 );
#6736 = VERTEX_POINT( '', #8054 );
#6737 = LINE( '', #8055, #8056 );
#6738 = VERTEX_POINT( '', #8057 );
#6739 = LINE( '', #8058, #8059 );
#6740 = LINE( '', #8060, #8061 );
#6741 = LINE( '', #8062, #8063 );
#6742 = VERTEX_POINT( '', #8064 );
#6743 = CIRCLE( '', #8065, 0.00135000000000000 );
#6744 = FILL_AREA_STYLE_COLOUR( '', #8066 );
#6745 = FILL_AREA_STYLE_COLOUR( '', #8067 );
#6746 = VERTEX_POINT( '', #8068 );
#6747 = CIRCLE( '', #8069, 0.00955000000000000 );
#6748 = FILL_AREA_STYLE_COLOUR( '', #8070 );
#6749 = VERTEX_POINT( '', #8071 );
#6750 = LINE( '', #8072, #8073 );
#6751 = LINE( '', #8074, #8075 );
#6752 = FILL_AREA_STYLE_COLOUR( '', #8076 );
#6753 = VERTEX_POINT( '', #8077 );
#6754 = CIRCLE( '', #8078, 0.00102500000000000 );
#6755 = FILL_AREA_STYLE_COLOUR( '', #8079 );
#6756 = VERTEX_POINT( '', #8080 );
#6757 = CIRCLE( '', #8081, 0.00102500000000000 );
#6758 = VERTEX_POINT( '', #8082 );
#6759 = CIRCLE( '', #8083, 0.00102500000000000 );
#6760 = FILL_AREA_STYLE_COLOUR( '', #8084 );
#6761 = LINE( '', #8085, #8086 );
#6762 = FILL_AREA_STYLE_COLOUR( '', #8087 );
#6763 = VERTEX_POINT( '', #8088 );
#6764 = CIRCLE( '', #8089, 0.00102500000000000 );
#6765 = FILL_AREA_STYLE_COLOUR( '', #8090 );
#6766 = FILL_AREA_STYLE_COLOUR( '', #8091 );
#6767 = VERTEX_POINT( '', #8092 );
#6768 = CIRCLE( '', #8093, 0.000800000000000000 );
#6769 = VERTEX_POINT( '', #8094 );
#6770 = CIRCLE( '', #8095, 0.00110000000000000 );
#6771 = FILL_AREA_STYLE_COLOUR( '', #8096 );
#6772 = FILL_AREA_STYLE_COLOUR( '', #8097 );
#6773 = LINE( '', #8098, #8099 );
#6774 = LINE( '', #8100, #8101 );
#6775 = VERTEX_POINT( '', #8102 );
#6776 = CIRCLE( '', #8103, 0.00135000000000000 );
#6777 = VERTEX_POINT( '', #8104 );
#6778 = CIRCLE( '', #8105, 0.00135000000000000 );
#6779 = VERTEX_POINT( '', #8106 );
#6780 = CIRCLE( '', #8107, 0.00135000000000000 );
#6781 = FILL_AREA_STYLE_COLOUR( '', #8108 );
#6782 = VERTEX_POINT( '', #8109 );
#6783 = CIRCLE( '', #8110, 0.00125000000000000 );
#6784 = FILL_AREA_STYLE_COLOUR( '', #8111 );
#6785 = LINE( '', #8112, #8113 );
#6786 = LINE( '', #8114, #8115 );
#6787 = FILL_AREA_STYLE_COLOUR( '', #8116 );
#6788 = VERTEX_POINT( '', #8117 );
#6789 = CIRCLE( '', #8118, 0.00102500000000000 );
#6790 = FILL_AREA_STYLE_COLOUR( '', #8119 );
#6791 = FILL_AREA_STYLE_COLOUR( '', #8120 );
#6792 = VERTEX_POINT( '', #8121 );
#6793 = CIRCLE( '', #8122, 0.00102500000000000 );
#6794 = FILL_AREA_STYLE_COLOUR( '', #8123 );
#6795 = FILL_AREA_STYLE_COLOUR( '', #8124 );
#6796 = VERTEX_POINT( '', #8125 );
#6797 = CIRCLE( '', #8126, 0.00135000000000000 );
#6798 = VERTEX_POINT( '', #8127 );
#6799 = CIRCLE( '', #8128, 0.00130000000000000 );
#6800 = FILL_AREA_STYLE_COLOUR( '', #8129 );
#6801 = VERTEX_POINT( '', #8130 );
#6802 = CIRCLE( '', #8131, 0.00130000000000000 );
#6803 = FILL_AREA_STYLE_COLOUR( '', #8132 );
#6804 = LINE( '', #8133, #8134 );
#6805 = FILL_AREA_STYLE_COLOUR( '', #8135 );
#6806 = VERTEX_POINT( '', #8136 );
#6807 = CIRCLE( '', #8137, 0.00102500000000000 );
#6808 = FILL_AREA_STYLE_COLOUR( '', #8138 );
#6809 = LINE( '', #8139, #8140 );
#6810 = LINE( '', #8141, #8142 );
#6811 = FILL_AREA_STYLE_COLOUR( '', #8143 );
#6812 = VERTEX_POINT( '', #8144 );
#6813 = CIRCLE( '', #8145, 0.00110000000000000 );
#6814 = FILL_AREA_STYLE_COLOUR( '', #8146 );
#6815 = VERTEX_POINT( '', #8147 );
#6816 = CIRCLE( '', #8148, 0.00110000000000000 );
#6817 = VERTEX_POINT( '', #8149 );
#6818 = CIRCLE( '', #8150, 0.00110000000000000 );
#6819 = VERTEX_POINT( '', #8151 );
#6820 = CIRCLE( '', #8152, 0.00110000000000000 );
#6821 = VERTEX_POINT( '', #8153 );
#6822 = CIRCLE( '', #8154, 0.00400000000000000 );
#6823 = FILL_AREA_STYLE_COLOUR( '', #8155 );
#6824 = VERTEX_POINT( '', #8156 );
#6825 = LINE( '', #8157, #8158 );
#6826 = LINE( '', #8159, #8160 );
#6827 = FILL_AREA_STYLE_COLOUR( '', #8161 );
#6828 = VERTEX_POINT( '', #8162 );
#6829 = LINE( '', #8163, #8164 );
#6830 = LINE( '', #8165, #8166 );
#6831 = FILL_AREA_STYLE_COLOUR( '', #8167 );
#6832 = VERTEX_POINT( '', #8168 );
#6833 = CIRCLE( '', #8169, 0.00102500000000000 );
#6834 = FILL_AREA_STYLE_COLOUR( '', #8170 );
#6835 = LINE( '', #8171, #8172 );
#6836 = FILL_AREA_STYLE_COLOUR( '', #8173 );
#6837 = FILL_AREA_STYLE_COLOUR( '', #8174 );
#6838 = VERTEX_POINT( '', #8175 );
#6839 = LINE( '', #8176, #8177 );
#6840 = VERTEX_POINT( '', #8178 );
#6841 = LINE( '', #8179, #8180 );
#6842 = VERTEX_POINT( '', #8181 );
#6843 = LINE( '', #8182, #8183 );
#6844 = VERTEX_POINT( '', #8184 );
#6845 = LINE( '', #8185, #8186 );
#6846 = LINE( '', #8187, #8188 );
#6847 = FILL_AREA_STYLE_COLOUR( '', #8189 );
#6848 = VERTEX_POINT( '', #8190 );
#6849 = CIRCLE( '', #8191, 0.00135000000000000 );
#6850 = FILL_AREA_STYLE_COLOUR( '', #8192 );
#6851 = FILL_AREA_STYLE_COLOUR( '', #8193 );
#6852 = VERTEX_POINT( '', #8194 );
#6853 = CIRCLE( '', #8195, 0.00225000000000000 );
#6854 = VERTEX_POINT( '', #8196 );
#6855 = CIRCLE( '', #8197, 0.00203349360000000 );
#6856 = FILL_AREA_STYLE_COLOUR( '', #8198 );
#6857 = VERTEX_POINT( '', #8199 );
#6858 = LINE( '', #8200, #8201 );
#6859 = LINE( '', #8202, #8203 );
#6860 = FILL_AREA_STYLE_COLOUR( '', #8204 );
#6861 = LINE( '', #8205, #8206 );
#6862 = LINE( '', #8207, #8208 );
#6863 = FILL_AREA_STYLE_COLOUR( '', #8209 );
#6864 = VERTEX_POINT( '', #8210 );
#6865 = LINE( '', #8211, #8212 );
#6866 = LINE( '', #8213, #8214 );
#6867 = FILL_AREA_STYLE_COLOUR( '', #8215 );
#6868 = LINE( '', #8216, #8217 );
#6869 = FILL_AREA_STYLE_COLOUR( '', #8218 );
#6870 = FILL_AREA_STYLE_COLOUR( '', #8219 );
#6871 = LINE( '', #8220, #8221 );
#6872 = FILL_AREA_STYLE_COLOUR( '', #8222 );
#6873 = FILL_AREA_STYLE_COLOUR( '', #8223 );
#6874 = FILL_AREA_STYLE_COLOUR( '', #8224 );
#6875 = FILL_AREA_STYLE_COLOUR( '', #8225 );
#6876 = FILL_AREA_STYLE_COLOUR( '', #8226 );
#6877 = LINE( '', #8227, #8228 );
#6878 = LINE( '', #8229, #8230 );
#6879 = FILL_AREA_STYLE_COLOUR( '', #8231 );
#6880 = FILL_AREA_STYLE_COLOUR( '', #8232 );
#6881 = FILL_AREA_STYLE_COLOUR( '', #8233 );
#6882 = VERTEX_POINT( '', #8234 );
#6883 = CIRCLE( '', #8235, 0.00125000000000000 );
#6884 = FILL_AREA_STYLE_COLOUR( '', #8236 );
#6885 = FILL_AREA_STYLE_COLOUR( '', #8237 );
#6886 = FILL_AREA_STYLE_COLOUR( '', #8238 );
#6887 = LINE( '', #8239, #8240 );
#6888 = FILL_AREA_STYLE_COLOUR( '', #8241 );
#6889 = FILL_AREA_STYLE_COLOUR( '', #8242 );
#6890 = LINE( '', #8243, #8244 );
#6891 = FILL_AREA_STYLE_COLOUR( '', #8245 );
#6892 = FILL_AREA_STYLE_COLOUR( '', #8246 );
#6893 = VERTEX_POINT( '', #8247 );
#6894 = CIRCLE( '', #8248, 0.00240000000000000 );
#6895 = VERTEX_POINT( '', #8249 );
#6896 = CIRCLE( '', #8250, 0.00225000000000000 );
#6897 = FILL_AREA_STYLE_COLOUR( '', #8251 );
#6898 = VERTEX_POINT( '', #8252 );
#6899 = CIRCLE( '', #8253, 0.00225000000000000 );
#6900 = FILL_AREA_STYLE_COLOUR( '', #8254 );
#6901 = LINE( '', #8255, #8256 );
#6902 = FILL_AREA_STYLE_COLOUR( '', #8257 );
#6903 = LINE( '', #8258, #8259 );
#6904 = LINE( '', #8260, #8261 );
#6905 = LINE( '', #8262, #8263 );
#6906 = LINE( '', #8264, #8265 );
#6907 = LINE( '', #8266, #8267 );
#6908 = FILL_AREA_STYLE_COLOUR( '', #8268 );
#6909 = FILL_AREA_STYLE_COLOUR( '', #8269 );
#6910 = LINE( '', #8270, #8271 );
#6911 = FILL_AREA_STYLE_COLOUR( '', #8272 );
#6912 = VERTEX_POINT( '', #8273 );
#6913 = CIRCLE( '', #8274, 0.00102500000000000 );
#6914 = FILL_AREA_STYLE_COLOUR( '', #8275 );
#6915 = FILL_AREA_STYLE_COLOUR( '', #8276 );
#6916 = FILL_AREA_STYLE_COLOUR( '', #8277 );
#6917 = VERTEX_POINT( '', #8278 );
#6918 = CIRCLE( '', #8279, 0.00240000000000000 );
#6919 = FILL_AREA_STYLE_COLOUR( '', #8280 );
#6920 = LINE( '', #8281, #8282 );
#6921 = FILL_AREA_STYLE_COLOUR( '', #8283 );
#6922 = LINE( '', #8284, #8285 );
#6923 = LINE( '', #8286, #8287 );
#6924 = FILL_AREA_STYLE_COLOUR( '', #8288 );
#6925 = FILL_AREA_STYLE_COLOUR( '', #8289 );
#6926 = FILL_AREA_STYLE_COLOUR( '', #8290 );
#6927 = FILL_AREA_STYLE_COLOUR( '', #8291 );
#6928 = VERTEX_POINT( '', #8292 );
#6929 = CIRCLE( '', #8293, 0.00125000000000000 );
#6930 = FILL_AREA_STYLE_COLOUR( '', #8294 );
#6931 = VERTEX_POINT( '', #8295 );
#6932 = CIRCLE( '', #8296, 0.000800000000000000 );
#6933 = FILL_AREA_STYLE_COLOUR( '', #8297 );
#6934 = FILL_AREA_STYLE_COLOUR( '', #8298 );
#6935 = FILL_AREA_STYLE_COLOUR( '', #8299 );
#6936 = LINE( '', #8300, #8301 );
#6937 = FILL_AREA_STYLE_COLOUR( '', #8302 );
#6938 = LINE( '', #8303, #8304 );
#6939 = FILL_AREA_STYLE_COLOUR( '', #8305 );
#6940 = FILL_AREA_STYLE_COLOUR( '', #8306 );
#6941 = FILL_AREA_STYLE_COLOUR( '', #8307 );
#6942 = LINE( '', #8308, #8309 );
#6943 = LINE( '', #8310, #8311 );
#6944 = FILL_AREA_STYLE_COLOUR( '', #8312 );
#6945 = FILL_AREA_STYLE_COLOUR( '', #8313 );
#6946 = FILL_AREA_STYLE_COLOUR( '', #8314 );
#6947 = FILL_AREA_STYLE_COLOUR( '', #8315 );
#6948 = FILL_AREA_STYLE_COLOUR( '', #8316 );
#6949 = LINE( '', #8317, #8318 );
#6950 = LINE( '', #8319, #8320 );
#6951 = FILL_AREA_STYLE_COLOUR( '', #8321 );
#6952 = FILL_AREA_STYLE_COLOUR( '', #8322 );
#6953 = LINE( '', #8323, #8324 );
#6954 = FILL_AREA_STYLE_COLOUR( '', #8325 );
#6955 = VERTEX_POINT( '', #8326 );
#6956 = CIRCLE( '', #8327, 0.00240000000000000 );
#6957 = FILL_AREA_STYLE_COLOUR( '', #8328 );
#6958 = FILL_AREA_STYLE_COLOUR( '', #8329 );
#6959 = VERTEX_POINT( '', #8330 );
#6960 = CIRCLE( '', #8331, 0.00225000000000000 );
#6961 = VERTEX_POINT( '', #8332 );
#6962 = CIRCLE( '', #8333, 0.00203349360000000 );
#6963 = FILL_AREA_STYLE_COLOUR( '', #8334 );
#6964 = FILL_AREA_STYLE_COLOUR( '', #8335 );
#6965 = VERTEX_POINT( '', #8336 );
#6966 = CIRCLE( '', #8337, 0.00225000000000000 );
#6967 = FILL_AREA_STYLE_COLOUR( '', #8338 );
#6968 = FILL_AREA_STYLE_COLOUR( '', #8339 );
#6969 = VERTEX_POINT( '', #8340 );
#6970 = CIRCLE( '', #8341, 0.00125000000000000 );
#6971 = FILL_AREA_STYLE_COLOUR( '', #8342 );
#6972 = LINE( '', #8343, #8344 );
#6973 = FILL_AREA_STYLE_COLOUR( '', #8345 );
#6974 = LINE( '', #8346, #8347 );
#6975 = FILL_AREA_STYLE_COLOUR( '', #8348 );
#6976 = FILL_AREA_STYLE_COLOUR( '', #8349 );
#6977 = FILL_AREA_STYLE_COLOUR( '', #8350 );
#6978 = FILL_AREA_STYLE_COLOUR( '', #8351 );
#6979 = VERTEX_POINT( '', #8352 );
#6980 = CIRCLE( '', #8353, 0.00225000000000000 );
#6981 = FILL_AREA_STYLE_COLOUR( '', #8354 );
#6982 = FILL_AREA_STYLE_COLOUR( '', #8355 );
#6983 = FILL_AREA_STYLE_COLOUR( '', #8356 );
#6984 = LINE( '', #8357, #8358 );
#6985 = FILL_AREA_STYLE_COLOUR( '', #8359 );
#6986 = FILL_AREA_STYLE_COLOUR( '', #8360 );
#6987 = LINE( '', #8361, #8362 );
#6988 = FILL_AREA_STYLE_COLOUR( '', #8363 );
#6989 = FILL_AREA_STYLE_COLOUR( '', #8364 );
#6990 = VERTEX_POINT( '', #8365 );
#6991 = CIRCLE( '', #8366, 0.00203349360000000 );
#6992 = LINE( '', #8367, #8368 );
#6993 = FILL_AREA_STYLE_COLOUR( '', #8369 );
#6994 = LINE( '', #8370, #8371 );
#6995 = FILL_AREA_STYLE_COLOUR( '', #8372 );
#6996 = FILL_AREA_STYLE_COLOUR( '', #8373 );
#6997 = FILL_AREA_STYLE_COLOUR( '', #8374 );
#6998 = FILL_AREA_STYLE_COLOUR( '', #8375 );
#6999 = VERTEX_POINT( '', #8376 );
#7000 = LINE( '', #8377, #8378 );
#7001 = LINE( '', #8379, #8380 );
#7002 = FILL_AREA_STYLE_COLOUR( '', #8381 );
#7003 = VERTEX_POINT( '', #8382 );
#7004 = CIRCLE( '', #8383, 0.00125000000000000 );
#7005 = FILL_AREA_STYLE_COLOUR( '', #8384 );
#7006 = FILL_AREA_STYLE_COLOUR( '', #8385 );
#7007 = FILL_AREA_STYLE_COLOUR( '', #8386 );
#7008 = FILL_AREA_STYLE_COLOUR( '', #8387 );
#7009 = VERTEX_POINT( '', #8388 );
#7010 = CIRCLE( '', #8389, 0.000800000000000000 );
#7011 = FILL_AREA_STYLE_COLOUR( '', #8390 );
#7012 = VERTEX_POINT( '', #8391 );
#7013 = CIRCLE( '', #8392, 0.000800000000000000 );
#7014 = FILL_AREA_STYLE_COLOUR( '', #8393 );
#7015 = FILL_AREA_STYLE_COLOUR( '', #8394 );
#7016 = FILL_AREA_STYLE_COLOUR( '', #8395 );
#7017 = VERTEX_POINT( '', #8396 );
#7018 = CIRCLE( '', #8397, 0.000800000000000000 );
#7019 = FILL_AREA_STYLE_COLOUR( '', #8398 );
#7020 = FILL_AREA_STYLE_COLOUR( '', #8399 );
#7021 = FILL_AREA_STYLE_COLOUR( '', #8400 );
#7022 = FILL_AREA_STYLE_COLOUR( '', #8401 );
#7023 = FILL_AREA_STYLE_COLOUR( '', #8402 );
#7024 = FILL_AREA_STYLE_COLOUR( '', #8403 );
#7025 = LINE( '', #8404, #8405 );
#7026 = FILL_AREA_STYLE_COLOUR( '', #8406 );
#7027 = FILL_AREA_STYLE_COLOUR( '', #8407 );
#7028 = FILL_AREA_STYLE_COLOUR( '', #8408 );
#7029 = FILL_AREA_STYLE_COLOUR( '', #8409 );
#7030 = FILL_AREA_STYLE_COLOUR( '', #8410 );
#7031 = VERTEX_POINT( '', #8411 );
#7032 = CIRCLE( '', #8412, 0.00225000000000000 );
#7033 = FILL_AREA_STYLE_COLOUR( '', #8413 );
#7034 = FILL_AREA_STYLE_COLOUR( '', #8414 );
#7035 = FILL_AREA_STYLE_COLOUR( '', #8415 );
#7036 = FILL_AREA_STYLE_COLOUR( '', #8416 );
#7037 = FILL_AREA_STYLE_COLOUR( '', #8417 );
#7038 = FILL_AREA_STYLE_COLOUR( '', #8418 );
#7039 = FILL_AREA_STYLE_COLOUR( '', #8419 );
#7040 = FILL_AREA_STYLE_COLOUR( '', #8420 );
#7041 = LINE( '', #8421, #8422 );
#7042 = FILL_AREA_STYLE_COLOUR( '', #8423 );
#7043 = LINE( '', #8424, #8425 );
#7044 = FILL_AREA_STYLE_COLOUR( '', #8426 );
#7045 = FILL_AREA_STYLE_COLOUR( '', #8427 );
#7046 = VERTEX_POINT( '', #8428 );
#7047 = CIRCLE( '', #8429, 0.00225000000000000 );
#7048 = FILL_AREA_STYLE_COLOUR( '', #8430 );
#7049 = FILL_AREA_STYLE_COLOUR( '', #8431 );
#7050 = FILL_AREA_STYLE_COLOUR( '', #8432 );
#7051 = FILL_AREA_STYLE_COLOUR( '', #8433 );
#7052 = FILL_AREA_STYLE_COLOUR( '', #8434 );
#7053 = FILL_AREA_STYLE_COLOUR( '', #8435 );
#7054 = FILL_AREA_STYLE_COLOUR( '', #8436 );
#7055 = FILL_AREA_STYLE_COLOUR( '', #8437 );
#7056 = FILL_AREA_STYLE_COLOUR( '', #8438 );
#7057 = COLOUR_RGB( '', 0.850980401000000, 0.756862759600000, 0.870588243000000 );
#7058 = CARTESIAN_POINT( '', ( -0.00997500000000000, 0.00800000000001000, -0.00220000000001000 ) );
#7059 = AXIS2_PLACEMENT_3D( '', #8439, #8440, #8441 );
#7060 = COLOUR_RGB( '', 0.850980401000000, 0.756862759600000, 0.870588243000000 );
#7061 = CARTESIAN_POINT( '', ( 0.0110000000000100, -0.0297500000000000, 0.0165750000000100 ) );
#7062 = AXIS2_PLACEMENT_3D( '', #8442, #8443, #8444 );
#7063 = CARTESIAN_POINT( '', ( 0.0130334936490740, -0.0320000000000100, 0.0167000000000100 ) );
#7064 = AXIS2_PLACEMENT_3D( '', #8445, #8446, #8447 );
#7065 = COLOUR_RGB( '', 0.850980401000000, 0.756862759600000, 0.870588243000000 );
#7066 = CARTESIAN_POINT( '', ( 0.0112500000000100, -0.00502500000002000, -0.00600000000001000 ) );
#7067 = AXIS2_PLACEMENT_3D( '', #8448, #8449, #8450 );
#7068 = CARTESIAN_POINT( '', ( 0.0139250000000100, -0.00502500000002000, -0.00600000000001000 ) );
#7069 = AXIS2_PLACEMENT_3D( '', #8451, #8452, #8453 );
#7070 = COLOUR_RGB( '', 0.850980401000000, 0.756862759600000, 0.870588243000000 );
#7071 = CARTESIAN_POINT( '', ( 0.0110000000000000, -0.0308452994616200, -0.0167000000000000 ) );
#7072 = CARTESIAN_POINT( '', ( 0.0110000000000000, -0.0308452994616200, -0.0154500000000000 ) );
#7073 = CARTESIAN_POINT( '', ( 0.0110000000000100, -0.0308452994616300, -0.0167000000000100 ) );
#7074 = VECTOR( '', #8454, 1.00000000000000 );
#7075 = CARTESIAN_POINT( '', ( 0.0100000000000000, -0.0314226497308100, -0.0154500000000000 ) );
#7076 = CARTESIAN_POINT( '', ( 0.0100000000000100, -0.0314226497308200, -0.0154500000000100 ) );
#7077 = VECTOR( '', #8455, 1.00000000000000 );
#7078 = CARTESIAN_POINT( '', ( 0.0100000000000000, -0.0314226497308100, -0.0167000000000000 ) );
#7079 = CARTESIAN_POINT( '', ( 0.0100000000000100, -0.0314226497308200, -0.0167000000000100 ) );
#7080 = VECTOR( '', #8456, 1.00000000000000 );
#7081 = CARTESIAN_POINT( '', ( 0.0100000000000100, -0.0314226497308200, -0.0167000000000100 ) );
#7082 = VECTOR( '', #8457, 1.00000000000000 );
#7083 = COLOUR_RGB( '', 0.850980401000000, 0.756862759600000, 0.870588243000000 );
#7084 = CARTESIAN_POINT( '', ( -0.00896650635094600, 0.00800000000001000, 0.0167000000000100 ) );
#7085 = AXIS2_PLACEMENT_3D( '', #8458, #8459, #8460 );
#7086 = CARTESIAN_POINT( '', ( -0.0100000000000000, 0.00857735026919000, 0.0167000000000000 ) );
#7087 = CARTESIAN_POINT( '', ( -0.0110000000000000, 0.00915470053837900, 0.0167000000000000 ) );
#7088 = CARTESIAN_POINT( '', ( -0.0100000000000100, 0.00857735026920000, 0.0167000000000100 ) );
#7089 = VECTOR( '', #8461, 1.00000000000000 );
#7090 = CARTESIAN_POINT( '', ( -0.0100000000000000, 0.00742264973081000, 0.0167000000000000 ) );
#7091 = CARTESIAN_POINT( '', ( -0.0100000000000100, 0.00742264973082000, 0.0167000000000100 ) );
#7092 = VECTOR( '', #8462, 1.00000000000000 );
#7093 = CARTESIAN_POINT( '', ( -0.0110000000000000, 0.00684529946162100, 0.0167000000000000 ) );
#7094 = CARTESIAN_POINT( '', ( -0.0110000000000100, 0.00684529946163100, 0.0167000000000100 ) );
#7095 = VECTOR( '', #8463, 1.00000000000000 );
#7096 = CARTESIAN_POINT( '', ( -0.0120000000000000, 0.00742264973081000, 0.0167000000000000 ) );
#7097 = CARTESIAN_POINT( '', ( -0.0120000000000100, 0.00742264973082000, 0.0167000000000100 ) );
#7098 = VECTOR( '', #8464, 1.00000000000000 );
#7099 = CARTESIAN_POINT( '', ( -0.0120000000000000, 0.00857735026919000, 0.0167000000000000 ) );
#7100 = CARTESIAN_POINT( '', ( -0.0120000000000100, 0.00857735026920000, 0.0167000000000100 ) );
#7101 = VECTOR( '', #8465, 1.00000000000000 );
#7102 = CARTESIAN_POINT( '', ( -0.0110000000000100, 0.00915470053838900, 0.0167000000000100 ) );
#7103 = VECTOR( '', #8466, 1.00000000000000 );
#7104 = COLOUR_RGB( '', 0.850980401000000, 0.756862759600000, 0.870588243000000 );
#7105 = CARTESIAN_POINT( '', ( 0.00509116882454276, 0.00622253967446124, 0.0170000000000100 ) );
#7106 = AXIS2_PLACEMENT_3D( '', #8467, #8468, #8469 );
#7107 = COLOUR_RGB( '', 0.850980401000000, 0.756862759600000, 0.870588243000000 );
#7108 = CARTESIAN_POINT( '', ( 0.0142500000000000, -0.0332500000000000, -0.0166000000000000 ) );
#7109 = CARTESIAN_POINT( '', ( 0.0142500000000000, -0.0210000000000000, -0.0166000000000000 ) );
#7110 = CARTESIAN_POINT( '', ( 0.0142500000000100, -0.0332500000000100, -0.0166000000000100 ) );
#7111 = VECTOR( '', #8470, 1.00000000000000 );
#7112 = CARTESIAN_POINT( '', ( 0.0138500000000000, -0.0330843145750500, -0.0170000000000000 ) );
#7113 = CARTESIAN_POINT( '', ( 0.0138500000000100, -0.0330843145750600, -0.0170000000000100 ) );
#7114 = VECTOR( '', #8471, 1.00000000000000 );
#7115 = CARTESIAN_POINT( '', ( 0.0138500000000000, -0.0210000000000000, -0.0170000000000000 ) );
#7116 = CARTESIAN_POINT( '', ( 0.0138500000000100, -0.0330843145750600, -0.0170000000000100 ) );
#7117 = VECTOR( '', #8472, 1.00000000000000 );
#7118 = CARTESIAN_POINT( '', ( 0.0138500000000100, -0.0210000000000100, -0.0170000000000100 ) );
#7119 = VECTOR( '', #8473, 1.00000000000000 );
#7120 = COLOUR_RGB( '', 0.850980401000000, 0.756862759600000, 0.870588243000000 );
#7121 = CARTESIAN_POINT( '', ( 0.0112500000000100, -0.0290250000000200, 0.00600000000001000 ) );
#7122 = AXIS2_PLACEMENT_3D( '', #8474, #8475, #8476 );
#7123 = CARTESIAN_POINT( '', ( 0.0139250000000100, -0.0290250000000200, 0.00600000000001000 ) );
#7124 = AXIS2_PLACEMENT_3D( '', #8477, #8478, #8479 );
#7125 = COLOUR_RGB( '', 0.850980401000000, 0.756862759600000, 0.870588243000000 );
#7126 = CARTESIAN_POINT( '', ( -0.0134000000000200, 0.00800000000001000, 0.0142000000000100 ) );
#7127 = AXIS2_PLACEMENT_3D( '', #8480, #8481, #8482 );
#7128 = CARTESIAN_POINT( '', ( -0.0110000000000100, 0.00575000000000000, 0.0142000000000100 ) );
#7129 = AXIS2_PLACEMENT_3D( '', #8483, #8484, #8485 );
#7130 = COLOUR_RGB( '', 0.850980401000000, 0.756862759600000, 0.870588243000000 );
#7131 = CARTESIAN_POINT( '', ( -0.00965000000000000, -0.0320000000000100, 0.0100000000000100 ) );
#7132 = AXIS2_PLACEMENT_3D( '', #8486, #8487, #8488 );
#7133 = CARTESIAN_POINT( '', ( -0.0123000000000200, -0.0320000000000100, 0.0100000000000100 ) );
#7134 = AXIS2_PLACEMENT_3D( '', #8489, #8490, #8491 );
#7135 = COLOUR_RGB( '', 0.850980401000000, 0.756862759600000, 0.870588243000000 );
#7136 = CARTESIAN_POINT( '', ( -0.00565000000000000, -0.00800000000000000, -0.0170000000000000 ) );
#7137 = CARTESIAN_POINT( '', ( -0.0138500000000000, -0.00800000000000000, -0.0170000000000000 ) );
#7138 = CARTESIAN_POINT( '', ( -0.00565000000001000, -0.00800000000001000, -0.0170000000000100 ) );
#7139 = VECTOR( '', #8492, 1.00000000000000 );
#7140 = CARTESIAN_POINT( '', ( -0.0138500000000000, 0.00908431457505000, -0.0170000000000000 ) );
#7141 = CARTESIAN_POINT( '', ( -0.0138500000000100, 0.00908431457506000, -0.0170000000000100 ) );
#7142 = VECTOR( '', #8493, 1.00000000000000 );
#7143 = CARTESIAN_POINT( '', ( -0.0120843145750500, 0.0108500000000000, -0.0170000000000000 ) );
#7144 = CARTESIAN_POINT( '', ( -0.0120843145750600, 0.0108500000000100, -0.0170000000000100 ) );
#7145 = VECTOR( '', #8494, 1.00000000000000 );
#7146 = CARTESIAN_POINT( '', ( -0.00350000000000000, 0.0108500000000000, -0.0170000000000000 ) );
#7147 = CARTESIAN_POINT( '', ( -0.00350000000001000, 0.0108500000000100, -0.0170000000000100 ) );
#7148 = VECTOR( '', #8495, 1.00000000000000 );
#7149 = CARTESIAN_POINT( '', ( -0.00350000000000000, 0.00945000000000000, -0.0170000000000000 ) );
#7150 = CARTESIAN_POINT( '', ( -0.00350000000001000, 0.00945000000001000, -0.0170000000000100 ) );
#7151 = VECTOR( '', #8496, 1.00000000000000 );
#7152 = CARTESIAN_POINT( '', ( 0.00350000000000000, 0.00945000000000000, -0.0170000000000000 ) );
#7153 = CARTESIAN_POINT( '', ( -0.00350000000001000, 0.00945000000001000, -0.0170000000000100 ) );
#7154 = VECTOR( '', #8497, 1.00000000000000 );
#7155 = CARTESIAN_POINT( '', ( 0.00350000000000000, 0.0108500000000000, -0.0170000000000000 ) );
#7156 = CARTESIAN_POINT( '', ( 0.00350000000001000, 0.00945000000001000, -0.0170000000000100 ) );
#7157 = VECTOR( '', #8498, 1.00000000000000 );
#7158 = CARTESIAN_POINT( '', ( 0.0120843145750500, 0.0108500000000000, -0.0170000000000000 ) );
#7159 = CARTESIAN_POINT( '', ( 0.0120843145750600, 0.0108500000000100, -0.0170000000000100 ) );
#7160 = VECTOR( '', #8499, 1.00000000000000 );
#7161 = CARTESIAN_POINT( '', ( 0.0138500000000000, 0.00908431457505000, -0.0170000000000000 ) );
#7162 = CARTESIAN_POINT( '', ( 0.0138500000000100, 0.00908431457506000, -0.0170000000000100 ) );
#7163 = VECTOR( '', #8500, 1.00000000000000 );
#7164 = CARTESIAN_POINT( '', ( 0.0138500000000000, -0.00800000000000000, -0.0170000000000000 ) );
#7165 = CARTESIAN_POINT( '', ( 0.0138500000000100, -0.00800000000001000, -0.0170000000000100 ) );
#7166 = VECTOR( '', #8501, 1.00000000000000 );
#7167 = CARTESIAN_POINT( '', ( 0.00565000000000000, -0.00800000000000000, -0.0170000000000000 ) );
#7168 = CARTESIAN_POINT( '', ( 0.0138500000000100, -0.00800000000001000, -0.0170000000000100 ) );
#7169 = VECTOR( '', #8502, 1.00000000000000 );
#7170 = CARTESIAN_POINT( '', ( 0.00565000000000000, -0.00700553352714800, -0.0170000000000000 ) );
#7171 = CARTESIAN_POINT( '', ( 0.00565000000001000, -0.00800000000001000, -0.0170000000000100 ) );
#7172 = VECTOR( '', #8503, 1.00000000000000 );
#7173 = CARTESIAN_POINT( '', ( -0.00565000000000000, -0.00700553352714800, -0.0170000000000000 ) );
#7174 = AXIS2_PLACEMENT_3D( '', #8504, #8505, #8506 );
#7175 = CARTESIAN_POINT( '', ( -0.00565000000001000, -0.00700553352715800, -0.0170000000000100 ) );
#7176 = VECTOR( '', #8507, 1.00000000000000 );
#7177 = CARTESIAN_POINT( '', ( -0.00860000000000000, 0.00800000000001000, -0.0170000000000100 ) );
#7178 = AXIS2_PLACEMENT_3D( '', #8508, #8509, #8510 );
#7179 = CARTESIAN_POINT( '', ( 0.0134000000000200, 0.00800000000001000, -0.0170000000000100 ) );
#7180 = AXIS2_PLACEMENT_3D( '', #8511, #8512, #8513 );
#7181 = COLOUR_RGB( '', 0.850980401000000, 0.756862759600000, 0.870588243000000 );
#7182 = CARTESIAN_POINT( '', ( -0.00210000000000800, 0.00000000000000, 0.0234000000000100 ) );
#7183 = AXIS2_PLACEMENT_3D( '', #8514, #8515, #8516 );
#7184 = COLOUR_RGB( '', 0.850980401000000, 0.756862759600000, 0.870588243000000 );
#7185 = CARTESIAN_POINT( '', ( 0.0100000000000000, 0.00742264973081000, 0.0167000000000000 ) );
#7186 = CARTESIAN_POINT( '', ( 0.0100000000000000, 0.00742264973081000, 0.0154500000000000 ) );
#7187 = CARTESIAN_POINT( '', ( 0.0100000000000100, 0.00742264973082000, 0.0167000000000100 ) );
#7188 = VECTOR( '', #8517, 1.00000000000000 );
#7189 = CARTESIAN_POINT( '', ( 0.0100000000000000, 0.00857735026919000, 0.0154500000000000 ) );
#7190 = CARTESIAN_POINT( '', ( 0.0100000000000100, 0.00857735026920000, 0.0154500000000100 ) );
#7191 = VECTOR( '', #8518, 1.00000000000000 );
#7192 = CARTESIAN_POINT( '', ( 0.0100000000000000, 0.00857735026919000, 0.0167000000000000 ) );
#7193 = CARTESIAN_POINT( '', ( 0.0100000000000100, 0.00857735026920000, 0.0167000000000100 ) );
#7194 = VECTOR( '', #8519, 1.00000000000000 );
#7195 = CARTESIAN_POINT( '', ( 0.0100000000000100, 0.00857735026920000, 0.0167000000000100 ) );
#7196 = VECTOR( '', #8520, 1.00000000000000 );
#7197 = COLOUR_RGB( '', 0.850980401000000, 0.756862759600000, 0.870588243000000 );
#7198 = CARTESIAN_POINT( '', ( 0.0122500000000200, 0.00800000000001000, -0.00790000000001000 ) );
#7199 = AXIS2_PLACEMENT_3D( '', #8521, #8522, #8523 );
#7200 = CARTESIAN_POINT( '', ( 0.00965000000000000, 0.00800000000001000, -0.00800000000001000 ) );
#7201 = AXIS2_PLACEMENT_3D( '', #8524, #8525, #8526 );
#7202 = COLOUR_RGB( '', 0.850980401000000, 0.756862759600000, 0.870588243000000 );
#7203 = CARTESIAN_POINT( '', ( -0.0120000000000000, -0.0325773502691900, -0.0167000000000000 ) );
#7204 = CARTESIAN_POINT( '', ( -0.0120000000000000, -0.0325773502691900, -0.0154500000000000 ) );
#7205 = CARTESIAN_POINT( '', ( -0.0120000000000100, -0.0325773502692000, -0.0167000000000100 ) );
#7206 = VECTOR( '', #8527, 1.00000000000000 );
#7207 = CARTESIAN_POINT( '', ( -0.0110000000000000, -0.0331547005383800, -0.0154500000000000 ) );
#7208 = CARTESIAN_POINT( '', ( -0.0110000000000100, -0.0331547005383900, -0.0154500000000100 ) );
#7209 = VECTOR( '', #8528, 1.00000000000000 );
#7210 = CARTESIAN_POINT( '', ( -0.0110000000000000, -0.0331547005383800, -0.0167000000000000 ) );
#7211 = CARTESIAN_POINT( '', ( -0.0110000000000100, -0.0331547005383900, -0.0167000000000100 ) );
#7212 = VECTOR( '', #8529, 1.00000000000000 );
#7213 = CARTESIAN_POINT( '', ( -0.0110000000000100, -0.0331547005383900, -0.0167000000000100 ) );
#7214 = VECTOR( '', #8530, 1.00000000000000 );
#7215 = COLOUR_RGB( '', 0.850980401000000, 0.756862759600000, 0.870588243000000 );
#7216 = CARTESIAN_POINT( '', ( 0.0112500000000100, -0.0290250000000200, -0.00600000000001000 ) );
#7217 = AXIS2_PLACEMENT_3D( '', #8531, #8532, #8533 );
#7218 = CARTESIAN_POINT( '', ( 0.0139250000000100, -0.0290250000000200, -0.00600000000001000 ) );
#7219 = AXIS2_PLACEMENT_3D( '', #8534, #8535, #8536 );
#7220 = COLOUR_RGB( '', 0.850980401000000, 0.756862759600000, 0.870588243000000 );
#7221 = CARTESIAN_POINT( '', ( -0.00412310562561800, -0.00800000000000000, -0.0160000000000000 ) );
#7222 = CARTESIAN_POINT( '', ( 0.00412310562561800, -0.00800000000000000, -0.0160000000000000 ) );
#7223 = CARTESIAN_POINT( '', ( -0.00412310562562800, -0.00800000000001000, -0.0160000000000100 ) );
#7224 = VECTOR( '', #8537, 1.00000000000000 );
#7225 = AXIS2_PLACEMENT_3D( '', #8538, #8539, #8540 );
#7226 = COLOUR_RGB( '', 0.850980401000000, 0.756862759600000, 0.870588243000000 );
#7227 = CARTESIAN_POINT( '', ( -0.00975000000000000, 0.00800000000001000, -0.00790000000001000 ) );
#7228 = AXIS2_PLACEMENT_3D( '', #8541, #8542, #8543 );
#7229 = CARTESIAN_POINT( '', ( -0.0123500000000200, 0.00800000000001000, -0.00800000000001000 ) );
#7230 = AXIS2_PLACEMENT_3D( '', #8544, #8545, #8546 );
#7231 = COLOUR_RGB( '', 0.850980401000000, 0.756862759600000, 0.870588243000000 );
#7232 = CARTESIAN_POINT( '', ( 0.00622253967446124, -0.00509116882454276, 0.0170000000000100 ) );
#7233 = AXIS2_PLACEMENT_3D( '', #8547, #8548, #8549 );
#7234 = COLOUR_RGB( '', 0.850980401000000, 0.756862759600000, 0.870588243000000 );
#7235 = CARTESIAN_POINT( '', ( 0.0110000000000000, 0.00915470053837900, 0.0167000000000000 ) );
#7236 = CARTESIAN_POINT( '', ( 0.0110000000000000, 0.00915470053837900, 0.0154500000000000 ) );
#7237 = CARTESIAN_POINT( '', ( 0.0110000000000100, 0.00915470053838900, 0.0167000000000100 ) );
#7238 = VECTOR( '', #8550, 1.00000000000000 );
#7239 = CARTESIAN_POINT( '', ( 0.0120000000000000, 0.00857735026919000, 0.0154500000000000 ) );
#7240 = CARTESIAN_POINT( '', ( 0.0120000000000100, 0.00857735026920000, 0.0154500000000100 ) );
#7241 = VECTOR( '', #8551, 1.00000000000000 );
#7242 = CARTESIAN_POINT( '', ( 0.0120000000000000, 0.00857735026919000, 0.0167000000000000 ) );
#7243 = CARTESIAN_POINT( '', ( 0.0120000000000100, 0.00857735026920000, 0.0167000000000100 ) );
#7244 = VECTOR( '', #8552, 1.00000000000000 );
#7245 = CARTESIAN_POINT( '', ( 0.0120000000000100, 0.00857735026920000, 0.0167000000000100 ) );
#7246 = VECTOR( '', #8553, 1.00000000000000 );
#7247 = COLOUR_RGB( '', 0.850980401000000, 0.756862759600000, 0.870588243000000 );
#7248 = CARTESIAN_POINT( '', ( -0.0100000000000000, 0.00857735026919000, -0.0154500000000000 ) );
#7249 = CARTESIAN_POINT( '', ( -0.0100000000000000, 0.00742264973081000, -0.0154500000000000 ) );
#7250 = CARTESIAN_POINT( '', ( -0.0100000000000100, 0.00857735026920000, -0.0154500000000100 ) );
#7251 = VECTOR( '', #8554, 1.00000000000000 );
#7252 = CARTESIAN_POINT( '', ( -0.0110000000000000, 0.00684529946162100, -0.0154500000000000 ) );
#7253 = CARTESIAN_POINT( '', ( -0.0100000000000100, 0.00742264973082000, -0.0154500000000100 ) );
#7254 = VECTOR( '', #8555, 1.00000000000000 );
#7255 = CARTESIAN_POINT( '', ( -0.0120000000000000, 0.00742264973081000, -0.0154500000000000 ) );
#7256 = CARTESIAN_POINT( '', ( -0.0110000000000100, 0.00684529946163100, -0.0154500000000100 ) );
#7257 = VECTOR( '', #8556, 1.00000000000000 );
#7258 = CARTESIAN_POINT( '', ( -0.0120000000000000, 0.00857735026919000, -0.0154500000000000 ) );
#7259 = CARTESIAN_POINT( '', ( -0.0120000000000100, 0.00742264973082000, -0.0154500000000100 ) );
#7260 = VECTOR( '', #8557, 1.00000000000000 );
#7261 = CARTESIAN_POINT( '', ( -0.0110000000000000, 0.00915470053837900, -0.0154500000000000 ) );
#7262 = CARTESIAN_POINT( '', ( -0.0120000000000100, 0.00857735026920000, -0.0154500000000100 ) );
#7263 = VECTOR( '', #8558, 1.00000000000000 );
#7264 = CARTESIAN_POINT( '', ( -0.0110000000000100, 0.00915470053838900, -0.0154500000000100 ) );
#7265 = VECTOR( '', #8559, 1.00000000000000 );
#7266 = COLOUR_RGB( '', 0.850980401000000, 0.756862759600000, 0.870588243000000 );
#7267 = CARTESIAN_POINT( '', ( -0.0110000000000100, -0.0297500000000000, -0.0165750000000100 ) );
#7268 = AXIS2_PLACEMENT_3D( '', #8560, #8561, #8562 );
#7269 = CARTESIAN_POINT( '', ( -0.0110000000000100, -0.0342500000000200, -0.0142000000000100 ) );
#7270 = AXIS2_PLACEMENT_3D( '', #8563, #8564, #8565 );
#7271 = COLOUR_RGB( '', 0.850980401000000, 0.756862759600000, 0.870588243000000 );
#7272 = CARTESIAN_POINT( '', ( 0.00800000000001000, 0.000800000000010000, 0.0170000000000100 ) );
#7273 = AXIS2_PLACEMENT_3D( '', #8566, #8567, #8568 );
#7274 = COLOUR_RGB( '', 0.850980401000000, 0.756862759600000, 0.870588243000000 );
#7275 = CARTESIAN_POINT( '', ( 0.00860000000000000, -0.0320000000000100, 0.0170000000000100 ) );
#7276 = AXIS2_PLACEMENT_3D( '', #8569, #8570, #8571 );
#7277 = CARTESIAN_POINT( '', ( 0.00860000000000000, -0.0320000000000100, 0.0142000000000100 ) );
#7278 = AXIS2_PLACEMENT_3D( '', #8572, #8573, #8574 );
#7279 = COLOUR_RGB( '', 0.850980401000000, 0.756862759600000, 0.870588243000000 );
#7280 = CARTESIAN_POINT( '', ( 0.0138500000000000, -0.0330843145750500, 0.0170000000000000 ) );
#7281 = CARTESIAN_POINT( '', ( 0.0142500000000000, -0.0332500000000000, 0.0166000000000000 ) );
#7282 = CARTESIAN_POINT( '', ( 0.0138500000000100, -0.0330843145750600, 0.0170000000000100 ) );
#7283 = VECTOR( '', #8575, 1.00000000000000 );
#7284 = CARTESIAN_POINT( '', ( 0.0120843145750500, -0.0348500000000000, 0.0170000000000000 ) );
#7285 = CARTESIAN_POINT( '', ( 0.0138500000000100, -0.0330843145750600, 0.0170000000000100 ) );
#7286 = VECTOR( '', #8576, 1.00000000000000 );
#7287 = CARTESIAN_POINT( '', ( 0.0122500000000000, -0.0352500000000000, 0.0166000000000000 ) );
#7288 = CARTESIAN_POINT( '', ( 0.0120843145750600, -0.0348500000000100, 0.0170000000000100 ) );
#7289 = VECTOR( '', #8577, 1.00000000000000 );
#7290 = CARTESIAN_POINT( '', ( 0.0142500000000100, -0.0332500000000100, 0.0166000000000100 ) );
#7291 = VECTOR( '', #8578, 1.00000000000000 );
#7292 = COLOUR_RGB( '', 0.850980401000000, 0.756862759600000, 0.870588243000000 );
#7293 = CARTESIAN_POINT( '', ( 0.0120843145750500, -0.0348500000000000, -0.0170000000000000 ) );
#7294 = CARTESIAN_POINT( '', ( 0.0120843145750600, -0.0348500000000100, -0.0170000000000100 ) );
#7295 = VECTOR( '', #8579, 1.00000000000000 );
#7296 = CARTESIAN_POINT( '', ( -0.0120843145750500, -0.0348500000000000, -0.0170000000000000 ) );
#7297 = CARTESIAN_POINT( '', ( -0.0120843145750600, -0.0348500000000100, -0.0170000000000100 ) );
#7298 = VECTOR( '', #8580, 1.00000000000000 );
#7299 = CARTESIAN_POINT( '', ( -0.0138500000000000, -0.0330843145750500, -0.0170000000000000 ) );
#7300 = CARTESIAN_POINT( '', ( -0.0138500000000100, -0.0330843145750600, -0.0170000000000100 ) );
#7301 = VECTOR( '', #8581, 1.00000000000000 );
#7302 = CARTESIAN_POINT( '', ( -0.0138500000000000, -0.0210000000000000, -0.0170000000000000 ) );
#7303 = CARTESIAN_POINT( '', ( -0.0138500000000100, -0.0210000000000100, -0.0170000000000100 ) );
#7304 = VECTOR( '', #8582, 1.00000000000000 );
#7305 = CARTESIAN_POINT( '', ( -0.00940000000000000, -0.0210000000000000, -0.0170000000000000 ) );
#7306 = CARTESIAN_POINT( '', ( -0.00940000000001000, -0.0210000000000100, -0.0170000000000100 ) );
#7307 = VECTOR( '', #8583, 1.00000000000000 );
#7308 = CARTESIAN_POINT( '', ( -0.00940000000000000, -0.0188000000000000, -0.0170000000000000 ) );
#7309 = CARTESIAN_POINT( '', ( -0.00940000000001000, -0.0188000000000100, -0.0170000000000100 ) );
#7310 = VECTOR( '', #8584, 1.00000000000000 );
#7311 = CARTESIAN_POINT( '', ( -0.00610000000000000, -0.0155000000000000, -0.0170000000000000 ) );
#7312 = CARTESIAN_POINT( '', ( -0.00610000000001000, -0.0155000000000100, -0.0170000000000100 ) );
#7313 = VECTOR( '', #8585, 1.00000000000000 );
#7314 = CARTESIAN_POINT( '', ( 0.00610000000000000, -0.0155000000000000, -0.0170000000000000 ) );
#7315 = CARTESIAN_POINT( '', ( 0.00610000000001000, -0.0155000000000100, -0.0170000000000100 ) );
#7316 = VECTOR( '', #8586, 1.00000000000000 );
#7317 = CARTESIAN_POINT( '', ( 0.00940000000000000, -0.0188000000000000, -0.0170000000000000 ) );
#7318 = CARTESIAN_POINT( '', ( 0.00940000000001000, -0.0188000000000100, -0.0170000000000100 ) );
#7319 = VECTOR( '', #8587, 1.00000000000000 );
#7320 = CARTESIAN_POINT( '', ( 0.00940000000000000, -0.0210000000000000, -0.0170000000000000 ) );
#7321 = CARTESIAN_POINT( '', ( 0.00940000000001000, -0.0210000000000100, -0.0170000000000100 ) );
#7322 = VECTOR( '', #8588, 1.00000000000000 );
#7323 = CARTESIAN_POINT( '', ( 0.0138500000000100, -0.0210000000000100, -0.0170000000000100 ) );
#7324 = VECTOR( '', #8589, 1.00000000000000 );
#7325 = CARTESIAN_POINT( '', ( -0.00860000000000000, -0.0320000000000100, -0.0170000000000100 ) );
#7326 = AXIS2_PLACEMENT_3D( '', #8590, #8591, #8592 );
#7327 = CARTESIAN_POINT( '', ( 0.0134000000000200, -0.0320000000000100, -0.0170000000000100 ) );
#7328 = AXIS2_PLACEMENT_3D( '', #8593, #8594, #8595 );
#7329 = COLOUR_RGB( '', 0.850980401000000, 0.756862759600000, 0.870588243000000 );
#7330 = CARTESIAN_POINT( '', ( 0.00975000000000000, 0.00800000000001000, 0.00990000000001000 ) );
#7331 = AXIS2_PLACEMENT_3D( '', #8596, #8597, #8598 );
#7332 = CARTESIAN_POINT( '', ( 0.0123500000000200, 0.00800000000001000, 0.0100000000000100 ) );
#7333 = AXIS2_PLACEMENT_3D( '', #8599, #8600, #8601 );
#7334 = COLOUR_RGB( '', 0.850980401000000, 0.756862759600000, 0.870588243000000 );
#7335 = CARTESIAN_POINT( '', ( 0.00970000000000000, 0.00800000000001000, -0.0142000000000100 ) );
#7336 = AXIS2_PLACEMENT_3D( '', #8602, #8603, #8604 );
#7337 = CARTESIAN_POINT( '', ( 0.0123000000000200, 0.00800000000001000, -0.00800000000001000 ) );
#7338 = AXIS2_PLACEMENT_3D( '', #8605, #8606, #8607 );
#7339 = COLOUR_RGB( '', 0.850980401000000, 0.756862759600000, 0.870588243000000 );
#7340 = CARTESIAN_POINT( '', ( -0.0120000000000000, -0.0325773502691900, 0.0167000000000000 ) );
#7341 = CARTESIAN_POINT( '', ( -0.0120000000000000, -0.0325773502691900, 0.0154500000000000 ) );
#7342 = CARTESIAN_POINT( '', ( -0.0120000000000100, -0.0325773502692000, 0.0167000000000100 ) );
#7343 = VECTOR( '', #8608, 1.00000000000000 );
#7344 = CARTESIAN_POINT( '', ( -0.0120000000000000, -0.0314226497308100, 0.0154500000000000 ) );
#7345 = CARTESIAN_POINT( '', ( -0.0120000000000100, -0.0314226497308200, 0.0154500000000100 ) );
#7346 = VECTOR( '', #8609, 1.00000000000000 );
#7347 = CARTESIAN_POINT( '', ( -0.0120000000000000, -0.0314226497308100, 0.0167000000000000 ) );
#7348 = CARTESIAN_POINT( '', ( -0.0120000000000100, -0.0314226497308200, 0.0167000000000100 ) );
#7349 = VECTOR( '', #8610, 1.00000000000000 );
#7350 = CARTESIAN_POINT( '', ( -0.0120000000000100, -0.0314226497308200, 0.0167000000000100 ) );
#7351 = VECTOR( '', #8611, 1.00000000000000 );
#7352 = COLOUR_RGB( '', 0.850980401000000, 0.756862759600000, 0.870588243000000 );
#7353 = CARTESIAN_POINT( '', ( 0.00000000000000, 0.00380000000000800, 0.0209000000000100 ) );
#7354 = AXIS2_PLACEMENT_3D( '', #8612, #8613, #8614 );
#7355 = CARTESIAN_POINT( '', ( 0.00000000000000, 0.00400000000000800, 0.0207000000000100 ) );
#7356 = AXIS2_PLACEMENT_3D( '', #8615, #8616, #8617 );
#7357 = COLOUR_RGB( '', 0.850980401000000, 0.756862759600000, 0.870588243000000 );
#7358 = CARTESIAN_POINT( '', ( 0.00902500000002000, 0.00825000000001000, 0.00600000000001000 ) );
#7359 = AXIS2_PLACEMENT_3D( '', #8618, #8619, #8620 );
#7360 = CARTESIAN_POINT( '', ( 0.00902500000002000, 0.0109250000000100, 0.00600000000001000 ) );
#7361 = AXIS2_PLACEMENT_3D( '', #8621, #8622, #8623 );
#7362 = COLOUR_RGB( '', 0.850980401000000, 0.756862759600000, 0.870588243000000 );
#7363 = CARTESIAN_POINT( '', ( -0.0123000000000200, 0.00800000000001000, -0.0142000000000100 ) );
#7364 = AXIS2_PLACEMENT_3D( '', #8624, #8625, #8626 );
#7365 = CARTESIAN_POINT( '', ( -0.00970000000000000, 0.00800000000001000, -0.00800000000001000 ) );
#7366 = AXIS2_PLACEMENT_3D( '', #8627, #8628, #8629 );
#7367 = COLOUR_RGB( '', 0.850980401000000, 0.756862759600000, 0.870588243000000 );
#7368 = CARTESIAN_POINT( '', ( -0.0112500000000100, -0.0269750000000000, 0.00600000000001000 ) );
#7369 = AXIS2_PLACEMENT_3D( '', #8630, #8631, #8632 );
#7370 = COLOUR_RGB( '', 0.850980401000000, 0.756862759600000, 0.870588243000000 );
#7371 = CARTESIAN_POINT( '', ( 0.0120250000000200, -0.0320000000000100, 0.00150000000001000 ) );
#7372 = AXIS2_PLACEMENT_3D( '', #8633, #8634, #8635 );
#7373 = CARTESIAN_POINT( '', ( 0.00997500000000000, -0.0320000000000100, 0.00220000000001000 ) );
#7374 = AXIS2_PLACEMENT_3D( '', #8636, #8637, #8638 );
#7375 = COLOUR_RGB( '', 0.850980401000000, 0.756862759600000, 0.870588243000000 );
#7376 = CARTESIAN_POINT( '', ( -0.00902500000002000, -0.0322500000000100, 0.00600000000001000 ) );
#7377 = AXIS2_PLACEMENT_3D( '', #8639, #8640, #8641 );
#7378 = CARTESIAN_POINT( '', ( -0.00902500000002000, -0.0349250000000100, 0.00600000000001000 ) );
#7379 = AXIS2_PLACEMENT_3D( '', #8642, #8643, #8644 );
#7380 = COLOUR_RGB( '', 0.850980401000000, 0.756862759600000, 0.870588243000000 );
#7381 = CARTESIAN_POINT( '', ( -0.0120250000000200, -0.0320000000000100, -0.00150000000001000 ) );
#7382 = AXIS2_PLACEMENT_3D( '', #8645, #8646, #8647 );
#7383 = COLOUR_RGB( '', 0.850980401000000, 0.756862759600000, 0.870588243000000 );
#7384 = CARTESIAN_POINT( '', ( -0.0110000000000100, 0.0102500000000200, -0.0165750000000100 ) );
#7385 = AXIS2_PLACEMENT_3D( '', #8648, #8649, #8650 );
#7386 = CARTESIAN_POINT( '', ( -0.0110000000000100, 0.00575000000000000, -0.0142000000000100 ) );
#7387 = AXIS2_PLACEMENT_3D( '', #8651, #8652, #8653 );
#7388 = COLOUR_RGB( '', 0.850980401000000, 0.756862759600000, 0.870588243000000 );
#7389 = CARTESIAN_POINT( '', ( -0.00997500000000000, -0.0320000000000100, -0.00220000000001000 ) );
#7390 = AXIS2_PLACEMENT_3D( '', #8654, #8655, #8656 );
#7391 = COLOUR_RGB( '', 0.850980401000000, 0.756862759600000, 0.870588243000000 );
#7392 = CARTESIAN_POINT( '', ( -0.000800000000010000, 0.00800000000001000, 0.0170000000000100 ) );
#7393 = AXIS2_PLACEMENT_3D( '', #8657, #8658, #8659 );
#7394 = COLOUR_RGB( '', 0.850980401000000, 0.756862759600000, 0.870588243000000 );
#7395 = CARTESIAN_POINT( '', ( -0.0110000000000100, -0.0307500000000000, -0.0142000000000100 ) );
#7396 = AXIS2_PLACEMENT_3D( '', #8660, #8661, #8662 );
#7397 = CARTESIAN_POINT( '', ( -0.00975000000000000, -0.0320000000000100, -0.00790000000001000 ) );
#7398 = AXIS2_PLACEMENT_3D( '', #8663, #8664, #8665 );
#7399 = COLOUR_RGB( '', 0.850980401000000, 0.756862759600000, 0.870588243000000 );
#7400 = CARTESIAN_POINT( '', ( 0.0123000000000200, 0.00800000000001000, 0.0142000000000100 ) );
#7401 = AXIS2_PLACEMENT_3D( '', #8666, #8667, #8668 );
#7402 = CARTESIAN_POINT( '', ( 0.0110000000000100, 0.00925000000002000, 0.0142000000000100 ) );
#7403 = AXIS2_PLACEMENT_3D( '', #8669, #8670, #8671 );
#7404 = COLOUR_RGB( '', 0.850980401000000, 0.756862759600000, 0.870588243000000 );
#7405 = CARTESIAN_POINT( '', ( 0.0120250000000200, 0.00800000000001000, 0.00150000000001000 ) );
#7406 = AXIS2_PLACEMENT_3D( '', #8672, #8673, #8674 );
#7407 = COLOUR_RGB( '', 0.850980401000000, 0.756862759600000, 0.870588243000000 );
#7408 = CARTESIAN_POINT( '', ( -0.0110000000000000, 0.00684529946162100, -0.0167000000000000 ) );
#7409 = CARTESIAN_POINT( '', ( -0.0110000000000100, 0.00684529946163100, -0.0167000000000100 ) );
#7410 = VECTOR( '', #8675, 1.00000000000000 );
#7411 = CARTESIAN_POINT( '', ( -0.0100000000000000, 0.00742264973081000, -0.0167000000000000 ) );
#7412 = CARTESIAN_POINT( '', ( -0.0100000000000100, 0.00742264973082000, -0.0167000000000100 ) );
#7413 = VECTOR( '', #8676, 1.00000000000000 );
#7414 = CARTESIAN_POINT( '', ( -0.0100000000000100, 0.00742264973082000, -0.0167000000000100 ) );
#7415 = VECTOR( '', #8677, 1.00000000000000 );
#7416 = COLOUR_RGB( '', 0.850980401000000, 0.756862759600000, 0.870588243000000 );
#7417 = CARTESIAN_POINT( '', ( -0.0112500000000100, -0.00297500000000000, 0.00600000000001000 ) );
#7418 = AXIS2_PLACEMENT_3D( '', #8678, #8679, #8680 );
#7419 = CARTESIAN_POINT( '', ( -0.0139250000000100, -0.00297500000000000, 0.00600000000001000 ) );
#7420 = AXIS2_PLACEMENT_3D( '', #8681, #8682, #8683 );
#7421 = COLOUR_RGB( '', 0.850980401000000, 0.756862759600000, 0.870588243000000 );
#7422 = CARTESIAN_POINT( '', ( 0.0122500000000000, -0.0352500000000000, -0.0166000000000000 ) );
#7423 = CARTESIAN_POINT( '', ( 0.0122500000000100, -0.0352500000000100, -0.0166000000000100 ) );
#7424 = VECTOR( '', #8684, 1.00000000000000 );
#7425 = CARTESIAN_POINT( '', ( 0.0120843145750600, -0.0348500000000100, -0.0170000000000100 ) );
#7426 = VECTOR( '', #8685, 1.00000000000000 );
#7427 = COLOUR_RGB( '', 0.850980401000000, 0.756862759600000, 0.870588243000000 );
#7428 = CARTESIAN_POINT( '', ( -0.000800000000010000, 0.00800000000001000, 0.0187000000000100 ) );
#7429 = AXIS2_PLACEMENT_3D( '', #8686, #8687, #8688 );
#7430 = CARTESIAN_POINT( '', ( 0.00110000000001000, 0.00800000000001000, 0.0190000000000100 ) );
#7431 = AXIS2_PLACEMENT_3D( '', #8689, #8690, #8691 );
#7432 = COLOUR_RGB( '', 0.850980401000000, 0.756862759600000, 0.870588243000000 );
#7433 = CARTESIAN_POINT( '', ( 0.00970000000000000, 0.00800000000001000, 0.0100000000000100 ) );
#7434 = AXIS2_PLACEMENT_3D( '', #8692, #8693, #8694 );
#7435 = COLOUR_RGB( '', 0.850980401000000, 0.756862759600000, 0.870588243000000 );
#7436 = CARTESIAN_POINT( '', ( -0.0130334936490740, 0.00800000000001000, -0.0167000000000100 ) );
#7437 = AXIS2_PLACEMENT_3D( '', #8695, #8696, #8697 );
#7438 = CARTESIAN_POINT( '', ( -0.0120000000000000, 0.00857735026919000, -0.0167000000000000 ) );
#7439 = CARTESIAN_POINT( '', ( -0.0110000000000000, 0.00915470053837900, -0.0167000000000000 ) );
#7440 = CARTESIAN_POINT( '', ( -0.0120000000000100, 0.00857735026920000, -0.0167000000000100 ) );
#7441 = VECTOR( '', #8698, 1.00000000000000 );
#7442 = CARTESIAN_POINT( '', ( -0.0120000000000000, 0.00742264973081000, -0.0167000000000000 ) );
#7443 = CARTESIAN_POINT( '', ( -0.0120000000000100, 0.00742264973082000, -0.0167000000000100 ) );
#7444 = VECTOR( '', #8699, 1.00000000000000 );
#7445 = CARTESIAN_POINT( '', ( -0.0110000000000100, 0.00684529946163100, -0.0167000000000100 ) );
#7446 = VECTOR( '', #8700, 1.00000000000000 );
#7447 = CARTESIAN_POINT( '', ( -0.0100000000000000, 0.00857735026919000, -0.0167000000000000 ) );
#7448 = CARTESIAN_POINT( '', ( -0.0100000000000100, 0.00857735026920000, -0.0167000000000100 ) );
#7449 = VECTOR( '', #8701, 1.00000000000000 );
#7450 = CARTESIAN_POINT( '', ( -0.0110000000000100, 0.00915470053838900, -0.0167000000000100 ) );
#7451 = VECTOR( '', #8702, 1.00000000000000 );
#7452 = COLOUR_RGB( '', 0.850980401000000, 0.756862759600000, 0.870588243000000 );
#7453 = CARTESIAN_POINT( '', ( -0.0142500000000000, 0.00925000000000000, -0.0166000000000000 ) );
#7454 = CARTESIAN_POINT( '', ( -0.0142500000000000, 0.00925000000000000, 0.0166000000000000 ) );
#7455 = CARTESIAN_POINT( '', ( -0.0142500000000100, 0.00925000000001000, -0.0166000000000100 ) );
#7456 = VECTOR( '', #8703, 1.00000000000000 );
#7457 = CARTESIAN_POINT( '', ( -0.0142500000000000, -0.00800000000000000, -0.0166000000000000 ) );
#7458 = CARTESIAN_POINT( '', ( -0.0142500000000100, 0.00925000000001000, -0.0166000000000100 ) );
#7459 = VECTOR( '', #8704, 1.00000000000000 );
#7460 = CARTESIAN_POINT( '', ( -0.0142500000000000, -0.00800000000000000, -0.00850000000000000 ) );
#7461 = CARTESIAN_POINT( '', ( -0.0142500000000100, -0.00800000000001000, -0.00850000000001000 ) );
#7462 = VECTOR( '', #8705, 1.00000000000000 );
#7463 = CARTESIAN_POINT( '', ( -0.0142500000000000, -0.0210000000000000, -0.00850000000000000 ) );
#7464 = CARTESIAN_POINT( '', ( -0.0142500000000100, -0.00800000000001000, -0.00850000000001000 ) );
#7465 = VECTOR( '', #8706, 1.00000000000000 );
#7466 = CARTESIAN_POINT( '', ( -0.0142500000000000, -0.0210000000000000, -0.0166000000000000 ) );
#7467 = CARTESIAN_POINT( '', ( -0.0142500000000100, -0.0210000000000100, -0.0166000000000100 ) );
#7468 = VECTOR( '', #8707, 1.00000000000000 );
#7469 = CARTESIAN_POINT( '', ( -0.0142500000000000, -0.0332500000000000, -0.0166000000000000 ) );
#7470 = CARTESIAN_POINT( '', ( -0.0142500000000100, -0.0210000000000100, -0.0166000000000100 ) );
#7471 = VECTOR( '', #8708, 1.00000000000000 );
#7472 = CARTESIAN_POINT( '', ( -0.0142500000000000, -0.0332500000000000, 0.0166000000000000 ) );
#7473 = CARTESIAN_POINT( '', ( -0.0142500000000100, -0.0332500000000100, -0.0166000000000100 ) );
#7474 = VECTOR( '', #8709, 1.00000000000000 );
#7475 = CARTESIAN_POINT( '', ( -0.0142500000000100, -0.0332500000000100, 0.0166000000000100 ) );
#7476 = VECTOR( '', #8710, 1.00000000000000 );
#7477 = CARTESIAN_POINT( '', ( -0.0142500000000100, -0.00535000000002000, 0.00600000000001000 ) );
#7478 = AXIS2_PLACEMENT_3D( '', #8711, #8712, #8713 );
#7479 = CARTESIAN_POINT( '', ( -0.0142500000000100, -0.0293500000000200, -0.00600000000001000 ) );
#7480 = AXIS2_PLACEMENT_3D( '', #8714, #8715, #8716 );
#7481 = CARTESIAN_POINT( '', ( -0.0142500000000100, -0.0293500000000200, 0.00600000000001000 ) );
#7482 = AXIS2_PLACEMENT_3D( '', #8717, #8718, #8719 );
#7483 = CARTESIAN_POINT( '', ( -0.0142500000000100, -0.00535000000002000, -0.00600000000001000 ) );
#7484 = AXIS2_PLACEMENT_3D( '', #8720, #8721, #8722 );
#7485 = COLOUR_RGB( '', 0.850980401000000, 0.756862759600000, 0.870588243000000 );
#7486 = CARTESIAN_POINT( '', ( -0.00997500000000000, -0.0320000000000100, 0.00150000000001000 ) );
#7487 = AXIS2_PLACEMENT_3D( '', #8723, #8724, #8725 );
#7488 = COLOUR_RGB( '', 0.850980401000000, 0.756862759600000, 0.870588243000000 );
#7489 = CARTESIAN_POINT( '', ( 0.00997500000000000, -0.0320000000000100, -0.00150000000001000 ) );
#7490 = AXIS2_PLACEMENT_3D( '', #8726, #8727, #8728 );
#7491 = COLOUR_RGB( '', 0.850980401000000, 0.756862759600000, 0.870588243000000 );
#7492 = CARTESIAN_POINT( '', ( -0.00565000000000000, -0.00800000000000000, -0.0160000000000000 ) );
#7493 = CARTESIAN_POINT( '', ( -0.00412310562562800, -0.00800000000001000, -0.0160000000000100 ) );
#7494 = VECTOR( '', #8729, 1.00000000000000 );
#7495 = CARTESIAN_POINT( '', ( -0.00565000000000000, -0.00700553352714800, -0.0160000000000000 ) );
#7496 = CARTESIAN_POINT( '', ( -0.00565000000001000, -0.00700553352715800, -0.0160000000000100 ) );
#7497 = VECTOR( '', #8730, 1.00000000000000 );
#7498 = AXIS2_PLACEMENT_3D( '', #8731, #8732, #8733 );
#7499 = COLOUR_RGB( '', 0.850980401000000, 0.756862759600000, 0.870588243000000 );
#7500 = CARTESIAN_POINT( '', ( 0.00860000000000000, 0.00800000000001000, 0.0170000000000100 ) );
#7501 = AXIS2_PLACEMENT_3D( '', #8734, #8735, #8736 );
#7502 = CARTESIAN_POINT( '', ( 0.00860000000000000, 0.00800000000001000, 0.0142000000000100 ) );
#7503 = AXIS2_PLACEMENT_3D( '', #8737, #8738, #8739 );
#7504 = COLOUR_RGB( '', 0.850980401000000, 0.756862759600000, 0.870588243000000 );
#7505 = CARTESIAN_POINT( '', ( 0.00997500000000000, -0.00800000000001000, 0.0140000000000100 ) );
#7506 = AXIS2_PLACEMENT_3D( '', #8740, #8741, #8742 );
#7507 = COLOUR_RGB( '', 0.850980401000000, 0.756862759600000, 0.870588243000000 );
#7508 = COLOUR_RGB( '', 0.850980401000000, 0.756862759600000, 0.870588243000000 );
#7509 = CARTESIAN_POINT( '', ( -0.0120843145750500, 0.0108500000000000, 0.0170000000000000 ) );
#7510 = CARTESIAN_POINT( '', ( -0.0122500000000000, 0.0112500000000000, 0.0166000000000000 ) );
#7511 = CARTESIAN_POINT( '', ( -0.0120843145750600, 0.0108500000000100, 0.0170000000000100 ) );
#7512 = VECTOR( '', #8743, 1.00000000000000 );
#7513 = CARTESIAN_POINT( '', ( 0.0120843145750500, 0.0108500000000000, 0.0170000000000000 ) );
#7514 = CARTESIAN_POINT( '', ( -0.0120843145750600, 0.0108500000000100, 0.0170000000000100 ) );
#7515 = VECTOR( '', #8744, 1.00000000000000 );
#7516 = CARTESIAN_POINT( '', ( 0.0122500000000000, 0.0112500000000000, 0.0166000000000000 ) );
#7517 = CARTESIAN_POINT( '', ( 0.0120843145750600, 0.0108500000000100, 0.0170000000000100 ) );
#7518 = VECTOR( '', #8745, 1.00000000000000 );
#7519 = CARTESIAN_POINT( '', ( -0.0122500000000100, 0.0112500000000100, 0.0166000000000100 ) );
#7520 = VECTOR( '', #8746, 1.00000000000000 );
#7521 = COLOUR_RGB( '', 0.850980401000000, 0.756862759600000, 0.870588243000000 );
#7522 = CARTESIAN_POINT( '', ( -0.00622253967446124, 0.00509116882454276, 0.0170000000000100 ) );
#7523 = AXIS2_PLACEMENT_3D( '', #8747, #8748, #8749 );
#7524 = CARTESIAN_POINT( '', ( -0.00622253967446124, 0.00509116882454276, 0.0187000000000100 ) );
#7525 = AXIS2_PLACEMENT_3D( '', #8750, #8751, #8752 );
#7526 = COLOUR_RGB( '', 0.850980401000000, 0.756862759600000, 0.870588243000000 );
#7527 = CARTESIAN_POINT( '', ( 0.00000000000000, 0.00975000000001000, 0.0170000000000100 ) );
#7528 = AXIS2_PLACEMENT_3D( '', #8753, #8754, #8755 );
#7529 = CARTESIAN_POINT( '', ( 0.00000000000000, 0.00975000000000900, 0.0188000000000100 ) );
#7530 = AXIS2_PLACEMENT_3D( '', #8756, #8757, #8758 );
#7531 = COLOUR_RGB( '', 0.850980401000000, 0.756862759600000, 0.870588243000000 );
#7532 = CARTESIAN_POINT( '', ( -0.0120843145750500, -0.0348500000000000, 0.0170000000000000 ) );
#7533 = CARTESIAN_POINT( '', ( 0.0120843145750600, -0.0348500000000100, 0.0170000000000100 ) );
#7534 = VECTOR( '', #8759, 1.00000000000000 );
#7535 = CARTESIAN_POINT( '', ( -0.0122500000000000, -0.0352500000000000, 0.0166000000000000 ) );
#7536 = CARTESIAN_POINT( '', ( -0.0120843145750600, -0.0348500000000100, 0.0170000000000100 ) );
#7537 = VECTOR( '', #8760, 1.00000000000000 );
#7538 = CARTESIAN_POINT( '', ( 0.0122500000000100, -0.0352500000000100, 0.0166000000000100 ) );
#7539 = VECTOR( '', #8761, 1.00000000000000 );
#7540 = COLOUR_RGB( '', 0.850980401000000, 0.756862759600000, 0.870588243000000 );
#7541 = CARTESIAN_POINT( '', ( 0.00350000000000000, 0.00945000000000000, -0.0135000000000000 ) );
#7542 = CARTESIAN_POINT( '', ( 0.00350000000001000, 0.00945000000001000, -0.0135000000000100 ) );
#7543 = VECTOR( '', #8762, 1.00000000000000 );
#7544 = CARTESIAN_POINT( '', ( 0.00350000000000000, 0.0112500000000000, -0.0135000000000000 ) );
#7545 = CARTESIAN_POINT( '', ( 0.00350000000001000, 0.00945000000001000, -0.0135000000000100 ) );
#7546 = VECTOR( '', #8763, 1.00000000000000 );
#7547 = CARTESIAN_POINT( '', ( 0.00350000000000000, 0.0112500000000000, -0.0166000000000000 ) );
#7548 = CARTESIAN_POINT( '', ( 0.00350000000001000, 0.0112500000000100, -0.0135000000000100 ) );
#7549 = VECTOR( '', #8764, 1.00000000000000 );
#7550 = CARTESIAN_POINT( '', ( 0.00350000000001000, 0.0108500000000100, -0.0170000000000100 ) );
#7551 = VECTOR( '', #8765, 1.00000000000000 );
#7552 = COLOUR_RGB( '', 0.850980401000000, 0.756862759600000, 0.870588243000000 );
#7553 = CARTESIAN_POINT( '', ( 0.0120000000000000, -0.0314226497308100, 0.0167000000000000 ) );
#7554 = CARTESIAN_POINT( '', ( 0.0120000000000000, -0.0314226497308100, 0.0154500000000000 ) );
#7555 = CARTESIAN_POINT( '', ( 0.0120000000000100, -0.0314226497308200, 0.0167000000000100 ) );
#7556 = VECTOR( '', #8766, 1.00000000000000 );
#7557 = CARTESIAN_POINT( '', ( 0.0120000000000000, -0.0325773502691900, 0.0154500000000000 ) );
#7558 = CARTESIAN_POINT( '', ( 0.0120000000000100, -0.0325773502692000, 0.0154500000000100 ) );
#7559 = VECTOR( '', #8767, 1.00000000000000 );
#7560 = CARTESIAN_POINT( '', ( 0.0120000000000000, -0.0325773502691900, 0.0167000000000000 ) );
#7561 = CARTESIAN_POINT( '', ( 0.0120000000000100, -0.0325773502692000, 0.0167000000000100 ) );
#7562 = VECTOR( '', #8768, 1.00000000000000 );
#7563 = CARTESIAN_POINT( '', ( 0.0120000000000100, -0.0325773502692000, 0.0167000000000100 ) );
#7564 = VECTOR( '', #8769, 1.00000000000000 );
#7565 = COLOUR_RGB( '', 0.850980401000000, 0.756862759600000, 0.870588243000000 );
#7566 = COLOUR_RGB( '', 0.850980401000000, 0.756862759600000, 0.870588243000000 );
#7567 = CARTESIAN_POINT( '', ( 0.0110000000000100, 0.00915470053838900, 0.0154500000000100 ) );
#7568 = VECTOR( '', #8770, 1.00000000000000 );
#7569 = CARTESIAN_POINT( '', ( 0.0110000000000100, 0.00915470053838900, 0.0167000000000100 ) );
#7570 = VECTOR( '', #8771, 1.00000000000000 );
#7571 = COLOUR_RGB( '', 0.850980401000000, 0.756862759600000, 0.870588243000000 );
#7572 = COLOUR_RGB( '', 0.850980401000000, 0.756862759600000, 0.870588243000000 );
#7573 = CARTESIAN_POINT( '', ( -0.00997500000000000, 0.00800000000001000, 0.00150000000001000 ) );
#7574 = AXIS2_PLACEMENT_3D( '', #8772, #8773, #8774 );
#7575 = COLOUR_RGB( '', 0.850980401000000, 0.756862759600000, 0.870588243000000 );
#7576 = CARTESIAN_POINT( '', ( -0.0120250000000200, -0.0320000000000100, 0.00220000000001000 ) );
#7577 = AXIS2_PLACEMENT_3D( '', #8775, #8776, #8777 );
#7578 = COLOUR_RGB( '', 0.850980401000000, 0.756862759600000, 0.870588243000000 );
#7579 = CARTESIAN_POINT( '', ( -0.0134000000000200, 0.00800000000001000, 0.0170000000000100 ) );
#7580 = AXIS2_PLACEMENT_3D( '', #8778, #8779, #8780 );
#7581 = COLOUR_RGB( '', 0.850980401000000, 0.756862759600000, 0.870588243000000 );
#7582 = CARTESIAN_POINT( '', ( -0.00350000000000000, 0.00945000000000000, -0.0135000000000000 ) );
#7583 = CARTESIAN_POINT( '', ( -0.00350000000001000, 0.00945000000001000, -0.0135000000000100 ) );
#7584 = VECTOR( '', #8781, 1.00000000000000 );
#7585 = CARTESIAN_POINT( '', ( -0.00350000000000000, 0.0112500000000000, -0.0135000000000000 ) );
#7586 = CARTESIAN_POINT( '', ( -0.00350000000001000, 0.0112500000000100, -0.0135000000000100 ) );
#7587 = VECTOR( '', #8782, 1.00000000000000 );
#7588 = CARTESIAN_POINT( '', ( 0.00350000000001000, 0.0112500000000100, -0.0135000000000100 ) );
#7589 = VECTOR( '', #8783, 1.00000000000000 );
#7590 = COLOUR_RGB( '', 0.850980401000000, 0.756862759600000, 0.870588243000000 );
#7591 = CARTESIAN_POINT( '', ( 0.0120000000000000, 0.00857735026919000, -0.0154500000000000 ) );
#7592 = CARTESIAN_POINT( '', ( 0.0120000000000000, 0.00742264973081000, -0.0154500000000000 ) );
#7593 = CARTESIAN_POINT( '', ( 0.0120000000000100, 0.00857735026920000, -0.0154500000000100 ) );
#7594 = VECTOR( '', #8784, 1.00000000000000 );
#7595 = CARTESIAN_POINT( '', ( 0.0110000000000000, 0.00684529946162100, -0.0154500000000000 ) );
#7596 = CARTESIAN_POINT( '', ( 0.0120000000000100, 0.00742264973082000, -0.0154500000000100 ) );
#7597 = VECTOR( '', #8785, 1.00000000000000 );
#7598 = CARTESIAN_POINT( '', ( 0.0100000000000000, 0.00742264973081000, -0.0154500000000000 ) );
#7599 = CARTESIAN_POINT( '', ( 0.0110000000000100, 0.00684529946163100, -0.0154500000000100 ) );
#7600 = VECTOR( '', #8786, 1.00000000000000 );
#7601 = CARTESIAN_POINT( '', ( 0.0100000000000000, 0.00857735026919000, -0.0154500000000000 ) );
#7602 = CARTESIAN_POINT( '', ( 0.0100000000000100, 0.00742264973082000, -0.0154500000000100 ) );
#7603 = VECTOR( '', #8787, 1.00000000000000 );
#7604 = CARTESIAN_POINT( '', ( 0.0110000000000000, 0.00915470053837900, -0.0154500000000000 ) );
#7605 = CARTESIAN_POINT( '', ( 0.0100000000000100, 0.00857735026920000, -0.0154500000000100 ) );
#7606 = VECTOR( '', #8788, 1.00000000000000 );
#7607 = CARTESIAN_POINT( '', ( 0.0110000000000100, 0.00915470053838900, -0.0154500000000100 ) );
#7608 = VECTOR( '', #8789, 1.00000000000000 );
#7609 = COLOUR_RGB( '', 0.850980401000000, 0.756862759600000, 0.870588243000000 );
#7610 = CARTESIAN_POINT( '', ( -0.0100000000000000, -0.0314226497308100, -0.0154500000000000 ) );
#7611 = CARTESIAN_POINT( '', ( -0.0100000000000000, -0.0325773502691900, -0.0154500000000000 ) );
#7612 = CARTESIAN_POINT( '', ( -0.0100000000000100, -0.0314226497308200, -0.0154500000000100 ) );
#7613 = VECTOR( '', #8790, 1.00000000000000 );
#7614 = CARTESIAN_POINT( '', ( -0.0100000000000100, -0.0325773502692000, -0.0154500000000100 ) );
#7615 = VECTOR( '', #8791, 1.00000000000000 );
#7616 = CARTESIAN_POINT( '', ( -0.0120000000000000, -0.0314226497308100, -0.0154500000000000 ) );
#7617 = CARTESIAN_POINT( '', ( -0.0120000000000100, -0.0325773502692000, -0.0154500000000100 ) );
#7618 = VECTOR( '', #8792, 1.00000000000000 );
#7619 = CARTESIAN_POINT( '', ( -0.0110000000000000, -0.0308452994616200, -0.0154500000000000 ) );
#7620 = CARTESIAN_POINT( '', ( -0.0120000000000100, -0.0314226497308200, -0.0154500000000100 ) );
#7621 = VECTOR( '', #8793, 1.00000000000000 );
#7622 = CARTESIAN_POINT( '', ( -0.0110000000000100, -0.0308452994616300, -0.0154500000000100 ) );
#7623 = VECTOR( '', #8794, 1.00000000000000 );
#7624 = COLOUR_RGB( '', 0.850980401000000, 0.756862759600000, 0.870588243000000 );
#7625 = CARTESIAN_POINT( '', ( 0.0120000000000000, -0.0325773502691900, -0.0167000000000000 ) );
#7626 = CARTESIAN_POINT( '', ( 0.0120000000000000, -0.0325773502691900, -0.0154500000000000 ) );
#7627 = CARTESIAN_POINT( '', ( 0.0120000000000100, -0.0325773502692000, -0.0167000000000100 ) );
#7628 = VECTOR( '', #8795, 1.00000000000000 );
#7629 = CARTESIAN_POINT( '', ( 0.0120000000000000, -0.0314226497308100, -0.0154500000000000 ) );
#7630 = CARTESIAN_POINT( '', ( 0.0120000000000100, -0.0314226497308200, -0.0154500000000100 ) );
#7631 = VECTOR( '', #8796, 1.00000000000000 );
#7632 = CARTESIAN_POINT( '', ( 0.0120000000000000, -0.0314226497308100, -0.0167000000000000 ) );
#7633 = CARTESIAN_POINT( '', ( 0.0120000000000100, -0.0314226497308200, -0.0167000000000100 ) );
#7634 = VECTOR( '', #8797, 1.00000000000000 );
#7635 = CARTESIAN_POINT( '', ( 0.0120000000000100, -0.0314226497308200, -0.0167000000000100 ) );
#7636 = VECTOR( '', #8798, 1.00000000000000 );
#7637 = COLOUR_RGB( '', 0.850980401000000, 0.756862759600000, 0.870588243000000 );
#7638 = CARTESIAN_POINT( '', ( 0.0110000000000000, 0.00915470053837900, -0.0167000000000000 ) );
#7639 = CARTESIAN_POINT( '', ( 0.0110000000000100, 0.00915470053838900, -0.0167000000000100 ) );
#7640 = VECTOR( '', #8799, 1.00000000000000 );
#7641 = CARTESIAN_POINT( '', ( 0.0100000000000000, 0.00857735026919000, -0.0167000000000000 ) );
#7642 = CARTESIAN_POINT( '', ( 0.0100000000000100, 0.00857735026920000, -0.0167000000000100 ) );
#7643 = VECTOR( '', #8800, 1.00000000000000 );
#7644 = CARTESIAN_POINT( '', ( 0.0100000000000100, 0.00857735026920000, -0.0167000000000100 ) );
#7645 = VECTOR( '', #8801, 1.00000000000000 );
#7646 = COLOUR_RGB( '', 0.850980401000000, 0.756862759600000, 0.870588243000000 );
#7647 = CARTESIAN_POINT( '', ( 0.0139250000000100, -0.00502500000002000, 0.00600000000001000 ) );
#7648 = AXIS2_PLACEMENT_3D( '', #8802, #8803, #8804 );
#7649 = CARTESIAN_POINT( '', ( 0.0142500000000100, -0.00265000000000000, 0.00600000000001000 ) );
#7650 = AXIS2_PLACEMENT_3D( '', #8805, #8806, #8807 );
#7651 = COLOUR_RGB( '', 0.850980401000000, 0.756862759600000, 0.870588243000000 );
#7652 = CARTESIAN_POINT( '', ( 0.0122500000000000, 0.0112500000000000, -0.0166000000000000 ) );
#7653 = CARTESIAN_POINT( '', ( 0.0120843145750600, 0.0108500000000100, -0.0170000000000100 ) );
#7654 = VECTOR( '', #8808, 1.00000000000000 );
#7655 = CARTESIAN_POINT( '', ( 0.0122500000000100, 0.0112500000000100, -0.0166000000000100 ) );
#7656 = VECTOR( '', #8809, 1.00000000000000 );
#7657 = COLOUR_RGB( '', 0.850980401000000, 0.756862759600000, 0.870588243000000 );
#7658 = CARTESIAN_POINT( '', ( -0.0100000000000000, -0.0314226497308100, -0.0167000000000000 ) );
#7659 = CARTESIAN_POINT( '', ( -0.0100000000000100, -0.0314226497308200, -0.0167000000000100 ) );
#7660 = VECTOR( '', #8810, 1.00000000000000 );
#7661 = CARTESIAN_POINT( '', ( -0.0110000000000000, -0.0308452994616200, -0.0167000000000000 ) );
#7662 = CARTESIAN_POINT( '', ( -0.0110000000000100, -0.0308452994616300, -0.0167000000000100 ) );
#7663 = VECTOR( '', #8811, 1.00000000000000 );
#7664 = CARTESIAN_POINT( '', ( -0.0110000000000100, -0.0308452994616300, -0.0167000000000100 ) );
#7665 = VECTOR( '', #8812, 1.00000000000000 );
#7666 = COLOUR_RGB( '', 0.850980401000000, 0.756862759600000, 0.870588243000000 );
#7667 = CARTESIAN_POINT( '', ( -0.00509116882454276, -0.00622253967446124, 0.0170000000000100 ) );
#7668 = AXIS2_PLACEMENT_3D( '', #8813, #8814, #8815 );
#7669 = COLOUR_RGB( '', 0.850980401000000, 0.756862759600000, 0.870588243000000 );
#7670 = CARTESIAN_POINT( '', ( -0.00902500000002000, 0.00825000000001000, 0.00600000000001000 ) );
#7671 = AXIS2_PLACEMENT_3D( '', #8816, #8817, #8818 );
#7672 = COLOUR_RGB( '', 0.850980401000000, 0.756862759600000, 0.870588243000000 );
#7673 = CARTESIAN_POINT( '', ( -0.0120250000000200, -0.00800000000001000, 0.0140000000000100 ) );
#7674 = AXIS2_PLACEMENT_3D( '', #8819, #8820, #8821 );
#7675 = CARTESIAN_POINT( '', ( -0.0120250000000200, -0.00800000000001000, 0.0166750000000100 ) );
#7676 = AXIS2_PLACEMENT_3D( '', #8822, #8823, #8824 );
#7677 = COLOUR_RGB( '', 0.850980401000000, 0.756862759600000, 0.870588243000000 );
#7678 = CARTESIAN_POINT( '', ( 0.00610000000000000, -0.0155000000000000, -0.0138000000000000 ) );
#7679 = CARTESIAN_POINT( '', ( 0.00900000000000000, -0.0184000000000000, -0.0138000000000000 ) );
#7680 = CARTESIAN_POINT( '', ( 0.00610000000001000, -0.0155000000000100, -0.0138000000000100 ) );
#7681 = VECTOR( '', #8825, 1.00000000000000 );
#7682 = CARTESIAN_POINT( '', ( -0.00610000000000000, -0.0155000000000000, -0.0138000000000000 ) );
#7683 = CARTESIAN_POINT( '', ( 0.00610000000001000, -0.0155000000000100, -0.0138000000000100 ) );
#7684 = VECTOR( '', #8826, 1.00000000000000 );
#7685 = CARTESIAN_POINT( '', ( -0.00900000000000000, -0.0184000000000000, -0.0138000000000000 ) );
#7686 = CARTESIAN_POINT( '', ( -0.00900000000001000, -0.0184000000000100, -0.0138000000000100 ) );
#7687 = VECTOR( '', #8827, 1.00000000000000 );
#7688 = CARTESIAN_POINT( '', ( -0.00900000000000000, -0.00800000000000000, -0.0138000000000000 ) );
#7689 = CARTESIAN_POINT( '', ( -0.00900000000001000, -0.00800000000001000, -0.0138000000000100 ) );
#7690 = VECTOR( '', #8828, 1.00000000000000 );
#7691 = CARTESIAN_POINT( '', ( 0.00900000000000000, -0.00800000000000000, -0.0138000000000000 ) );
#7692 = CARTESIAN_POINT( '', ( 0.00900000000001000, -0.00800000000001000, -0.0138000000000100 ) );
#7693 = VECTOR( '', #8829, 1.00000000000000 );
#7694 = CARTESIAN_POINT( '', ( 0.00900000000001000, -0.0184000000000100, -0.0138000000000100 ) );
#7695 = VECTOR( '', #8830, 1.00000000000000 );
#7696 = COLOUR_RGB( '', 0.850980401000000, 0.756862759600000, 0.870588243000000 );
#7697 = CARTESIAN_POINT( '', ( 0.0142500000000100, -0.0266500000000000, 0.00600000000001000 ) );
#7698 = AXIS2_PLACEMENT_3D( '', #8831, #8832, #8833 );
#7699 = COLOUR_RGB( '', 0.850980401000000, 0.756862759600000, 0.870588243000000 );
#7700 = CARTESIAN_POINT( '', ( 0.0110000000000000, 0.00684529946162100, -0.0167000000000000 ) );
#7701 = CARTESIAN_POINT( '', ( 0.0110000000000100, 0.00684529946163100, -0.0167000000000100 ) );
#7702 = VECTOR( '', #8834, 1.00000000000000 );
#7703 = CARTESIAN_POINT( '', ( 0.0120000000000000, 0.00742264973081000, -0.0167000000000000 ) );
#7704 = CARTESIAN_POINT( '', ( 0.0120000000000100, 0.00742264973082000, -0.0167000000000100 ) );
#7705 = VECTOR( '', #8835, 1.00000000000000 );
#7706 = CARTESIAN_POINT( '', ( 0.0120000000000100, 0.00742264973082000, -0.0167000000000100 ) );
#7707 = VECTOR( '', #8836, 1.00000000000000 );
#7708 = COLOUR_RGB( '', 0.850980401000000, 0.756862759600000, 0.870588243000000 );
#7709 = CARTESIAN_POINT( '', ( 0.0120000000000000, 0.00742264973081000, 0.0167000000000000 ) );
#7710 = CARTESIAN_POINT( '', ( 0.0120000000000000, 0.00742264973081000, 0.0154500000000000 ) );
#7711 = CARTESIAN_POINT( '', ( 0.0120000000000100, 0.00742264973082000, 0.0167000000000100 ) );
#7712 = VECTOR( '', #8837, 1.00000000000000 );
#7713 = CARTESIAN_POINT( '', ( 0.0110000000000000, 0.00684529946162100, 0.0154500000000000 ) );
#7714 = CARTESIAN_POINT( '', ( 0.0110000000000100, 0.00684529946163100, 0.0154500000000100 ) );
#7715 = VECTOR( '', #8838, 1.00000000000000 );
#7716 = CARTESIAN_POINT( '', ( 0.0110000000000000, 0.00684529946162100, 0.0167000000000000 ) );
#7717 = CARTESIAN_POINT( '', ( 0.0110000000000100, 0.00684529946163100, 0.0167000000000100 ) );
#7718 = VECTOR( '', #8839, 1.00000000000000 );
#7719 = CARTESIAN_POINT( '', ( 0.0110000000000100, 0.00684529946163100, 0.0167000000000100 ) );
#7720 = VECTOR( '', #8840, 1.00000000000000 );
#7721 = COLOUR_RGB( '', 0.850980401000000, 0.756862759600000, 0.870588243000000 );
#7722 = CARTESIAN_POINT( '', ( 0.0112500000000100, -0.00502500000002000, 0.00600000000001000 ) );
#7723 = AXIS2_PLACEMENT_3D( '', #8841, #8842, #8843 );
#7724 = COLOUR_RGB( '', 0.850980401000000, 0.756862759600000, 0.870588243000000 );
#7725 = CARTESIAN_POINT( '', ( -0.00225000000000800, 0.00000000000000, 0.0232500000000100 ) );
#7726 = AXIS2_PLACEMENT_3D( '', #8844, #8845, #8846 );
#7727 = COLOUR_RGB( '', 0.850980401000000, 0.756862759600000, 0.870588243000000 );
#7728 = CARTESIAN_POINT( '', ( 0.0100000000000000, -0.0314226497308100, 0.0154500000000000 ) );
#7729 = CARTESIAN_POINT( '', ( 0.0100000000000000, -0.0325773502691900, 0.0154500000000000 ) );
#7730 = CARTESIAN_POINT( '', ( 0.0100000000000100, -0.0314226497308200, 0.0154500000000100 ) );
#7731 = VECTOR( '', #8847, 1.00000000000000 );
#7732 = CARTESIAN_POINT( '', ( 0.0110000000000000, -0.0331547005383800, 0.0154500000000000 ) );
#7733 = CARTESIAN_POINT( '', ( 0.0100000000000100, -0.0325773502692000, 0.0154500000000100 ) );
#7734 = VECTOR( '', #8848, 1.00000000000000 );
#7735 = CARTESIAN_POINT( '', ( 0.0110000000000100, -0.0331547005383900, 0.0154500000000100 ) );
#7736 = VECTOR( '', #8849, 1.00000000000000 );
#7737 = CARTESIAN_POINT( '', ( 0.0110000000000000, -0.0308452994616200, 0.0154500000000000 ) );
#7738 = CARTESIAN_POINT( '', ( 0.0120000000000100, -0.0314226497308200, 0.0154500000000100 ) );
#7739 = VECTOR( '', #8850, 1.00000000000000 );
#7740 = CARTESIAN_POINT( '', ( 0.0110000000000100, -0.0308452994616300, 0.0154500000000100 ) );
#7741 = VECTOR( '', #8851, 1.00000000000000 );
#7742 = COLOUR_RGB( '', 0.850980401000000, 0.756862759600000, 0.870588243000000 );
#7743 = COLOUR_RGB( '', 0.850980401000000, 0.756862759600000, 0.870588243000000 );
#7744 = CARTESIAN_POINT( '', ( 0.0110000000000100, -0.0307500000000000, -0.0142000000000100 ) );
#7745 = AXIS2_PLACEMENT_3D( '', #8852, #8853, #8854 );
#7746 = CARTESIAN_POINT( '', ( 0.0122500000000200, -0.0320000000000100, -0.00790000000001000 ) );
#7747 = AXIS2_PLACEMENT_3D( '', #8855, #8856, #8857 );
#7748 = COLOUR_RGB( '', 0.850980401000000, 0.756862759600000, 0.870588243000000 );
#7749 = CARTESIAN_POINT( '', ( -0.0130334936490740, -0.0320000000000100, -0.0167000000000100 ) );
#7750 = AXIS2_PLACEMENT_3D( '', #8858, #8859, #8860 );
#7751 = COLOUR_RGB( '', 0.850980401000000, 0.756862759600000, 0.870588243000000 );
#7752 = CARTESIAN_POINT( '', ( -0.0123000000000200, -0.0320000000000100, -0.0142000000000100 ) );
#7753 = AXIS2_PLACEMENT_3D( '', #8861, #8862, #8863 );
#7754 = COLOUR_RGB( '', 0.850980401000000, 0.756862759600000, 0.870588243000000 );
#7755 = CARTESIAN_POINT( '', ( -0.0122500000000000, 0.0112500000000000, -0.0166000000000000 ) );
#7756 = CARTESIAN_POINT( '', ( -0.0120843145750600, 0.0108500000000100, -0.0170000000000100 ) );
#7757 = VECTOR( '', #8864, 1.00000000000000 );
#7758 = CARTESIAN_POINT( '', ( -0.00350000000000000, 0.0112500000000000, -0.0166000000000000 ) );
#7759 = CARTESIAN_POINT( '', ( -0.00350000000001000, 0.0112500000000100, -0.0166000000000100 ) );
#7760 = VECTOR( '', #8865, 1.00000000000000 );
#7761 = CARTESIAN_POINT( '', ( -0.00350000000001000, 0.0112500000000100, -0.0166000000000100 ) );
#7762 = VECTOR( '', #8866, 1.00000000000000 );
#7763 = COLOUR_RGB( '', 0.850980401000000, 0.756862759600000, 0.870588243000000 );
#7764 = CARTESIAN_POINT( '', ( 0.00970000000000000, -0.0320000000000100, -0.0142000000000100 ) );
#7765 = AXIS2_PLACEMENT_3D( '', #8867, #8868, #8869 );
#7766 = COLOUR_RGB( '', 0.850980401000000, 0.756862759600000, 0.870588243000000 );
#7767 = CARTESIAN_POINT( '', ( -0.0110000000000100, 0.00925000000002000, -0.0142000000000100 ) );
#7768 = AXIS2_PLACEMENT_3D( '', #8870, #8871, #8872 );
#7769 = COLOUR_RGB( '', 0.850980401000000, 0.756862759600000, 0.870588243000000 );
#7770 = CARTESIAN_POINT( '', ( 0.0142500000000100, -0.0266500000000000, -0.00600000000001000 ) );
#7771 = AXIS2_PLACEMENT_3D( '', #8873, #8874, #8875 );
#7772 = COLOUR_RGB( '', 0.850980401000000, 0.756862759600000, 0.870588243000000 );
#7773 = CARTESIAN_POINT( '', ( 0.00965000000000000, -0.0320000000000100, -0.00800000000001000 ) );
#7774 = AXIS2_PLACEMENT_3D( '', #8876, #8877, #8878 );
#7775 = CARTESIAN_POINT( '', ( 0.0123000000000200, -0.0320000000000100, -0.00800000000001000 ) );
#7776 = AXIS2_PLACEMENT_3D( '', #8879, #8880, #8881 );
#7777 = COLOUR_RGB( '', 0.850980401000000, 0.756862759600000, 0.870588243000000 );
#7778 = CARTESIAN_POINT( '', ( -0.00350000000001000, 0.00945000000001000, -0.0135000000000100 ) );
#7779 = VECTOR( '', #8882, 1.00000000000000 );
#7780 = COLOUR_RGB( '', 0.850980401000000, 0.756862759600000, 0.870588243000000 );
#7781 = CARTESIAN_POINT( '', ( -0.0122500000000200, -0.0320000000000100, 0.00990000000001000 ) );
#7782 = AXIS2_PLACEMENT_3D( '', #8883, #8884, #8885 );
#7783 = COLOUR_RGB( '', 0.850980401000000, 0.756862759600000, 0.870588243000000 );
#7784 = CARTESIAN_POINT( '', ( 0.00997500000000000, -0.00800000000001000, 0.0166750000000100 ) );
#7785 = AXIS2_PLACEMENT_3D( '', #8886, #8887, #8888 );
#7786 = CARTESIAN_POINT( '', ( 0.0123500000000200, -0.00800000000001000, 0.0170000000000100 ) );
#7787 = AXIS2_PLACEMENT_3D( '', #8889, #8890, #8891 );
#7788 = COLOUR_RGB( '', 0.850980401000000, 0.756862759600000, 0.870588243000000 );
#7789 = CARTESIAN_POINT( '', ( 0.0100000000000000, 0.00742264973081000, -0.0167000000000000 ) );
#7790 = CARTESIAN_POINT( '', ( 0.0100000000000100, 0.00742264973082000, -0.0167000000000100 ) );
#7791 = VECTOR( '', #8892, 1.00000000000000 );
#7792 = CARTESIAN_POINT( '', ( 0.0110000000000100, 0.00684529946163100, -0.0167000000000100 ) );
#7793 = VECTOR( '', #8893, 1.00000000000000 );
#7794 = COLOUR_RGB( '', 0.850980401000000, 0.756862759600000, 0.870588243000000 );
#7795 = COLOUR_RGB( '', 0.850980401000000, 0.756862759600000, 0.870588243000000 );
#7796 = CARTESIAN_POINT( '', ( 0.00697500000000000, -0.0322500000000100, 0.00600000000001000 ) );
#7797 = AXIS2_PLACEMENT_3D( '', #8894, #8895, #8896 );
#7798 = COLOUR_RGB( '', 0.850980401000000, 0.756862759600000, 0.870588243000000 );
#7799 = CARTESIAN_POINT( '', ( 0.00997500000000000, 0.00800000000001000, -0.00150000000001000 ) );
#7800 = AXIS2_PLACEMENT_3D( '', #8897, #8898, #8899 );
#7801 = CARTESIAN_POINT( '', ( 0.0120250000000200, 0.00800000000001000, -0.00220000000001000 ) );
#7802 = AXIS2_PLACEMENT_3D( '', #8900, #8901, #8902 );
#7803 = COLOUR_RGB( '', 0.850980401000000, 0.756862759600000, 0.870588243000000 );
#7804 = CARTESIAN_POINT( '', ( 0.0110000000000100, -0.0342500000000200, 0.0142000000000100 ) );
#7805 = AXIS2_PLACEMENT_3D( '', #8903, #8904, #8905 );
#7806 = COLOUR_RGB( '', 0.850980401000000, 0.756862759600000, 0.870588243000000 );
#7807 = CARTESIAN_POINT( '', ( -0.0122500000000000, -0.0352500000000000, -0.0166000000000000 ) );
#7808 = CARTESIAN_POINT( '', ( -0.0120843145750600, -0.0348500000000100, -0.0170000000000100 ) );
#7809 = VECTOR( '', #8906, 1.00000000000000 );
#7810 = CARTESIAN_POINT( '', ( -0.0122500000000100, -0.0352500000000100, -0.0166000000000100 ) );
#7811 = VECTOR( '', #8907, 1.00000000000000 );
#7812 = COLOUR_RGB( '', 0.850980401000000, 0.756862759600000, 0.870588243000000 );
#7813 = CARTESIAN_POINT( '', ( 0.0100000000000000, -0.0325773502691900, -0.0167000000000000 ) );
#7814 = CARTESIAN_POINT( '', ( 0.0100000000000000, -0.0325773502691900, -0.0154500000000000 ) );
#7815 = CARTESIAN_POINT( '', ( 0.0100000000000100, -0.0325773502692000, -0.0167000000000100 ) );
#7816 = VECTOR( '', #8908, 1.00000000000000 );
#7817 = CARTESIAN_POINT( '', ( 0.0110000000000000, -0.0331547005383800, -0.0154500000000000 ) );
#7818 = CARTESIAN_POINT( '', ( 0.0110000000000100, -0.0331547005383900, -0.0154500000000100 ) );
#7819 = VECTOR( '', #8909, 1.00000000000000 );
#7820 = CARTESIAN_POINT( '', ( 0.0110000000000000, -0.0331547005383800, -0.0167000000000000 ) );
#7821 = CARTESIAN_POINT( '', ( 0.0110000000000100, -0.0331547005383900, -0.0167000000000100 ) );
#7822 = VECTOR( '', #8910, 1.00000000000000 );
#7823 = CARTESIAN_POINT( '', ( 0.0110000000000100, -0.0331547005383900, -0.0167000000000100 ) );
#7824 = VECTOR( '', #8911, 1.00000000000000 );
#7825 = COLOUR_RGB( '', 0.850980401000000, 0.756862759600000, 0.870588243000000 );
#7826 = CARTESIAN_POINT( '', ( 0.00697500000000000, -0.0322500000000100, -0.00600000000001000 ) );
#7827 = AXIS2_PLACEMENT_3D( '', #8912, #8913, #8914 );
#7828 = CARTESIAN_POINT( '', ( 0.00697500000000000, -0.0349250000000100, -0.00600000000001000 ) );
#7829 = AXIS2_PLACEMENT_3D( '', #8915, #8916, #8917 );
#7830 = COLOUR_RGB( '', 0.850980401000000, 0.756862759600000, 0.870588243000000 );
#7831 = COLOUR_RGB( '', 0.850980401000000, 0.756862759600000, 0.870588243000000 );
#7832 = COLOUR_RGB( '', 0.850980401000000, 0.756862759600000, 0.870588243000000 );
#7833 = CARTESIAN_POINT( '', ( 0.0110000000000100, 0.00575000000000000, 0.0142000000000100 ) );
#7834 = AXIS2_PLACEMENT_3D( '', #8918, #8919, #8920 );
#7835 = COLOUR_RGB( '', 0.850980401000000, 0.756862759600000, 0.870588243000000 );
#7836 = CARTESIAN_POINT( '', ( -0.00225000000001000, 0.00000000000000, 0.0209000000000100 ) );
#7837 = AXIS2_PLACEMENT_3D( '', #8921, #8922, #8923 );
#7838 = COLOUR_RGB( '', 0.850980401000000, 0.756862759600000, 0.870588243000000 );
#7839 = CARTESIAN_POINT( '', ( -0.0100000000000100, 0.00857735026920000, -0.0167000000000100 ) );
#7840 = VECTOR( '', #8924, 1.00000000000000 );
#7841 = CARTESIAN_POINT( '', ( -0.0110000000000100, 0.00915470053838900, -0.0167000000000100 ) );
#7842 = VECTOR( '', #8925, 1.00000000000000 );
#7843 = COLOUR_RGB( '', 0.850980401000000, 0.756862759600000, 0.870588243000000 );
#7844 = CARTESIAN_POINT( '', ( 0.00665000000000000, 0.0112500000000100, 0.00600000000001000 ) );
#7845 = AXIS2_PLACEMENT_3D( '', #8926, #8927, #8928 );
#7846 = COLOUR_RGB( '', 0.850980401000000, 0.756862759600000, 0.870588243000000 );
#7847 = CARTESIAN_POINT( '', ( 0.00697500000000000, -0.0349250000000100, 0.00600000000001000 ) );
#7848 = AXIS2_PLACEMENT_3D( '', #8929, #8930, #8931 );
#7849 = COLOUR_RGB( '', 0.850980401000000, 0.756862759600000, 0.870588243000000 );
#7850 = CARTESIAN_POINT( '', ( -0.0120000000000000, 0.00857735026919000, 0.0154500000000000 ) );
#7851 = CARTESIAN_POINT( '', ( -0.0120000000000100, 0.00857735026920000, 0.0167000000000100 ) );
#7852 = VECTOR( '', #8932, 1.00000000000000 );
#7853 = CARTESIAN_POINT( '', ( -0.0110000000000000, 0.00915470053837900, 0.0154500000000000 ) );
#7854 = CARTESIAN_POINT( '', ( -0.0110000000000100, 0.00915470053838900, 0.0154500000000100 ) );
#7855 = VECTOR( '', #8933, 1.00000000000000 );
#7856 = CARTESIAN_POINT( '', ( -0.0110000000000100, 0.00915470053838900, 0.0167000000000100 ) );
#7857 = VECTOR( '', #8934, 1.00000000000000 );
#7858 = COLOUR_RGB( '', 0.850980401000000, 0.756862759600000, 0.870588243000000 );
#7859 = CARTESIAN_POINT( '', ( 0.0100000000000000, -0.0325773502691900, 0.0167000000000000 ) );
#7860 = CARTESIAN_POINT( '', ( 0.0100000000000100, -0.0325773502692000, 0.0167000000000100 ) );
#7861 = VECTOR( '', #8935, 1.00000000000000 );
#7862 = CARTESIAN_POINT( '', ( 0.0100000000000000, -0.0314226497308100, 0.0167000000000000 ) );
#7863 = CARTESIAN_POINT( '', ( 0.0100000000000100, -0.0314226497308200, 0.0167000000000100 ) );
#7864 = VECTOR( '', #8936, 1.00000000000000 );
#7865 = CARTESIAN_POINT( '', ( 0.0100000000000100, -0.0314226497308200, 0.0167000000000100 ) );
#7866 = VECTOR( '', #8937, 1.00000000000000 );
#7867 = COLOUR_RGB( '', 0.850980401000000, 0.756862759600000, 0.870588243000000 );
#7868 = CARTESIAN_POINT( '', ( -0.00970000000000000, -0.0320000000000100, 0.0142000000000100 ) );
#7869 = AXIS2_PLACEMENT_3D( '', #8938, #8939, #8940 );
#7870 = CARTESIAN_POINT( '', ( -0.0110000000000100, -0.0307500000000000, 0.0142000000000100 ) );
#7871 = AXIS2_PLACEMENT_3D( '', #8941, #8942, #8943 );
#7872 = COLOUR_RGB( '', 0.850980401000000, 0.756862759600000, 0.870588243000000 );
#7873 = CARTESIAN_POINT( '', ( -0.00970000000000000, 0.00800000000001000, 0.0142000000000100 ) );
#7874 = AXIS2_PLACEMENT_3D( '', #8944, #8945, #8946 );
#7875 = CARTESIAN_POINT( '', ( -0.0123000000000200, 0.00800000000001000, 0.0100000000000100 ) );
#7876 = AXIS2_PLACEMENT_3D( '', #8947, #8948, #8949 );
#7877 = COLOUR_RGB( '', 0.850980401000000, 0.756862759600000, 0.870588243000000 );
#7878 = CARTESIAN_POINT( '', ( -0.0120250000000200, 0.00800000000001000, 0.00220000000001000 ) );
#7879 = AXIS2_PLACEMENT_3D( '', #8950, #8951, #8952 );
#7880 = COLOUR_RGB( '', 0.850980401000000, 0.756862759600000, 0.870588243000000 );
#7881 = CARTESIAN_POINT( '', ( 0.000800000000010000, -0.00800000000001000, 0.0187000000000100 ) );
#7882 = AXIS2_PLACEMENT_3D( '', #8953, #8954, #8955 );
#7883 = CARTESIAN_POINT( '', ( -0.00110000000001000, -0.00800000000001000, 0.0190000000000100 ) );
#7884 = AXIS2_PLACEMENT_3D( '', #8956, #8957, #8958 );
#7885 = COLOUR_RGB( '', 0.850980401000000, 0.756862759600000, 0.870588243000000 );
#7886 = CARTESIAN_POINT( '', ( -0.0138500000000100, 0.00908431457506000, -0.0170000000000100 ) );
#7887 = VECTOR( '', #8959, 1.00000000000000 );
#7888 = CARTESIAN_POINT( '', ( -0.0122500000000100, 0.0112500000000100, -0.0166000000000100 ) );
#7889 = VECTOR( '', #8960, 1.00000000000000 );
#7890 = COLOUR_RGB( '', 0.850980401000000, 0.756862759600000, 0.870588243000000 );
#7891 = CARTESIAN_POINT( '', ( 0.00940000000000000, -0.0188000000000000, -0.0134000000000000 ) );
#7892 = CARTESIAN_POINT( '', ( 0.00940000000001000, -0.0188000000000100, -0.0134000000000100 ) );
#7893 = VECTOR( '', #8961, 1.00000000000000 );
#7894 = CARTESIAN_POINT( '', ( 0.00940000000000000, -0.00800000000000000, -0.0134000000000000 ) );
#7895 = CARTESIAN_POINT( '', ( 0.00900000000001000, -0.00800000000001000, -0.0138000000000100 ) );
#7896 = VECTOR( '', #8962, 1.00000000000000 );
#7897 = CARTESIAN_POINT( '', ( 0.00940000000001000, -0.0188000000000100, -0.0134000000000100 ) );
#7898 = VECTOR( '', #8963, 1.00000000000000 );
#7899 = COLOUR_RGB( '', 0.850980401000000, 0.756862759600000, 0.870588243000000 );
#7900 = CARTESIAN_POINT( '', ( 0.0123500000000200, -0.0320000000000100, 0.0100000000000100 ) );
#7901 = AXIS2_PLACEMENT_3D( '', #8964, #8965, #8966 );
#7902 = CARTESIAN_POINT( '', ( 0.00970000000000000, -0.0320000000000100, 0.0100000000000100 ) );
#7903 = AXIS2_PLACEMENT_3D( '', #8967, #8968, #8969 );
#7904 = COLOUR_RGB( '', 0.850980401000000, 0.756862759600000, 0.870588243000000 );
#7905 = CARTESIAN_POINT( '', ( 0.00800000000001000, 0.000800000000010000, 0.0187000000000100 ) );
#7906 = AXIS2_PLACEMENT_3D( '', #8970, #8971, #8972 );
#7907 = COLOUR_RGB( '', 0.850980401000000, 0.756862759600000, 0.870588243000000 );
#7908 = CARTESIAN_POINT( '', ( 0.0120000000000000, 0.00857735026919000, -0.0167000000000000 ) );
#7909 = CARTESIAN_POINT( '', ( 0.0120000000000100, 0.00857735026920000, -0.0167000000000100 ) );
#7910 = VECTOR( '', #8973, 1.00000000000000 );
#7911 = CARTESIAN_POINT( '', ( 0.0120000000000100, 0.00857735026920000, -0.0167000000000100 ) );
#7912 = VECTOR( '', #8974, 1.00000000000000 );
#7913 = COLOUR_RGB( '', 0.850980401000000, 0.756862759600000, 0.870588243000000 );
#7914 = CARTESIAN_POINT( '', ( 0.0110000000000000, -0.0308452994616200, 0.0167000000000000 ) );
#7915 = CARTESIAN_POINT( '', ( 0.0110000000000100, -0.0308452994616300, 0.0167000000000100 ) );
#7916 = VECTOR( '', #8975, 1.00000000000000 );
#7917 = CARTESIAN_POINT( '', ( 0.0110000000000100, -0.0308452994616300, 0.0167000000000100 ) );
#7918 = VECTOR( '', #8976, 1.00000000000000 );
#7919 = COLOUR_RGB( '', 0.850980401000000, 0.756862759600000, 0.870588243000000 );
#7920 = COLOUR_RGB( '', 0.850980401000000, 0.756862759600000, 0.870588243000000 );
#7921 = CARTESIAN_POINT( '', ( 0.00622253967446124, -0.00509116882454276, 0.0187000000000100 ) );
#7922 = AXIS2_PLACEMENT_3D( '', #8977, #8978, #8979 );
#7923 = CARTESIAN_POINT( '', ( 0.00487903679018680, -0.00643467170881720, 0.0190000000000100 ) );
#7924 = AXIS2_PLACEMENT_3D( '', #8980, #8981, #8982 );
#7925 = COLOUR_RGB( '', 0.850980401000000, 0.756862759600000, 0.870588243000000 );
#7926 = CARTESIAN_POINT( '', ( -0.0138500000000000, 0.00908431457505000, 0.0170000000000000 ) );
#7927 = CARTESIAN_POINT( '', ( -0.0138500000000100, 0.00908431457506000, 0.0170000000000100 ) );
#7928 = VECTOR( '', #8983, 1.00000000000000 );
#7929 = CARTESIAN_POINT( '', ( -0.0138500000000000, -0.0330843145750500, 0.0170000000000000 ) );
#7930 = CARTESIAN_POINT( '', ( -0.0138500000000100, -0.0330843145750600, 0.0170000000000100 ) );
#7931 = VECTOR( '', #8984, 1.00000000000000 );
#7932 = CARTESIAN_POINT( '', ( -0.0120843145750600, -0.0348500000000100, 0.0170000000000100 ) );
#7933 = VECTOR( '', #8985, 1.00000000000000 );
#7934 = CARTESIAN_POINT( '', ( 0.0138500000000000, 0.00908431457505000, 0.0170000000000000 ) );
#7935 = CARTESIAN_POINT( '', ( 0.0138500000000100, 0.00908431457506000, 0.0170000000000100 ) );
#7936 = VECTOR( '', #8986, 1.00000000000000 );
#7937 = CARTESIAN_POINT( '', ( 0.0120843145750600, 0.0108500000000100, 0.0170000000000100 ) );
#7938 = VECTOR( '', #8987, 1.00000000000000 );
#7939 = CARTESIAN_POINT( '', ( -0.0134000000000200, -0.0320000000000100, 0.0170000000000100 ) );
#7940 = AXIS2_PLACEMENT_3D( '', #8988, #8989, #8990 );
#7941 = CARTESIAN_POINT( '', ( -0.00965000000000000, -0.00800000000001000, 0.0170000000000100 ) );
#7942 = AXIS2_PLACEMENT_3D( '', #8991, #8992, #8993 );
#7943 = COLOUR_RGB( '', 0.850980401000000, 0.756862759600000, 0.870588243000000 );
#7944 = CARTESIAN_POINT( '', ( 0.0142500000000000, 0.00925000000000000, -0.0166000000000000 ) );
#7945 = CARTESIAN_POINT( '', ( 0.0142500000000000, 0.00925000000000000, 0.0166000000000000 ) );
#7946 = CARTESIAN_POINT( '', ( 0.0142500000000100, 0.00925000000001000, -0.0166000000000100 ) );
#7947 = VECTOR( '', #8994, 1.00000000000000 );
#7948 = CARTESIAN_POINT( '', ( 0.0142500000000100, 0.00925000000001000, -0.0166000000000100 ) );
#7949 = VECTOR( '', #8995, 1.00000000000000 );
#7950 = CARTESIAN_POINT( '', ( 0.0122500000000100, 0.0112500000000100, -0.0166000000000100 ) );
#7951 = VECTOR( '', #8996, 1.00000000000000 );
#7952 = CARTESIAN_POINT( '', ( 0.0122500000000100, 0.0112500000000100, 0.0166000000000100 ) );
#7953 = VECTOR( '', #8997, 1.00000000000000 );
#7954 = COLOUR_RGB( '', 0.850980401000000, 0.756862759600000, 0.870588243000000 );
#7955 = CARTESIAN_POINT( '', ( -0.0120250000000200, 0.00800000000001000, -0.00150000000001000 ) );
#7956 = AXIS2_PLACEMENT_3D( '', #8998, #8999, #9000 );
#7957 = COLOUR_RGB( '', 0.850980401000000, 0.756862759600000, 0.870588243000000 );
#7958 = CARTESIAN_POINT( '', ( 0.00565000000000000, -0.00700553352714800, -0.0160000000000000 ) );
#7959 = CARTESIAN_POINT( '', ( 0.00565000000001000, -0.00700553352715800, -0.0160000000000100 ) );
#7960 = VECTOR( '', #9001, 1.00000000000000 );
#7961 = AXIS2_PLACEMENT_3D( '', #9002, #9003, #9004 );
#7962 = CARTESIAN_POINT( '', ( -0.00565000000001000, -0.00700553352715800, -0.0170000000000100 ) );
#7963 = VECTOR( '', #9005, 1.00000000000000 );
#7964 = COLOUR_RGB( '', 0.850980401000000, 0.756862759600000, 0.870588243000000 );
#7965 = CARTESIAN_POINT( '', ( 0.00935000000002000, -0.0352500000000100, -0.00600000000001000 ) );
#7966 = AXIS2_PLACEMENT_3D( '', #9006, #9007, #9008 );
#7967 = COLOUR_RGB( '', 0.850980401000000, 0.756862759600000, 0.870588243000000 );
#7968 = CARTESIAN_POINT( '', ( -0.00697500000000000, 0.0109250000000100, 0.00600000000001000 ) );
#7969 = AXIS2_PLACEMENT_3D( '', #9009, #9010, #9011 );
#7970 = CARTESIAN_POINT( '', ( -0.00935000000002000, 0.0112500000000100, 0.00600000000001000 ) );
#7971 = AXIS2_PLACEMENT_3D( '', #9012, #9013, #9014 );
#7972 = COLOUR_RGB( '', 0.850980401000000, 0.756862759600000, 0.870588243000000 );
#7973 = CARTESIAN_POINT( '', ( -0.00860000000000000, -0.0320000000000100, -0.0142000000000100 ) );
#7974 = AXIS2_PLACEMENT_3D( '', #9015, #9016, #9017 );
#7975 = COLOUR_RGB( '', 0.850980401000000, 0.756862759600000, 0.870588243000000 );
#7976 = CARTESIAN_POINT( '', ( -0.0120000000000100, 0.00857735026920000, -0.0167000000000100 ) );
#7977 = VECTOR( '', #9018, 1.00000000000000 );
#7978 = CARTESIAN_POINT( '', ( -0.0120000000000100, 0.00742264973082000, -0.0167000000000100 ) );
#7979 = VECTOR( '', #9019, 1.00000000000000 );
#7980 = COLOUR_RGB( '', 0.850980401000000, 0.756862759600000, 0.870588243000000 );
#7981 = CARTESIAN_POINT( '', ( -0.00610000000001000, -0.0155000000000100, -0.0138000000000100 ) );
#7982 = VECTOR( '', #9020, 1.00000000000000 );
#7983 = CARTESIAN_POINT( '', ( -0.00940000000000000, -0.0188000000000000, -0.0134000000000000 ) );
#7984 = CARTESIAN_POINT( '', ( -0.00940000000001000, -0.0188000000000100, -0.0170000000000100 ) );
#7985 = VECTOR( '', #9021, 1.00000000000000 );
#7986 = CARTESIAN_POINT( '', ( -0.00900000000001000, -0.0184000000000100, -0.0138000000000100 ) );
#7987 = VECTOR( '', #9022, 1.00000000000000 );
#7988 = COLOUR_RGB( '', 0.850980401000000, 0.756862759600000, 0.870588243000000 );
#7989 = CARTESIAN_POINT( '', ( -0.00940000000000000, -0.0210000000000000, -0.00850000000000000 ) );
#7990 = CARTESIAN_POINT( '', ( -0.00940000000001000, -0.0210000000000100, -0.0170000000000100 ) );
#7991 = VECTOR( '', #9023, 1.00000000000000 );
#7992 = CARTESIAN_POINT( '', ( -0.00940000000000000, -0.00800000000000000, -0.00850000000000000 ) );
#7993 = CARTESIAN_POINT( '', ( -0.00940000000001000, -0.0210000000000100, -0.00850000000001000 ) );
#7994 = VECTOR( '', #9024, 1.00000000000000 );
#7995 = CARTESIAN_POINT( '', ( -0.00940000000000000, -0.00800000000000000, -0.0134000000000000 ) );
#7996 = CARTESIAN_POINT( '', ( -0.00940000000001000, -0.00800000000001000, -0.00850000000001000 ) );
#7997 = VECTOR( '', #9025, 1.00000000000000 );
#7998 = CARTESIAN_POINT( '', ( -0.00940000000001000, -0.00800000000001000, -0.0134000000000100 ) );
#7999 = VECTOR( '', #9026, 1.00000000000000 );
#8000 = COLOUR_RGB( '', 0.850980401000000, 0.756862759600000, 0.870588243000000 );
#8001 = CARTESIAN_POINT( '', ( -0.0100000000000000, -0.0325773502691900, -0.0167000000000000 ) );
#8002 = CARTESIAN_POINT( '', ( -0.0100000000000100, -0.0325773502692000, -0.0167000000000100 ) );
#8003 = VECTOR( '', #9027, 1.00000000000000 );
#8004 = CARTESIAN_POINT( '', ( -0.0100000000000100, -0.0325773502692000, -0.0167000000000100 ) );
#8005 = VECTOR( '', #9028, 1.00000000000000 );
#8006 = COLOUR_RGB( '', 0.850980401000000, 0.756862759600000, 0.870588243000000 );
#8007 = CARTESIAN_POINT( '', ( -0.0100000000000000, 0.00742264973081000, 0.0154500000000000 ) );
#8008 = CARTESIAN_POINT( '', ( -0.0100000000000100, 0.00742264973082000, 0.0167000000000100 ) );
#8009 = VECTOR( '', #9029, 1.00000000000000 );
#8010 = CARTESIAN_POINT( '', ( -0.0110000000000000, 0.00684529946162100, 0.0154500000000000 ) );
#8011 = CARTESIAN_POINT( '', ( -0.0110000000000100, 0.00684529946163100, 0.0154500000000100 ) );
#8012 = VECTOR( '', #9030, 1.00000000000000 );
#8013 = CARTESIAN_POINT( '', ( -0.0110000000000100, 0.00684529946163100, 0.0167000000000100 ) );
#8014 = VECTOR( '', #9031, 1.00000000000000 );
#8015 = COLOUR_RGB( '', 0.850980401000000, 0.756862759600000, 0.870588243000000 );
#8016 = CARTESIAN_POINT( '', ( -0.00896650635094600, -0.0320000000000100, 0.0167000000000100 ) );
#8017 = AXIS2_PLACEMENT_3D( '', #9032, #9033, #9034 );
#8018 = CARTESIAN_POINT( '', ( -0.0100000000000000, -0.0314226497308100, 0.0167000000000000 ) );
#8019 = CARTESIAN_POINT( '', ( -0.0110000000000000, -0.0308452994616200, 0.0167000000000000 ) );
#8020 = CARTESIAN_POINT( '', ( -0.0100000000000100, -0.0314226497308200, 0.0167000000000100 ) );
#8021 = VECTOR( '', #9035, 1.00000000000000 );
#8022 = CARTESIAN_POINT( '', ( -0.0100000000000000, -0.0325773502691900, 0.0167000000000000 ) );
#8023 = CARTESIAN_POINT( '', ( -0.0100000000000100, -0.0325773502692000, 0.0167000000000100 ) );
#8024 = VECTOR( '', #9036, 1.00000000000000 );
#8025 = CARTESIAN_POINT( '', ( -0.0110000000000000, -0.0331547005383800, 0.0167000000000000 ) );
#8026 = CARTESIAN_POINT( '', ( -0.0110000000000100, -0.0331547005383900, 0.0167000000000100 ) );
#8027 = VECTOR( '', #9037, 1.00000000000000 );
#8028 = CARTESIAN_POINT( '', ( -0.0120000000000100, -0.0325773502692000, 0.0167000000000100 ) );
#8029 = VECTOR( '', #9038, 1.00000000000000 );
#8030 = CARTESIAN_POINT( '', ( -0.0110000000000100, -0.0308452994616300, 0.0167000000000100 ) );
#8031 = VECTOR( '', #9039, 1.00000000000000 );
#8032 = COLOUR_RGB( '', 0.850980401000000, 0.756862759600000, 0.870588243000000 );
#8033 = CARTESIAN_POINT( '', ( 0.0134000000000200, -0.0320000000000100, -0.0142000000000100 ) );
#8034 = AXIS2_PLACEMENT_3D( '', #9040, #9041, #9042 );
#8035 = COLOUR_RGB( '', 0.850980401000000, 0.756862759600000, 0.870588243000000 );
#8036 = CARTESIAN_POINT( '', ( -0.0100000000000000, 0.00857735026919000, 0.0154500000000000 ) );
#8037 = CARTESIAN_POINT( '', ( -0.0100000000000100, 0.00857735026920000, 0.0167000000000100 ) );
#8038 = VECTOR( '', #9043, 1.00000000000000 );
#8039 = CARTESIAN_POINT( '', ( -0.0100000000000100, 0.00742264973082000, 0.0154500000000100 ) );
#8040 = VECTOR( '', #9044, 1.00000000000000 );
#8041 = COLOUR_RGB( '', 0.850980401000000, 0.756862759600000, 0.870588243000000 );
#8042 = CARTESIAN_POINT( '', ( 0.0120000000000100, -0.0325773502692000, -0.0154500000000100 ) );
#8043 = VECTOR( '', #9045, 1.00000000000000 );
#8044 = CARTESIAN_POINT( '', ( 0.0120000000000100, -0.0325773502692000, -0.0167000000000100 ) );
#8045 = VECTOR( '', #9046, 1.00000000000000 );
#8046 = COLOUR_RGB( '', 0.850980401000000, 0.756862759600000, 0.870588243000000 );
#8047 = COLOUR_RGB( '', 0.850980401000000, 0.756862759600000, 0.870588243000000 );
#8048 = COLOUR_RGB( '', 0.850980401000000, 0.756862759600000, 0.870588243000000 );
#8049 = CARTESIAN_POINT( '', ( 0.0142500000000100, -0.0332500000000100, -0.0166000000000100 ) );
#8050 = VECTOR( '', #9047, 1.00000000000000 );
#8051 = CARTESIAN_POINT( '', ( 0.0142500000000000, -0.0210000000000000, -0.00850000000000000 ) );
#8052 = CARTESIAN_POINT( '', ( 0.0142500000000100, -0.0210000000000100, -0.00850000000001000 ) );
#8053 = VECTOR( '', #9048, 1.00000000000000 );
#8054 = CARTESIAN_POINT( '', ( 0.0142500000000000, -0.00800000000000000, -0.00850000000000000 ) );
#8055 = CARTESIAN_POINT( '', ( 0.0142500000000100, -0.00800000000001000, -0.00850000000001000 ) );
#8056 = VECTOR( '', #9049, 1.00000000000000 );
#8057 = CARTESIAN_POINT( '', ( 0.0142500000000000, -0.00800000000000000, -0.0166000000000000 ) );
#8058 = CARTESIAN_POINT( '', ( 0.0142500000000100, -0.00800000000001000, -0.0166000000000100 ) );
#8059 = VECTOR( '', #9050, 1.00000000000000 );
#8060 = CARTESIAN_POINT( '', ( 0.0142500000000100, -0.00800000000001000, -0.0166000000000100 ) );
#8061 = VECTOR( '', #9051, 1.00000000000000 );
#8062 = CARTESIAN_POINT( '', ( 0.0142500000000100, 0.00925000000001000, 0.0166000000000100 ) );
#8063 = VECTOR( '', #9052, 1.00000000000000 );
#8064 = CARTESIAN_POINT( '', ( 0.0142500000000100, -0.00265000000000000, -0.00600000000001000 ) );
#8065 = AXIS2_PLACEMENT_3D( '', #9053, #9054, #9055 );
#8066 = COLOUR_RGB( '', 0.850980401000000, 0.756862759600000, 0.870588243000000 );
#8067 = COLOUR_RGB( '', 0.850980401000000, 0.756862759600000, 0.870588243000000 );
#8068 = CARTESIAN_POINT( '', ( 0.00000000000000, 0.00955000000000900, 0.0190000000000100 ) );
#8069 = AXIS2_PLACEMENT_3D( '', #9056, #9057, #9058 );
#8070 = COLOUR_RGB( '', 0.850980401000000, 0.756862759600000, 0.870588243000000 );
#8071 = CARTESIAN_POINT( '', ( 0.00940000000000000, -0.0210000000000000, -0.00850000000000000 ) );
#8072 = CARTESIAN_POINT( '', ( 0.00940000000001000, -0.0210000000000100, -0.00850000000001000 ) );
#8073 = VECTOR( '', #9059, 1.00000000000000 );
#8074 = CARTESIAN_POINT( '', ( 0.00940000000001000, -0.0210000000000100, -0.00850000000001000 ) );
#8075 = VECTOR( '', #9060, 1.00000000000000 );
#8076 = COLOUR_RGB( '', 0.850980401000000, 0.756862759600000, 0.870588243000000 );
#8077 = CARTESIAN_POINT( '', ( -0.0139250000000100, -0.0269750000000000, -0.00600000000001000 ) );
#8078 = AXIS2_PLACEMENT_3D( '', #9061, #9062, #9063 );
#8079 = COLOUR_RGB( '', 0.850980401000000, 0.756862759600000, 0.870588243000000 );
#8080 = CARTESIAN_POINT( '', ( -0.0112500000000100, -0.00297500000000000, -0.00600000000001000 ) );
#8081 = AXIS2_PLACEMENT_3D( '', #9064, #9065, #9066 );
#8082 = CARTESIAN_POINT( '', ( -0.0139250000000100, -0.00297500000000000, -0.00600000000001000 ) );
#8083 = AXIS2_PLACEMENT_3D( '', #9067, #9068, #9069 );
#8084 = COLOUR_RGB( '', 0.850980401000000, 0.756862759600000, 0.870588243000000 );
#8085 = CARTESIAN_POINT( '', ( 0.0100000000000100, 0.00742264973082000, -0.0167000000000100 ) );
#8086 = VECTOR( '', #9070, 1.00000000000000 );
#8087 = COLOUR_RGB( '', 0.850980401000000, 0.756862759600000, 0.870588243000000 );
#8088 = CARTESIAN_POINT( '', ( -0.0112500000000100, -0.0269750000000000, -0.00600000000001000 ) );
#8089 = AXIS2_PLACEMENT_3D( '', #9071, #9072, #9073 );
#8090 = COLOUR_RGB( '', 0.850980401000000, 0.756862759600000, 0.870588243000000 );
#8091 = COLOUR_RGB( '', 0.850980401000000, 0.756862759600000, 0.870588243000000 );
#8092 = CARTESIAN_POINT( '', ( 0.00509116882454276, 0.00622253967446124, 0.0187000000000100 ) );
#8093 = AXIS2_PLACEMENT_3D( '', #9074, #9075, #9076 );
#8094 = CARTESIAN_POINT( '', ( 0.00643467170881720, 0.00487903679018680, 0.0190000000000100 ) );
#8095 = AXIS2_PLACEMENT_3D( '', #9077, #9078, #9079 );
#8096 = COLOUR_RGB( '', 0.850980401000000, 0.756862759600000, 0.870588243000000 );
#8097 = COLOUR_RGB( '', 0.850980401000000, 0.756862759600000, 0.870588243000000 );
#8098 = CARTESIAN_POINT( '', ( -0.0122500000000100, -0.0352500000000100, -0.0166000000000100 ) );
#8099 = VECTOR( '', #9080, 1.00000000000000 );
#8100 = CARTESIAN_POINT( '', ( 0.0122500000000100, -0.0352500000000100, -0.0166000000000100 ) );
#8101 = VECTOR( '', #9081, 1.00000000000000 );
#8102 = CARTESIAN_POINT( '', ( -0.00665000000000000, -0.0352500000000100, 0.00600000000001000 ) );
#8103 = AXIS2_PLACEMENT_3D( '', #9082, #9083, #9084 );
#8104 = CARTESIAN_POINT( '', ( -0.00665000000000000, -0.0352500000000100, -0.00600000000001000 ) );
#8105 = AXIS2_PLACEMENT_3D( '', #9085, #9086, #9087 );
#8106 = CARTESIAN_POINT( '', ( 0.00935000000002000, -0.0352500000000100, 0.00600000000001000 ) );
#8107 = AXIS2_PLACEMENT_3D( '', #9088, #9089, #9090 );
#8108 = COLOUR_RGB( '', 0.850980401000000, 0.756862759600000, 0.870588243000000 );
#8109 = CARTESIAN_POINT( '', ( 0.0110000000000100, 0.00925000000002000, -0.0142000000000100 ) );
#8110 = AXIS2_PLACEMENT_3D( '', #9091, #9092, #9093 );
#8111 = COLOUR_RGB( '', 0.850980401000000, 0.756862759600000, 0.870588243000000 );
#8112 = CARTESIAN_POINT( '', ( -0.0142500000000100, -0.0332500000000100, -0.0166000000000100 ) );
#8113 = VECTOR( '', #9094, 1.00000000000000 );
#8114 = CARTESIAN_POINT( '', ( -0.0122500000000100, -0.0352500000000100, 0.0166000000000100 ) );
#8115 = VECTOR( '', #9095, 1.00000000000000 );
#8116 = COLOUR_RGB( '', 0.850980401000000, 0.756862759600000, 0.870588243000000 );
#8117 = CARTESIAN_POINT( '', ( -0.0139250000000100, -0.0269750000000000, 0.00600000000001000 ) );
#8118 = AXIS2_PLACEMENT_3D( '', #9096, #9097, #9098 );
#8119 = COLOUR_RGB( '', 0.850980401000000, 0.756862759600000, 0.870588243000000 );
#8120 = COLOUR_RGB( '', 0.850980401000000, 0.756862759600000, 0.870588243000000 );
#8121 = CARTESIAN_POINT( '', ( 0.00997500000000000, 0.00800000000001000, 0.00220000000001000 ) );
#8122 = AXIS2_PLACEMENT_3D( '', #9099, #9100, #9101 );
#8123 = COLOUR_RGB( '', 0.850980401000000, 0.756862759600000, 0.870588243000000 );
#8124 = COLOUR_RGB( '', 0.850980401000000, 0.756862759600000, 0.870588243000000 );
#8125 = CARTESIAN_POINT( '', ( -0.0123500000000200, -0.0320000000000100, -0.00800000000001000 ) );
#8126 = AXIS2_PLACEMENT_3D( '', #9102, #9103, #9104 );
#8127 = CARTESIAN_POINT( '', ( -0.00970000000000000, -0.0320000000000100, -0.00800000000001000 ) );
#8128 = AXIS2_PLACEMENT_3D( '', #9105, #9106, #9107 );
#8129 = COLOUR_RGB( '', 0.850980401000000, 0.756862759600000, 0.870588243000000 );
#8130 = CARTESIAN_POINT( '', ( 0.0123000000000200, -0.0320000000000100, 0.0142000000000100 ) );
#8131 = AXIS2_PLACEMENT_3D( '', #9108, #9109, #9110 );
#8132 = COLOUR_RGB( '', 0.850980401000000, 0.756862759600000, 0.870588243000000 );
#8133 = CARTESIAN_POINT( '', ( 0.0138500000000100, 0.00908431457506000, 0.0170000000000100 ) );
#8134 = VECTOR( '', #9111, 1.00000000000000 );
#8135 = COLOUR_RGB( '', 0.850980401000000, 0.756862759600000, 0.870588243000000 );
#8136 = CARTESIAN_POINT( '', ( 0.0120250000000200, -0.0320000000000100, -0.00220000000001000 ) );
#8137 = AXIS2_PLACEMENT_3D( '', #9112, #9113, #9114 );
#8138 = COLOUR_RGB( '', 0.850980401000000, 0.756862759600000, 0.870588243000000 );
#8139 = CARTESIAN_POINT( '', ( 0.0110000000000100, -0.0308452994616300, -0.0154500000000100 ) );
#8140 = VECTOR( '', #9115, 1.00000000000000 );
#8141 = CARTESIAN_POINT( '', ( 0.0110000000000100, -0.0308452994616300, -0.0167000000000100 ) );
#8142 = VECTOR( '', #9116, 1.00000000000000 );
#8143 = COLOUR_RGB( '', 0.850980401000000, 0.756862759600000, 0.870588243000000 );
#8144 = CARTESIAN_POINT( '', ( -0.00487903679018680, 0.00643467170881720, 0.0190000000000100 ) );
#8145 = AXIS2_PLACEMENT_3D( '', #9117, #9118, #9119 );
#8146 = COLOUR_RGB( '', 0.850980401000000, 0.756862759600000, 0.870588243000000 );
#8147 = CARTESIAN_POINT( '', ( -0.00800000000001000, 0.00110000000001000, 0.0190000000000100 ) );
#8148 = AXIS2_PLACEMENT_3D( '', #9120, #9121, #9122 );
#8149 = CARTESIAN_POINT( '', ( -0.00643467170881720, -0.00487903679018680, 0.0190000000000100 ) );
#8150 = AXIS2_PLACEMENT_3D( '', #9123, #9124, #9125 );
#8151 = CARTESIAN_POINT( '', ( 0.00800000000001000, -0.00110000000001000, 0.0190000000000100 ) );
#8152 = AXIS2_PLACEMENT_3D( '', #9126, #9127, #9128 );
#8153 = CARTESIAN_POINT( '', ( 0.00000000000000, 0.00400000000001000, 0.0190000000000100 ) );
#8154 = AXIS2_PLACEMENT_3D( '', #9129, #9130, #9131 );
#8155 = COLOUR_RGB( '', 0.850980401000000, 0.756862759600000, 0.870588243000000 );
#8156 = CARTESIAN_POINT( '', ( 0.0110000000000000, -0.0331547005383800, 0.0167000000000000 ) );
#8157 = CARTESIAN_POINT( '', ( 0.0110000000000100, -0.0331547005383900, 0.0167000000000100 ) );
#8158 = VECTOR( '', #9132, 1.00000000000000 );
#8159 = CARTESIAN_POINT( '', ( 0.0110000000000100, -0.0331547005383900, 0.0167000000000100 ) );
#8160 = VECTOR( '', #9133, 1.00000000000000 );
#8161 = COLOUR_RGB( '', 0.850980401000000, 0.756862759600000, 0.870588243000000 );
#8162 = CARTESIAN_POINT( '', ( 0.00940000000000000, -0.00800000000000000, -0.00850000000000000 ) );
#8163 = CARTESIAN_POINT( '', ( 0.00940000000001000, -0.00800000000001000, -0.00850000000001000 ) );
#8164 = VECTOR( '', #9134, 1.00000000000000 );
#8165 = CARTESIAN_POINT( '', ( 0.0142500000000100, -0.00800000000001000, -0.00850000000001000 ) );
#8166 = VECTOR( '', #9135, 1.00000000000000 );
#8167 = COLOUR_RGB( '', 0.850980401000000, 0.756862759600000, 0.870588243000000 );
#8168 = CARTESIAN_POINT( '', ( -0.00902500000002000, -0.0322500000000100, -0.00600000000001000 ) );
#8169 = AXIS2_PLACEMENT_3D( '', #9136, #9137, #9138 );
#8170 = COLOUR_RGB( '', 0.850980401000000, 0.756862759600000, 0.870588243000000 );
#8171 = CARTESIAN_POINT( '', ( -0.00565000000001000, -0.00800000000001000, -0.0160000000000100 ) );
#8172 = VECTOR( '', #9139, 1.00000000000000 );
#8173 = COLOUR_RGB( '', 0.850980401000000, 0.756862759600000, 0.870588243000000 );
#8174 = COLOUR_RGB( '', 0.850980401000000, 0.756862759600000, 0.870588243000000 );
#8175 = CARTESIAN_POINT( '', ( -0.0110000000000000, -0.0331547005383800, 0.0154500000000000 ) );
#8176 = CARTESIAN_POINT( '', ( -0.0120000000000100, -0.0325773502692000, 0.0154500000000100 ) );
#8177 = VECTOR( '', #9140, 1.00000000000000 );
#8178 = CARTESIAN_POINT( '', ( -0.0100000000000000, -0.0325773502691900, 0.0154500000000000 ) );
#8179 = CARTESIAN_POINT( '', ( -0.0110000000000100, -0.0331547005383900, 0.0154500000000100 ) );
#8180 = VECTOR( '', #9141, 1.00000000000000 );
#8181 = CARTESIAN_POINT( '', ( -0.0100000000000000, -0.0314226497308100, 0.0154500000000000 ) );
#8182 = CARTESIAN_POINT( '', ( -0.0100000000000100, -0.0325773502692000, 0.0154500000000100 ) );
#8183 = VECTOR( '', #9142, 1.00000000000000 );
#8184 = CARTESIAN_POINT( '', ( -0.0110000000000000, -0.0308452994616200, 0.0154500000000000 ) );
#8185 = CARTESIAN_POINT( '', ( -0.0100000000000100, -0.0314226497308200, 0.0154500000000100 ) );
#8186 = VECTOR( '', #9143, 1.00000000000000 );
#8187 = CARTESIAN_POINT( '', ( -0.0110000000000100, -0.0308452994616300, 0.0154500000000100 ) );
#8188 = VECTOR( '', #9144, 1.00000000000000 );
#8189 = COLOUR_RGB( '', 0.850980401000000, 0.756862759600000, 0.870588243000000 );
#8190 = CARTESIAN_POINT( '', ( -0.00965000000000000, 0.00800000000001000, 0.0100000000000100 ) );
#8191 = AXIS2_PLACEMENT_3D( '', #9145, #9146, #9147 );
#8192 = COLOUR_RGB( '', 0.850980401000000, 0.756862759600000, 0.870588243000000 );
#8193 = COLOUR_RGB( '', 0.850980401000000, 0.756862759600000, 0.870588243000000 );
#8194 = CARTESIAN_POINT( '', ( 0.0110000000000100, 0.0102500000000200, -0.0165750000000100 ) );
#8195 = AXIS2_PLACEMENT_3D( '', #9148, #9149, #9150 );
#8196 = CARTESIAN_POINT( '', ( 0.00896650635094600, 0.00800000000001000, -0.0167000000000100 ) );
#8197 = AXIS2_PLACEMENT_3D( '', #9151, #9152, #9153 );
#8198 = COLOUR_RGB( '', 0.850980401000000, 0.756862759600000, 0.870588243000000 );
#8199 = CARTESIAN_POINT( '', ( 0.00565000000000000, -0.00800000000000000, -0.0160000000000000 ) );
#8200 = CARTESIAN_POINT( '', ( 0.00565000000001000, -0.00800000000001000, -0.0160000000000100 ) );
#8201 = VECTOR( '', #9154, 1.00000000000000 );
#8202 = CARTESIAN_POINT( '', ( 0.00565000000001000, -0.00800000000001000, -0.0160000000000100 ) );
#8203 = VECTOR( '', #9155, 1.00000000000000 );
#8204 = COLOUR_RGB( '', 0.850980401000000, 0.756862759600000, 0.870588243000000 );
#8205 = CARTESIAN_POINT( '', ( -0.0122500000000100, 0.0112500000000100, -0.0166000000000100 ) );
#8206 = VECTOR( '', #9156, 1.00000000000000 );
#8207 = CARTESIAN_POINT( '', ( -0.0142500000000100, 0.00925000000001000, 0.0166000000000100 ) );
#8208 = VECTOR( '', #9157, 1.00000000000000 );
#8209 = COLOUR_RGB( '', 0.850980401000000, 0.756862759600000, 0.870588243000000 );
#8210 = CARTESIAN_POINT( '', ( -0.0120000000000000, 0.00742264973081000, 0.0154500000000000 ) );
#8211 = CARTESIAN_POINT( '', ( -0.0120000000000100, 0.00742264973082000, 0.0167000000000100 ) );
#8212 = VECTOR( '', #9158, 1.00000000000000 );
#8213 = CARTESIAN_POINT( '', ( -0.0120000000000100, 0.00857735026920000, 0.0154500000000100 ) );
#8214 = VECTOR( '', #9159, 1.00000000000000 );
#8215 = COLOUR_RGB( '', 0.850980401000000, 0.756862759600000, 0.870588243000000 );
#8216 = CARTESIAN_POINT( '', ( 0.00565000000001000, -0.00800000000001000, -0.0160000000000100 ) );
#8217 = VECTOR( '', #9160, 1.00000000000000 );
#8218 = COLOUR_RGB( '', 0.850980401000000, 0.756862759600000, 0.870588243000000 );
#8219 = COLOUR_RGB( '', 0.850980401000000, 0.756862759600000, 0.870588243000000 );
#8220 = CARTESIAN_POINT( '', ( -0.0100000000000100, 0.00857735026920000, 0.0154500000000100 ) );
#8221 = VECTOR( '', #9161, 1.00000000000000 );
#8222 = COLOUR_RGB( '', 0.850980401000000, 0.756862759600000, 0.870588243000000 );
#8223 = COLOUR_RGB( '', 0.850980401000000, 0.756862759600000, 0.870588243000000 );
#8224 = COLOUR_RGB( '', 0.850980401000000, 0.756862759600000, 0.870588243000000 );
#8225 = COLOUR_RGB( '', 0.850980401000000, 0.756862759600000, 0.870588243000000 );
#8226 = COLOUR_RGB( '', 0.850980401000000, 0.756862759600000, 0.870588243000000 );
#8227 = CARTESIAN_POINT( '', ( 0.0100000000000100, 0.00742264973082000, 0.0154500000000100 ) );
#8228 = VECTOR( '', #9162, 1.00000000000000 );
#8229 = CARTESIAN_POINT( '', ( 0.0100000000000100, 0.00742264973082000, 0.0167000000000100 ) );
#8230 = VECTOR( '', #9163, 1.00000000000000 );
#8231 = COLOUR_RGB( '', 0.850980401000000, 0.756862759600000, 0.870588243000000 );
#8232 = COLOUR_RGB( '', 0.850980401000000, 0.756862759600000, 0.870588243000000 );
#8233 = COLOUR_RGB( '', 0.850980401000000, 0.756862759600000, 0.870588243000000 );
#8234 = CARTESIAN_POINT( '', ( 0.00975000000000000, -0.0320000000000100, 0.00990000000001000 ) );
#8235 = AXIS2_PLACEMENT_3D( '', #9164, #9165, #9166 );
#8236 = COLOUR_RGB( '', 0.850980401000000, 0.756862759600000, 0.870588243000000 );
#8237 = COLOUR_RGB( '', 0.850980401000000, 0.756862759600000, 0.870588243000000 );
#8238 = COLOUR_RGB( '', 0.850980401000000, 0.756862759600000, 0.870588243000000 );
#8239 = CARTESIAN_POINT( '', ( -0.0120000000000100, 0.00742264973082000, 0.0154500000000100 ) );
#8240 = VECTOR( '', #9167, 1.00000000000000 );
#8241 = COLOUR_RGB( '', 0.850980401000000, 0.756862759600000, 0.870588243000000 );
#8242 = COLOUR_RGB( '', 0.850980401000000, 0.756862759600000, 0.870588243000000 );
#8243 = CARTESIAN_POINT( '', ( 0.0120000000000100, -0.0314226497308200, 0.0167000000000100 ) );
#8244 = VECTOR( '', #9168, 1.00000000000000 );
#8245 = COLOUR_RGB( '', 0.850980401000000, 0.756862759600000, 0.870588243000000 );
#8246 = COLOUR_RGB( '', 0.850980401000000, 0.756862759600000, 0.870588243000000 );
#8247 = CARTESIAN_POINT( '', ( -0.0134000000000200, -0.0320000000000100, 0.0142000000000100 ) );
#8248 = AXIS2_PLACEMENT_3D( '', #9169, #9170, #9171 );
#8249 = CARTESIAN_POINT( '', ( -0.0110000000000100, -0.0342500000000200, 0.0142000000000100 ) );
#8250 = AXIS2_PLACEMENT_3D( '', #9172, #9173, #9174 );
#8251 = COLOUR_RGB( '', 0.850980401000000, 0.756862759600000, 0.870588243000000 );
#8252 = CARTESIAN_POINT( '', ( -0.0110000000000100, 0.0102500000000200, 0.0165750000000100 ) );
#8253 = AXIS2_PLACEMENT_3D( '', #9175, #9176, #9177 );
#8254 = COLOUR_RGB( '', 0.850980401000000, 0.756862759600000, 0.870588243000000 );
#8255 = CARTESIAN_POINT( '', ( 0.0110000000000100, 0.00915470053838900, -0.0167000000000100 ) );
#8256 = VECTOR( '', #9178, 1.00000000000000 );
#8257 = COLOUR_RGB( '', 0.850980401000000, 0.756862759600000, 0.870588243000000 );
#8258 = CARTESIAN_POINT( '', ( 0.0142500000000100, -0.00800000000001000, -0.0166000000000100 ) );
#8259 = VECTOR( '', #9179, 1.00000000000000 );
#8260 = CARTESIAN_POINT( '', ( 0.00940000000001000, -0.00800000000001000, -0.00850000000001000 ) );
#8261 = VECTOR( '', #9180, 1.00000000000000 );
#8262 = CARTESIAN_POINT( '', ( -0.00940000000001000, -0.00800000000001000, -0.0134000000000100 ) );
#8263 = VECTOR( '', #9181, 1.00000000000000 );
#8264 = CARTESIAN_POINT( '', ( -0.00940000000001000, -0.00800000000001000, -0.00850000000001000 ) );
#8265 = VECTOR( '', #9182, 1.00000000000000 );
#8266 = CARTESIAN_POINT( '', ( -0.0138500000000100, -0.00800000000001000, -0.0170000000000100 ) );
#8267 = VECTOR( '', #9183, 1.00000000000000 );
#8268 = COLOUR_RGB( '', 0.850980401000000, 0.756862759600000, 0.870588243000000 );
#8269 = COLOUR_RGB( '', 0.850980401000000, 0.756862759600000, 0.870588243000000 );
#8270 = CARTESIAN_POINT( '', ( 0.0138500000000100, 0.00908431457506000, -0.0170000000000100 ) );
#8271 = VECTOR( '', #9184, 1.00000000000000 );
#8272 = COLOUR_RGB( '', 0.850980401000000, 0.756862759600000, 0.870588243000000 );
#8273 = CARTESIAN_POINT( '', ( -0.00902500000002000, -0.0349250000000100, -0.00600000000001000 ) );
#8274 = AXIS2_PLACEMENT_3D( '', #9185, #9186, #9187 );
#8275 = COLOUR_RGB( '', 0.850980401000000, 0.756862759600000, 0.870588243000000 );
#8276 = COLOUR_RGB( '', 0.850980401000000, 0.756862759600000, 0.870588243000000 );
#8277 = COLOUR_RGB( '', 0.850980401000000, 0.756862759600000, 0.870588243000000 );
#8278 = CARTESIAN_POINT( '', ( 0.0134000000000200, 0.00800000000001000, -0.0142000000000100 ) );
#8279 = AXIS2_PLACEMENT_3D( '', #9188, #9189, #9190 );
#8280 = COLOUR_RGB( '', 0.850980401000000, 0.756862759600000, 0.870588243000000 );
#8281 = CARTESIAN_POINT( '', ( -0.0138500000000100, -0.0330843145750600, 0.0170000000000100 ) );
#8282 = VECTOR( '', #9191, 1.00000000000000 );
#8283 = COLOUR_RGB( '', 0.850980401000000, 0.756862759600000, 0.870588243000000 );
#8284 = CARTESIAN_POINT( '', ( -0.0110000000000100, -0.0308452994616300, 0.0167000000000100 ) );
#8285 = VECTOR( '', #9192, 1.00000000000000 );
#8286 = CARTESIAN_POINT( '', ( -0.0100000000000100, -0.0314226497308200, 0.0167000000000100 ) );
#8287 = VECTOR( '', #9193, 1.00000000000000 );
#8288 = COLOUR_RGB( '', 0.850980401000000, 0.756862759600000, 0.870588243000000 );
#8289 = COLOUR_RGB( '', 0.850980401000000, 0.756862759600000, 0.870588243000000 );
#8290 = COLOUR_RGB( '', 0.850980401000000, 0.756862759600000, 0.870588243000000 );
#8291 = COLOUR_RGB( '', 0.850980401000000, 0.756862759600000, 0.870588243000000 );
#8292 = CARTESIAN_POINT( '', ( 0.0110000000000100, -0.0307500000000000, 0.0142000000000100 ) );
#8293 = AXIS2_PLACEMENT_3D( '', #9194, #9195, #9196 );
#8294 = COLOUR_RGB( '', 0.850980401000000, 0.756862759600000, 0.870588243000000 );
#8295 = CARTESIAN_POINT( '', ( -0.00509116882454276, -0.00622253967446124, 0.0187000000000100 ) );
#8296 = AXIS2_PLACEMENT_3D( '', #9197, #9198, #9199 );
#8297 = COLOUR_RGB( '', 0.850980401000000, 0.756862759600000, 0.870588243000000 );
#8298 = COLOUR_RGB( '', 0.850980401000000, 0.756862759600000, 0.870588243000000 );
#8299 = COLOUR_RGB( '', 0.850980401000000, 0.756862759600000, 0.870588243000000 );
#8300 = CARTESIAN_POINT( '', ( 0.00610000000001000, -0.0155000000000100, -0.0138000000000100 ) );
#8301 = VECTOR( '', #9200, 1.00000000000000 );
#8302 = COLOUR_RGB( '', 0.850980401000000, 0.756862759600000, 0.870588243000000 );
#8303 = CARTESIAN_POINT( '', ( -0.0142500000000100, -0.0210000000000100, -0.00850000000001000 ) );
#8304 = VECTOR( '', #9201, 1.00000000000000 );
#8305 = COLOUR_RGB( '', 0.850980401000000, 0.756862759600000, 0.870588243000000 );
#8306 = COLOUR_RGB( '', 0.850980401000000, 0.756862759600000, 0.870588243000000 );
#8307 = COLOUR_RGB( '', 0.850980401000000, 0.756862759600000, 0.870588243000000 );
#8308 = CARTESIAN_POINT( '', ( -0.0138500000000100, -0.0330843145750600, -0.0170000000000100 ) );
#8309 = VECTOR( '', #9202, 1.00000000000000 );
#8310 = CARTESIAN_POINT( '', ( -0.0142500000000100, -0.0210000000000100, -0.0166000000000100 ) );
#8311 = VECTOR( '', #9203, 1.00000000000000 );
#8312 = COLOUR_RGB( '', 0.850980401000000, 0.756862759600000, 0.870588243000000 );
#8313 = COLOUR_RGB( '', 0.850980401000000, 0.756862759600000, 0.870588243000000 );
#8314 = COLOUR_RGB( '', 0.850980401000000, 0.756862759600000, 0.870588243000000 );
#8315 = COLOUR_RGB( '', 0.850980401000000, 0.756862759600000, 0.870588243000000 );
#8316 = COLOUR_RGB( '', 0.850980401000000, 0.756862759600000, 0.870588243000000 );
#8317 = CARTESIAN_POINT( '', ( -0.0100000000000100, -0.0325773502692000, 0.0167000000000100 ) );
#8318 = VECTOR( '', #9204, 1.00000000000000 );
#8319 = CARTESIAN_POINT( '', ( -0.0110000000000100, -0.0331547005383900, 0.0167000000000100 ) );
#8320 = VECTOR( '', #9205, 1.00000000000000 );
#8321 = COLOUR_RGB( '', 0.850980401000000, 0.756862759600000, 0.870588243000000 );
#8322 = COLOUR_RGB( '', 0.850980401000000, 0.756862759600000, 0.870588243000000 );
#8323 = CARTESIAN_POINT( '', ( -0.0100000000000100, -0.0314226497308200, -0.0167000000000100 ) );
#8324 = VECTOR( '', #9206, 1.00000000000000 );
#8325 = COLOUR_RGB( '', 0.850980401000000, 0.756862759600000, 0.870588243000000 );
#8326 = CARTESIAN_POINT( '', ( -0.00860000000000000, 0.00800000000001000, -0.0142000000000100 ) );
#8327 = AXIS2_PLACEMENT_3D( '', #9207, #9208, #9209 );
#8328 = COLOUR_RGB( '', 0.850980401000000, 0.756862759600000, 0.870588243000000 );
#8329 = COLOUR_RGB( '', 0.850980401000000, 0.756862759600000, 0.870588243000000 );
#8330 = CARTESIAN_POINT( '', ( 0.0110000000000100, -0.0297500000000000, -0.0165750000000100 ) );
#8331 = AXIS2_PLACEMENT_3D( '', #9210, #9211, #9212 );
#8332 = CARTESIAN_POINT( '', ( 0.00896650635094600, -0.0320000000000100, -0.0167000000000100 ) );
#8333 = AXIS2_PLACEMENT_3D( '', #9213, #9214, #9215 );
#8334 = COLOUR_RGB( '', 0.850980401000000, 0.756862759600000, 0.870588243000000 );
#8335 = COLOUR_RGB( '', 0.850980401000000, 0.756862759600000, 0.870588243000000 );
#8336 = CARTESIAN_POINT( '', ( 0.0110000000000100, 0.00575000000000000, -0.0142000000000100 ) );
#8337 = AXIS2_PLACEMENT_3D( '', #9216, #9217, #9218 );
#8338 = COLOUR_RGB( '', 0.850980401000000, 0.756862759600000, 0.870588243000000 );
#8339 = COLOUR_RGB( '', 0.850980401000000, 0.756862759600000, 0.870588243000000 );
#8340 = CARTESIAN_POINT( '', ( -0.0122500000000200, 0.00800000000001000, 0.00990000000001000 ) );
#8341 = AXIS2_PLACEMENT_3D( '', #9219, #9220, #9221 );
#8342 = COLOUR_RGB( '', 0.850980401000000, 0.756862759600000, 0.870588243000000 );
#8343 = CARTESIAN_POINT( '', ( -0.00350000000001000, 0.0112500000000100, -0.0135000000000100 ) );
#8344 = VECTOR( '', #9222, 1.00000000000000 );
#8345 = COLOUR_RGB( '', 0.850980401000000, 0.756862759600000, 0.870588243000000 );
#8346 = CARTESIAN_POINT( '', ( 0.0100000000000100, -0.0325773502692000, -0.0167000000000100 ) );
#8347 = VECTOR( '', #9223, 1.00000000000000 );
#8348 = COLOUR_RGB( '', 0.850980401000000, 0.756862759600000, 0.870588243000000 );
#8349 = COLOUR_RGB( '', 0.850980401000000, 0.756862759600000, 0.870588243000000 );
#8350 = COLOUR_RGB( '', 0.850980401000000, 0.756862759600000, 0.870588243000000 );
#8351 = COLOUR_RGB( '', 0.850980401000000, 0.756862759600000, 0.870588243000000 );
#8352 = CARTESIAN_POINT( '', ( 0.0110000000000100, -0.0342500000000200, -0.0142000000000100 ) );
#8353 = AXIS2_PLACEMENT_3D( '', #9224, #9225, #9226 );
#8354 = COLOUR_RGB( '', 0.850980401000000, 0.756862759600000, 0.870588243000000 );
#8355 = COLOUR_RGB( '', 0.850980401000000, 0.756862759600000, 0.870588243000000 );
#8356 = COLOUR_RGB( '', 0.850980401000000, 0.756862759600000, 0.870588243000000 );
#8357 = CARTESIAN_POINT( '', ( 0.0100000000000100, -0.0325773502692000, -0.0154500000000100 ) );
#8358 = VECTOR( '', #9227, 1.00000000000000 );
#8359 = COLOUR_RGB( '', 0.850980401000000, 0.756862759600000, 0.870588243000000 );
#8360 = COLOUR_RGB( '', 0.850980401000000, 0.756862759600000, 0.870588243000000 );
#8361 = CARTESIAN_POINT( '', ( -0.0138500000000100, 0.00908431457506000, 0.0170000000000100 ) );
#8362 = VECTOR( '', #9228, 1.00000000000000 );
#8363 = COLOUR_RGB( '', 0.850980401000000, 0.756862759600000, 0.870588243000000 );
#8364 = COLOUR_RGB( '', 0.850980401000000, 0.756862759600000, 0.870588243000000 );
#8365 = CARTESIAN_POINT( '', ( 0.0130334936490740, 0.00800000000001000, 0.0167000000000100 ) );
#8366 = AXIS2_PLACEMENT_3D( '', #9229, #9230, #9231 );
#8367 = CARTESIAN_POINT( '', ( 0.0120000000000100, 0.00742264973082000, 0.0167000000000100 ) );
#8368 = VECTOR( '', #9232, 1.00000000000000 );
#8369 = COLOUR_RGB( '', 0.850980401000000, 0.756862759600000, 0.870588243000000 );
#8370 = CARTESIAN_POINT( '', ( 0.0120000000000100, 0.00742264973082000, 0.0154500000000100 ) );
#8371 = VECTOR( '', #9233, 1.00000000000000 );
#8372 = COLOUR_RGB( '', 0.850980401000000, 0.756862759600000, 0.870588243000000 );
#8373 = COLOUR_RGB( '', 0.850980401000000, 0.756862759600000, 0.870588243000000 );
#8374 = COLOUR_RGB( '', 0.850980401000000, 0.756862759600000, 0.870588243000000 );
#8375 = COLOUR_RGB( '', 0.850980401000000, 0.756862759600000, 0.870588243000000 );
#8376 = CARTESIAN_POINT( '', ( -0.0120000000000000, -0.0314226497308100, -0.0167000000000000 ) );
#8377 = CARTESIAN_POINT( '', ( -0.0120000000000100, -0.0314226497308200, -0.0167000000000100 ) );
#8378 = VECTOR( '', #9234, 1.00000000000000 );
#8379 = CARTESIAN_POINT( '', ( -0.0120000000000100, -0.0314226497308200, -0.0167000000000100 ) );
#8380 = VECTOR( '', #9235, 1.00000000000000 );
#8381 = COLOUR_RGB( '', 0.850980401000000, 0.756862759600000, 0.870588243000000 );
#8382 = CARTESIAN_POINT( '', ( -0.0110000000000100, 0.00925000000002000, 0.0142000000000100 ) );
#8383 = AXIS2_PLACEMENT_3D( '', #9236, #9237, #9238 );
#8384 = COLOUR_RGB( '', 0.850980401000000, 0.756862759600000, 0.870588243000000 );
#8385 = COLOUR_RGB( '', 0.850980401000000, 0.756862759600000, 0.870588243000000 );
#8386 = COLOUR_RGB( '', 0.850980401000000, 0.756862759600000, 0.870588243000000 );
#8387 = COLOUR_RGB( '', 0.850980401000000, 0.756862759600000, 0.870588243000000 );
#8388 = CARTESIAN_POINT( '', ( -0.00800000000001000, -0.000800000000010000, 0.0187000000000100 ) );
#8389 = AXIS2_PLACEMENT_3D( '', #9239, #9240, #9241 );
#8390 = COLOUR_RGB( '', 0.850980401000000, 0.756862759600000, 0.870588243000000 );
#8391 = CARTESIAN_POINT( '', ( 0.000800000000010000, -0.00800000000001000, 0.0170000000000100 ) );
#8392 = AXIS2_PLACEMENT_3D( '', #9242, #9243, #9244 );
#8393 = COLOUR_RGB( '', 0.850980401000000, 0.756862759600000, 0.870588243000000 );
#8394 = COLOUR_RGB( '', 0.850980401000000, 0.756862759600000, 0.870588243000000 );
#8395 = COLOUR_RGB( '', 0.850980401000000, 0.756862759600000, 0.870588243000000 );
#8396 = CARTESIAN_POINT( '', ( -0.00800000000001000, -0.000800000000010000, 0.0170000000000100 ) );
#8397 = AXIS2_PLACEMENT_3D( '', #9245, #9246, #9247 );
#8398 = COLOUR_RGB( '', 0.850980401000000, 0.756862759600000, 0.870588243000000 );
#8399 = COLOUR_RGB( '', 0.850980401000000, 0.756862759600000, 0.870588243000000 );
#8400 = COLOUR_RGB( '', 0.850980401000000, 0.756862759600000, 0.870588243000000 );
#8401 = COLOUR_RGB( '', 0.850980401000000, 0.756862759600000, 0.870588243000000 );
#8402 = COLOUR_RGB( '', 0.850980401000000, 0.756862759600000, 0.870588243000000 );
#8403 = COLOUR_RGB( '', 0.850980401000000, 0.756862759600000, 0.870588243000000 );
#8404 = CARTESIAN_POINT( '', ( -0.0120000000000100, -0.0325773502692000, -0.0167000000000100 ) );
#8405 = VECTOR( '', #9248, 1.00000000000000 );
#8406 = COLOUR_RGB( '', 0.850980401000000, 0.756862759600000, 0.870588243000000 );
#8407 = COLOUR_RGB( '', 0.850980401000000, 0.756862759600000, 0.870588243000000 );
#8408 = COLOUR_RGB( '', 0.850980401000000, 0.756862759600000, 0.870588243000000 );
#8409 = COLOUR_RGB( '', 0.850980401000000, 0.756862759600000, 0.870588243000000 );
#8410 = COLOUR_RGB( '', 0.850980401000000, 0.756862759600000, 0.870588243000000 );
#8411 = CARTESIAN_POINT( '', ( -0.0110000000000100, -0.0297500000000000, 0.0165750000000100 ) );
#8412 = AXIS2_PLACEMENT_3D( '', #9249, #9250, #9251 );
#8413 = COLOUR_RGB( '', 0.850980401000000, 0.756862759600000, 0.870588243000000 );
#8414 = COLOUR_RGB( '', 0.850980401000000, 0.756862759600000, 0.870588243000000 );
#8415 = COLOUR_RGB( '', 0.850980401000000, 0.756862759600000, 0.870588243000000 );
#8416 = COLOUR_RGB( '', 0.850980401000000, 0.756862759600000, 0.870588243000000 );
#8417 = COLOUR_RGB( '', 0.850980401000000, 0.756862759600000, 0.870588243000000 );
#8418 = COLOUR_RGB( '', 0.850980401000000, 0.756862759600000, 0.870588243000000 );
#8419 = COLOUR_RGB( '', 0.850980401000000, 0.756862759600000, 0.870588243000000 );
#8420 = COLOUR_RGB( '', 0.850980401000000, 0.756862759600000, 0.870588243000000 );
#8421 = CARTESIAN_POINT( '', ( 0.00940000000001000, -0.0188000000000100, -0.0134000000000100 ) );
#8422 = VECTOR( '', #9252, 1.00000000000000 );
#8423 = COLOUR_RGB( '', 0.850980401000000, 0.756862759600000, 0.870588243000000 );
#8424 = CARTESIAN_POINT( '', ( 0.0100000000000100, -0.0325773502692000, 0.0167000000000100 ) );
#8425 = VECTOR( '', #9253, 1.00000000000000 );
#8426 = COLOUR_RGB( '', 0.850980401000000, 0.756862759600000, 0.870588243000000 );
#8427 = COLOUR_RGB( '', 0.850980401000000, 0.756862759600000, 0.870588243000000 );
#8428 = CARTESIAN_POINT( '', ( 0.0110000000000100, 0.0102500000000200, 0.0165750000000100 ) );
#8429 = AXIS2_PLACEMENT_3D( '', #9254, #9255, #9256 );
#8430 = COLOUR_RGB( '', 0.850980401000000, 0.756862759600000, 0.870588243000000 );
#8431 = COLOUR_RGB( '', 0.850980401000000, 0.756862759600000, 0.870588243000000 );
#8432 = COLOUR_RGB( '', 0.850980401000000, 0.756862759600000, 0.870588243000000 );
#8433 = COLOUR_RGB( '', 0.850980401000000, 0.756862759600000, 0.870588243000000 );
#8434 = COLOUR_RGB( '', 0.850980401000000, 0.756862759600000, 0.870588243000000 );
#8435 = COLOUR_RGB( '', 0.850980401000000, 0.756862759600000, 0.870588243000000 );
#8436 = COLOUR_RGB( '', 0.850980401000000, 0.756862759600000, 0.870588243000000 );
#8437 = COLOUR_RGB( '', 0.850980401000000, 0.756862759600000, 0.870588243000000 );
#8438 = COLOUR_RGB( '', 0.850980401000000, 0.756862759600000, 0.870588243000000 );
#8439 = CARTESIAN_POINT( '', ( -0.0110000000000100, 0.00800000000001000, -0.00220000000001000 ) );
#8440 = DIRECTION( '', ( 0.00000000000000, 0.00000000000000, -1.00000000000000 ) );
#8441 = DIRECTION( '', ( 1.00000000000000, 0.00000000000000, 0.00000000000000 ) );
#8442 = CARTESIAN_POINT( '', ( 0.0110000000000100, -0.0320000000000100, 0.0165750000000100 ) );
#8443 = DIRECTION( '', ( 0.00000000000000, 0.00000000000000, -1.00000000000000 ) );
#8444 = DIRECTION( '', ( 0.00000000000000, 1.00000000000000, 0.00000000000000 ) );
#8445 = CARTESIAN_POINT( '', ( 0.0110000000000100, -0.0320000000000100, 0.0167000000000100 ) );
#8446 = DIRECTION( '', ( 0.00000000000000, 0.00000000000000, 1.00000000000000 ) );
#8447 = DIRECTION( '', ( 1.00000000000000, 0.00000000000000, 0.00000000000000 ) );
#8448 = CARTESIAN_POINT( '', ( 0.0112500000000100, -0.00400000000001000, -0.00600000000001000 ) );
#8449 = DIRECTION( '', ( -1.00000000000000, 0.00000000000000, 0.00000000000000 ) );
#8450 = DIRECTION( '', ( 0.00000000000000, -1.00000000000000, 0.00000000000000 ) );
#8451 = CARTESIAN_POINT( '', ( 0.0139250000000100, -0.00400000000001000, -0.00600000000001000 ) );
#8452 = DIRECTION( '', ( 1.00000000000000, 0.00000000000000, 0.00000000000000 ) );
#8453 = DIRECTION( '', ( 0.00000000000000, -1.00000000000000, 0.00000000000000 ) );
#8454 = DIRECTION( '', ( 0.00000000000000, 0.00000000000000, 1.00000000000000 ) );
#8455 = DIRECTION( '', ( 0.866025403782844, 0.500000000002762, 0.00000000000000 ) );
#8456 = DIRECTION( '', ( 0.00000000000000, 0.00000000000000, 1.00000000000000 ) );
#8457 = DIRECTION( '', ( 0.866025403782844, 0.500000000002762, 0.00000000000000 ) );
#8458 = CARTESIAN_POINT( '', ( -0.0110000000000100, 0.00800000000001000, 0.0167000000000100 ) );
#8459 = DIRECTION( '', ( 0.00000000000000, 0.00000000000000, 1.00000000000000 ) );
#8460 = DIRECTION( '', ( 1.00000000000000, 0.00000000000000, 0.00000000000000 ) );
#8461 = DIRECTION( '', ( -0.866025403782844, 0.500000000002762, 0.00000000000000 ) );
#8462 = DIRECTION( '', ( 0.00000000000000, 1.00000000000000, 0.00000000000000 ) );
#8463 = DIRECTION( '', ( 0.866025403782844, 0.500000000002762, 0.00000000000000 ) );
#8464 = DIRECTION( '', ( 0.866025403782844, -0.500000000002762, 0.00000000000000 ) );
#8465 = DIRECTION( '', ( 0.00000000000000, -1.00000000000000, 0.00000000000000 ) );
#8466 = DIRECTION( '', ( -0.866025403782844, -0.500000000002762, 0.00000000000000 ) );
#8467 = CARTESIAN_POINT( '', ( 0.00565685424950200, 0.00565685424950200, 0.0170000000000100 ) );
#8468 = DIRECTION( '', ( 0.00000000000000, 0.00000000000000, -1.00000000000000 ) );
#8469 = DIRECTION( '', ( -0.707106781186547, 0.707106781186547, 0.00000000000000 ) );
#8470 = DIRECTION( '', ( 8.43878187712456E-13, 1.00000000000000, -8.54608833109647E-13 ) );
#8471 = DIRECTION( '', ( 0.678598344544083, -0.281084637724544, 0.678598344543583 ) );
#8472 = DIRECTION( '', ( 8.72500060087535E-13, 1.00000000000000, -8.72794053897175E-13 ) );
#8473 = DIRECTION( '', ( 0.707106781186548, 0.00000000000000, 0.707106781186548 ) );
#8474 = CARTESIAN_POINT( '', ( 0.0112500000000100, -0.0280000000000100, 0.00600000000001000 ) );
#8475 = DIRECTION( '', ( -1.00000000000000, 0.00000000000000, 0.00000000000000 ) );
#8476 = DIRECTION( '', ( 0.00000000000000, -1.00000000000000, 0.00000000000000 ) );
#8477 = CARTESIAN_POINT( '', ( 0.0139250000000100, -0.0280000000000100, 0.00600000000001000 ) );
#8478 = DIRECTION( '', ( 1.00000000000000, 0.00000000000000, 0.00000000000000 ) );
#8479 = DIRECTION( '', ( 0.00000000000000, -1.00000000000000, 0.00000000000000 ) );
#8480 = CARTESIAN_POINT( '', ( -0.0110000000000100, 0.00800000000001000, 0.0142000000000100 ) );
#8481 = DIRECTION( '', ( 0.00000000000000, 0.00000000000000, -1.00000000000000 ) );
#8482 = DIRECTION( '', ( -1.00000000000000, 0.00000000000000, 0.00000000000000 ) );
#8483 = CARTESIAN_POINT( '', ( -0.0110000000000100, 0.00800000000001000, 0.0142000000000100 ) );
#8484 = DIRECTION( '', ( 0.00000000000000, 0.00000000000000, -1.00000000000000 ) );
#8485 = DIRECTION( '', ( 0.00000000000000, -1.00000000000000, 0.00000000000000 ) );
#8486 = CARTESIAN_POINT( '', ( -0.0110000000000100, -0.0320000000000100, 0.0100000000000100 ) );
#8487 = DIRECTION( '', ( 0.00000000000000, 0.00000000000000, 1.00000000000000 ) );
#8488 = DIRECTION( '', ( 1.00000000000000, 0.00000000000000, 0.00000000000000 ) );
#8489 = CARTESIAN_POINT( '', ( -0.0110000000000100, -0.0320000000000100, 0.0100000000000100 ) );
#8490 = DIRECTION( '', ( 0.00000000000000, 0.00000000000000, -1.00000000000000 ) );
#8491 = DIRECTION( '', ( -1.00000000000000, 0.00000000000000, 0.00000000000000 ) );
#8492 = DIRECTION( '', ( -1.00000000000000, 0.00000000000000, 0.00000000000000 ) );
#8493 = DIRECTION( '', ( -6.10286447000725E-13, -1.00000000000000, -6.24219216467936E-13 ) );
#8494 = DIRECTION( '', ( -0.707106781186548, -0.707106781186548, 0.00000000000000 ) );
#8495 = DIRECTION( '', ( -1.00000000000000, 0.00000000000000, 0.00000000000000 ) );
#8496 = DIRECTION( '', ( 0.00000000000000, 1.00000000000000, 0.00000000000000 ) );
#8497 = DIRECTION( '', ( 1.00000000000000, 0.00000000000000, 0.00000000000000 ) );
#8498 = DIRECTION( '', ( 0.00000000000000, 1.00000000000000, 0.00000000000000 ) );
#8499 = DIRECTION( '', ( -1.00000000000000, 0.00000000000000, 0.00000000000000 ) );
#8500 = DIRECTION( '', ( -0.707106781186548, 0.707106781186548, 0.00000000000000 ) );
#8501 = DIRECTION( '', ( -6.17148855842781E-13, 1.00000000000000, 6.17356807625880E-13 ) );
#8502 = DIRECTION( '', ( -1.00000000000000, 0.00000000000000, 0.00000000000000 ) );
#8503 = DIRECTION( '', ( 0.00000000000000, 1.00000000000000, 0.00000000000000 ) );
#8504 = CARTESIAN_POINT( '', ( 0.00000000000000, 0.00000000000000, -0.0170000000000100 ) );
#8505 = DIRECTION( '', ( 0.00000000000000, 0.00000000000000, 1.00000000000000 ) );
#8506 = DIRECTION( '', ( 0.00000000000000, -1.00000000000000, 0.00000000000000 ) );
#8507 = DIRECTION( '', ( 0.00000000000000, -1.00000000000000, 0.00000000000000 ) );
#8508 = CARTESIAN_POINT( '', ( -0.0110000000000100, 0.00800000000001000, -0.0170000000000100 ) );
#8509 = DIRECTION( '', ( 0.00000000000000, 0.00000000000000, -1.00000000000000 ) );
#8510 = DIRECTION( '', ( 1.00000000000000, 0.00000000000000, 0.00000000000000 ) );
#8511 = CARTESIAN_POINT( '', ( 0.0110000000000100, 0.00800000000001000, -0.0170000000000100 ) );
#8512 = DIRECTION( '', ( 0.00000000000000, 0.00000000000000, -1.00000000000000 ) );
#8513 = DIRECTION( '', ( 1.00000000000000, 0.00000000000000, 0.00000000000000 ) );
#8514 = CARTESIAN_POINT( '', ( 0.00000000000000, 0.00000000000000, 0.0234000000000100 ) );
#8515 = DIRECTION( '', ( 0.00000000000000, 0.00000000000000, -1.00000000000000 ) );
#8516 = DIRECTION( '', ( -1.00000000000000, 0.00000000000000, 0.00000000000000 ) );
#8517 = DIRECTION( '', ( 0.00000000000000, 0.00000000000000, -1.00000000000000 ) );
#8518 = DIRECTION( '', ( 0.00000000000000, -1.00000000000000, 0.00000000000000 ) );
#8519 = DIRECTION( '', ( 0.00000000000000, 0.00000000000000, -1.00000000000000 ) );
#8520 = DIRECTION( '', ( 0.00000000000000, -1.00000000000000, 0.00000000000000 ) );
#8521 = CARTESIAN_POINT( '', ( 0.0110000000000100, 0.00800000000001000, -0.00790000000001000 ) );
#8522 = DIRECTION( '', ( 0.00000000000000, 0.00000000000000, 1.00000000000000 ) );
#8523 = DIRECTION( '', ( 1.00000000000000, 0.00000000000000, 0.00000000000000 ) );
#8524 = CARTESIAN_POINT( '', ( 0.0110000000000100, 0.00800000000001000, -0.00800000000001000 ) );
#8525 = DIRECTION( '', ( 0.00000000000000, 0.00000000000000, -1.00000000000000 ) );
#8526 = DIRECTION( '', ( -1.00000000000000, 0.00000000000000, 0.00000000000000 ) );
#8527 = DIRECTION( '', ( 0.00000000000000, 0.00000000000000, 1.00000000000000 ) );
#8528 = DIRECTION( '', ( -0.866025403782844, 0.500000000002762, 0.00000000000000 ) );
#8529 = DIRECTION( '', ( 0.00000000000000, 0.00000000000000, 1.00000000000000 ) );
#8530 = DIRECTION( '', ( -0.866025403782844, 0.500000000002762, 0.00000000000000 ) );
#8531 = CARTESIAN_POINT( '', ( 0.0112500000000100, -0.0280000000000100, -0.00600000000001000 ) );
#8532 = DIRECTION( '', ( -1.00000000000000, 0.00000000000000, 0.00000000000000 ) );
#8533 = DIRECTION( '', ( 0.00000000000000, -1.00000000000000, 0.00000000000000 ) );
#8534 = CARTESIAN_POINT( '', ( 0.0139250000000100, -0.0280000000000100, -0.00600000000001000 ) );
#8535 = DIRECTION( '', ( 1.00000000000000, 0.00000000000000, 0.00000000000000 ) );
#8536 = DIRECTION( '', ( 0.00000000000000, -1.00000000000000, 0.00000000000000 ) );
#8537 = DIRECTION( '', ( 1.00000000000000, 0.00000000000000, 0.00000000000000 ) );
#8538 = CARTESIAN_POINT( '', ( 0.00000000000000, 0.00000000000000, -0.0160000000000100 ) );
#8539 = DIRECTION( '', ( 0.00000000000000, 0.00000000000000, -1.00000000000000 ) );
#8540 = DIRECTION( '', ( 0.458122847291232, -0.888888888888693, 0.00000000000000 ) );
#8541 = CARTESIAN_POINT( '', ( -0.0110000000000100, 0.00800000000001000, -0.00790000000001000 ) );
#8542 = DIRECTION( '', ( 0.00000000000000, 0.00000000000000, 1.00000000000000 ) );
#8543 = DIRECTION( '', ( 1.00000000000000, 0.00000000000000, 0.00000000000000 ) );
#8544 = CARTESIAN_POINT( '', ( -0.0110000000000100, 0.00800000000001000, -0.00800000000001000 ) );
#8545 = DIRECTION( '', ( 0.00000000000000, 0.00000000000000, -1.00000000000000 ) );
#8546 = DIRECTION( '', ( -1.00000000000000, 0.00000000000000, 0.00000000000000 ) );
#8547 = CARTESIAN_POINT( '', ( 0.00565685424950200, -0.00565685424950200, 0.0170000000000100 ) );
#8548 = DIRECTION( '', ( 0.00000000000000, 0.00000000000000, -1.00000000000000 ) );
#8549 = DIRECTION( '', ( 0.707106781186547, 0.707106781186547, 0.00000000000000 ) );
#8550 = DIRECTION( '', ( 0.00000000000000, 0.00000000000000, -1.00000000000000 ) );
#8551 = DIRECTION( '', ( -0.866025403782844, 0.500000000002762, 0.00000000000000 ) );
#8552 = DIRECTION( '', ( 0.00000000000000, 0.00000000000000, -1.00000000000000 ) );
#8553 = DIRECTION( '', ( -0.866025403782844, 0.500000000002762, 0.00000000000000 ) );
#8554 = DIRECTION( '', ( 0.00000000000000, -1.00000000000000, 0.00000000000000 ) );
#8555 = DIRECTION( '', ( -0.866025403782844, -0.500000000002762, 0.00000000000000 ) );
#8556 = DIRECTION( '', ( -0.866025403782844, 0.500000000002762, 0.00000000000000 ) );
#8557 = DIRECTION( '', ( 0.00000000000000, 1.00000000000000, 0.00000000000000 ) );
#8558 = DIRECTION( '', ( 0.866025403782844, 0.500000000002762, 0.00000000000000 ) );
#8559 = DIRECTION( '', ( 0.866025403782844, -0.500000000002762, 0.00000000000000 ) );
#8560 = CARTESIAN_POINT( '', ( -0.0110000000000100, -0.0320000000000100, -0.0165750000000100 ) );
#8561 = DIRECTION( '', ( 0.00000000000000, -0.00000000000000, 1.00000000000000 ) );
#8562 = DIRECTION( '', ( 0.00000000000000, 1.00000000000000, 0.00000000000000 ) );
#8563 = CARTESIAN_POINT( '', ( -0.0110000000000100, -0.0320000000000100, -0.0142000000000100 ) );
#8564 = DIRECTION( '', ( 0.00000000000000, 0.00000000000000, 1.00000000000000 ) );
#8565 = DIRECTION( '', ( 0.00000000000000, -1.00000000000000, 0.00000000000000 ) );
#8566 = CARTESIAN_POINT( '', ( 0.00800000000001000, 0.00000000000000, 0.0170000000000100 ) );
#8567 = DIRECTION( '', ( 0.00000000000000, 0.00000000000000, -1.00000000000000 ) );
#8568 = DIRECTION( '', ( 0.00000000000000, 1.00000000000000, 0.00000000000000 ) );
#8569 = CARTESIAN_POINT( '', ( 0.0110000000000100, -0.0320000000000100, 0.0170000000000100 ) );
#8570 = DIRECTION( '', ( 0.00000000000000, 0.00000000000000, 1.00000000000000 ) );
#8571 = DIRECTION( '', ( -1.00000000000000, 0.00000000000000, 0.00000000000000 ) );
#8572 = CARTESIAN_POINT( '', ( 0.0110000000000100, -0.0320000000000100, 0.0142000000000100 ) );
#8573 = DIRECTION( '', ( 0.00000000000000, 0.00000000000000, -1.00000000000000 ) );
#8574 = DIRECTION( '', ( -1.00000000000000, 0.00000000000000, 0.00000000000000 ) );
#8575 = DIRECTION( '', ( 0.678598344544029, -0.281084637724563, -0.678598344543629 ) );
#8576 = DIRECTION( '', ( -0.707106781186548, -0.707106781186548, 0.00000000000000 ) );
#8577 = DIRECTION( '', ( 0.281084637724544, -0.678598344544083, -0.678598344543583 ) );
#8578 = DIRECTION( '', ( -0.707106781186548, -0.707106781186548, 0.00000000000000 ) );
#8579 = DIRECTION( '', ( 0.707106781186548, 0.707106781186548, 0.00000000000000 ) );
#8580 = DIRECTION( '', ( 1.00000000000000, 0.00000000000000, 0.00000000000000 ) );
#8581 = DIRECTION( '', ( 0.707106781186498, -0.707106781186597, 0.00000000000000 ) );
#8582 = DIRECTION( '', ( 8.73676035326084E-13, -1.00000000000000, 8.71618078658616E-13 ) );
#8583 = DIRECTION( '', ( -1.00000000000000, 0.00000000000000, 0.00000000000000 ) );
#8584 = DIRECTION( '', ( 0.00000000000000, -1.00000000000000, 0.00000000000000 ) );
#8585 = DIRECTION( '', ( -0.707106781186548, -0.707106781186548, 0.00000000000000 ) );
#8586 = DIRECTION( '', ( -1.00000000000000, 0.00000000000000, 0.00000000000000 ) );
#8587 = DIRECTION( '', ( -0.707106781186548, 0.707106781186548, 0.00000000000000 ) );
#8588 = DIRECTION( '', ( 0.00000000000000, 1.00000000000000, 0.00000000000000 ) );
#8589 = DIRECTION( '', ( -1.00000000000000, 0.00000000000000, 0.00000000000000 ) );
#8590 = CARTESIAN_POINT( '', ( -0.0110000000000100, -0.0320000000000100, -0.0170000000000100 ) );
#8591 = DIRECTION( '', ( 0.00000000000000, 0.00000000000000, -1.00000000000000 ) );
#8592 = DIRECTION( '', ( 1.00000000000000, 0.00000000000000, 0.00000000000000 ) );
#8593 = CARTESIAN_POINT( '', ( 0.0110000000000100, -0.0320000000000100, -0.0170000000000100 ) );
#8594 = DIRECTION( '', ( 0.00000000000000, 0.00000000000000, -1.00000000000000 ) );
#8595 = DIRECTION( '', ( 1.00000000000000, 0.00000000000000, 0.00000000000000 ) );
#8596 = CARTESIAN_POINT( '', ( 0.0110000000000100, 0.00800000000001000, 0.00990000000001000 ) );
#8597 = DIRECTION( '', ( 0.00000000000000, 0.00000000000000, -1.00000000000000 ) );
#8598 = DIRECTION( '', ( -1.00000000000000, 0.00000000000000, 0.00000000000000 ) );
#8599 = CARTESIAN_POINT( '', ( 0.0110000000000100, 0.00800000000001000, 0.0100000000000100 ) );
#8600 = DIRECTION( '', ( 0.00000000000000, 0.00000000000000, 1.00000000000000 ) );
#8601 = DIRECTION( '', ( 1.00000000000000, 0.00000000000000, 0.00000000000000 ) );
#8602 = CARTESIAN_POINT( '', ( 0.0110000000000100, 0.00800000000001000, -0.0142000000000100 ) );
#8603 = DIRECTION( '', ( 0.00000000000000, 0.00000000000000, -1.00000000000000 ) );
#8604 = DIRECTION( '', ( -1.00000000000000, 0.00000000000000, 0.00000000000000 ) );
#8605 = CARTESIAN_POINT( '', ( 0.0110000000000100, 0.00800000000001000, -0.00800000000001000 ) );
#8606 = DIRECTION( '', ( 0.00000000000000, 0.00000000000000, 1.00000000000000 ) );
#8607 = DIRECTION( '', ( 1.00000000000000, 0.00000000000000, 0.00000000000000 ) );
#8608 = DIRECTION( '', ( 0.00000000000000, 0.00000000000000, -1.00000000000000 ) );
#8609 = DIRECTION( '', ( 0.00000000000000, -1.00000000000000, 0.00000000000000 ) );
#8610 = DIRECTION( '', ( 0.00000000000000, 0.00000000000000, -1.00000000000000 ) );
#8611 = DIRECTION( '', ( 0.00000000000000, -1.00000000000000, 0.00000000000000 ) );
#8612 = CARTESIAN_POINT( '', ( 0.00000000000000, 0.00000000000000, 0.0209000000000100 ) );
#8613 = DIRECTION( '', ( 0.00000000000000, 0.00000000000000, -1.00000000000000 ) );
#8614 = DIRECTION( '', ( 0.00000000000000, 1.00000000000000, 0.00000000000000 ) );
#8615 = CARTESIAN_POINT( '', ( 0.00000000000000, 0.00000000000000, 0.0207000000000100 ) );
#8616 = DIRECTION( '', ( 0.00000000000000, 0.00000000000000, -1.00000000000000 ) );
#8617 = DIRECTION( '', ( 0.00000000000000, 1.00000000000000, 0.00000000000000 ) );
#8618 = CARTESIAN_POINT( '', ( 0.00800000000001000, 0.00825000000001000, 0.00600000000001000 ) );
#8619 = DIRECTION( '', ( 0.00000000000000, -1.00000000000000, 0.00000000000000 ) );
#8620 = DIRECTION( '', ( 1.00000000000000, 0.00000000000000, 0.00000000000000 ) );
#8621 = CARTESIAN_POINT( '', ( 0.00800000000001000, 0.0109250000000100, 0.00600000000001000 ) );
#8622 = DIRECTION( '', ( -0.00000000000000, 1.00000000000000, 0.00000000000000 ) );
#8623 = DIRECTION( '', ( 1.00000000000000, 0.00000000000000, 0.00000000000000 ) );
#8624 = CARTESIAN_POINT( '', ( -0.0110000000000100, 0.00800000000001000, -0.0142000000000100 ) );
#8625 = DIRECTION( '', ( 0.00000000000000, 0.00000000000000, -1.00000000000000 ) );
#8626 = DIRECTION( '', ( -1.00000000000000, 0.00000000000000, 0.00000000000000 ) );
#8627 = CARTESIAN_POINT( '', ( -0.0110000000000100, 0.00800000000001000, -0.00800000000001000 ) );
#8628 = DIRECTION( '', ( 0.00000000000000, 0.00000000000000, 1.00000000000000 ) );
#8629 = DIRECTION( '', ( 1.00000000000000, 0.00000000000000, 0.00000000000000 ) );
#8630 = CARTESIAN_POINT( '', ( -0.0112500000000100, -0.0280000000000100, 0.00600000000001000 ) );
#8631 = DIRECTION( '', ( 1.00000000000000, 0.00000000000000, 0.00000000000000 ) );
#8632 = DIRECTION( '', ( 0.00000000000000, 1.00000000000000, 0.00000000000000 ) );
#8633 = CARTESIAN_POINT( '', ( 0.0110000000000100, -0.0320000000000100, 0.00150000000001000 ) );
#8634 = DIRECTION( '', ( 0.00000000000000, 0.00000000000000, -1.00000000000000 ) );
#8635 = DIRECTION( '', ( 1.00000000000000, 0.00000000000000, 0.00000000000000 ) );
#8636 = CARTESIAN_POINT( '', ( 0.0110000000000100, -0.0320000000000100, 0.00220000000001000 ) );
#8637 = DIRECTION( '', ( 0.00000000000000, 0.00000000000000, 1.00000000000000 ) );
#8638 = DIRECTION( '', ( -1.00000000000000, 0.00000000000000, 0.00000000000000 ) );
#8639 = CARTESIAN_POINT( '', ( -0.00800000000001000, -0.0322500000000100, 0.00600000000001000 ) );
#8640 = DIRECTION( '', ( 0.00000000000000, 1.00000000000000, 0.00000000000000 ) );
#8641 = DIRECTION( '', ( -1.00000000000000, 0.00000000000000, 0.00000000000000 ) );
#8642 = CARTESIAN_POINT( '', ( -0.00800000000001000, -0.0349250000000100, 0.00600000000001000 ) );
#8643 = DIRECTION( '', ( 0.00000000000000, -1.00000000000000, 0.00000000000000 ) );
#8644 = DIRECTION( '', ( -1.00000000000000, 0.00000000000000, 0.00000000000000 ) );
#8645 = CARTESIAN_POINT( '', ( -0.0110000000000100, -0.0320000000000100, -0.00150000000001000 ) );
#8646 = DIRECTION( '', ( 0.00000000000000, 0.00000000000000, 1.00000000000000 ) );
#8647 = DIRECTION( '', ( -1.00000000000000, 0.00000000000000, 0.00000000000000 ) );
#8648 = CARTESIAN_POINT( '', ( -0.0110000000000100, 0.00800000000001000, -0.0165750000000100 ) );
#8649 = DIRECTION( '', ( 0.00000000000000, -0.00000000000000, 1.00000000000000 ) );
#8650 = DIRECTION( '', ( 0.00000000000000, 1.00000000000000, 0.00000000000000 ) );
#8651 = CARTESIAN_POINT( '', ( -0.0110000000000100, 0.00800000000001000, -0.0142000000000100 ) );
#8652 = DIRECTION( '', ( 0.00000000000000, 0.00000000000000, 1.00000000000000 ) );
#8653 = DIRECTION( '', ( 0.00000000000000, -1.00000000000000, 0.00000000000000 ) );
#8654 = CARTESIAN_POINT( '', ( -0.0110000000000100, -0.0320000000000100, -0.00220000000001000 ) );
#8655 = DIRECTION( '', ( 0.00000000000000, 0.00000000000000, -1.00000000000000 ) );
#8656 = DIRECTION( '', ( 1.00000000000000, 0.00000000000000, 0.00000000000000 ) );
#8657 = CARTESIAN_POINT( '', ( 0.00000000000000, 0.00800000000001000, 0.0170000000000100 ) );
#8658 = DIRECTION( '', ( 0.00000000000000, 0.00000000000000, -1.00000000000000 ) );
#8659 = DIRECTION( '', ( -1.00000000000000, 0.00000000000000, 0.00000000000000 ) );
#8660 = CARTESIAN_POINT( '', ( -0.0110000000000100, -0.0320000000000100, -0.0142000000000100 ) );
#8661 = DIRECTION( '', ( 0.00000000000000, 0.00000000000000, -1.00000000000000 ) );
#8662 = DIRECTION( '', ( 0.00000000000000, 1.00000000000000, 0.00000000000000 ) );
#8663 = CARTESIAN_POINT( '', ( -0.0110000000000100, -0.0320000000000100, -0.00790000000001000 ) );
#8664 = DIRECTION( '', ( 0.00000000000000, 0.00000000000000, 1.00000000000000 ) );
#8665 = DIRECTION( '', ( 1.00000000000000, 0.00000000000000, 0.00000000000000 ) );
#8666 = CARTESIAN_POINT( '', ( 0.0110000000000100, 0.00800000000001000, 0.0142000000000100 ) );
#8667 = DIRECTION( '', ( 0.00000000000000, 0.00000000000000, 1.00000000000000 ) );
#8668 = DIRECTION( '', ( 1.00000000000000, 0.00000000000000, 0.00000000000000 ) );
#8669 = CARTESIAN_POINT( '', ( 0.0110000000000100, 0.00800000000001000, 0.0142000000000100 ) );
#8670 = DIRECTION( '', ( 0.00000000000000, -0.00000000000000, 1.00000000000000 ) );
#8671 = DIRECTION( '', ( 0.00000000000000, 1.00000000000000, 0.00000000000000 ) );
#8672 = CARTESIAN_POINT( '', ( 0.0110000000000100, 0.00800000000001000, 0.00150000000001000 ) );
#8673 = DIRECTION( '', ( 0.00000000000000, 0.00000000000000, -1.00000000000000 ) );
#8674 = DIRECTION( '', ( 1.00000000000000, 0.00000000000000, 0.00000000000000 ) );
#8675 = DIRECTION( '', ( 0.00000000000000, 0.00000000000000, 1.00000000000000 ) );
#8676 = DIRECTION( '', ( 0.00000000000000, 0.00000000000000, 1.00000000000000 ) );
#8677 = DIRECTION( '', ( -0.866025403782844, -0.500000000002762, 0.00000000000000 ) );
#8678 = CARTESIAN_POINT( '', ( -0.0112500000000100, -0.00400000000001000, 0.00600000000001000 ) );
#8679 = DIRECTION( '', ( 1.00000000000000, 0.00000000000000, 0.00000000000000 ) );
#8680 = DIRECTION( '', ( 0.00000000000000, 1.00000000000000, 0.00000000000000 ) );
#8681 = CARTESIAN_POINT( '', ( -0.0139250000000100, -0.00400000000001000, 0.00600000000001000 ) );
#8682 = DIRECTION( '', ( -1.00000000000000, 0.00000000000000, 0.00000000000000 ) );
#8683 = DIRECTION( '', ( 0.00000000000000, 1.00000000000000, 0.00000000000000 ) );
#8684 = DIRECTION( '', ( 0.707106781186548, 0.707106781186548, 0.00000000000000 ) );
#8685 = DIRECTION( '', ( 0.281084637724544, -0.678598344544083, 0.678598344543583 ) );
#8686 = CARTESIAN_POINT( '', ( 0.00000000000000, 0.00800000000001000, 0.0187000000000100 ) );
#8687 = DIRECTION( '', ( 0.00000000000000, 0.00000000000000, 1.00000000000000 ) );
#8688 = DIRECTION( '', ( -1.00000000000000, 0.00000000000000, 0.00000000000000 ) );
#8689 = CARTESIAN_POINT( '', ( 0.00000000000000, 0.00800000000001000, 0.0190000000000100 ) );
#8690 = DIRECTION( '', ( 0.00000000000000, 0.00000000000000, 1.00000000000000 ) );
#8691 = DIRECTION( '', ( 1.00000000000000, 0.00000000000000, 0.00000000000000 ) );
#8692 = CARTESIAN_POINT( '', ( 0.0110000000000100, 0.00800000000001000, 0.0100000000000100 ) );
#8693 = DIRECTION( '', ( 0.00000000000000, 0.00000000000000, -1.00000000000000 ) );
#8694 = DIRECTION( '', ( -1.00000000000000, 0.00000000000000, 0.00000000000000 ) );
#8695 = CARTESIAN_POINT( '', ( -0.0110000000000100, 0.00800000000001000, -0.0167000000000100 ) );
#8696 = DIRECTION( '', ( 0.00000000000000, 0.00000000000000, -1.00000000000000 ) );
#8697 = DIRECTION( '', ( -1.00000000000000, 0.00000000000000, 0.00000000000000 ) );
#8698 = DIRECTION( '', ( 0.866025403782844, 0.500000000002762, 0.00000000000000 ) );
#8699 = DIRECTION( '', ( 0.00000000000000, 1.00000000000000, 0.00000000000000 ) );
#8700 = DIRECTION( '', ( -0.866025403782844, 0.500000000002762, 0.00000000000000 ) );
#8701 = DIRECTION( '', ( 0.00000000000000, -1.00000000000000, 0.00000000000000 ) );
#8702 = DIRECTION( '', ( 0.866025403782844, -0.500000000002762, 0.00000000000000 ) );
#8703 = DIRECTION( '', ( 0.00000000000000, 0.00000000000000, 1.00000000000000 ) );
#8704 = DIRECTION( '', ( -5.99275814462609E-13, -1.00000000000000, -6.06896127860614E-13 ) );
#8705 = DIRECTION( '', ( 0.00000000000000, 0.00000000000000, -1.00000000000000 ) );
#8706 = DIRECTION( '', ( 0.00000000000000, -1.00000000000000, 0.00000000000000 ) );
#8707 = DIRECTION( '', ( 0.00000000000000, 0.00000000000000, 1.00000000000000 ) );
#8708 = DIRECTION( '', ( 8.44893248763545E-13, -1.00000000000000, 8.53738780780138E-13 ) );
#8709 = DIRECTION( '', ( 0.00000000000000, 0.00000000000000, 1.00000000000000 ) );
#8710 = DIRECTION( '', ( 0.00000000000000, 1.00000000000000, 0.00000000000000 ) );
#8711 = CARTESIAN_POINT( '', ( -0.0142500000000100, -0.00400000000001000, 0.00600000000001000 ) );
#8712 = DIRECTION( '', ( -1.00000000000000, 0.00000000000000, 0.00000000000000 ) );
#8713 = DIRECTION( '', ( 0.00000000000000, -1.00000000000000, 0.00000000000000 ) );
#8714 = CARTESIAN_POINT( '', ( -0.0142500000000100, -0.0280000000000100, -0.00600000000001000 ) );
#8715 = DIRECTION( '', ( -1.00000000000000, 0.00000000000000, 0.00000000000000 ) );
#8716 = DIRECTION( '', ( 0.00000000000000, -1.00000000000000, 0.00000000000000 ) );
#8717 = CARTESIAN_POINT( '', ( -0.0142500000000100, -0.0280000000000100, 0.00600000000001000 ) );
#8718 = DIRECTION( '', ( -1.00000000000000, 0.00000000000000, 0.00000000000000 ) );
#8719 = DIRECTION( '', ( 0.00000000000000, -1.00000000000000, 0.00000000000000 ) );
#8720 = CARTESIAN_POINT( '', ( -0.0142500000000100, -0.00400000000001000, -0.00600000000001000 ) );
#8721 = DIRECTION( '', ( -1.00000000000000, 0.00000000000000, 0.00000000000000 ) );
#8722 = DIRECTION( '', ( 0.00000000000000, -1.00000000000000, 0.00000000000000 ) );
#8723 = CARTESIAN_POINT( '', ( -0.0110000000000100, -0.0320000000000100, 0.00150000000001000 ) );
#8724 = DIRECTION( '', ( 0.00000000000000, 0.00000000000000, -1.00000000000000 ) );
#8725 = DIRECTION( '', ( 1.00000000000000, 0.00000000000000, 0.00000000000000 ) );
#8726 = CARTESIAN_POINT( '', ( 0.0110000000000100, -0.0320000000000100, -0.00150000000001000 ) );
#8727 = DIRECTION( '', ( 0.00000000000000, 0.00000000000000, 1.00000000000000 ) );
#8728 = DIRECTION( '', ( -1.00000000000000, 0.00000000000000, 0.00000000000000 ) );
#8729 = DIRECTION( '', ( -1.00000000000000, 0.00000000000000, 0.00000000000000 ) );
#8730 = DIRECTION( '', ( 0.00000000000000, -1.00000000000000, 0.00000000000000 ) );
#8731 = CARTESIAN_POINT( '', ( 0.00000000000000, 0.00000000000000, -0.0160000000000100 ) );
#8732 = DIRECTION( '', ( -0.00000000000000, 0.00000000000000, -1.00000000000000 ) );
#8733 = DIRECTION( '', ( -0.458122847291311, -0.888888888888652, 0.00000000000000 ) );
#8734 = CARTESIAN_POINT( '', ( 0.0110000000000100, 0.00800000000001000, 0.0170000000000100 ) );
#8735 = DIRECTION( '', ( 0.00000000000000, 0.00000000000000, 1.00000000000000 ) );
#8736 = DIRECTION( '', ( -1.00000000000000, 0.00000000000000, 0.00000000000000 ) );
#8737 = CARTESIAN_POINT( '', ( 0.0110000000000100, 0.00800000000001000, 0.0142000000000100 ) );
#8738 = DIRECTION( '', ( 0.00000000000000, 0.00000000000000, -1.00000000000000 ) );
#8739 = DIRECTION( '', ( -1.00000000000000, 0.00000000000000, 0.00000000000000 ) );
#8740 = CARTESIAN_POINT( '', ( 0.0110000000000100, -0.00800000000001000, 0.0140000000000100 ) );
#8741 = DIRECTION( '', ( 0.00000000000000, 0.00000000000000, -1.00000000000000 ) );
#8742 = DIRECTION( '', ( -1.00000000000000, 0.00000000000000, 0.00000000000000 ) );
#8743 = DIRECTION( '', ( -0.281084637724544, 0.678598344544083, -0.678598344543583 ) );
#8744 = DIRECTION( '', ( 1.00000000000000, 0.00000000000000, 0.00000000000000 ) );
#8745 = DIRECTION( '', ( 0.281084637724046, 0.678598344544187, -0.678598344543686 ) );
#8746 = DIRECTION( '', ( 1.00000000000000, 0.00000000000000, 0.00000000000000 ) );
#8747 = CARTESIAN_POINT( '', ( -0.00565685424950200, 0.00565685424950200, 0.0170000000000100 ) );
#8748 = DIRECTION( '', ( -0.00000000000000, 0.00000000000000, -1.00000000000000 ) );
#8749 = DIRECTION( '', ( -0.707106781186547, -0.707106781186547, 0.00000000000000 ) );
#8750 = CARTESIAN_POINT( '', ( -0.00565685424950200, 0.00565685424950200, 0.0187000000000100 ) );
#8751 = DIRECTION( '', ( 0.00000000000000, 0.00000000000000, 1.00000000000000 ) );
#8752 = DIRECTION( '', ( -0.707106781186547, -0.707106781186547, 0.00000000000000 ) );
#8753 = CARTESIAN_POINT( '', ( 0.00000000000000, 0.00000000000000, 0.0170000000000100 ) );
#8754 = DIRECTION( '', ( 0.00000000000000, -0.00000000000000, 1.00000000000000 ) );
#8755 = DIRECTION( '', ( 0.00000000000000, 1.00000000000000, 0.00000000000000 ) );
#8756 = CARTESIAN_POINT( '', ( 0.00000000000000, 0.00000000000000, 0.0188000000000100 ) );
#8757 = DIRECTION( '', ( 0.00000000000000, 0.00000000000000, -1.00000000000000 ) );
#8758 = DIRECTION( '', ( 0.00000000000000, 1.00000000000000, 0.00000000000000 ) );
#8759 = DIRECTION( '', ( -1.00000000000000, 0.00000000000000, 0.00000000000000 ) );
#8760 = DIRECTION( '', ( -0.281084637724544, -0.678598344544083, -0.678598344543583 ) );
#8761 = DIRECTION( '', ( -1.00000000000000, 0.00000000000000, 0.00000000000000 ) );
#8762 = DIRECTION( '', ( 0.00000000000000, 0.00000000000000, -1.00000000000000 ) );
#8763 = DIRECTION( '', ( 0.00000000000000, 1.00000000000000, 0.00000000000000 ) );
#8764 = DIRECTION( '', ( 0.00000000000000, 0.00000000000000, -1.00000000000000 ) );
#8765 = DIRECTION( '', ( 0.00000000000000, 0.707106781186498, 0.707106781186598 ) );
#8766 = DIRECTION( '', ( 0.00000000000000, 0.00000000000000, -1.00000000000000 ) );
#8767 = DIRECTION( '', ( 0.00000000000000, 1.00000000000000, 0.00000000000000 ) );
#8768 = DIRECTION( '', ( 0.00000000000000, 0.00000000000000, -1.00000000000000 ) );
#8769 = DIRECTION( '', ( 0.00000000000000, 1.00000000000000, 0.00000000000000 ) );
#8770 = DIRECTION( '', ( -0.866025403782844, -0.500000000002762, 0.00000000000000 ) );
#8771 = DIRECTION( '', ( -0.866025403782844, -0.500000000002762, 0.00000000000000 ) );
#8772 = CARTESIAN_POINT( '', ( -0.0110000000000100, 0.00800000000001000, 0.00150000000001000 ) );
#8773 = DIRECTION( '', ( 0.00000000000000, 0.00000000000000, -1.00000000000000 ) );
#8774 = DIRECTION( '', ( 1.00000000000000, 0.00000000000000, 0.00000000000000 ) );
#8775 = CARTESIAN_POINT( '', ( -0.0110000000000100, -0.0320000000000100, 0.00220000000001000 ) );
#8776 = DIRECTION( '', ( 0.00000000000000, 0.00000000000000, 1.00000000000000 ) );
#8777 = DIRECTION( '', ( -1.00000000000000, 0.00000000000000, 0.00000000000000 ) );
#8778 = CARTESIAN_POINT( '', ( -0.0110000000000100, 0.00800000000001000, 0.0170000000000100 ) );
#8779 = DIRECTION( '', ( 0.00000000000000, 0.00000000000000, 1.00000000000000 ) );
#8780 = DIRECTION( '', ( -1.00000000000000, 0.00000000000000, 0.00000000000000 ) );
#8781 = DIRECTION( '', ( 1.00000000000000, 0.00000000000000, 0.00000000000000 ) );
#8782 = DIRECTION( '', ( 0.00000000000000, -1.00000000000000, 0.00000000000000 ) );
#8783 = DIRECTION( '', ( -1.00000000000000, 0.00000000000000, 0.00000000000000 ) );
#8784 = DIRECTION( '', ( 0.00000000000000, -1.00000000000000, 0.00000000000000 ) );
#8785 = DIRECTION( '', ( -0.866025403782844, -0.500000000002762, 0.00000000000000 ) );
#8786 = DIRECTION( '', ( -0.866025403782844, 0.500000000002762, 0.00000000000000 ) );
#8787 = DIRECTION( '', ( 0.00000000000000, 1.00000000000000, 0.00000000000000 ) );
#8788 = DIRECTION( '', ( 0.866025403782844, 0.500000000002762, 0.00000000000000 ) );
#8789 = DIRECTION( '', ( 0.866025403782844, -0.500000000002762, 0.00000000000000 ) );
#8790 = DIRECTION( '', ( 0.00000000000000, -1.00000000000000, 0.00000000000000 ) );
#8791 = DIRECTION( '', ( -0.866025403782844, -0.500000000002762, 0.00000000000000 ) );
#8792 = DIRECTION( '', ( 0.00000000000000, 1.00000000000000, 0.00000000000000 ) );
#8793 = DIRECTION( '', ( 0.866025403782844, 0.500000000002762, 0.00000000000000 ) );
#8794 = DIRECTION( '', ( 0.866025403782844, -0.500000000002762, 0.00000000000000 ) );
#8795 = DIRECTION( '', ( 0.00000000000000, 0.00000000000000, 1.00000000000000 ) );
#8796 = DIRECTION( '', ( 0.00000000000000, -1.00000000000000, 0.00000000000000 ) );
#8797 = DIRECTION( '', ( 0.00000000000000, 0.00000000000000, 1.00000000000000 ) );
#8798 = DIRECTION( '', ( 0.00000000000000, -1.00000000000000, 0.00000000000000 ) );
#8799 = DIRECTION( '', ( 0.00000000000000, 0.00000000000000, 1.00000000000000 ) );
#8800 = DIRECTION( '', ( 0.00000000000000, 0.00000000000000, 1.00000000000000 ) );
#8801 = DIRECTION( '', ( 0.866025403782844, 0.500000000002762, 0.00000000000000 ) );
#8802 = CARTESIAN_POINT( '', ( 0.0139250000000100, -0.00400000000001000, 0.00600000000001000 ) );
#8803 = DIRECTION( '', ( 1.00000000000000, 0.00000000000000, 0.00000000000000 ) );
#8804 = DIRECTION( '', ( 0.00000000000000, -1.00000000000000, 0.00000000000000 ) );
#8805 = CARTESIAN_POINT( '', ( 0.0142500000000100, -0.00400000000001000, 0.00600000000001000 ) );
#8806 = DIRECTION( '', ( 1.00000000000000, 0.00000000000000, 0.00000000000000 ) );
#8807 = DIRECTION( '', ( 0.00000000000000, 1.00000000000000, 0.00000000000000 ) );
#8808 = DIRECTION( '', ( 0.281084637724544, 0.678598344544083, 0.678598344543583 ) );
#8809 = DIRECTION( '', ( -1.00000000000000, 0.00000000000000, 0.00000000000000 ) );
#8810 = DIRECTION( '', ( 0.00000000000000, 0.00000000000000, 1.00000000000000 ) );
#8811 = DIRECTION( '', ( 0.00000000000000, 0.00000000000000, 1.00000000000000 ) );
#8812 = DIRECTION( '', ( 0.866025403782844, -0.500000000002762, 0.00000000000000 ) );
#8813 = CARTESIAN_POINT( '', ( -0.00565685424950200, -0.00565685424950200, 0.0170000000000100 ) );
#8814 = DIRECTION( '', ( 0.00000000000000, 0.00000000000000, -1.00000000000000 ) );
#8815 = DIRECTION( '', ( 0.707106781186547, -0.707106781186547, 0.00000000000000 ) );
#8816 = CARTESIAN_POINT( '', ( -0.00800000000001000, 0.00825000000001000, 0.00600000000001000 ) );
#8817 = DIRECTION( '', ( 0.00000000000000, -1.00000000000000, 0.00000000000000 ) );
#8818 = DIRECTION( '', ( -1.00000000000000, 0.00000000000000, 0.00000000000000 ) );
#8819 = CARTESIAN_POINT( '', ( -0.0110000000000100, -0.00800000000001000, 0.0140000000000100 ) );
#8820 = DIRECTION( '', ( 0.00000000000000, 0.00000000000000, -1.00000000000000 ) );
#8821 = DIRECTION( '', ( -1.00000000000000, 0.00000000000000, 0.00000000000000 ) );
#8822 = CARTESIAN_POINT( '', ( -0.0110000000000100, -0.00800000000001000, 0.0166750000000100 ) );
#8823 = DIRECTION( '', ( 0.00000000000000, 0.00000000000000, 1.00000000000000 ) );
#8824 = DIRECTION( '', ( -1.00000000000000, 0.00000000000000, 0.00000000000000 ) );
#8825 = DIRECTION( '', ( 0.707106781186548, -0.707106781186548, 0.00000000000000 ) );
#8826 = DIRECTION( '', ( -1.00000000000000, 0.00000000000000, 0.00000000000000 ) );
#8827 = DIRECTION( '', ( 0.707106781186548, 0.707106781186548, 0.00000000000000 ) );
#8828 = DIRECTION( '', ( 0.00000000000000, -1.00000000000000, 0.00000000000000 ) );
#8829 = DIRECTION( '', ( -1.00000000000000, 0.00000000000000, 0.00000000000000 ) );
#8830 = DIRECTION( '', ( 0.00000000000000, 1.00000000000000, 0.00000000000000 ) );
#8831 = CARTESIAN_POINT( '', ( 0.0142500000000100, -0.0280000000000100, 0.00600000000001000 ) );
#8832 = DIRECTION( '', ( 1.00000000000000, 0.00000000000000, 0.00000000000000 ) );
#8833 = DIRECTION( '', ( 0.00000000000000, 1.00000000000000, 0.00000000000000 ) );
#8834 = DIRECTION( '', ( 0.00000000000000, 0.00000000000000, 1.00000000000000 ) );
#8835 = DIRECTION( '', ( 0.00000000000000, 0.00000000000000, 1.00000000000000 ) );
#8836 = DIRECTION( '', ( -0.866025403782844, -0.500000000002762, 0.00000000000000 ) );
#8837 = DIRECTION( '', ( 0.00000000000000, 0.00000000000000, -1.00000000000000 ) );
#8838 = DIRECTION( '', ( 0.866025403782844, 0.500000000002762, 0.00000000000000 ) );
#8839 = DIRECTION( '', ( 0.00000000000000, 0.00000000000000, -1.00000000000000 ) );
#8840 = DIRECTION( '', ( 0.866025403782844, 0.500000000002762, 0.00000000000000 ) );
#8841 = CARTESIAN_POINT( '', ( 0.0112500000000100, -0.00400000000001000, 0.00600000000001000 ) );
#8842 = DIRECTION( '', ( -1.00000000000000, 0.00000000000000, 0.00000000000000 ) );
#8843 = DIRECTION( '', ( 0.00000000000000, -1.00000000000000, 0.00000000000000 ) );
#8844 = CARTESIAN_POINT( '', ( 0.00000000000000, 0.00000000000000, 0.0232500000000100 ) );
#8845 = DIRECTION( '', ( 0.00000000000000, 0.00000000000000, -1.00000000000000 ) );
#8846 = DIRECTION( '', ( -1.00000000000000, 0.00000000000000, 0.00000000000000 ) );
#8847 = DIRECTION( '', ( 0.00000000000000, -1.00000000000000, 0.00000000000000 ) );
#8848 = DIRECTION( '', ( 0.866025403782844, -0.500000000002762, 0.00000000000000 ) );
#8849 = DIRECTION( '', ( 0.866025403782844, 0.500000000002762, 0.00000000000000 ) );
#8850 = DIRECTION( '', ( -0.866025403782844, 0.500000000002762, 0.00000000000000 ) );
#8851 = DIRECTION( '', ( -0.866025403782844, -0.500000000002762, 0.00000000000000 ) );
#8852 = CARTESIAN_POINT( '', ( 0.0110000000000100, -0.0320000000000100, -0.0142000000000100 ) );
#8853 = DIRECTION( '', ( 0.00000000000000, 0.00000000000000, -1.00000000000000 ) );
#8854 = DIRECTION( '', ( 0.00000000000000, 1.00000000000000, 0.00000000000000 ) );
#8855 = CARTESIAN_POINT( '', ( 0.0110000000000100, -0.0320000000000100, -0.00790000000001000 ) );
#8856 = DIRECTION( '', ( 0.00000000000000, 0.00000000000000, 1.00000000000000 ) );
#8857 = DIRECTION( '', ( 1.00000000000000, 0.00000000000000, 0.00000000000000 ) );
#8858 = CARTESIAN_POINT( '', ( -0.0110000000000100, -0.0320000000000100, -0.0167000000000100 ) );
#8859 = DIRECTION( '', ( 0.00000000000000, 0.00000000000000, -1.00000000000000 ) );
#8860 = DIRECTION( '', ( -1.00000000000000, 0.00000000000000, 0.00000000000000 ) );
#8861 = CARTESIAN_POINT( '', ( -0.0110000000000100, -0.0320000000000100, -0.0142000000000100 ) );
#8862 = DIRECTION( '', ( 0.00000000000000, 0.00000000000000, -1.00000000000000 ) );
#8863 = DIRECTION( '', ( -1.00000000000000, 0.00000000000000, 0.00000000000000 ) );
#8864 = DIRECTION( '', ( -0.281084637724046, 0.678598344544187, 0.678598344543686 ) );
#8865 = DIRECTION( '', ( -1.00000000000000, 0.00000000000000, 0.00000000000000 ) );
#8866 = DIRECTION( '', ( 0.00000000000000, -0.707106781186498, -0.707106781186598 ) );
#8867 = CARTESIAN_POINT( '', ( 0.0110000000000100, -0.0320000000000100, -0.0142000000000100 ) );
#8868 = DIRECTION( '', ( 0.00000000000000, 0.00000000000000, -1.00000000000000 ) );
#8869 = DIRECTION( '', ( -1.00000000000000, 0.00000000000000, 0.00000000000000 ) );
#8870 = CARTESIAN_POINT( '', ( -0.0110000000000100, 0.00800000000001000, -0.0142000000000100 ) );
#8871 = DIRECTION( '', ( 0.00000000000000, 0.00000000000000, -1.00000000000000 ) );
#8872 = DIRECTION( '', ( 0.00000000000000, 1.00000000000000, 0.00000000000000 ) );
#8873 = CARTESIAN_POINT( '', ( 0.0142500000000100, -0.0280000000000100, -0.00600000000001000 ) );
#8874 = DIRECTION( '', ( 1.00000000000000, 0.00000000000000, 0.00000000000000 ) );
#8875 = DIRECTION( '', ( 0.00000000000000, 1.00000000000000, 0.00000000000000 ) );
#8876 = CARTESIAN_POINT( '', ( 0.0110000000000100, -0.0320000000000100, -0.00800000000001000 ) );
#8877 = DIRECTION( '', ( 0.00000000000000, 0.00000000000000, -1.00000000000000 ) );
#8878 = DIRECTION( '', ( -1.00000000000000, 0.00000000000000, 0.00000000000000 ) );
#8879 = CARTESIAN_POINT( '', ( 0.0110000000000100, -0.0320000000000100, -0.00800000000001000 ) );
#8880 = DIRECTION( '', ( 0.00000000000000, 0.00000000000000, 1.00000000000000 ) );
#8881 = DIRECTION( '', ( 1.00000000000000, 0.00000000000000, 0.00000000000000 ) );
#8882 = DIRECTION( '', ( 0.00000000000000, 0.00000000000000, -1.00000000000000 ) );
#8883 = CARTESIAN_POINT( '', ( -0.0110000000000100, -0.0320000000000100, 0.00990000000001000 ) );
#8884 = DIRECTION( '', ( 0.00000000000000, 0.00000000000000, -1.00000000000000 ) );
#8885 = DIRECTION( '', ( -1.00000000000000, 0.00000000000000, 0.00000000000000 ) );
#8886 = CARTESIAN_POINT( '', ( 0.0110000000000100, -0.00800000000001000, 0.0166750000000100 ) );
#8887 = DIRECTION( '', ( 0.00000000000000, 0.00000000000000, 1.00000000000000 ) );
#8888 = DIRECTION( '', ( -1.00000000000000, 0.00000000000000, 0.00000000000000 ) );
#8889 = CARTESIAN_POINT( '', ( 0.0110000000000100, -0.00800000000001000, 0.0170000000000100 ) );
#8890 = DIRECTION( '', ( 0.00000000000000, 0.00000000000000, 1.00000000000000 ) );
#8891 = DIRECTION( '', ( 1.00000000000000, 0.00000000000000, 0.00000000000000 ) );
#8892 = DIRECTION( '', ( 0.00000000000000, 0.00000000000000, 1.00000000000000 ) );
#8893 = DIRECTION( '', ( -0.866025403782844, 0.500000000002762, 0.00000000000000 ) );
#8894 = CARTESIAN_POINT( '', ( 0.00800000000001000, -0.0322500000000100, 0.00600000000001000 ) );
#8895 = DIRECTION( '', ( 0.00000000000000, 1.00000000000000, 0.00000000000000 ) );
#8896 = DIRECTION( '', ( -1.00000000000000, 0.00000000000000, 0.00000000000000 ) );
#8897 = CARTESIAN_POINT( '', ( 0.0110000000000100, 0.00800000000001000, -0.00150000000001000 ) );
#8898 = DIRECTION( '', ( 0.00000000000000, 0.00000000000000, 1.00000000000000 ) );
#8899 = DIRECTION( '', ( -1.00000000000000, 0.00000000000000, 0.00000000000000 ) );
#8900 = CARTESIAN_POINT( '', ( 0.0110000000000100, 0.00800000000001000, -0.00220000000001000 ) );
#8901 = DIRECTION( '', ( 0.00000000000000, 0.00000000000000, -1.00000000000000 ) );
#8902 = DIRECTION( '', ( 1.00000000000000, 0.00000000000000, 0.00000000000000 ) );
#8903 = CARTESIAN_POINT( '', ( 0.0110000000000100, -0.0320000000000100, 0.0142000000000100 ) );
#8904 = DIRECTION( '', ( 0.00000000000000, 0.00000000000000, -1.00000000000000 ) );
#8905 = DIRECTION( '', ( 0.00000000000000, -1.00000000000000, 0.00000000000000 ) );
#8906 = DIRECTION( '', ( -0.281084637724544, -0.678598344544083, 0.678598344543583 ) );
#8907 = DIRECTION( '', ( 1.00000000000000, 0.00000000000000, 0.00000000000000 ) );
#8908 = DIRECTION( '', ( 0.00000000000000, 0.00000000000000, 1.00000000000000 ) );
#8909 = DIRECTION( '', ( -0.866025403782844, 0.500000000002762, 0.00000000000000 ) );
#8910 = DIRECTION( '', ( 0.00000000000000, 0.00000000000000, 1.00000000000000 ) );
#8911 = DIRECTION( '', ( -0.866025403782844, 0.500000000002762, 0.00000000000000 ) );
#8912 = CARTESIAN_POINT( '', ( 0.00800000000001000, -0.0322500000000100, -0.00600000000001000 ) );
#8913 = DIRECTION( '', ( 0.00000000000000, 1.00000000000000, 0.00000000000000 ) );
#8914 = DIRECTION( '', ( -1.00000000000000, 0.00000000000000, 0.00000000000000 ) );
#8915 = CARTESIAN_POINT( '', ( 0.00800000000001000, -0.0349250000000100, -0.00600000000001000 ) );
#8916 = DIRECTION( '', ( 0.00000000000000, -1.00000000000000, 0.00000000000000 ) );
#8917 = DIRECTION( '', ( -1.00000000000000, 0.00000000000000, 0.00000000000000 ) );
#8918 = CARTESIAN_POINT( '', ( 0.0110000000000100, 0.00800000000001000, 0.0142000000000100 ) );
#8919 = DIRECTION( '', ( 0.00000000000000, 0.00000000000000, -1.00000000000000 ) );
#8920 = DIRECTION( '', ( 0.00000000000000, -1.00000000000000, 0.00000000000000 ) );
#8921 = CARTESIAN_POINT( '', ( 0.00000000000000, 0.00000000000000, 0.0209000000000100 ) );
#8922 = DIRECTION( '', ( 0.00000000000000, 0.00000000000000, 1.00000000000000 ) );
#8923 = DIRECTION( '', ( -1.00000000000000, 0.00000000000000, 0.00000000000000 ) );
#8924 = DIRECTION( '', ( 0.00000000000000, 0.00000000000000, 1.00000000000000 ) );
#8925 = DIRECTION( '', ( 0.00000000000000, 0.00000000000000, 1.00000000000000 ) );
#8926 = CARTESIAN_POINT( '', ( 0.00800000000001000, 0.0112500000000100, 0.00600000000001000 ) );
#8927 = DIRECTION( '', ( 0.00000000000000, 1.00000000000000, 0.00000000000000 ) );
#8928 = DIRECTION( '', ( -1.00000000000000, 0.00000000000000, 0.00000000000000 ) );
#8929 = CARTESIAN_POINT( '', ( 0.00800000000001000, -0.0349250000000100, 0.00600000000001000 ) );
#8930 = DIRECTION( '', ( 0.00000000000000, -1.00000000000000, 0.00000000000000 ) );
#8931 = DIRECTION( '', ( -1.00000000000000, 0.00000000000000, 0.00000000000000 ) );
#8932 = DIRECTION( '', ( 0.00000000000000, 0.00000000000000, -1.00000000000000 ) );
#8933 = DIRECTION( '', ( -0.866025403782844, -0.500000000002762, 0.00000000000000 ) );
#8934 = DIRECTION( '', ( 0.00000000000000, 0.00000000000000, -1.00000000000000 ) );
#8935 = DIRECTION( '', ( 0.00000000000000, 0.00000000000000, -1.00000000000000 ) );
#8936 = DIRECTION( '', ( 0.00000000000000, 0.00000000000000, -1.00000000000000 ) );
#8937 = DIRECTION( '', ( 0.00000000000000, -1.00000000000000, 0.00000000000000 ) );
#8938 = CARTESIAN_POINT( '', ( -0.0110000000000100, -0.0320000000000100, 0.0142000000000100 ) );
#8939 = DIRECTION( '', ( 0.00000000000000, 0.00000000000000, 1.00000000000000 ) );
#8940 = DIRECTION( '', ( 1.00000000000000, 0.00000000000000, 0.00000000000000 ) );
#8941 = CARTESIAN_POINT( '', ( -0.0110000000000100, -0.0320000000000100, 0.0142000000000100 ) );
#8942 = DIRECTION( '', ( 0.00000000000000, -0.00000000000000, 1.00000000000000 ) );
#8943 = DIRECTION( '', ( 0.00000000000000, 1.00000000000000, 0.00000000000000 ) );
#8944 = CARTESIAN_POINT( '', ( -0.0110000000000100, 0.00800000000001000, 0.0142000000000100 ) );
#8945 = DIRECTION( '', ( 0.00000000000000, 0.00000000000000, 1.00000000000000 ) );
#8946 = DIRECTION( '', ( 1.00000000000000, 0.00000000000000, 0.00000000000000 ) );
#8947 = CARTESIAN_POINT( '', ( -0.0110000000000100, 0.00800000000001000, 0.0100000000000100 ) );
#8948 = DIRECTION( '', ( 0.00000000000000, 0.00000000000000, -1.00000000000000 ) );
#8949 = DIRECTION( '', ( -1.00000000000000, 0.00000000000000, 0.00000000000000 ) );
#8950 = CARTESIAN_POINT( '', ( -0.0110000000000100, 0.00800000000001000, 0.00220000000001000 ) );
#8951 = DIRECTION( '', ( 0.00000000000000, 0.00000000000000, 1.00000000000000 ) );
#8952 = DIRECTION( '', ( -1.00000000000000, 0.00000000000000, 0.00000000000000 ) );
#8953 = CARTESIAN_POINT( '', ( 0.00000000000000, -0.00800000000001000, 0.0187000000000100 ) );
#8954 = DIRECTION( '', ( 0.00000000000000, 0.00000000000000, 1.00000000000000 ) );
#8955 = DIRECTION( '', ( 1.00000000000000, 0.00000000000000, 0.00000000000000 ) );
#8956 = CARTESIAN_POINT( '', ( 0.00000000000000, -0.00800000000001000, 0.0190000000000100 ) );
#8957 = DIRECTION( '', ( 0.00000000000000, 0.00000000000000, 1.00000000000000 ) );
#8958 = DIRECTION( '', ( -1.00000000000000, 0.00000000000000, 0.00000000000000 ) );
#8959 = DIRECTION( '', ( -0.678598344544187, 0.281084637724046, 0.678598344543686 ) );
#8960 = DIRECTION( '', ( -0.707106781186548, -0.707106781186548, 0.00000000000000 ) );
#8961 = DIRECTION( '', ( -0.577350269189626, 0.577350269189626, -0.577350269189626 ) );
#8962 = DIRECTION( '', ( 0.707106781186548, 0.00000000000000, 0.707106781186548 ) );
#8963 = DIRECTION( '', ( 0.00000000000000, 1.00000000000000, 0.00000000000000 ) );
#8964 = CARTESIAN_POINT( '', ( 0.0110000000000100, -0.0320000000000100, 0.0100000000000100 ) );
#8965 = DIRECTION( '', ( 0.00000000000000, 0.00000000000000, 1.00000000000000 ) );
#8966 = DIRECTION( '', ( 1.00000000000000, 0.00000000000000, 0.00000000000000 ) );
#8967 = CARTESIAN_POINT( '', ( 0.0110000000000100, -0.0320000000000100, 0.0100000000000100 ) );
#8968 = DIRECTION( '', ( 0.00000000000000, 0.00000000000000, -1.00000000000000 ) );
#8969 = DIRECTION( '', ( -1.00000000000000, 0.00000000000000, 0.00000000000000 ) );
#8970 = CARTESIAN_POINT( '', ( 0.00800000000001000, 0.00000000000000, 0.0187000000000100 ) );
#8971 = DIRECTION( '', ( 0.00000000000000, -0.00000000000000, 1.00000000000000 ) );
#8972 = DIRECTION( '', ( 0.00000000000000, 1.00000000000000, 0.00000000000000 ) );
#8973 = DIRECTION( '', ( 0.00000000000000, 0.00000000000000, 1.00000000000000 ) );
#8974 = DIRECTION( '', ( 0.00000000000000, -1.00000000000000, 0.00000000000000 ) );
#8975 = DIRECTION( '', ( 0.00000000000000, 0.00000000000000, -1.00000000000000 ) );
#8976 = DIRECTION( '', ( -0.866025403782844, -0.500000000002762, 0.00000000000000 ) );
#8977 = CARTESIAN_POINT( '', ( 0.00565685424950200, -0.00565685424950200, 0.0187000000000100 ) );
#8978 = DIRECTION( '', ( 0.00000000000000, -0.00000000000000, 1.00000000000000 ) );
#8979 = DIRECTION( '', ( 0.707106781186547, 0.707106781186547, 0.00000000000000 ) );
#8980 = CARTESIAN_POINT( '', ( 0.00565685424950200, -0.00565685424950200, 0.0190000000000100 ) );
#8981 = DIRECTION( '', ( 0.00000000000000, 0.00000000000000, 1.00000000000000 ) );
#8982 = DIRECTION( '', ( -0.707106781186547, -0.707106781186547, 0.00000000000000 ) );
#8983 = DIRECTION( '', ( 0.707106781186548, 0.707106781186548, 0.00000000000000 ) );
#8984 = DIRECTION( '', ( 0.00000000000000, 1.00000000000000, 0.00000000000000 ) );
#8985 = DIRECTION( '', ( -0.707106781186548, 0.707106781186548, 0.00000000000000 ) );
#8986 = DIRECTION( '', ( 0.00000000000000, -1.00000000000000, 0.00000000000000 ) );
#8987 = DIRECTION( '', ( 0.707106781186548, -0.707106781186548, 0.00000000000000 ) );
#8988 = CARTESIAN_POINT( '', ( -0.0110000000000100, -0.0320000000000100, 0.0170000000000100 ) );
#8989 = DIRECTION( '', ( 0.00000000000000, 0.00000000000000, 1.00000000000000 ) );
#8990 = DIRECTION( '', ( -1.00000000000000, 0.00000000000000, 0.00000000000000 ) );
#8991 = CARTESIAN_POINT( '', ( -0.0110000000000100, -0.00800000000001000, 0.0170000000000100 ) );
#8992 = DIRECTION( '', ( 0.00000000000000, 0.00000000000000, 1.00000000000000 ) );
#8993 = DIRECTION( '', ( 1.00000000000000, 0.00000000000000, 0.00000000000000 ) );
#8994 = DIRECTION( '', ( 0.00000000000000, 0.00000000000000, 1.00000000000000 ) );
#8995 = DIRECTION( '', ( -0.707106781186548, 0.707106781186548, 0.00000000000000 ) );
#8996 = DIRECTION( '', ( 0.00000000000000, 0.00000000000000, 1.00000000000000 ) );
#8997 = DIRECTION( '', ( 0.707106781186548, -0.707106781186548, 0.00000000000000 ) );
#8998 = CARTESIAN_POINT( '', ( -0.0110000000000100, 0.00800000000001000, -0.00150000000001000 ) );
#8999 = DIRECTION( '', ( 0.00000000000000, 0.00000000000000, 1.00000000000000 ) );
#9000 = DIRECTION( '', ( -1.00000000000000, 0.00000000000000, 0.00000000000000 ) );
#9001 = DIRECTION( '', ( 0.00000000000000, 0.00000000000000, -1.00000000000000 ) );
#9002 = CARTESIAN_POINT( '', ( 0.00000000000000, 0.00000000000000, -0.0160000000000100 ) );
#9003 = DIRECTION( '', ( 0.00000000000000, 0.00000000000000, -1.00000000000000 ) );
#9004 = DIRECTION( '', ( 0.627777777777920, -0.778392614127483, 0.00000000000000 ) );
#9005 = DIRECTION( '', ( 0.00000000000000, 0.00000000000000, 1.00000000000000 ) );
#9006 = CARTESIAN_POINT( '', ( 0.00800000000001000, -0.0352500000000100, -0.00600000000001000 ) );
#9007 = DIRECTION( '', ( 0.00000000000000, -1.00000000000000, 0.00000000000000 ) );
#9008 = DIRECTION( '', ( 1.00000000000000, 0.00000000000000, 0.00000000000000 ) );
#9009 = CARTESIAN_POINT( '', ( -0.00800000000001000, 0.0109250000000100, 0.00600000000001000 ) );
#9010 = DIRECTION( '', ( -0.00000000000000, 1.00000000000000, 0.00000000000000 ) );
#9011 = DIRECTION( '', ( 1.00000000000000, 0.00000000000000, 0.00000000000000 ) );
#9012 = CARTESIAN_POINT( '', ( -0.00800000000001000, 0.0112500000000100, 0.00600000000001000 ) );
#9013 = DIRECTION( '', ( 0.00000000000000, 1.00000000000000, 0.00000000000000 ) );
#9014 = DIRECTION( '', ( -1.00000000000000, 0.00000000000000, 0.00000000000000 ) );
#9015 = CARTESIAN_POINT( '', ( -0.0110000000000100, -0.0320000000000100, -0.0142000000000100 ) );
#9016 = DIRECTION( '', ( 0.00000000000000, 0.00000000000000, 1.00000000000000 ) );
#9017 = DIRECTION( '', ( 1.00000000000000, 0.00000000000000, 0.00000000000000 ) );
#9018 = DIRECTION( '', ( 0.00000000000000, 0.00000000000000, 1.00000000000000 ) );
#9019 = DIRECTION( '', ( 0.00000000000000, 0.00000000000000, 1.00000000000000 ) );
#9020 = DIRECTION( '', ( 0.00000000000000, 0.00000000000000, -1.00000000000000 ) );
#9021 = DIRECTION( '', ( 0.00000000000000, 0.00000000000000, 1.00000000000000 ) );
#9022 = DIRECTION( '', ( -0.577350269189626, -0.577350269189626, 0.577350269189626 ) );
#9023 = DIRECTION( '', ( 0.00000000000000, 0.00000000000000, 1.00000000000000 ) );
#9024 = DIRECTION( '', ( 0.00000000000000, 1.00000000000000, 0.00000000000000 ) );
#9025 = DIRECTION( '', ( 0.00000000000000, 0.00000000000000, -1.00000000000000 ) );
#9026 = DIRECTION( '', ( 0.00000000000000, -1.00000000000000, 0.00000000000000 ) );
#9027 = DIRECTION( '', ( 0.00000000000000, 0.00000000000000, 1.00000000000000 ) );
#9028 = DIRECTION( '', ( -0.866025403782844, -0.500000000002762, 0.00000000000000 ) );
#9029 = DIRECTION( '', ( 0.00000000000000, 0.00000000000000, -1.00000000000000 ) );
#9030 = DIRECTION( '', ( 0.866025403782844, 0.500000000002762, 0.00000000000000 ) );
#9031 = DIRECTION( '', ( 0.00000000000000, 0.00000000000000, -1.00000000000000 ) );
#9032 = CARTESIAN_POINT( '', ( -0.0110000000000100, -0.0320000000000100, 0.0167000000000100 ) );
#9033 = DIRECTION( '', ( 0.00000000000000, 0.00000000000000, 1.00000000000000 ) );
#9034 = DIRECTION( '', ( 1.00000000000000, 0.00000000000000, 0.00000000000000 ) );
#9035 = DIRECTION( '', ( -0.866025403782844, 0.500000000002762, 0.00000000000000 ) );
#9036 = DIRECTION( '', ( 0.00000000000000, 1.00000000000000, 0.00000000000000 ) );
#9037 = DIRECTION( '', ( 0.866025403782844, 0.500000000002762, 0.00000000000000 ) );
#9038 = DIRECTION( '', ( 0.866025403782844, -0.500000000002762, 0.00000000000000 ) );
#9039 = DIRECTION( '', ( -0.866025403782844, -0.500000000002762, 0.00000000000000 ) );
#9040 = CARTESIAN_POINT( '', ( 0.0110000000000100, -0.0320000000000100, -0.0142000000000100 ) );
#9041 = DIRECTION( '', ( 0.00000000000000, 0.00000000000000, 1.00000000000000 ) );
#9042 = DIRECTION( '', ( 1.00000000000000, 0.00000000000000, 0.00000000000000 ) );
#9043 = DIRECTION( '', ( 0.00000000000000, 0.00000000000000, -1.00000000000000 ) );
#9044 = DIRECTION( '', ( 0.00000000000000, 1.00000000000000, 0.00000000000000 ) );
#9045 = DIRECTION( '', ( -0.866025403782844, -0.500000000002762, 0.00000000000000 ) );
#9046 = DIRECTION( '', ( -0.866025403782844, -0.500000000002762, 0.00000000000000 ) );
#9047 = DIRECTION( '', ( 0.00000000000000, 0.00000000000000, 1.00000000000000 ) );
#9048 = DIRECTION( '', ( 0.00000000000000, 0.00000000000000, -1.00000000000000 ) );
#9049 = DIRECTION( '', ( 0.00000000000000, -1.00000000000000, 0.00000000000000 ) );
#9050 = DIRECTION( '', ( 0.00000000000000, 0.00000000000000, 1.00000000000000 ) );
#9051 = DIRECTION( '', ( -5.99275814462609E-13, 1.00000000000000, 6.06896127860614E-13 ) );
#9052 = DIRECTION( '', ( 0.00000000000000, -1.00000000000000, 0.00000000000000 ) );
#9053 = CARTESIAN_POINT( '', ( 0.0142500000000100, -0.00400000000001000, -0.00600000000001000 ) );
#9054 = DIRECTION( '', ( 1.00000000000000, 0.00000000000000, 0.00000000000000 ) );
#9055 = DIRECTION( '', ( 0.00000000000000, 1.00000000000000, 0.00000000000000 ) );
#9056 = CARTESIAN_POINT( '', ( 0.00000000000000, 0.00000000000000, 0.0190000000000100 ) );
#9057 = DIRECTION( '', ( 0.00000000000000, 0.00000000000000, -1.00000000000000 ) );
#9058 = DIRECTION( '', ( 0.00000000000000, 1.00000000000000, 0.00000000000000 ) );
#9059 = DIRECTION( '', ( 0.00000000000000, 0.00000000000000, -1.00000000000000 ) );
#9060 = DIRECTION( '', ( 1.00000000000000, 0.00000000000000, 0.00000000000000 ) );
#9061 = CARTESIAN_POINT( '', ( -0.0139250000000100, -0.0280000000000100, -0.00600000000001000 ) );
#9062 = DIRECTION( '', ( -1.00000000000000, 0.00000000000000, 0.00000000000000 ) );
#9063 = DIRECTION( '', ( 0.00000000000000, 1.00000000000000, 0.00000000000000 ) );
#9064 = CARTESIAN_POINT( '', ( -0.0112500000000100, -0.00400000000001000, -0.00600000000001000 ) );
#9065 = DIRECTION( '', ( 1.00000000000000, 0.00000000000000, 0.00000000000000 ) );
#9066 = DIRECTION( '', ( 0.00000000000000, 1.00000000000000, 0.00000000000000 ) );
#9067 = CARTESIAN_POINT( '', ( -0.0139250000000100, -0.00400000000001000, -0.00600000000001000 ) );
#9068 = DIRECTION( '', ( -1.00000000000000, 0.00000000000000, 0.00000000000000 ) );
#9069 = DIRECTION( '', ( 0.00000000000000, 1.00000000000000, 0.00000000000000 ) );
#9070 = DIRECTION( '', ( 0.00000000000000, 1.00000000000000, 0.00000000000000 ) );
#9071 = CARTESIAN_POINT( '', ( -0.0112500000000100, -0.0280000000000100, -0.00600000000001000 ) );
#9072 = DIRECTION( '', ( 1.00000000000000, 0.00000000000000, 0.00000000000000 ) );
#9073 = DIRECTION( '', ( 0.00000000000000, 1.00000000000000, 0.00000000000000 ) );
#9074 = CARTESIAN_POINT( '', ( 0.00565685424950200, 0.00565685424950200, 0.0187000000000100 ) );
#9075 = DIRECTION( '', ( 0.00000000000000, 0.00000000000000, 1.00000000000000 ) );
#9076 = DIRECTION( '', ( -0.707106781186547, 0.707106781186547, 0.00000000000000 ) );
#9077 = CARTESIAN_POINT( '', ( 0.00565685424950200, 0.00565685424950200, 0.0190000000000100 ) );
#9078 = DIRECTION( '', ( 0.00000000000000, 0.00000000000000, 1.00000000000000 ) );
#9079 = DIRECTION( '', ( 0.707106781186547, -0.707106781186547, 0.00000000000000 ) );
#9080 = DIRECTION( '', ( 0.00000000000000, 0.00000000000000, 1.00000000000000 ) );
#9081 = DIRECTION( '', ( 0.00000000000000, 0.00000000000000, 1.00000000000000 ) );
#9082 = CARTESIAN_POINT( '', ( -0.00800000000001000, -0.0352500000000100, 0.00600000000001000 ) );
#9083 = DIRECTION( '', ( 0.00000000000000, -1.00000000000000, 0.00000000000000 ) );
#9084 = DIRECTION( '', ( 1.00000000000000, 0.00000000000000, 0.00000000000000 ) );
#9085 = CARTESIAN_POINT( '', ( -0.00800000000001000, -0.0352500000000100, -0.00600000000001000 ) );
#9086 = DIRECTION( '', ( 0.00000000000000, -1.00000000000000, 0.00000000000000 ) );
#9087 = DIRECTION( '', ( 1.00000000000000, 0.00000000000000, 0.00000000000000 ) );
#9088 = CARTESIAN_POINT( '', ( 0.00800000000001000, -0.0352500000000100, 0.00600000000001000 ) );
#9089 = DIRECTION( '', ( 0.00000000000000, -1.00000000000000, 0.00000000000000 ) );
#9090 = DIRECTION( '', ( 1.00000000000000, 0.00000000000000, 0.00000000000000 ) );
#9091 = CARTESIAN_POINT( '', ( 0.0110000000000100, 0.00800000000001000, -0.0142000000000100 ) );
#9092 = DIRECTION( '', ( 0.00000000000000, 0.00000000000000, -1.00000000000000 ) );
#9093 = DIRECTION( '', ( 0.00000000000000, 1.00000000000000, 0.00000000000000 ) );
#9094 = DIRECTION( '', ( 0.707106781186548, -0.707106781186548, 0.00000000000000 ) );
#9095 = DIRECTION( '', ( -0.707106781186548, 0.707106781186548, 0.00000000000000 ) );
#9096 = CARTESIAN_POINT( '', ( -0.0139250000000100, -0.0280000000000100, 0.00600000000001000 ) );
#9097 = DIRECTION( '', ( -1.00000000000000, 0.00000000000000, 0.00000000000000 ) );
#9098 = DIRECTION( '', ( 0.00000000000000, 1.00000000000000, 0.00000000000000 ) );
#9099 = CARTESIAN_POINT( '', ( 0.0110000000000100, 0.00800000000001000, 0.00220000000001000 ) );
#9100 = DIRECTION( '', ( 0.00000000000000, 0.00000000000000, 1.00000000000000 ) );
#9101 = DIRECTION( '', ( -1.00000000000000, 0.00000000000000, 0.00000000000000 ) );
#9102 = CARTESIAN_POINT( '', ( -0.0110000000000100, -0.0320000000000100, -0.00800000000001000 ) );
#9103 = DIRECTION( '', ( 0.00000000000000, 0.00000000000000, -1.00000000000000 ) );
#9104 = DIRECTION( '', ( -1.00000000000000, 0.00000000000000, 0.00000000000000 ) );
#9105 = CARTESIAN_POINT( '', ( -0.0110000000000100, -0.0320000000000100, -0.00800000000001000 ) );
#9106 = DIRECTION( '', ( 0.00000000000000, 0.00000000000000, 1.00000000000000 ) );
#9107 = DIRECTION( '', ( 1.00000000000000, 0.00000000000000, 0.00000000000000 ) );
#9108 = CARTESIAN_POINT( '', ( 0.0110000000000100, -0.0320000000000100, 0.0142000000000100 ) );
#9109 = DIRECTION( '', ( 0.00000000000000, 0.00000000000000, 1.00000000000000 ) );
#9110 = DIRECTION( '', ( 1.00000000000000, 0.00000000000000, 0.00000000000000 ) );
#9111 = DIRECTION( '', ( 0.678598344544187, 0.281084637724046, -0.678598344543686 ) );
#9112 = CARTESIAN_POINT( '', ( 0.0110000000000100, -0.0320000000000100, -0.00220000000001000 ) );
#9113 = DIRECTION( '', ( 0.00000000000000, 0.00000000000000, -1.00000000000000 ) );
#9114 = DIRECTION( '', ( 1.00000000000000, 0.00000000000000, 0.00000000000000 ) );
#9115 = DIRECTION( '', ( 0.866025403782844, -0.500000000002762, 0.00000000000000 ) );
#9116 = DIRECTION( '', ( 0.866025403782844, -0.500000000002762, 0.00000000000000 ) );
#9117 = CARTESIAN_POINT( '', ( -0.00565685424950200, 0.00565685424950200, 0.0190000000000100 ) );
#9118 = DIRECTION( '', ( 0.00000000000000, -0.00000000000000, 1.00000000000000 ) );
#9119 = DIRECTION( '', ( 0.707106781186547, 0.707106781186547, 0.00000000000000 ) );
#9120 = CARTESIAN_POINT( '', ( -0.00800000000001000, 0.00000000000000, 0.0190000000000100 ) );
#9121 = DIRECTION( '', ( 0.00000000000000, -0.00000000000000, 1.00000000000000 ) );
#9122 = DIRECTION( '', ( 0.00000000000000, 1.00000000000000, 0.00000000000000 ) );
#9123 = CARTESIAN_POINT( '', ( -0.00565685424950200, -0.00565685424950200, 0.0190000000000100 ) );
#9124 = DIRECTION( '', ( 0.00000000000000, 0.00000000000000, 1.00000000000000 ) );
#9125 = DIRECTION( '', ( -0.707106781186547, 0.707106781186547, 0.00000000000000 ) );
#9126 = CARTESIAN_POINT( '', ( 0.00800000000001000, 0.00000000000000, 0.0190000000000100 ) );
#9127 = DIRECTION( '', ( 0.00000000000000, 0.00000000000000, 1.00000000000000 ) );
#9128 = DIRECTION( '', ( 0.00000000000000, -1.00000000000000, 0.00000000000000 ) );
#9129 = CARTESIAN_POINT( '', ( 0.00000000000000, 0.00000000000000, 0.0190000000000100 ) );
#9130 = DIRECTION( '', ( 0.00000000000000, -0.00000000000000, 1.00000000000000 ) );
#9131 = DIRECTION( '', ( 0.00000000000000, 1.00000000000000, 0.00000000000000 ) );
#9132 = DIRECTION( '', ( 0.00000000000000, 0.00000000000000, -1.00000000000000 ) );
#9133 = DIRECTION( '', ( 0.866025403782844, 0.500000000002762, 0.00000000000000 ) );
#9134 = DIRECTION( '', ( 0.00000000000000, -1.00000000000000, 0.00000000000000 ) );
#9135 = DIRECTION( '', ( -1.00000000000000, 0.00000000000000, 0.00000000000000 ) );
#9136 = CARTESIAN_POINT( '', ( -0.00800000000001000, -0.0322500000000100, -0.00600000000001000 ) );
#9137 = DIRECTION( '', ( 0.00000000000000, 1.00000000000000, 0.00000000000000 ) );
#9138 = DIRECTION( '', ( -1.00000000000000, 0.00000000000000, 0.00000000000000 ) );
#9139 = DIRECTION( '', ( 0.00000000000000, 0.00000000000000, -1.00000000000000 ) );
#9140 = DIRECTION( '', ( 0.866025403782844, -0.500000000002762, 0.00000000000000 ) );
#9141 = DIRECTION( '', ( 0.866025403782844, 0.500000000002762, 0.00000000000000 ) );
#9142 = DIRECTION( '', ( 0.00000000000000, 1.00000000000000, 0.00000000000000 ) );
#9143 = DIRECTION( '', ( -0.866025403782844, 0.500000000002762, 0.00000000000000 ) );
#9144 = DIRECTION( '', ( -0.866025403782844, -0.500000000002762, 0.00000000000000 ) );
#9145 = CARTESIAN_POINT( '', ( -0.0110000000000100, 0.00800000000001000, 0.0100000000000100 ) );
#9146 = DIRECTION( '', ( 0.00000000000000, 0.00000000000000, 1.00000000000000 ) );
#9147 = DIRECTION( '', ( 1.00000000000000, 0.00000000000000, 0.00000000000000 ) );
#9148 = CARTESIAN_POINT( '', ( 0.0110000000000100, 0.00800000000001000, -0.0165750000000100 ) );
#9149 = DIRECTION( '', ( 0.00000000000000, -0.00000000000000, 1.00000000000000 ) );
#9150 = DIRECTION( '', ( 0.00000000000000, 1.00000000000000, 0.00000000000000 ) );
#9151 = CARTESIAN_POINT( '', ( 0.0110000000000100, 0.00800000000001000, -0.0167000000000100 ) );
#9152 = DIRECTION( '', ( 0.00000000000000, 0.00000000000000, -1.00000000000000 ) );
#9153 = DIRECTION( '', ( -1.00000000000000, 0.00000000000000, 0.00000000000000 ) );
#9154 = DIRECTION( '', ( 0.00000000000000, 0.00000000000000, -1.00000000000000 ) );
#9155 = DIRECTION( '', ( 0.00000000000000, 1.00000000000000, 0.00000000000000 ) );
#9156 = DIRECTION( '', ( 0.00000000000000, 0.00000000000000, 1.00000000000000 ) );
#9157 = DIRECTION( '', ( 0.707106781186548, 0.707106781186548, 0.00000000000000 ) );
#9158 = DIRECTION( '', ( 0.00000000000000, 0.00000000000000, -1.00000000000000 ) );
#9159 = DIRECTION( '', ( 0.00000000000000, -1.00000000000000, 0.00000000000000 ) );
#9160 = DIRECTION( '', ( -1.00000000000000, 0.00000000000000, 0.00000000000000 ) );
#9161 = DIRECTION( '', ( -0.866025403782844, 0.500000000002762, 0.00000000000000 ) );
#9162 = DIRECTION( '', ( 0.866025403782844, -0.500000000002762, 0.00000000000000 ) );
#9163 = DIRECTION( '', ( 0.866025403782844, -0.500000000002762, 0.00000000000000 ) );
#9164 = CARTESIAN_POINT( '', ( 0.0110000000000100, -0.0320000000000100, 0.00990000000001000 ) );
#9165 = DIRECTION( '', ( 0.00000000000000, 0.00000000000000, -1.00000000000000 ) );
#9166 = DIRECTION( '', ( -1.00000000000000, 0.00000000000000, 0.00000000000000 ) );
#9167 = DIRECTION( '', ( 0.866025403782844, -0.500000000002762, 0.00000000000000 ) );
#9168 = DIRECTION( '', ( -0.866025403782844, 0.500000000002762, 0.00000000000000 ) );
#9169 = CARTESIAN_POINT( '', ( -0.0110000000000100, -0.0320000000000100, 0.0142000000000100 ) );
#9170 = DIRECTION( '', ( 0.00000000000000, 0.00000000000000, -1.00000000000000 ) );
#9171 = DIRECTION( '', ( -1.00000000000000, 0.00000000000000, 0.00000000000000 ) );
#9172 = CARTESIAN_POINT( '', ( -0.0110000000000100, -0.0320000000000100, 0.0142000000000100 ) );
#9173 = DIRECTION( '', ( 0.00000000000000, 0.00000000000000, -1.00000000000000 ) );
#9174 = DIRECTION( '', ( 0.00000000000000, -1.00000000000000, 0.00000000000000 ) );
#9175 = CARTESIAN_POINT( '', ( -0.0110000000000100, 0.00800000000001000, 0.0165750000000100 ) );
#9176 = DIRECTION( '', ( 0.00000000000000, 0.00000000000000, -1.00000000000000 ) );
#9177 = DIRECTION( '', ( 0.00000000000000, 1.00000000000000, 0.00000000000000 ) );
#9178 = DIRECTION( '', ( 0.866025403782844, -0.500000000002762, 0.00000000000000 ) );
#9179 = DIRECTION( '', ( -0.707106781186548, 0.00000000000000, -0.707106781186548 ) );
#9180 = DIRECTION( '', ( 0.00000000000000, 0.00000000000000, -1.00000000000000 ) );
#9181 = DIRECTION( '', ( 0.707106781186548, 0.00000000000000, -0.707106781186548 ) );
#9182 = DIRECTION( '', ( -1.00000000000000, 0.00000000000000, 0.00000000000000 ) );
#9183 = DIRECTION( '', ( -0.707106781186548, 0.00000000000000, 0.707106781186548 ) );
#9184 = DIRECTION( '', ( 0.678598344544083, 0.281084637724544, 0.678598344543583 ) );
#9185 = CARTESIAN_POINT( '', ( -0.00800000000001000, -0.0349250000000100, -0.00600000000001000 ) );
#9186 = DIRECTION( '', ( 0.00000000000000, -1.00000000000000, 0.00000000000000 ) );
#9187 = DIRECTION( '', ( -1.00000000000000, 0.00000000000000, 0.00000000000000 ) );
#9188 = CARTESIAN_POINT( '', ( 0.0110000000000100, 0.00800000000001000, -0.0142000000000100 ) );
#9189 = DIRECTION( '', ( 0.00000000000000, 0.00000000000000, 1.00000000000000 ) );
#9190 = DIRECTION( '', ( 1.00000000000000, 0.00000000000000, 0.00000000000000 ) );
#9191 = DIRECTION( '', ( -0.678598344544083, -0.281084637724544, -0.678598344543583 ) );
#9192 = DIRECTION( '', ( 0.00000000000000, 0.00000000000000, -1.00000000000000 ) );
#9193 = DIRECTION( '', ( 0.00000000000000, 0.00000000000000, -1.00000000000000 ) );
#9194 = CARTESIAN_POINT( '', ( 0.0110000000000100, -0.0320000000000100, 0.0142000000000100 ) );
#9195 = DIRECTION( '', ( 0.00000000000000, -0.00000000000000, 1.00000000000000 ) );
#9196 = DIRECTION( '', ( 0.00000000000000, 1.00000000000000, 0.00000000000000 ) );
#9197 = CARTESIAN_POINT( '', ( -0.00565685424950200, -0.00565685424950200, 0.0187000000000100 ) );
#9198 = DIRECTION( '', ( 0.00000000000000, 0.00000000000000, 1.00000000000000 ) );
#9199 = DIRECTION( '', ( 0.707106781186547, -0.707106781186547, 0.00000000000000 ) );
#9200 = DIRECTION( '', ( 0.00000000000000, 0.00000000000000, -1.00000000000000 ) );
#9201 = DIRECTION( '', ( 1.00000000000000, 0.00000000000000, 0.00000000000000 ) );
#9202 = DIRECTION( '', ( -0.678598344544010, -0.281084637724655, 0.678598344543610 ) );
#9203 = DIRECTION( '', ( 0.707106781186548, 0.00000000000000, -0.707106781186548 ) );
#9204 = DIRECTION( '', ( 0.00000000000000, 0.00000000000000, -1.00000000000000 ) );
#9205 = DIRECTION( '', ( 0.00000000000000, 0.00000000000000, -1.00000000000000 ) );
#9206 = DIRECTION( '', ( 0.00000000000000, -1.00000000000000, 0.00000000000000 ) );
#9207 = CARTESIAN_POINT( '', ( -0.0110000000000100, 0.00800000000001000, -0.0142000000000100 ) );
#9208 = DIRECTION( '', ( 0.00000000000000, 0.00000000000000, 1.00000000000000 ) );
#9209 = DIRECTION( '', ( 1.00000000000000, 0.00000000000000, 0.00000000000000 ) );
#9210 = CARTESIAN_POINT( '', ( 0.0110000000000100, -0.0320000000000100, -0.0165750000000100 ) );
#9211 = DIRECTION( '', ( 0.00000000000000, -0.00000000000000, 1.00000000000000 ) );
#9212 = DIRECTION( '', ( 0.00000000000000, 1.00000000000000, 0.00000000000000 ) );
#9213 = CARTESIAN_POINT( '', ( 0.0110000000000100, -0.0320000000000100, -0.0167000000000100 ) );
#9214 = DIRECTION( '', ( 0.00000000000000, 0.00000000000000, -1.00000000000000 ) );
#9215 = DIRECTION( '', ( -1.00000000000000, 0.00000000000000, 0.00000000000000 ) );
#9216 = CARTESIAN_POINT( '', ( 0.0110000000000100, 0.00800000000001000, -0.0142000000000100 ) );
#9217 = DIRECTION( '', ( 0.00000000000000, 0.00000000000000, 1.00000000000000 ) );
#9218 = DIRECTION( '', ( 0.00000000000000, -1.00000000000000, 0.00000000000000 ) );
#9219 = CARTESIAN_POINT( '', ( -0.0110000000000100, 0.00800000000001000, 0.00990000000001000 ) );
#9220 = DIRECTION( '', ( 0.00000000000000, 0.00000000000000, -1.00000000000000 ) );
#9221 = DIRECTION( '', ( -1.00000000000000, 0.00000000000000, 0.00000000000000 ) );
#9222 = DIRECTION( '', ( 0.00000000000000, 0.00000000000000, -1.00000000000000 ) );
#9223 = DIRECTION( '', ( 0.00000000000000, 1.00000000000000, 0.00000000000000 ) );
#9224 = CARTESIAN_POINT( '', ( 0.0110000000000100, -0.0320000000000100, -0.0142000000000100 ) );
#9225 = DIRECTION( '', ( 0.00000000000000, 0.00000000000000, 1.00000000000000 ) );
#9226 = DIRECTION( '', ( 0.00000000000000, -1.00000000000000, 0.00000000000000 ) );
#9227 = DIRECTION( '', ( 0.00000000000000, 1.00000000000000, 0.00000000000000 ) );
#9228 = DIRECTION( '', ( -0.678598344544029, 0.281084637724563, -0.678598344543629 ) );
#9229 = CARTESIAN_POINT( '', ( 0.0110000000000100, 0.00800000000001000, 0.0167000000000100 ) );
#9230 = DIRECTION( '', ( 0.00000000000000, 0.00000000000000, 1.00000000000000 ) );
#9231 = DIRECTION( '', ( 1.00000000000000, 0.00000000000000, 0.00000000000000 ) );
#9232 = DIRECTION( '', ( 0.00000000000000, 1.00000000000000, 0.00000000000000 ) );
#9233 = DIRECTION( '', ( 0.00000000000000, 1.00000000000000, 0.00000000000000 ) );
#9234 = DIRECTION( '', ( 0.00000000000000, 0.00000000000000, 1.00000000000000 ) );
#9235 = DIRECTION( '', ( 0.866025403782844, 0.500000000002762, 0.00000000000000 ) );
#9236 = CARTESIAN_POINT( '', ( -0.0110000000000100, 0.00800000000001000, 0.0142000000000100 ) );
#9237 = DIRECTION( '', ( 0.00000000000000, -0.00000000000000, 1.00000000000000 ) );
#9238 = DIRECTION( '', ( 0.00000000000000, 1.00000000000000, 0.00000000000000 ) );
#9239 = CARTESIAN_POINT( '', ( -0.00800000000001000, 0.00000000000000, 0.0187000000000100 ) );
#9240 = DIRECTION( '', ( 0.00000000000000, 0.00000000000000, 1.00000000000000 ) );
#9241 = DIRECTION( '', ( 0.00000000000000, -1.00000000000000, 0.00000000000000 ) );
#9242 = CARTESIAN_POINT( '', ( 0.00000000000000, -0.00800000000001000, 0.0170000000000100 ) );
#9243 = DIRECTION( '', ( 0.00000000000000, 0.00000000000000, -1.00000000000000 ) );
#9244 = DIRECTION( '', ( 1.00000000000000, 0.00000000000000, 0.00000000000000 ) );
#9245 = CARTESIAN_POINT( '', ( -0.00800000000001000, 0.00000000000000, 0.0170000000000100 ) );
#9246 = DIRECTION( '', ( 0.00000000000000, 0.00000000000000, -1.00000000000000 ) );
#9247 = DIRECTION( '', ( 0.00000000000000, -1.00000000000000, 0.00000000000000 ) );
#9248 = DIRECTION( '', ( 0.00000000000000, 1.00000000000000, 0.00000000000000 ) );
#9249 = CARTESIAN_POINT( '', ( -0.0110000000000100, -0.0320000000000100, 0.0165750000000100 ) );
#9250 = DIRECTION( '', ( 0.00000000000000, 0.00000000000000, -1.00000000000000 ) );
#9251 = DIRECTION( '', ( 0.00000000000000, 1.00000000000000, 0.00000000000000 ) );
#9252 = DIRECTION( '', ( 0.00000000000000, 0.00000000000000, -1.00000000000000 ) );
#9253 = DIRECTION( '', ( 0.866025403782844, -0.500000000002762, 0.00000000000000 ) );
#9254 = CARTESIAN_POINT( '', ( 0.0110000000000100, 0.00800000000001000, 0.0165750000000100 ) );
#9255 = DIRECTION( '', ( 0.00000000000000, 0.00000000000000, -1.00000000000000 ) );
#9256 = DIRECTION( '', ( 0.00000000000000, 1.00000000000000, 0.00000000000000 ) );
ENDSEC;
END-ISO-10303-21;
